{
	"credit": "Made with Blockbench",
	"texture_size": [128, 128],
	"textures": {
		"0": "serverglyphs:superior/newyear_texture_01",
		"4": "serverglyphs:superior/newyear_animation_04",
		"particle": "serverglyphs:superior/newyear_texture_01"
	},
	"elements": [
		{
			"from": [8.9, 4.4, 1.9],
			"to": [13.1, 8.1, 1.9],
			"rotation": {"angle": -22.5, "axis": "y", "origin": [8, 5.9, 2]},
			"faces": {
				"north": {"uv": [6, 0, 0, 6], "texture": "#4"},
				"east": {"uv": [0, 0, 0, 6], "texture": "#4"},
				"south": {"uv": [0, 0, 6, 6], "texture": "#4"},
				"west": {"uv": [0, 0, 0, 6], "texture": "#4"},
				"up": {"uv": [0, 6, 0, 0], "rotation": 90, "texture": "#4"},
				"down": {"uv": [0, 0, 0, 6], "rotation": 270, "texture": "#4"}
			}
		},
		{
			"from": [2.9, 4.4, 1.9],
			"to": [7.1, 8.1, 1.9],
			"rotation": {"angle": 22.5, "axis": "y", "origin": [8, 5.9, 2]},
			"faces": {
				"north": {"uv": [0, 0, 6, 6], "texture": "#4"},
				"east": {"uv": [0, 0, 0, 6], "texture": "#4"},
				"south": {"uv": [0, 0, 6, 6], "texture": "#4"},
				"west": {"uv": [0, 0, 0, 6], "texture": "#4"},
				"up": {"uv": [0, 0, 0, 6], "rotation": 90, "texture": "#4"},
				"down": {"uv": [0, 6, 0, 0], "rotation": 270, "texture": "#4"}
			}
		},
		{
			"from": [0.5, -1, 2],
			"to": [8, 13, 2],
			"rotation": {"angle": 22.5, "axis": "y", "origin": [8, 6.5, 2]},
			"faces": {
				"north": {"uv": [14.5, 0, 13.75, 1.875], "texture": "#0"},
				"east": {"uv": [0, 0, 0, 120], "texture": "#missing"},
				"south": {"uv": [13.75, 0, 14.5, 1.875], "texture": "#0"},
				"west": {"uv": [0, 0, 0, 120], "texture": "#missing"},
				"up": {"uv": [0, 0, 0, 48], "rotation": 90, "texture": "#missing"},
				"down": {"uv": [0, 0, 0, 48], "rotation": 270, "texture": "#missing"}
			}
		},
		{
			"from": [8, -1, 2],
			"to": [15.5, 13, 2],
			"rotation": {"angle": -22.5, "axis": "y", "origin": [8, 6.5, 2]},
			"faces": {
				"north": {"uv": [15.25, 0, 14.5, 1.875], "texture": "#0"},
				"east": {"uv": [0, 0, 0, 120], "texture": "#missing"},
				"south": {"uv": [14.5, 0, 15.25, 1.875], "texture": "#0"},
				"west": {"uv": [0, 0, 0, 120], "texture": "#missing"},
				"up": {"uv": [0, 0, 0, 48], "rotation": 90, "texture": "#missing"},
				"down": {"uv": [0, 0, 0, 48], "rotation": 270, "texture": "#missing"}
			}
		},
		{
			"from": [5.5, 8.7, 2],
			"to": [7.5, 10.7, 8],
			"rotation": {"angle": -45, "axis": "z", "origin": [8, 8.2, 5]},
			"faces": {
				"north": {"uv": [1.5625, 1.3125, 1.3125, 1.5625], "texture": "#0"},
				"east": {"uv": [2.3125, 1.125, 1.5625, 1.375], "texture": "#0"},
				"south": {"uv": [1.3125, 1.3125, 1.5625, 1.5625], "texture": "#0"},
				"west": {"uv": [2.3125, 1.125, 1.5625, 1.375], "texture": "#0"},
				"up": {"uv": [2.3125, 1.125, 1.5625, 1.375], "rotation": 90, "texture": "#0"},
				"down": {"uv": [2.3125, 1.125, 1.5625, 1.375], "rotation": 270, "texture": "#0"}
			}
		},
		{
			"from": [4, 8.1, 2.75],
			"to": [7, 11.1, 7.25],
			"rotation": {"angle": -45, "axis": "z", "origin": [8, 7.1, 5]},
			"faces": {
				"north": {"uv": [0.8125, 2.375, 1.1875, 2], "rotation": 90, "texture": "#0"},
				"east": {"uv": [1.1875, 2.375, 0.8125, 2.9375], "rotation": 90, "texture": "#0"},
				"south": {"uv": [0.8125, 2, 1.1875, 2.375], "rotation": 90, "texture": "#0"},
				"west": {"uv": [1.1875, 2.375, 0.8125, 2.9375], "rotation": 90, "texture": "#0"},
				"up": {"uv": [0.8125, 2.375, 1.1875, 2.9375], "rotation": 180, "texture": "#0"},
				"down": {"uv": [0.8125, 2.375, 1.1875, 2.9375], "texture": "#0"}
			}
		},
		{
			"from": [6, 8.55, 3.15],
			"to": [10, 11.15, 6.85],
			"rotation": {"angle": 0, "axis": "y", "origin": [25.5, 2.6, -3]},
			"faces": {
				"north": {"uv": [0.5625, 0, 1.0625, 0.3125], "texture": "#0"},
				"east": {"uv": [1.525, 0, 1.0625, 0.325], "texture": "#0"},
				"south": {"uv": [1.0625, 0, 0.5625, 0.3125], "texture": "#0"},
				"west": {"uv": [1.0625, 0, 1.525, 0.325], "texture": "#0"},
				"up": {"uv": [0.5625, 0.3125, 1, 0.8125], "rotation": 90, "texture": "#0"},
				"down": {"uv": [1.5625, 0.625, 2.025, 1.125], "rotation": 270, "texture": "#0"}
			}
		},
		{
			"from": [4.7, 8.6, 3.75],
			"to": [7.3, 11.1, 6.35],
			"rotation": {"angle": -45, "axis": "y", "origin": [6.05, 13.1, 5]},
			"faces": {
				"north": {"uv": [1, 0.3125, 1.3125, 0.625], "texture": "#0"},
				"east": {"uv": [1, 0.625, 1.3125, 0.9375], "texture": "#0"},
				"south": {"uv": [1.3125, 0.625, 1, 0.9375], "texture": "#0"},
				"west": {"uv": [1, 0.625, 1.3125, 0.9375], "texture": "#0"},
				"up": {"uv": [1.5, 0, 1.8125, 0.3125], "rotation": 90, "texture": "#0"},
				"down": {"uv": [1.5625, 0.3125, 1.875, 0.625], "rotation": 270, "texture": "#0"}
			}
		},
		{
			"from": [8.7, 8.6, 3.75],
			"to": [11.3, 11.1, 6.35],
			"rotation": {"angle": 45, "axis": "y", "origin": [9.95, 13.1, 5]},
			"faces": {
				"north": {"uv": [1.25, 0.3125, 0.9375, 0.625], "texture": "#0"},
				"east": {"uv": [1.3125, 0.625, 1, 0.9375], "texture": "#0"},
				"south": {"uv": [1, 0.625, 1.3125, 0.9375], "texture": "#0"},
				"west": {"uv": [1.3125, 0.625, 1, 0.9375], "texture": "#0"},
				"up": {"uv": [1.5, 0.3125, 1.8125, 0], "rotation": 90, "texture": "#0"},
				"down": {"uv": [1.5625, 0.625, 1.875, 0.3125], "rotation": 270, "texture": "#0"}
			}
		},
		{
			"from": [0.7, 9.1, 8.9],
			"to": [6.7, 15.6, 8.9],
			"rotation": {"angle": 45, "axis": "y", "origin": [0.3, 11.1, 7.3]},
			"faces": {
				"north": {"uv": [2.375, 1.9375, 1.625, 2.75], "texture": "#0"},
				"east": {"uv": [0, 0, 0, 0.5], "texture": "#0"},
				"south": {"uv": [1.625, 1.9375, 2.375, 2.75], "texture": "#0"},
				"west": {"uv": [0, 0, 0, 0.5], "texture": "#missing"},
				"up": {"uv": [0, 0.5, 0, 0], "rotation": 90, "texture": "#missing"},
				"down": {"uv": [0, 0.5, 0, 0], "rotation": 270, "texture": "#missing"}
			}
		},
		{
			"from": [9.3, 9.1, 8.9],
			"to": [15.3, 15.6, 8.9],
			"rotation": {"angle": -45, "axis": "y", "origin": [15.7, 11.1, 7.3]},
			"faces": {
				"north": {"uv": [1.625, 1.9375, 2.375, 2.75], "texture": "#0"},
				"east": {"uv": [0, 0, 0, 0.5], "texture": "#missing"},
				"south": {"uv": [2.375, 1.9375, 1.625, 2.75], "texture": "#0"},
				"west": {"uv": [0, 0, 0, 0.5], "texture": "#0"},
				"up": {"uv": [0, 0, 0, 0.5], "rotation": 90, "texture": "#missing"},
				"down": {"uv": [0, 0, 0, 0.5], "rotation": 270, "texture": "#missing"}
			}
		},
		{
			"from": [3.5, 10, 4],
			"to": [7.5, 14, 4],
			"rotation": {"angle": 22.5, "axis": "y", "origin": [5.5, 12, 4.2]},
			"faces": {
				"north": {"uv": [2.125, 1.4375, 1.625, 1.9375], "texture": "#0"},
				"east": {"uv": [0, 0, 0, 0.5], "texture": "#0"},
				"south": {"uv": [1.625, 1.4375, 2.125, 1.9375], "texture": "#0"},
				"west": {"uv": [0, 0, 0, 0.5], "texture": "#missing"},
				"up": {"uv": [0, 0.5, 0, 0], "rotation": 90, "texture": "#missing"},
				"down": {"uv": [0, 0.5, 0, 0], "rotation": 270, "texture": "#missing"}
			}
		},
		{
			"from": [8.5, 10, 4],
			"to": [12.5, 14, 4],
			"rotation": {"angle": -22.5, "axis": "y", "origin": [10.5, 12, 4.2]},
			"faces": {
				"north": {"uv": [1.625, 1.4375, 2.125, 1.9375], "texture": "#0"},
				"east": {"uv": [0, 0, 0, 0.5], "texture": "#missing"},
				"south": {"uv": [2.125, 1.4375, 1.625, 1.9375], "texture": "#0"},
				"west": {"uv": [0, 0, 0, 0.5], "texture": "#0"},
				"up": {"uv": [0, 0, 0, 0.5], "rotation": 90, "texture": "#missing"},
				"down": {"uv": [0, 0, 0, 0.5], "rotation": 270, "texture": "#missing"}
			}
		},
		{
			"from": [3.5, 4, 4],
			"to": [12.5, 10, 13],
			"rotation": {"angle": 0, "axis": "y", "origin": [8, 1.5, 8]},
			"faces": {
				"north": {"uv": [3.875, 8.375, 5, 9.125], "texture": "#0"},
				"east": {"uv": [3.875, 8.375, 2.75, 9.125], "texture": "#0"},
				"south": {"uv": [3.875, 8.375, 5, 9.125], "texture": "#0"},
				"west": {"uv": [2.75, 8.375, 3.875, 9.125], "texture": "#0"},
				"up": {"uv": [3.25, 7.25, 4.375, 8.375], "rotation": 270, "texture": "#0"},
				"down": {"uv": [3.25, 7.25, 4.375, 8.375], "rotation": 270, "texture": "#0"}
			}
		},
		{
			"from": [7.5, 10, 8.5],
			"to": [8.5, 11, 10.5],
			"rotation": {"angle": 0, "axis": "y", "origin": [8, 1.5, 8]},
			"faces": {
				"north": {"uv": [2.6875, 4.625, 2.8125, 4.75], "texture": "#0"},
				"east": {"uv": [2.6875, 4.625, 2.4375, 4.75], "texture": "#0"},
				"south": {"uv": [2.6875, 4.625, 2.8125, 4.75], "texture": "#0"},
				"west": {"uv": [2.4375, 4.625, 2.6875, 4.75], "texture": "#0"},
				"up": {"uv": [2.4375, 4.75, 2.6875, 4.875], "rotation": 270, "texture": "#0"},
				"down": {"uv": [2.4375, 4.75, 2.6875, 4.875], "rotation": 270, "texture": "#0"}
			}
		},
		{
			"from": [7.5, 10, 11],
			"to": [8.5, 11, 13],
			"rotation": {"angle": 0, "axis": "y", "origin": [8, 1.5, 8]},
			"faces": {
				"north": {"uv": [2.6875, 4.625, 2.8125, 4.75], "texture": "#0"},
				"east": {"uv": [2.6875, 4.625, 2.4375, 4.75], "texture": "#0"},
				"south": {"uv": [2.6875, 4.625, 2.8125, 4.75], "texture": "#0"},
				"west": {"uv": [2.4375, 4.625, 2.6875, 4.75], "texture": "#0"},
				"up": {"uv": [2.4375, 4.75, 2.6875, 4.875], "rotation": 270, "texture": "#0"},
				"down": {"uv": [2.4375, 4.75, 2.6875, 4.875], "rotation": 270, "texture": "#0"}
			}
		},
		{
			"from": [7.5, 7.5, 13],
			"to": [8.5, 9.5, 14],
			"rotation": {"angle": 0, "axis": "y", "origin": [8, 10.5, 12]},
			"faces": {
				"north": {"uv": [2.4375, 4.75, 2.6875, 4.875], "rotation": 90, "texture": "#0"},
				"east": {"uv": [2.6875, 4.625, 2.4375, 4.75], "rotation": 270, "texture": "#0"},
				"south": {"uv": [2.4375, 4.75, 2.6875, 4.875], "rotation": 270, "texture": "#0"},
				"west": {"uv": [2.4375, 4.625, 2.6875, 4.75], "rotation": 90, "texture": "#0"},
				"up": {"uv": [2.6875, 4.625, 2.8125, 4.75], "rotation": 180, "texture": "#0"},
				"down": {"uv": [2.6875, 4.625, 2.8125, 4.75], "texture": "#0"}
			}
		},
		{
			"from": [7.5, 5.1, 13],
			"to": [8.5, 7.1, 14],
			"rotation": {"angle": 0, "axis": "y", "origin": [8, 10.5, 12]},
			"faces": {
				"north": {"uv": [2.4375, 4.75, 2.6875, 4.875], "rotation": 90, "texture": "#0"},
				"east": {"uv": [2.6875, 4.625, 2.4375, 4.75], "rotation": 270, "texture": "#0"},
				"south": {"uv": [2.4375, 4.75, 2.6875, 4.875], "rotation": 270, "texture": "#0"},
				"west": {"uv": [2.4375, 4.625, 2.6875, 4.75], "rotation": 90, "texture": "#0"},
				"up": {"uv": [2.6875, 4.625, 2.8125, 4.75], "rotation": 180, "texture": "#0"},
				"down": {"uv": [2.6875, 4.625, 2.8125, 4.75], "texture": "#0"}
			}
		}
	],
	"gui_light": "front",
	"display": {
		"thirdperson_righthand": {
			"rotation": [75, 45, 0],
			"translation": [0, 2.5, 0.5],
			"scale": [0.5957, 0.5957, 0.5957]
		},
		"thirdperson_lefthand": {
			"rotation": [75, 45, 0],
			"translation": [0, 2.5, 0.5],
			"scale": [0.5957, 0.5957, 0.5957]
		},
		"firstperson_righthand": {
			"rotation": [-10, 124, 0],
			"translation": [2, 4.5, -0.75],
			"scale": [0.6, 0.6, 0.6]
		},
		"firstperson_lefthand": {
			"rotation": [-10, 124, 0],
			"translation": [2, 4.5, -0.75],
			"scale": [0.6, 0.6, 0.6]
		},
		"ground": {
			"rotation": [32, 0, 0],
			"translation": [0, 3, 0],
			"scale": [0.89297, 0.89297, 0.89297]
		},
		"gui": {
			"rotation": [4, 161, 0],
			"translation": [0, 0.5, -1.5],
			"scale": [1.00391, 1.00391, 1.00391]
		},
		"head": {
			"translation": [0, 3.75, -0.75],
			"scale": [1.77148, 1.77148, 1.77148]
		},
		"fixed": {
			"translation": [-0.5, -0.5, -1.5],
			"scale": [2.00195, 2.00195, 2.00195]
		}
	},
	"groups": [
		{
			"name": "group",
			"origin": [4, 16.5, 8],
			"color": 0,
			"children": []
		},
		0,
		1,
		2,
		3,
		4,
		5,
		6,
		7,
		8,
		9,
		10,
		11,
		12,
		13,
		14,
		15,
		16,
		17
	]
}