{
	"credit": "Made by PolygonMC",
	"textures": {
		"1": "littledragonset:item/little_dragon",
		"3": "littledragonset:item/animations/animations_flame_03",
		"4": "littledragonset:item/animations/animations_flame_02",
		"5": "littledragonset:item/axe",
		"particle": "littledragonset:item/animations/animations_flame_03"
	},
	"elements": [
		{
			"from": [7.5, 0, 7.5],
			"to": [8.5, 2, 8.5],
			"rotation": {"angle": 0, "axis": "y", "origin": [6.5, 0, 7.5]},
			"faces": {
				"north": {"uv": [1.33333, 8, 2, 9.33333], "texture": "#5"},
				"east": {"uv": [6, 8, 6.66667, 9.33333], "texture": "#5"},
				"south": {"uv": [8, 6.66667, 8.66667, 8], "texture": "#5"},
				"west": {"uv": [8, 8, 8.66667, 9.33333], "texture": "#5"},
				"up": {"uv": [8, 6, 7.33333, 5.33333], "texture": "#5"},
				"down": {"uv": [10.66667, 0, 10, 0.66667], "texture": "#5"}
			}
		},
		{
			"from": [7.6, 2, 7.6],
			"to": [8.4, 3.8, 8.4],
			"rotation": {"angle": 0, "axis": "y", "origin": [6.5, 0, 7.5]},
			"faces": {
				"north": {"uv": [8.66667, 0, 9.33333, 1.33333], "texture": "#5"},
				"east": {"uv": [8.66667, 1.33333, 9.33333, 2.66667], "texture": "#5"},
				"south": {"uv": [2, 8.66667, 2.66667, 10], "texture": "#5"},
				"west": {"uv": [2.66667, 8.66667, 3.33333, 10], "texture": "#5"}
			}
		},
		{
			"from": [7.5, 3.8, 7.5],
			"to": [8.5, 5.8, 8.5],
			"rotation": {"angle": 0, "axis": "y", "origin": [6.5, 0, 7.5]},
			"faces": {
				"north": {"uv": [8.66667, 2.66667, 9.33333, 4], "texture": "#5"},
				"east": {"uv": [8.66667, 4, 9.33333, 5.33333], "texture": "#5"},
				"south": {"uv": [6.66667, 8.66667, 7.33333, 10], "texture": "#5"},
				"west": {"uv": [8.66667, 6.66667, 9.33333, 8], "texture": "#5"},
				"up": {"uv": [10.66667, 1.33333, 10, 0.66667], "texture": "#5"},
				"down": {"uv": [10.66667, 1.33333, 10, 2], "texture": "#5"}
			}
		},
		{
			"from": [7.75, -0.25, 7.25],
			"to": [8.25, 1.25, 8.75],
			"rotation": {"angle": 0, "axis": "y", "origin": [7.75, 0, 7.25]},
			"faces": {
				"north": {"uv": [10.66667, 0.66667, 11, 1.66667], "texture": "#5"},
				"east": {"uv": [4.66667, 6.66667, 5.66667, 7.66667], "texture": "#5"},
				"south": {"uv": [1.33333, 10.66667, 1.66667, 11.66667], "texture": "#5"},
				"west": {"uv": [6.66667, 6, 7.66667, 7], "texture": "#5"},
				"up": {"uv": [2.33333, 11.66667, 2, 10.66667], "texture": "#5"},
				"down": {"uv": [3, 10.66667, 2.66667, 11.66667], "texture": "#5"}
			}
		},
		{
			"from": [7.25, 5.8, 7],
			"to": [8.75, 6.3, 9],
			"rotation": {"angle": 0, "axis": "y", "origin": [7.25, 5.8, 7.25]},
			"faces": {
				"north": {"uv": [10.66667, 2.66667, 11.66667, 3], "texture": "#5"},
				"east": {"uv": [2, 10, 3.33333, 10.33333], "texture": "#5"},
				"south": {"uv": [3.33333, 10.66667, 4.33333, 11], "texture": "#5"},
				"west": {"uv": [10, 2, 11.33333, 2.33333], "texture": "#5"},
				"up": {"uv": [3, 7.33333, 2, 6], "texture": "#5"},
				"down": {"uv": [7, 2.66667, 6, 4], "texture": "#5"}
			}
		},
		{
			"from": [7.55, 5.25, 7.25],
			"to": [8.45, 6.75, 8.75],
			"rotation": {"angle": 0, "axis": "y", "origin": [7.75, 0, 7.25]},
			"faces": {
				"north": {"uv": [9.33333, 1.33333, 10, 2.33333], "texture": "#5"},
				"east": {"uv": [7.33333, 0, 8.33333, 1], "texture": "#5"},
				"south": {"uv": [9.33333, 2.66667, 10, 3.66667], "texture": "#5"},
				"west": {"uv": [7.33333, 1.33333, 8.33333, 2.33333], "texture": "#5"},
				"up": {"uv": [4, 10.33333, 3.33333, 9.33333], "texture": "#5"},
				"down": {"uv": [4.66667, 9.33333, 4, 10.33333], "texture": "#5"}
			}
		},
		{
			"from": [7.55, 10.25, 7.25],
			"to": [8.45, 11.75, 8.75],
			"rotation": {"angle": 0, "axis": "y", "origin": [7.75, 5, 7.25]},
			"faces": {
				"north": {"uv": [9.33333, 4, 10, 5], "texture": "#5"},
				"east": {"uv": [4.66667, 8, 5.66667, 9], "texture": "#5"},
				"south": {"uv": [4.66667, 9.33333, 5.33333, 10.33333], "texture": "#5"},
				"west": {"uv": [8, 5.33333, 9, 6.33333], "texture": "#5"},
				"up": {"uv": [6, 10.33333, 5.33333, 9.33333], "texture": "#5"},
				"down": {"uv": [10, 5.33333, 9.33333, 6.33333], "texture": "#5"}
			}
		},
		{
			"from": [7.5, 11, 8],
			"to": [8.5, 13, 10],
			"rotation": {"angle": -45, "axis": "x", "origin": [7.5, 11, 8]},
			"faces": {
				"north": {"uv": [7.33333, 8.66667, 8, 10], "texture": "#5"},
				"east": {"uv": [6, 0, 7.33333, 1.33333], "texture": "#5"},
				"south": {"uv": [8.66667, 8, 9.33333, 9.33333], "texture": "#5"},
				"west": {"uv": [6, 1.33333, 7.33333, 2.66667], "texture": "#5"},
				"up": {"uv": [0.66667, 10.66667, 0, 9.33333], "texture": "#5"},
				"down": {"uv": [10, 0, 9.33333, 1.33333], "texture": "#5"}
			}
		},
		{
			"from": [7.25, 11.25, 8.25],
			"to": [8.75, 12.75, 9.75],
			"rotation": {"angle": -45, "axis": "x", "origin": [7.5, 11, 8]},
			"faces": {
				"north": {"uv": [2, 7.33333, 3, 8.33333], "texture": "#5"},
				"east": {"uv": [7.33333, 2.66667, 8.33333, 3.66667], "texture": "#5"},
				"south": {"uv": [7.33333, 4, 8.33333, 5], "texture": "#5"},
				"west": {"uv": [6.66667, 7.33333, 7.66667, 8.33333], "texture": "#5"},
				"up": {"uv": [1, 9, 0, 8], "texture": "#5"},
				"down": {"uv": [4.33333, 8, 3.33333, 9], "texture": "#5"}
			}
		},
		{
			"from": [7.544, 12.44543, 6.08739],
			"to": [8.456, 13.35743, 7.11339],
			"rotation": {"angle": 0, "axis": "x", "origin": [8, 13.23223, 5.74883]},
			"faces": {
				"north": {"uv": [10, 2.66667, 10.66667, 3.33333], "texture": "#5"},
				"east": {"uv": [10, 3.33333, 10.66667, 4], "texture": "#5"},
				"south": {"uv": [10, 4, 10.66667, 4.66667], "texture": "#5"},
				"west": {"uv": [10, 4.66667, 10.66667, 5.33333], "texture": "#5"},
				"up": {"uv": [10.66667, 6, 10, 5.33333], "texture": "#5"},
				"down": {"uv": [10.66667, 6, 10, 6.66667], "texture": "#5"}
			}
		},
		{
			"from": [7.60784, 12.67022, 5.49404],
			"to": [8.39216, 13.45454, 6.3764],
			"rotation": {"angle": 22.5, "axis": "x", "origin": [8, 13.23223, 5.74883]},
			"faces": {
				"north": {"uv": [6.66667, 10, 7.33333, 10.66667], "texture": "#5"},
				"east": {"uv": [10, 6.66667, 10.66667, 7.33333], "texture": "#5"},
				"west": {"uv": [7.33333, 10, 8, 10.66667], "texture": "#5"},
				"up": {"uv": [10.66667, 8, 10, 7.33333], "texture": "#5"},
				"down": {"uv": [10.66667, 8, 10, 8.66667], "texture": "#5"}
			}
		},
		{
			"from": [7.66274, 12.6419, 4.99341],
			"to": [8.33726, 13.31641, 5.75224],
			"rotation": {"angle": 45, "axis": "x", "origin": [8, 13.23223, 5.74883]},
			"faces": {
				"north": {"uv": [7.33333, 10.66667, 7.66667, 11], "texture": "#5"},
				"east": {"uv": [10.66667, 4.66667, 11.33333, 5], "texture": "#5"},
				"west": {"uv": [5.33333, 10.66667, 6, 11], "texture": "#5"},
				"up": {"uv": [11, 6, 10.66667, 5.33333], "texture": "#5"},
				"down": {"uv": [6.33333, 10.66667, 6, 11.33333], "texture": "#5"}
			}
		},
		{
			"from": [7.71333, 13.67566, 4.93644],
			"to": [8.28667, 14.32066, 5.50978],
			"rotation": {"angle": -22.5, "axis": "x", "origin": [8, 13.23223, 5.74883]},
			"faces": {
				"north": {"uv": [10.66667, 7.33333, 11, 7.66667], "texture": "#5"},
				"east": {"uv": [10.66667, 8, 11, 8.33333], "texture": "#5"},
				"south": {"uv": [10.66667, 8.66667, 11, 9], "texture": "#5"},
				"west": {"uv": [9.33333, 10.66667, 9.66667, 11], "texture": "#5"},
				"up": {"uv": [11, 9.66667, 10.66667, 9.33333], "texture": "#5"}
			}
		},
		{
			"from": [7.625, 10.3, 5.5],
			"to": [8.375, 12.8, 7.5],
			"rotation": {"angle": 0, "axis": "y", "origin": [7.875, 11.3, 5.5]},
			"faces": {
				"east": {"uv": [2, 4, 3.33333, 5.66667], "texture": "#5"},
				"south": {"uv": [6.66667, 4, 7.33333, 5.66667], "texture": "#5"},
				"west": {"uv": [3.33333, 4, 4.66667, 5.66667], "texture": "#5"},
				"up": {"uv": [1.33333, 10.66667, 0.66667, 9.33333], "texture": "#5"},
				"down": {"uv": [2, 9.33333, 1.33333, 10.66667], "texture": "#5"}
			}
		},
		{
			"from": [7.625, 7.3, 4.5],
			"to": [8.375, 12.8, 5.5],
			"rotation": {"angle": 0, "axis": "y", "origin": [7.875, 11.3, 5.5]},
			"faces": {
				"north": {"uv": [0, 4, 0.66667, 7.66667], "texture": "#5"},
				"east": {"uv": [4, 0, 4.66667, 3.66667], "texture": "#5"},
				"south": {"uv": [0.66667, 4, 1.33333, 7.66667], "texture": "#5"},
				"west": {"uv": [1.33333, 4, 2, 7.66667], "texture": "#5"},
				"up": {"uv": [10.66667, 9.33333, 10, 8.66667], "texture": "#5"},
				"down": {"uv": [10, 10, 9.33333, 10.66667], "texture": "#5"}
			}
		},
		{
			"from": [7.6275, 6.37322, 4.88388],
			"to": [8.3725, 7.87322, 5.88388],
			"rotation": {"angle": -45, "axis": "x", "origin": [8.0025, 7.12322, 5.38388]},
			"faces": {
				"north": {"uv": [10.66667, 3.33333, 11, 4.33333], "texture": "#5"},
				"east": {"uv": [6, 9.33333, 6.66667, 10.33333], "texture": "#5"},
				"south": {"uv": [4.66667, 10.66667, 5, 11.66667], "texture": "#5"},
				"west": {"uv": [9.33333, 6.66667, 10, 7.66667], "texture": "#5"},
				"down": {"uv": [11, 6, 10.66667, 6.66667], "texture": "#5"}
			}
		},
		{
			"from": [7.751, 7.8, 2.5],
			"to": [8.249, 13.3, 4.5],
			"rotation": {"angle": 0, "axis": "y", "origin": [7.751, 12.8, 2.5]},
			"faces": {
				"north": {"uv": [6, 4, 6.33333, 7.66667], "texture": "#5"},
				"east": {"uv": [0, 0, 1.33333, 3.66667], "texture": "#5"},
				"west": {"uv": [1.33333, 0, 2.66667, 3.66667], "texture": "#5"},
				"down": {"uv": [10.33333, 9.33333, 10, 10.66667], "texture": "#5"}
			}
		},
		{
			"from": [7.7535, 5.8, 2.91421],
			"to": [8.2465, 8.8, 5.16421],
			"rotation": {"angle": -45, "axis": "x", "origin": [8.0035, 7.8, 3.91421]},
			"faces": {
				"north": {"uv": [8, 9.33333, 8.33333, 11.33333], "texture": "#5"},
				"east": {"uv": [2.66667, 0, 4, 2], "texture": "#5"},
				"west": {"uv": [2.66667, 2, 4, 4], "texture": "#5"},
				"down": {"uv": [0.33333, 10.66667, 0, 12], "texture": "#5"}
			}
		},
		{
			"from": [7.75, 11.3, 2.91421],
			"to": [8.25, 14.3, 3.91421],
			"rotation": {"angle": -45, "axis": "x", "origin": [8, 13.3, 3.91421]},
			"faces": {
				"north": {"uv": [9.33333, 8, 9.66667, 10], "texture": "#5"},
				"east": {"uv": [3.33333, 6, 4, 8], "texture": "#5"},
				"south": {"uv": [8.66667, 9.33333, 9, 11.33333], "texture": "#5"},
				"west": {"uv": [4, 6, 4.66667, 8], "texture": "#5"},
				"up": {"uv": [7, 11.33333, 6.66667, 10.66667], "texture": "#5"},
				"down": {"uv": [11, 6.66667, 10.66667, 7.33333], "texture": "#5"}
			}
		},
		{
			"from": [7, 8.75, 9],
			"to": [9, 13.25, 11],
			"rotation": {"angle": 0, "axis": "y", "origin": [7, 12.75, 9]},
			"faces": {
				"north": {"uv": [2.66667, 2.66667, 1.33333, 5.66667], "rotation": 180, "texture": "#1"},
				"east": {"uv": [0, 0, 3, 1.33333], "rotation": 270, "texture": "#1"},
				"south": {"uv": [1.33333, 5.66667, 0, 2.66667], "texture": "#1"},
				"west": {"uv": [0, 1.33333, 3, 2.66667], "rotation": 90, "texture": "#1"},
				"up": {"uv": [4.66667, 0, 6, 1.33333], "rotation": 180, "texture": "#1"},
				"down": {"uv": [4.66667, 1.33333, 6, 2.66667], "texture": "#1"}
			}
		},
		{
			"from": [6.575, 11.5, 7.8],
			"to": [7.575, 13, 8.3],
			"rotation": {"angle": -22.5, "axis": "y", "origin": [7.075, 12.125, 8.925]},
			"faces": {
				"north": {"uv": [9.33333, 0, 8.66667, 1], "rotation": 180, "texture": "#1"},
				"east": {"uv": [2.66667, 10, 3.66667, 10.33333], "rotation": 270, "texture": "#1"},
				"south": {"uv": [0.66667, 9.66667, 0, 8.66667], "texture": "#1"},
				"west": {"uv": [10, 3.33333, 11, 3.66667], "rotation": 90, "texture": "#1"},
				"up": {"uv": [4, 10, 4.66667, 10.33333], "rotation": 180, "texture": "#1"},
				"down": {"uv": [10, 4, 10.66667, 4.33333], "texture": "#1"}
			}
		},
		{
			"from": [6.575, 11.5, 8.3],
			"to": [7.575, 12.5, 9.3],
			"rotation": {"angle": -22.5, "axis": "y", "origin": [7.075, 12.125, 8.925]},
			"faces": {
				"east": {"uv": [9.33333, 0, 10, 0.66667], "rotation": 270, "texture": "#1"},
				"west": {"uv": [9.33333, 0.66667, 10, 1.33333], "rotation": 90, "texture": "#1"},
				"up": {"uv": [4.66667, 4, 5.33333, 4.66667], "rotation": 180, "texture": "#1"},
				"down": {"uv": [0.66667, 9.33333, 1.33333, 10], "texture": "#1"}
			}
		},
		{
			"from": [6.575, 11.5, 9.3],
			"to": [7.575, 13, 10.3],
			"rotation": {"angle": -22.5, "axis": "y", "origin": [7.075, 12.125, 8.925]},
			"faces": {
				"north": {"uv": [9.33333, 2, 8.66667, 3], "rotation": 180, "texture": "#1"},
				"east": {"uv": [0.66667, 8.66667, 1.66667, 9.33333], "rotation": 270, "texture": "#1"},
				"south": {"uv": [2.66667, 9.66667, 2, 8.66667], "texture": "#1"},
				"west": {"uv": [8.66667, 1.33333, 9.66667, 2], "rotation": 90, "texture": "#1"},
				"up": {"uv": [1.33333, 9.33333, 2, 10], "rotation": 180, "texture": "#1"},
				"down": {"uv": [9.33333, 2, 10, 2.66667], "texture": "#1"}
			}
		},
		{
			"from": [8.425, 11.5, 9.3],
			"to": [9.425, 13, 10.3],
			"rotation": {"angle": 22.5, "axis": "y", "origin": [8.925, 12.125, 8.925]},
			"faces": {
				"north": {"uv": [8.66667, 2, 9.33333, 3], "rotation": 180, "texture": "#1"},
				"east": {"uv": [8.66667, 2, 9.66667, 1.33333], "rotation": 90, "texture": "#1"},
				"south": {"uv": [2, 9.66667, 2.66667, 8.66667], "texture": "#1"},
				"west": {"uv": [0.66667, 9.33333, 1.66667, 8.66667], "rotation": 270, "texture": "#1"},
				"up": {"uv": [2, 9.33333, 1.33333, 10], "rotation": 180, "texture": "#1"},
				"down": {"uv": [10, 2, 9.33333, 2.66667], "texture": "#1"}
			}
		},
		{
			"from": [8.425, 11.5, 8.3],
			"to": [9.425, 12.5, 9.3],
			"rotation": {"angle": 22.5, "axis": "y", "origin": [8.925, 12.125, 8.925]},
			"faces": {
				"east": {"uv": [9.33333, 1.33333, 10, 0.66667], "rotation": 90, "texture": "#1"},
				"west": {"uv": [9.33333, 0.66667, 10, 0], "rotation": 270, "texture": "#1"},
				"up": {"uv": [5.33333, 4, 4.66667, 4.66667], "rotation": 180, "texture": "#1"},
				"down": {"uv": [1.33333, 9.33333, 0.66667, 10], "texture": "#1"}
			}
		},
		{
			"from": [8.425, 11.5, 7.8],
			"to": [9.425, 13, 8.3],
			"rotation": {"angle": 22.5, "axis": "y", "origin": [8.925, 12.125, 8.925]},
			"faces": {
				"north": {"uv": [8.66667, 0, 9.33333, 1], "rotation": 180, "texture": "#1"},
				"east": {"uv": [10, 3.66667, 11, 3.33333], "rotation": 90, "texture": "#1"},
				"south": {"uv": [0, 9.66667, 0.66667, 8.66667], "texture": "#1"},
				"west": {"uv": [2.66667, 10.33333, 3.66667, 10], "rotation": 270, "texture": "#1"},
				"up": {"uv": [4.66667, 10, 4, 10.33333], "rotation": 180, "texture": "#1"},
				"down": {"uv": [10.66667, 4, 10, 4.33333], "texture": "#1"}
			}
		},
		{
			"from": [7.25, 12.93314, 9.41456],
			"to": [8.75, 14.43314, 10.91456],
			"rotation": {"angle": -22.5, "axis": "x", "origin": [8, 13.15814, 10.23956]},
			"faces": {
				"north": {"uv": [8.33333, 0, 7.33333, 1], "rotation": 180, "texture": "#1"},
				"east": {"uv": [5.33333, 6.66667, 6.33333, 7.66667], "rotation": 270, "texture": "#1"},
				"south": {"uv": [1, 8.33333, 0, 7.33333], "texture": "#1"},
				"west": {"uv": [6.66667, 6.66667, 7.66667, 7.66667], "rotation": 90, "texture": "#1"},
				"up": {"uv": [6.66667, 4, 7.66667, 5], "rotation": 180, "texture": "#1"},
				"down": {"uv": [6.66667, 5.33333, 7.66667, 6.33333], "texture": "#1"}
			}
		},
		{
			"from": [7, 13.96211, 9.15531],
			"to": [9, 15.96211, 11.15531],
			"rotation": {"angle": 0, "axis": "x", "origin": [8, 15.62611, 10.31161]},
			"faces": {
				"north": {"uv": [2.66667, 4.66667, 4, 6], "texture": "#1"},
				"east": {"uv": [4.66667, 2.66667, 6, 4], "texture": "#1"},
				"south": {"uv": [4, 4.66667, 5.33333, 6], "texture": "#1"},
				"west": {"uv": [5.33333, 4, 6.66667, 5.33333], "texture": "#1"},
				"up": {"uv": [6.66667, 6.66667, 5.33333, 5.33333], "texture": "#1"},
				"down": {"uv": [1.33333, 6, 0, 7.33333], "texture": "#1"}
			}
		},
		{
			"from": [7, 13.96211, 8.15531],
			"to": [9, 14.96211, 9.15531],
			"rotation": {"angle": 0, "axis": "x", "origin": [8, 15.62611, 10.31161]},
			"faces": {
				"north": {"uv": [3.33333, 2, 4.66667, 2.66667], "texture": "#1"},
				"east": {"uv": [4, 9.33333, 4.66667, 10], "texture": "#1"},
				"west": {"uv": [4.66667, 9.33333, 5.33333, 10], "texture": "#1"},
				"up": {"uv": [8, 8.66667, 6.66667, 8], "texture": "#1"},
				"down": {"uv": [9.33333, 6.66667, 8, 7.33333], "texture": "#1"}
			}
		},
		{
			"from": [7.25, 14.21211, 7.90531],
			"to": [8.75, 15.21211, 9.15531],
			"rotation": {"angle": 0, "axis": "x", "origin": [8, 15.62611, 10.31161]},
			"faces": {
				"north": {"uv": [2.66667, 8.66667, 3.66667, 9.33333], "texture": "#1"},
				"east": {"uv": [8.66667, 3.33333, 9.66667, 4], "texture": "#1"},
				"west": {"uv": [4, 8.66667, 5, 9.33333], "texture": "#1"},
				"up": {"uv": [2.33333, 8.33333, 1.33333, 7.33333], "texture": "#1"},
				"down": {"uv": [8.33333, 1.33333, 7.33333, 2.33333], "texture": "#1"}
			}
		},
		{
			"from": [6.7, 7.67729, 9.41902],
			"to": [8.2, 9.67729, 10.91902],
			"rotation": {"angle": -22.5, "axis": "z", "origin": [7.05225, 7.46654, 10.1672]},
			"faces": {
				"north": {"uv": [5, 6, 4, 7.33333], "rotation": 180, "texture": "#1"},
				"east": {"uv": [6, 1.33333, 7.33333, 2.33333], "rotation": 270, "texture": "#1"},
				"south": {"uv": [7, 4, 6, 2.66667], "texture": "#1"},
				"west": {"uv": [2.66667, 6, 4, 7], "rotation": 90, "texture": "#1"},
				"up": {"uv": [2.66667, 7.33333, 3.66667, 8.33333], "rotation": 180, "texture": "#1"},
				"down": {"uv": [7.33333, 2.66667, 8.33333, 3.66667], "texture": "#1"}
			}
		},
		{
			"from": [6.70048, 6.59981, 9.54178],
			"to": [7.94548, 8.25981, 10.78678],
			"rotation": {"angle": -45, "axis": "z", "origin": [7.05225, 7.46654, 10.1672]},
			"faces": {
				"north": {"uv": [7.33333, 8.66667, 6.66667, 9.66667], "rotation": 180, "texture": "#1"},
				"east": {"uv": [8.66667, 4, 9.66667, 4.66667], "rotation": 270, "texture": "#1"},
				"south": {"uv": [9.33333, 6.33333, 8.66667, 5.33333], "texture": "#1"},
				"west": {"uv": [8.66667, 4.66667, 9.66667, 5.33333], "rotation": 90, "texture": "#1"},
				"up": {"uv": [5.33333, 9.33333, 6, 10], "rotation": 180, "texture": "#1"},
				"down": {"uv": [9.33333, 5.33333, 10, 6], "texture": "#1"}
			}
		},
		{
			"from": [5.22597, 6.37498, 9.65343],
			"to": [6.60377, 7.40833, 10.68678],
			"rotation": {"angle": 22.5, "axis": "z", "origin": [7.05225, 7.46654, 10.1672]},
			"faces": {
				"north": {"uv": [8, 8.66667, 8.66667, 9.66667], "rotation": 90, "texture": "#1"},
				"east": {"uv": [10, 6, 9.33333, 6.66667], "rotation": 90, "texture": "#1"},
				"south": {"uv": [7.33333, 8.66667, 8, 9.66667], "rotation": 270, "texture": "#1"},
				"west": {"uv": [6.66667, 10, 6, 9.33333], "rotation": 90, "texture": "#1"},
				"up": {"uv": [8.66667, 8.66667, 9.33333, 9.66667], "rotation": 270, "texture": "#1"},
				"down": {"uv": [8.66667, 7.33333, 9.33333, 8.33333], "rotation": 270, "texture": "#1"}
			}
		},
		{
			"from": [6.50346, 14.10061, 10.22449],
			"to": [6.50346, 15.60061, 11.72449],
			"rotation": {"angle": -22.5, "axis": "y", "origin": [6.50346, 14.85061, 11.62449]},
			"faces": {
				"east": {"uv": [5, 7.33333, 4, 8.33333], "texture": "#1"},
				"west": {"uv": [4, 7.33333, 5, 8.33333], "texture": "#1"}
			}
		},
		{
			"from": [9.49654, 14.10061, 10.22449],
			"to": [9.49654, 15.60061, 11.72449],
			"rotation": {"angle": 22.5, "axis": "y", "origin": [9.49654, 14.85061, 11.62449]},
			"faces": {
				"east": {"uv": [5, 7.33333, 4, 8.33333], "texture": "#1"},
				"west": {"uv": [4, 7.33333, 5, 8.33333], "texture": "#1"}
			}
		},
		{
			"from": [6.9, 14.81251, 10.67134],
			"to": [7.9, 15.81251, 11.67134],
			"rotation": {"angle": -22.5, "axis": "x", "origin": [8, 15.62611, 10.31161]},
			"faces": {
				"north": {"uv": [9.33333, 6.66667, 10, 7.33333], "texture": "#1"},
				"east": {"uv": [9.33333, 7.33333, 10, 8], "texture": "#1"},
				"south": {"uv": [9.33333, 8, 10, 8.66667], "texture": "#1"},
				"west": {"uv": [9.33333, 8.66667, 10, 9.33333], "texture": "#1"},
				"up": {"uv": [10, 10, 9.33333, 9.33333], "texture": "#1"},
				"down": {"uv": [0.66667, 10, 0, 10.66667], "texture": "#1"}
			}
		},
		{
			"from": [7.005, 14.4091, 11.23649],
			"to": [7.795, 15.1991, 12.02649],
			"rotation": {"angle": -45, "axis": "x", "origin": [8, 15.62611, 10.31161]},
			"faces": {
				"east": {"uv": [10, 0, 10.66667, 0.66667], "texture": "#1"},
				"south": {"uv": [0.66667, 10, 1.33333, 10.66667], "texture": "#1"},
				"west": {"uv": [10, 0.66667, 10.66667, 1.33333], "texture": "#1"},
				"up": {"uv": [2, 10.66667, 1.33333, 10], "texture": "#1"},
				"down": {"uv": [10.66667, 1.33333, 10, 2], "texture": "#1"}
			}
		},
		{
			"from": [7.10375, 16.74649, 11.42077],
			"to": [7.69625, 17.33899, 12.01327],
			"rotation": {"angle": 22.5, "axis": "x", "origin": [8, 15.62611, 10.31161]},
			"faces": {
				"north": {"uv": [6.66667, 10, 7, 10.33333], "texture": "#1"},
				"east": {"uv": [10, 6.66667, 10.33333, 7], "texture": "#1"},
				"south": {"uv": [7.33333, 10, 7.66667, 10.33333], "texture": "#1"},
				"west": {"uv": [10, 7.33333, 10.33333, 7.66667], "texture": "#1"},
				"up": {"uv": [8.33333, 10.33333, 8, 10], "texture": "#1"}
			}
		},
		{
			"from": [6.8, 15.92976, 9.17232],
			"to": [7.8, 16.42976, 10.17232],
			"rotation": {"angle": -22.5, "axis": "x", "origin": [8, 15.62611, 10.31161]},
			"faces": {
				"north": {"uv": [12, 0, 12.66667, 0.33333], "texture": "#1"},
				"east": {"uv": [10, 5.33333, 10.66667, 5.66667], "texture": "#1"},
				"south": {"uv": [12.66667, 0, 13.33333, 0.33333], "texture": "#1"},
				"west": {"uv": [10, 6, 10.66667, 6.33333], "texture": "#1"},
				"up": {"uv": [11.66667, 0.66667, 11, 0], "texture": "#1"},
				"down": {"uv": [10.66667, 2, 10, 2.66667], "texture": "#1"}
			}
		},
		{
			"from": [5.15186, 9.75, 11.76444],
			"to": [7.15186, 12.75, 11.76444],
			"rotation": {"angle": 22.5, "axis": "y", "origin": [5.15186, 13.25, 11.76444]},
			"faces": {
				"north": {"uv": [4.66667, 0, 3.33333, 2], "rotation": 180, "texture": "#1"},
				"south": {"uv": [4.66667, 2, 3.33333, 0], "texture": "#1"}
			}
		},
		{
			"from": [2.15186, 9.75, 11.76444],
			"to": [5.15186, 12.75, 11.76444],
			"rotation": {"angle": -22.5, "axis": "y", "origin": [5.15186, 13.25, 11.76444]},
			"faces": {
				"north": {"uv": [4.66667, 2.66667, 2.66667, 4.66667], "rotation": 180, "texture": "#1"},
				"south": {"uv": [4.66667, 4.66667, 2.66667, 2.66667], "texture": "#1"}
			}
		},
		{
			"from": [8.3, 8.5, 8],
			"to": [9.3, 10.5, 8.5],
			"rotation": {"angle": 22.5, "axis": "y", "origin": [8.8, 9.375, 8.875]},
			"faces": {
				"north": {"uv": [6, 8, 6.66667, 9.33333], "rotation": 180, "texture": "#1"},
				"east": {"uv": [10.66667, 2.66667, 9.33333, 3], "rotation": 270, "texture": "#1"},
				"south": {"uv": [8, 6.66667, 8.66667, 5.33333], "texture": "#1"},
				"west": {"uv": [4, 9.33333, 2.66667, 9.66667], "rotation": 90, "texture": "#1"},
				"up": {"uv": [5.33333, 10, 4.66667, 10.33333], "rotation": 180, "texture": "#1"},
				"down": {"uv": [10.66667, 4.66667, 10, 5], "texture": "#1"}
			}
		},
		{
			"from": [8.3, 8.5, 8.5],
			"to": [9.3, 10, 10.5],
			"rotation": {"angle": 22.5, "axis": "y", "origin": [8.8, 9.375, 8.875]},
			"faces": {
				"east": {"uv": [2.33333, 6, 1.33333, 7.33333], "rotation": 270, "texture": "#1"},
				"south": {"uv": [8, 8.33333, 8.66667, 7.33333], "texture": "#1"},
				"west": {"uv": [7, 0, 6, 1.33333], "rotation": 90, "texture": "#1"},
				"up": {"uv": [8.66667, 4, 8, 5.33333], "rotation": 180, "texture": "#1"},
				"down": {"uv": [6, 8, 5.33333, 9.33333], "texture": "#1"}
			}
		},
		{
			"from": [6.7, 8.5, 8.5],
			"to": [7.7, 10, 10.5],
			"rotation": {"angle": -22.5, "axis": "y", "origin": [7.2, 9.375, 8.875]},
			"faces": {
				"east": {"uv": [7, 1.33333, 6, 0], "rotation": 90, "texture": "#1"},
				"south": {"uv": [8.66667, 8.33333, 8, 7.33333], "texture": "#1"},
				"west": {"uv": [2.33333, 7.33333, 1.33333, 6], "rotation": 270, "texture": "#1"},
				"up": {"uv": [8, 4, 8.66667, 5.33333], "rotation": 180, "texture": "#1"},
				"down": {"uv": [5.33333, 8, 6, 9.33333], "texture": "#1"}
			}
		},
		{
			"from": [6.7, 8.5, 8],
			"to": [7.7, 10.5, 8.5],
			"rotation": {"angle": -22.5, "axis": "y", "origin": [7.2, 9.375, 8.875]},
			"faces": {
				"north": {"uv": [6.66667, 8, 6, 9.33333], "rotation": 180, "texture": "#1"},
				"east": {"uv": [4, 9.66667, 2.66667, 9.33333], "rotation": 90, "texture": "#1"},
				"south": {"uv": [8.66667, 6.66667, 8, 5.33333], "texture": "#1"},
				"west": {"uv": [10.66667, 3, 9.33333, 2.66667], "rotation": 270, "texture": "#1"},
				"up": {"uv": [4.66667, 10, 5.33333, 10.33333], "rotation": 180, "texture": "#1"},
				"down": {"uv": [10, 4.66667, 10.66667, 5], "texture": "#1"}
			}
		},
		{
			"from": [8.205, 14.4091, 11.23649],
			"to": [8.995, 15.1991, 12.02649],
			"rotation": {"angle": -45, "axis": "x", "origin": [8, 15.62611, 10.31161]},
			"faces": {
				"east": {"uv": [10.66667, 0.66667, 10, 1.33333], "texture": "#1"},
				"south": {"uv": [1.33333, 10, 0.66667, 10.66667], "texture": "#1"},
				"west": {"uv": [10.66667, 0, 10, 0.66667], "texture": "#1"},
				"up": {"uv": [1.33333, 10.66667, 2, 10], "texture": "#1"},
				"down": {"uv": [10, 1.33333, 10.66667, 2], "texture": "#1"}
			}
		},
		{
			"from": [8.30375, 16.74649, 11.42077],
			"to": [8.89625, 17.33899, 12.01327],
			"rotation": {"angle": 22.5, "axis": "x", "origin": [8, 15.62611, 10.31161]},
			"faces": {
				"north": {"uv": [7, 10, 6.66667, 10.33333], "texture": "#1"},
				"east": {"uv": [10.33333, 7.33333, 10, 7.66667], "texture": "#1"},
				"south": {"uv": [7.66667, 10, 7.33333, 10.33333], "texture": "#1"},
				"west": {"uv": [10.33333, 6.66667, 10, 7], "texture": "#1"},
				"up": {"uv": [8, 10.33333, 8.33333, 10], "texture": "#1"}
			}
		},
		{
			"from": [8.1, 14.81251, 10.67134],
			"to": [9.1, 15.81251, 11.67134],
			"rotation": {"angle": -22.5, "axis": "x", "origin": [8, 15.62611, 10.31161]},
			"faces": {
				"north": {"uv": [10, 6.66667, 9.33333, 7.33333], "texture": "#1"},
				"east": {"uv": [10, 8.66667, 9.33333, 9.33333], "texture": "#1"},
				"south": {"uv": [10, 8, 9.33333, 8.66667], "texture": "#1"},
				"west": {"uv": [10, 7.33333, 9.33333, 8], "texture": "#1"},
				"up": {"uv": [9.33333, 10, 10, 9.33333], "texture": "#1"},
				"down": {"uv": [0, 10, 0.66667, 10.66667], "texture": "#1"}
			}
		},
		{
			"from": [8.2, 15.92976, 9.17232],
			"to": [9.2, 16.42976, 10.17232],
			"rotation": {"angle": -22.5, "axis": "x", "origin": [8, 15.62611, 10.31161]},
			"faces": {
				"north": {"uv": [12.66667, 0, 12, 0.33333], "texture": "#1"},
				"east": {"uv": [10.66667, 6, 10, 6.33333], "texture": "#1"},
				"south": {"uv": [13.33333, 0, 12.66667, 0.33333], "texture": "#1"},
				"west": {"uv": [10.66667, 5.33333, 10, 5.66667], "texture": "#1"},
				"up": {"uv": [11, 0.66667, 11.66667, 0], "texture": "#1"},
				"down": {"uv": [10, 2, 10.66667, 2.66667], "texture": "#1"}
			}
		},
		{
			"from": [10.84814, 9.75, 11.76444],
			"to": [13.84814, 12.75, 11.76444],
			"rotation": {"angle": 22.5, "axis": "y", "origin": [10.84814, 13.25, 11.76444]},
			"faces": {
				"north": {"uv": [2.66667, 2.66667, 4.66667, 4.66667], "rotation": 180, "texture": "#1"},
				"south": {"uv": [2.66667, 4.66667, 4.66667, 2.66667], "texture": "#1"}
			}
		},
		{
			"from": [8.84814, 9.75, 11.76444],
			"to": [10.84814, 12.75, 11.76444],
			"rotation": {"angle": -22.5, "axis": "y", "origin": [10.84814, 13.25, 11.76444]},
			"faces": {
				"north": {"uv": [3.33333, 0, 4.66667, 2], "rotation": 180, "texture": "#1"},
				"south": {"uv": [3.33333, 2, 4.66667, 0], "texture": "#1"}
			}
		},
		{
			"from": [7.985, -3, 6.5],
			"to": [8.015, 1, 9.5],
			"rotation": {"angle": 0, "axis": "y", "origin": [0.985, 0, -0.5]},
			"faces": {
				"east": {"uv": [6, 0, 0, 8], "texture": "#4"},
				"west": {"uv": [0, 0, 6, 8], "texture": "#4"}
			}
		},
		{
			"from": [5, 3.2, 10.185],
			"to": [9, 6.2, 10.215],
			"rotation": {"angle": 22.5, "axis": "z", "origin": [3, -1, 8]},
			"faces": {
				"north": {"uv": [6, 0, 0, 8], "rotation": 270, "texture": "#4"},
				"south": {"uv": [0, 0, 6, 8], "rotation": 90, "texture": "#4"}
			}
		},
		{
			"from": [7.5, 6.3, 7.5],
			"to": [8.5, 10.8, 8.5],
			"rotation": {"angle": 0, "axis": "y", "origin": [7.5, 6.3, 7.5]},
			"faces": {
				"north": {"uv": [6, 3.33333, 5.33333, 6.33333], "texture": "#5"},
				"east": {"uv": [5.33333, 3.33333, 6, 6.33333], "texture": "#5"},
				"south": {"uv": [6, 3.33333, 5.33333, 6.33333], "texture": "#5"},
				"west": {"uv": [5.33333, 3.33333, 6, 6.33333], "texture": "#5"},
				"up": {"uv": [11.33333, 0.66667, 10.66667, 0], "texture": "#5"},
				"down": {"uv": [1.33333, 10.66667, 0.66667, 11.33333], "texture": "#5"}
			}
		},
		{
			"from": [7.7, 6, 2.25],
			"to": [7.7, 17, 5.5],
			"rotation": {"angle": 0, "axis": "y", "origin": [7.7, 6, 0.5]},
			"faces": {
				"west": {"uv": [0, 0, 3.5, 11], "texture": "#3"}
			}
		},
		{
			"from": [8.3, 6, 2.25],
			"to": [8.3, 17, 5.5],
			"rotation": {"angle": 0, "axis": "y", "origin": [8.3, 6, 0.5]},
			"faces": {
				"east": {"uv": [3.5, 0, 0, 11], "texture": "#3"}
			}
		}
	],
	"gui_light": "front",
	"display": {
		"thirdperson_righthand": {
			"translation": [0, 2.5, 0.75]
		},
		"thirdperson_lefthand": {
			"translation": [0, 2.5, 0.75]
		},
		"firstperson_righthand": {
			"rotation": [-15, 0, 0],
			"translation": [0, 3.25, 0]
		},
		"firstperson_lefthand": {
			"rotation": [-15, 0, 0],
			"translation": [0, 3.25, 0]
		},
		"ground": {
			"rotation": [-45, 0, 0],
			"translation": [0, 4.25, 0]
		},
		"gui": {
			"rotation": [-90, 45, 90],
			"translation": [0.25, -0.5, 0],
			"scale": [0.86133, 0.86133, 0.86133]
		},
		"head": {
			"rotation": [0, -90, 0]
		},
		"fixed": {
			"rotation": [90, -90, 90],
			"translation": [0, -1.75, -2.25],
			"scale": [2.5, 2.5, 2.5]
		}
	},
	"groups": [
		{
			"name": "group",
			"origin": [7.5, 6, 8],
			"color": 0,
			"boneType": "",
			"children": [0, 1, 2, 3, 4, 5, 6, 7, 8]
		},
		9,
		10,
		11,
		12,
		13,
		14,
		15,
		16,
		17,
		18,
		{
			"name": "group",
			"origin": [10.84814, 3.76444, 5.5],
			"color": 0,
			"boneType": "",
			"children": [19, 20, 21, 22, 23, 24, 25, 26, 27, 28, 29, 30, 31, 32, 33, 34, 35, 36, 37, 38, 39, 40, 41, 42, 43, 44, 45, 46, 47, 48, 49, 50]
		},
		51,
		52,
		53,
		54,
		55
	]
}