{
	"credit": "by w11shes",
	"textures": {
		"0": "elitecreatures:necromancer_assortment/halloween_axe",
		"1": "elitecreatures:necromancer_assortment/halloween_particle",
		"particle": "elitecreatures:necromancer_assortment/halloween_axe"
	},
	"elements": [
		{
			"from": [4.30597, 9, 8.55421],
			"to": [7.30597, 13, 11.55421],
			"rotation": {"angle": -45, "axis": "y", "origin": [7.75177, 8, 12]},
			"faces": {
				"north": {"uv": [13.5, 2, 15, 4], "texture": "#0"},
				"east": {"uv": [13.5, 2, 15, 4], "texture": "#0"},
				"south": {"uv": [13.5, 2, 15, 4], "texture": "#0"},
				"west": {"uv": [13.5, 2, 15, 4], "texture": "#0"}
			}
		},
		{
			"from": [3.80597, 7, 8.05421],
			"to": [7.80597, 9, 12.05421],
			"rotation": {"angle": -45, "axis": "y", "origin": [7.75177, 8, 12]},
			"faces": {
				"north": {"uv": [7.5, 12, 9.5, 13], "texture": "#0"},
				"east": {"uv": [7.5, 12, 9.5, 13], "texture": "#0"},
				"south": {"uv": [7.5, 12, 9.5, 13], "texture": "#0"},
				"west": {"uv": [7.5, 12, 9.5, 13], "texture": "#0"},
				"up": {"uv": [2, 7, 0, 5], "rotation": 90, "texture": "#0"},
				"down": {"uv": [9.5, 2, 7.5, 4], "rotation": 270, "texture": "#0"}
			}
		},
		{
			"from": [6.75177, -2, 8.24823],
			"to": [8.75177, 7, 10.24823],
			"rotation": {"angle": 0, "axis": "y", "origin": [7.75177, 8, 12]},
			"faces": {
				"north": {"uv": [2.5, 2.5, 3.5, 7], "texture": "#0"},
				"east": {"uv": [2.5, 2.5, 3.5, 7], "texture": "#0"},
				"south": {"uv": [2.5, 2.5, 3.5, 7], "texture": "#0"},
				"west": {"uv": [2.5, 2.5, 3.5, 7], "texture": "#0"}
			}
		},
		{
			"from": [3.80597, -4, 8.05421],
			"to": [7.80597, -2, 12.05421],
			"rotation": {"angle": -45, "axis": "y", "origin": [7.75177, 8, 12]},
			"faces": {
				"north": {"uv": [9.5, 12, 11.5, 13], "texture": "#0"},
				"east": {"uv": [9.5, 12, 11.5, 13], "texture": "#0"},
				"south": {"uv": [9.5, 12, 11.5, 13], "texture": "#0"},
				"west": {"uv": [9.5, 12, 11.5, 13], "texture": "#0"},
				"up": {"uv": [10, 2, 8, 0], "rotation": 90, "texture": "#0"},
				"down": {"uv": [10, 4, 8, 6], "rotation": 270, "texture": "#0"}
			}
		},
		{
			"from": [5.75177, -1.9537, -1.84529],
			"to": [9.75177, 2.0463, 2.15471],
			"rotation": {"angle": -45, "axis": "x", "origin": [7.75177, 8, 12]},
			"faces": {
				"north": {"uv": [13.5, 4, 15.5, 6], "texture": "#0"},
				"east": {"uv": [8.5, 6, 10.5, 8], "texture": "#0"},
				"south": {"uv": [8.5, 8, 10.5, 10], "texture": "#0"},
				"west": {"uv": [10.5, 6, 8.5, 8], "texture": "#0"},
				"up": {"uv": [7.5, 11, 5.5, 9], "rotation": 90, "texture": "#0"},
				"down": {"uv": [2, 7, 0, 9], "rotation": 270, "texture": "#0"}
			}
		},
		{
			"from": [6.55134, 11.31231, 7.74823],
			"to": [9.55134, 13.31231, 10.74823],
			"rotation": {"angle": -22.5, "axis": "z", "origin": [7.75177, 8, 12]},
			"faces": {
				"north": {"uv": [14.5, 7, 16, 8], "texture": "#0"},
				"east": {"uv": [14.5, 8, 16, 9], "texture": "#0"},
				"south": {"uv": [16, 7, 14.5, 8], "texture": "#0"},
				"west": {"uv": [14.5, 6, 16, 7], "texture": "#0"},
				"down": {"uv": [13.5, 4, 12, 5.5], "rotation": 270, "texture": "#0"}
			}
		},
		{
			"from": [5.55134, 13.31231, 6.74823],
			"to": [9.55134, 18.31231, 11.74823],
			"rotation": {"angle": -22.5, "axis": "z", "origin": [7.75177, 8, 12]},
			"faces": {
				"north": {"uv": [6, 4.5, 8, 7], "texture": "#0"},
				"east": {"uv": [3.5, 4.5, 6, 7], "texture": "#0"},
				"south": {"uv": [8, 4.5, 6, 7], "texture": "#0"},
				"west": {"uv": [0, 2.5, 2.5, 5], "texture": "#0"},
				"up": {"uv": [6, 9, 3.5, 7], "rotation": 90, "texture": "#0"},
				"down": {"uv": [8.5, 7, 6, 9], "rotation": 270, "texture": "#0"}
			}
		},
		{
			"from": [7.70177, 9.5, 13.24823],
			"to": [7.75177, 23.5, 22.24823],
			"rotation": {"angle": 0, "axis": "y", "origin": [7.75177, 8, 12]},
			"faces": {
				"east": {"uv": [0, 9, 4.5, 16], "texture": "#0"},
				"west": {"uv": [4.5, 9, 0, 16], "texture": "#0"}
			}
		},
		{
			"from": [5.9522, 13.31231, 6.74823],
			"to": [9.9522, 18.31231, 11.74823],
			"rotation": {"angle": 22.5, "axis": "z", "origin": [7.75177, 8, 12]},
			"faces": {
				"north": {"uv": [8, 4.5, 6, 7], "texture": "#0"},
				"east": {"uv": [2.5, 2.5, 0, 5], "texture": "#0"},
				"south": {"uv": [6, 4.5, 8, 7], "texture": "#0"},
				"west": {"uv": [6, 4.5, 3.5, 7], "texture": "#0"},
				"up": {"uv": [6, 7, 3.5, 9], "rotation": 90, "texture": "#0"},
				"down": {"uv": [8.5, 9, 6, 7], "rotation": 270, "texture": "#0"}
			}
		},
		{
			"from": [5.9522, 11.31231, 7.74823],
			"to": [8.9522, 13.31231, 10.74823],
			"rotation": {"angle": 22.5, "axis": "z", "origin": [7.75177, 8, 12]},
			"faces": {
				"north": {"uv": [16, 7, 14.5, 8], "texture": "#0"},
				"east": {"uv": [16, 6, 14.5, 7], "texture": "#0"},
				"south": {"uv": [14.5, 7, 16, 8], "texture": "#0"},
				"west": {"uv": [16, 8, 14.5, 9], "texture": "#0"},
				"down": {"uv": [13.5, 5.5, 12, 4], "rotation": 270, "texture": "#0"}
			}
		},
		{
			"from": [5.73177, 16.30529, 10.76685],
			"to": [9.77177, 19.84529, 14.29685],
			"rotation": {"angle": -45, "axis": "x", "origin": [7.75177, 8, 12]},
			"faces": {
				"north": {"uv": [10, 0, 12, 2], "texture": "#0"},
				"east": {"uv": [9.5, 2, 11.5, 4], "texture": "#0"},
				"west": {"uv": [11.5, 2, 9.5, 4], "texture": "#0"},
				"up": {"uv": [12, 6, 10, 4], "rotation": 90, "texture": "#0"}
			}
		},
		{
			"from": [5.75177, 13, 5.24823],
			"to": [9.75177, 18, 13.24823],
			"rotation": {"angle": 0, "axis": "y", "origin": [7.75177, 8, 12]},
			"faces": {
				"east": {"uv": [0, 0, 4, 2.5], "texture": "#0"},
				"west": {"uv": [4, 0, 0, 2.5], "texture": "#0"},
				"up": {"uv": [7.5, 4.5, 3.5, 2.5], "rotation": 90, "texture": "#0"},
				"down": {"uv": [8, 0, 4, 2], "rotation": 270, "texture": "#0"}
			}
		},
		{
			"from": [5.73177, 12.4137, 5.81157],
			"to": [9.77177, 15.9537, 9.34157],
			"rotation": {"angle": 45, "axis": "x", "origin": [7.75177, 8, 12]},
			"faces": {
				"east": {"uv": [7.5, 10, 9.5, 12], "texture": "#0"},
				"south": {"uv": [9.5, 10, 11.5, 12], "texture": "#0"},
				"west": {"uv": [9.5, 10, 7.5, 12], "texture": "#0"},
				"up": {"uv": [12.5, 8, 10.5, 6], "rotation": 90, "texture": "#0"}
			}
		},
		{
			"from": [3.80597, 18, 8.05421],
			"to": [7.80597, 20, 12.05421],
			"rotation": {"angle": -45, "axis": "y", "origin": [7.75177, 8, 12]},
			"faces": {
				"north": {"uv": [11.5, 12, 13.5, 13], "texture": "#0"},
				"east": {"uv": [11.5, 12, 13.5, 13], "texture": "#0"},
				"south": {"uv": [11.5, 12, 13.5, 13], "texture": "#0"},
				"west": {"uv": [11.5, 12, 13.5, 13], "texture": "#0"},
				"up": {"uv": [12.5, 10, 10.5, 8], "rotation": 90, "texture": "#0"}
			}
		},
		{
			"from": [5.75177, 17.84529, 17.9537],
			"to": [9.75177, 21.84529, 21.9537],
			"rotation": {"angle": -45, "axis": "x", "origin": [7.75177, 8, 12]},
			"faces": {
				"north": {"uv": [12.5, 6, 14.5, 8], "texture": "#0"},
				"east": {"uv": [12, 0, 14, 2], "texture": "#0"},
				"south": {"uv": [14, 0, 16, 2], "texture": "#0"},
				"west": {"uv": [14, 0, 12, 2], "texture": "#0"},
				"up": {"uv": [13.5, 4, 11.5, 2], "rotation": 90, "texture": "#0"},
				"down": {"uv": [13.5, 10, 11.5, 12], "rotation": 270, "texture": "#0"}
			}
		},
		{
			"from": [7.25177, 12.5, 16.24823],
			"to": [8.25177, 20.5, 21.24823],
			"rotation": {"angle": 0, "axis": "y", "origin": [7.75177, 8, 12]},
			"faces": {
				"north": {"uv": [2.5, 10.5, 3, 14.5], "texture": "#0"},
				"east": {"uv": [0.5, 10.5, 3, 14.5], "texture": "#0"},
				"south": {"uv": [0.5, 10.5, 1, 14.5], "texture": "#0"},
				"west": {"uv": [3, 10.5, 0.5, 14.5], "texture": "#0"},
				"up": {"uv": [3, 10.5, 0.5, 11], "rotation": 90, "texture": "#0"},
				"down": {"uv": [3, 14, 0.5, 14.5], "rotation": 270, "texture": "#0"}
			}
		},
		{
			"from": [9.4522, 12.81231, 11.24823],
			"to": [5.4522, 10.81231, 7.24823],
			"shade": false,
			"rotation": {"angle": 22.5, "axis": "z", "origin": [7.75177, 8, 12]},
			"faces": {
				"north": {"uv": [14.5, 12, 16, 13.5], "texture": "#0"},
				"east": {"uv": [14.5, 12, 16, 13.5], "texture": "#0"},
				"south": {"uv": [14.5, 12, 16, 13.5], "texture": "#0"},
				"west": {"uv": [14.5, 12, 16, 13.5], "texture": "#0"},
				"up": {"uv": [16, 13.5, 14.5, 12], "rotation": 90, "texture": "#0"}
			}
		},
		{
			"from": [10.4522, 18.81231, 12.24823],
			"to": [5.4522, 12.81231, 6.24823],
			"shade": false,
			"rotation": {"angle": 22.5, "axis": "z", "origin": [7.75177, 8, 12]},
			"faces": {
				"north": {"uv": [14.5, 12, 16, 13.5], "texture": "#0"},
				"east": {"uv": [14.5, 12, 16, 13.5], "texture": "#0"},
				"south": {"uv": [14.5, 12, 16, 13.5], "texture": "#0"},
				"west": {"uv": [14.5, 12, 16, 13.5], "texture": "#0"},
				"up": {"uv": [16, 16, 13.5, 13.5], "rotation": 90, "texture": "#0"},
				"down": {"uv": [16, 13.5, 14.5, 12], "rotation": 270, "texture": "#0"}
			}
		},
		{
			"from": [10.05134, 18.81231, 12.24823],
			"to": [5.05134, 12.81231, 6.24823],
			"shade": false,
			"rotation": {"angle": -22.5, "axis": "z", "origin": [7.75177, 8, 12]},
			"faces": {
				"north": {"uv": [16, 12, 14.5, 13.5], "texture": "#0"},
				"east": {"uv": [16, 12, 14.5, 13.5], "texture": "#0"},
				"south": {"uv": [16, 12, 14.5, 13.5], "texture": "#0"},
				"west": {"uv": [16, 12, 14.5, 13.5], "texture": "#0"},
				"up": {"uv": [16, 13.5, 13.5, 16], "rotation": 90, "texture": "#0"},
				"down": {"uv": [16, 12, 14.5, 13.5], "rotation": 270, "texture": "#0"}
			}
		},
		{
			"from": [10.05134, 12.81231, 11.24823],
			"to": [6.05134, 10.81231, 7.24823],
			"shade": false,
			"rotation": {"angle": -22.5, "axis": "z", "origin": [7.75177, 8, 12]},
			"faces": {
				"north": {"uv": [16, 12, 14.5, 13.5], "texture": "#0"},
				"east": {"uv": [16, 12, 14.5, 13.5], "texture": "#0"},
				"south": {"uv": [16, 12, 14.5, 13.5], "texture": "#0"},
				"west": {"uv": [16, 12, 14.5, 13.5], "texture": "#0"},
				"up": {"uv": [16, 12, 14.5, 13.5], "rotation": 90, "texture": "#0"}
			}
		},
		{
			"from": [11.60177, 13.85, 5.49823],
			"to": [12.40177, 14.65, 6.29823],
			"shade": false,
			"rotation": {"angle": 0, "axis": "y", "origin": [7.75177, 8, 12]},
			"faces": {
				"north": {"uv": [0, 14, 2, 16], "texture": "#1"},
				"east": {"uv": [0, 14, 2, 16], "texture": "#1"},
				"south": {"uv": [0, 14, 2, 16], "texture": "#1"},
				"west": {"uv": [0, 14, 2, 16], "texture": "#1"},
				"up": {"uv": [0, 14, 2, 16], "rotation": 90, "texture": "#1"},
				"down": {"uv": [0, 14, 2, 16], "rotation": 270, "texture": "#1"}
			}
		},
		{
			"from": [12.75177, 15, 6.64823],
			"to": [11.25177, 13.5, 5.14823],
			"shade": false,
			"rotation": {"angle": 0, "axis": "y", "origin": [7.75177, 8, 12]},
			"faces": {
				"north": {"uv": [2, 14, 4, 16], "texture": "#1"},
				"east": {"uv": [2, 14, 4, 16], "texture": "#1"},
				"south": {"uv": [2, 14, 4, 16], "texture": "#1"},
				"west": {"uv": [2, 14, 4, 16], "texture": "#1"},
				"up": {"uv": [2, 14, 4, 16], "rotation": 90, "texture": "#1"},
				"down": {"uv": [2, 14, 4, 16], "rotation": 270, "texture": "#1"}
			}
		},
		{
			"from": [11.55177, 14.3, 5.44823],
			"to": [12.45177, 15.2, 6.34823],
			"shade": false,
			"rotation": {"angle": 0, "axis": "y", "origin": [7.75177, 8, 12]},
			"faces": {
				"north": {"uv": [0, 12, 2, 14], "texture": "#1"},
				"east": {"uv": [0, 12, 2, 14], "texture": "#1"},
				"south": {"uv": [0, 12, 2, 14], "texture": "#1"},
				"west": {"uv": [0, 12, 2, 14], "texture": "#1"},
				"up": {"uv": [0, 12, 2, 14], "rotation": 90, "texture": "#1"},
				"down": {"uv": [0, 12, 2, 14], "rotation": 270, "texture": "#1"}
			}
		},
		{
			"from": [12.75177, 15.5, 6.64823],
			"to": [11.25177, 14, 5.14823],
			"shade": false,
			"rotation": {"angle": 0, "axis": "y", "origin": [7.75177, 8, 12]},
			"faces": {
				"north": {"uv": [2, 12, 4, 14], "texture": "#1"},
				"east": {"uv": [2, 12, 4, 14], "texture": "#1"},
				"south": {"uv": [2, 12, 4, 14], "texture": "#1"},
				"west": {"uv": [2, 12, 4, 14], "texture": "#1"},
				"up": {"uv": [2, 12, 4, 14], "rotation": 90, "texture": "#1"},
				"down": {"uv": [2, 12, 4, 14], "rotation": 270, "texture": "#1"}
			}
		},
		{
			"from": [11.50177, 14.75, 5.39823],
			"to": [12.50177, 15.75, 6.39823],
			"shade": false,
			"rotation": {"angle": 0, "axis": "y", "origin": [7.75177, 8, 12]},
			"faces": {
				"north": {"uv": [0, 10, 2, 12], "texture": "#1"},
				"east": {"uv": [0, 10, 2, 12], "texture": "#1"},
				"south": {"uv": [0, 10, 2, 12], "texture": "#1"},
				"west": {"uv": [0, 10, 2, 12], "texture": "#1"},
				"up": {"uv": [0, 10, 2, 12], "rotation": 90, "texture": "#1"},
				"down": {"uv": [0, 10, 2, 12], "rotation": 270, "texture": "#1"}
			}
		},
		{
			"from": [12.75177, 16, 6.64823],
			"to": [11.25177, 14.5, 5.14823],
			"shade": false,
			"rotation": {"angle": 0, "axis": "y", "origin": [7.75177, 8, 12]},
			"faces": {
				"north": {"uv": [2, 10, 4, 12], "texture": "#1"},
				"east": {"uv": [2, 10, 4, 12], "texture": "#1"},
				"south": {"uv": [2, 10, 4, 12], "texture": "#1"},
				"west": {"uv": [2, 10, 4, 12], "texture": "#1"},
				"up": {"uv": [2, 10, 4, 12], "rotation": 90, "texture": "#1"},
				"down": {"uv": [2, 10, 4, 12], "rotation": 270, "texture": "#1"}
			}
		},
		{
			"from": [11.50177, 15.25, 5.39823],
			"to": [12.50177, 16.25, 6.39823],
			"shade": false,
			"rotation": {"angle": 0, "axis": "y", "origin": [7.75177, 8, 12]},
			"faces": {
				"north": {"uv": [0, 8, 2, 10], "texture": "#1"},
				"east": {"uv": [0, 8, 2, 10], "texture": "#1"},
				"south": {"uv": [0, 8, 2, 10], "texture": "#1"},
				"west": {"uv": [0, 8, 2, 10], "texture": "#1"},
				"up": {"uv": [0, 8, 2, 10], "rotation": 90, "texture": "#1"},
				"down": {"uv": [0, 8, 2, 10], "rotation": 270, "texture": "#1"}
			}
		},
		{
			"from": [12.75177, 16.5, 6.64823],
			"to": [11.25177, 15, 5.14823],
			"shade": false,
			"rotation": {"angle": 0, "axis": "y", "origin": [7.75177, 8, 12]},
			"faces": {
				"north": {"uv": [2, 8, 4, 10], "texture": "#1"},
				"east": {"uv": [2, 8, 4, 10], "texture": "#1"},
				"south": {"uv": [2, 8, 4, 10], "texture": "#1"},
				"west": {"uv": [2, 8, 4, 10], "texture": "#1"},
				"up": {"uv": [2, 8, 4, 10], "rotation": 90, "texture": "#1"},
				"down": {"uv": [2, 8, 4, 10], "rotation": 270, "texture": "#1"}
			}
		},
		{
			"from": [11.50177, 15.75, 5.39823],
			"to": [12.50177, 16.75, 6.39823],
			"shade": false,
			"rotation": {"angle": 0, "axis": "y", "origin": [7.75177, 8, 12]},
			"faces": {
				"north": {"uv": [0, 6, 2, 8], "texture": "#1"},
				"east": {"uv": [0, 6, 2, 8], "texture": "#1"},
				"south": {"uv": [0, 6, 2, 8], "texture": "#1"},
				"west": {"uv": [0, 6, 2, 8], "texture": "#1"},
				"up": {"uv": [0, 6, 2, 8], "rotation": 90, "texture": "#1"},
				"down": {"uv": [0, 6, 2, 8], "rotation": 270, "texture": "#1"}
			}
		},
		{
			"from": [12.75177, 17, 6.64823],
			"to": [11.25177, 15.5, 5.14823],
			"shade": false,
			"rotation": {"angle": 0, "axis": "y", "origin": [7.75177, 8, 12]},
			"faces": {
				"north": {"uv": [2, 6, 4, 8], "texture": "#1"},
				"east": {"uv": [2, 6, 4, 8], "texture": "#1"},
				"south": {"uv": [2, 6, 4, 8], "texture": "#1"},
				"west": {"uv": [2, 6, 4, 8], "texture": "#1"},
				"up": {"uv": [2, 6, 4, 8], "rotation": 90, "texture": "#1"},
				"down": {"uv": [2, 6, 4, 8], "rotation": 270, "texture": "#1"}
			}
		},
		{
			"from": [11.55177, 16.3, 5.44823],
			"to": [12.45177, 17.2, 6.34823],
			"shade": false,
			"rotation": {"angle": 0, "axis": "y", "origin": [7.75177, 8, 12]},
			"faces": {
				"north": {"uv": [0, 4, 2, 6], "texture": "#1"},
				"east": {"uv": [0, 4, 2, 6], "texture": "#1"},
				"south": {"uv": [0, 4, 2, 6], "texture": "#1"},
				"west": {"uv": [0, 4, 2, 6], "texture": "#1"},
				"up": {"uv": [0, 4, 2, 6], "rotation": 90, "texture": "#1"},
				"down": {"uv": [0, 4, 2, 6], "rotation": 270, "texture": "#1"}
			}
		},
		{
			"from": [12.75177, 17.5, 6.64823],
			"to": [11.25177, 16, 5.14823],
			"shade": false,
			"rotation": {"angle": 0, "axis": "y", "origin": [7.75177, 8, 12]},
			"faces": {
				"north": {"uv": [2, 4, 4, 6], "texture": "#1"},
				"east": {"uv": [2, 4, 4, 6], "texture": "#1"},
				"south": {"uv": [2, 4, 4, 6], "texture": "#1"},
				"west": {"uv": [2, 4, 4, 6], "texture": "#1"},
				"up": {"uv": [2, 4, 4, 6], "rotation": 90, "texture": "#1"},
				"down": {"uv": [2, 4, 4, 6], "rotation": 270, "texture": "#1"}
			}
		},
		{
			"from": [11.60177, 17.35, 5.49823],
			"to": [12.40177, 18.15, 6.29823],
			"shade": false,
			"rotation": {"angle": 0, "axis": "y", "origin": [7.75177, 8, 12]},
			"faces": {
				"north": {"uv": [0, 2, 2, 4], "texture": "#1"},
				"east": {"uv": [0, 2, 2, 4], "texture": "#1"},
				"south": {"uv": [0, 2, 2, 4], "texture": "#1"},
				"west": {"uv": [0, 2, 2, 4], "texture": "#1"},
				"up": {"uv": [0, 2, 2, 4], "rotation": 90, "texture": "#1"},
				"down": {"uv": [0, 2, 2, 4], "rotation": 270, "texture": "#1"}
			}
		},
		{
			"from": [12.75177, 18.5, 6.64823],
			"to": [11.25177, 17, 5.14823],
			"shade": false,
			"rotation": {"angle": 0, "axis": "y", "origin": [7.75177, 8, 12]},
			"faces": {
				"north": {"uv": [2, 2, 4, 4], "texture": "#1"},
				"east": {"uv": [2, 2, 4, 4], "texture": "#1"},
				"south": {"uv": [2, 2, 4, 4], "texture": "#1"},
				"west": {"uv": [2, 2, 4, 4], "texture": "#1"},
				"up": {"uv": [2, 2, 4, 4], "rotation": 90, "texture": "#1"},
				"down": {"uv": [2, 2, 4, 4], "rotation": 270, "texture": "#1"}
			}
		},
		{
			"from": [11.60177, 13.85, 12.19823],
			"to": [12.40177, 14.65, 12.99823],
			"shade": false,
			"rotation": {"angle": 0, "axis": "y", "origin": [7.75177, 8, 12]},
			"faces": {
				"north": {"uv": [4, 14, 6, 16], "texture": "#1"},
				"east": {"uv": [4, 14, 6, 16], "texture": "#1"},
				"south": {"uv": [4, 14, 6, 16], "texture": "#1"},
				"west": {"uv": [4, 14, 6, 16], "texture": "#1"},
				"up": {"uv": [4, 14, 6, 16], "rotation": 90, "texture": "#1"},
				"down": {"uv": [4, 14, 6, 16], "rotation": 270, "texture": "#1"}
			}
		},
		{
			"from": [12.75177, 15, 13.34823],
			"to": [11.25177, 13.5, 11.84823],
			"shade": false,
			"rotation": {"angle": 0, "axis": "y", "origin": [7.75177, 8, 12]},
			"faces": {
				"north": {"uv": [6, 14, 8, 16], "texture": "#1"},
				"east": {"uv": [6, 14, 8, 16], "texture": "#1"},
				"south": {"uv": [6, 14, 8, 16], "texture": "#1"},
				"west": {"uv": [6, 14, 8, 16], "texture": "#1"},
				"up": {"uv": [6, 14, 8, 16], "rotation": 90, "texture": "#1"},
				"down": {"uv": [6, 14, 8, 16], "rotation": 270, "texture": "#1"}
			}
		},
		{
			"from": [11.55177, 14.3, 12.14823],
			"to": [12.45177, 15.2, 13.04823],
			"shade": false,
			"rotation": {"angle": 0, "axis": "y", "origin": [7.75177, 8, 12]},
			"faces": {
				"north": {"uv": [4, 12, 6, 14], "texture": "#1"},
				"east": {"uv": [4, 12, 6, 14], "texture": "#1"},
				"south": {"uv": [4, 12, 6, 14], "texture": "#1"},
				"west": {"uv": [4, 12, 6, 14], "texture": "#1"},
				"up": {"uv": [4, 12, 6, 14], "rotation": 90, "texture": "#1"},
				"down": {"uv": [4, 12, 6, 14], "rotation": 270, "texture": "#1"}
			}
		},
		{
			"from": [12.75177, 15.5, 13.34823],
			"to": [11.25177, 14, 11.84823],
			"shade": false,
			"rotation": {"angle": 0, "axis": "y", "origin": [7.75177, 8, 12]},
			"faces": {
				"north": {"uv": [6, 12, 8, 14], "texture": "#1"},
				"east": {"uv": [6, 12, 8, 14], "texture": "#1"},
				"south": {"uv": [6, 12, 8, 14], "texture": "#1"},
				"west": {"uv": [6, 12, 8, 14], "texture": "#1"},
				"up": {"uv": [6, 12, 8, 14], "rotation": 90, "texture": "#1"},
				"down": {"uv": [6, 12, 8, 14], "rotation": 270, "texture": "#1"}
			}
		},
		{
			"from": [11.50177, 15.25, 12.09823],
			"to": [12.50177, 16.25, 13.09823],
			"shade": false,
			"rotation": {"angle": 0, "axis": "y", "origin": [7.75177, 8, 12]},
			"faces": {
				"north": {"uv": [4, 10, 6, 12], "texture": "#1"},
				"east": {"uv": [4, 10, 6, 12], "texture": "#1"},
				"south": {"uv": [4, 10, 6, 12], "texture": "#1"},
				"west": {"uv": [4, 10, 6, 12], "texture": "#1"},
				"up": {"uv": [4, 10, 6, 12], "rotation": 90, "texture": "#1"},
				"down": {"uv": [4, 10, 6, 12], "rotation": 270, "texture": "#1"}
			}
		},
		{
			"from": [12.75177, 16.5, 13.34823],
			"to": [11.25177, 15, 11.84823],
			"shade": false,
			"rotation": {"angle": 0, "axis": "y", "origin": [7.75177, 8, 12]},
			"faces": {
				"north": {"uv": [6, 10, 8, 12], "texture": "#1"},
				"east": {"uv": [6, 10, 8, 12], "texture": "#1"},
				"south": {"uv": [6, 10, 8, 12], "texture": "#1"},
				"west": {"uv": [6, 10, 8, 12], "texture": "#1"},
				"up": {"uv": [6, 10, 8, 12], "rotation": 90, "texture": "#1"},
				"down": {"uv": [6, 10, 8, 12], "rotation": 270, "texture": "#1"}
			}
		},
		{
			"from": [11.50177, 15.75, 12.09823],
			"to": [12.50177, 16.75, 13.09823],
			"shade": false,
			"rotation": {"angle": 0, "axis": "y", "origin": [7.75177, 8, 12]},
			"faces": {
				"north": {"uv": [4, 8, 6, 10], "texture": "#1"},
				"east": {"uv": [4, 8, 6, 10], "texture": "#1"},
				"south": {"uv": [4, 8, 6, 10], "texture": "#1"},
				"west": {"uv": [4, 8, 6, 10], "texture": "#1"},
				"up": {"uv": [4, 8, 6, 10], "rotation": 90, "texture": "#1"},
				"down": {"uv": [4, 8, 6, 10], "rotation": 270, "texture": "#1"}
			}
		},
		{
			"from": [12.75177, 17, 13.34823],
			"to": [11.25177, 15.5, 11.84823],
			"shade": false,
			"rotation": {"angle": 0, "axis": "y", "origin": [7.75177, 8, 12]},
			"faces": {
				"north": {"uv": [6, 8, 8, 10], "texture": "#1"},
				"east": {"uv": [6, 8, 8, 10], "texture": "#1"},
				"south": {"uv": [6, 8, 8, 10], "texture": "#1"},
				"west": {"uv": [6, 8, 8, 10], "texture": "#1"},
				"up": {"uv": [6, 8, 8, 10], "rotation": 90, "texture": "#1"},
				"down": {"uv": [6, 8, 8, 10], "rotation": 270, "texture": "#1"}
			}
		},
		{
			"from": [11.50177, 16.25, 12.09823],
			"to": [12.50177, 17.25, 13.09823],
			"shade": false,
			"rotation": {"angle": 0, "axis": "y", "origin": [7.75177, 8, 12]},
			"faces": {
				"north": {"uv": [4, 6, 6, 8], "texture": "#1"},
				"east": {"uv": [4, 6, 6, 8], "texture": "#1"},
				"south": {"uv": [4, 6, 6, 8], "texture": "#1"},
				"west": {"uv": [4, 6, 6, 8], "texture": "#1"},
				"up": {"uv": [4, 6, 6, 8], "rotation": 90, "texture": "#1"},
				"down": {"uv": [4, 6, 6, 8], "rotation": 270, "texture": "#1"}
			}
		},
		{
			"from": [12.75177, 17.5, 13.34823],
			"to": [11.25177, 16, 11.84823],
			"shade": false,
			"rotation": {"angle": 0, "axis": "y", "origin": [7.75177, 8, 12]},
			"faces": {
				"north": {"uv": [6, 6, 8, 8], "texture": "#1"},
				"east": {"uv": [6, 6, 8, 8], "texture": "#1"},
				"south": {"uv": [6, 6, 8, 8], "texture": "#1"},
				"west": {"uv": [6, 6, 8, 8], "texture": "#1"},
				"up": {"uv": [6, 6, 8, 8], "rotation": 90, "texture": "#1"},
				"down": {"uv": [6, 6, 8, 8], "rotation": 270, "texture": "#1"}
			}
		},
		{
			"from": [11.55177, 16.8, 12.14823],
			"to": [12.45177, 17.7, 13.04823],
			"shade": false,
			"rotation": {"angle": 0, "axis": "y", "origin": [7.75177, 8, 12]},
			"faces": {
				"north": {"uv": [4, 4, 6, 6], "texture": "#1"},
				"east": {"uv": [4, 4, 6, 6], "texture": "#1"},
				"south": {"uv": [4, 4, 6, 6], "texture": "#1"},
				"west": {"uv": [4, 4, 6, 6], "texture": "#1"},
				"up": {"uv": [4, 4, 6, 6], "rotation": 90, "texture": "#1"},
				"down": {"uv": [4, 4, 6, 6], "rotation": 270, "texture": "#1"}
			}
		},
		{
			"from": [12.75177, 18, 13.34823],
			"to": [11.25177, 16.5, 11.84823],
			"shade": false,
			"rotation": {"angle": 0, "axis": "y", "origin": [7.75177, 8, 12]},
			"faces": {
				"north": {"uv": [6, 4, 8, 6], "texture": "#1"},
				"east": {"uv": [6, 4, 8, 6], "texture": "#1"},
				"south": {"uv": [6, 4, 8, 6], "texture": "#1"},
				"west": {"uv": [6, 4, 8, 6], "texture": "#1"},
				"up": {"uv": [6, 4, 8, 6], "rotation": 90, "texture": "#1"},
				"down": {"uv": [6, 4, 8, 6], "rotation": 270, "texture": "#1"}
			}
		},
		{
			"from": [11.60177, 17.35, 12.19823],
			"to": [12.40177, 18.15, 12.99823],
			"shade": false,
			"rotation": {"angle": 0, "axis": "y", "origin": [7.75177, 8, 12]},
			"faces": {
				"north": {"uv": [4, 2, 6, 4], "texture": "#1"},
				"east": {"uv": [4, 2, 6, 4], "texture": "#1"},
				"south": {"uv": [4, 2, 6, 4], "texture": "#1"},
				"west": {"uv": [4, 2, 6, 4], "texture": "#1"},
				"up": {"uv": [4, 2, 6, 4], "rotation": 90, "texture": "#1"},
				"down": {"uv": [4, 2, 6, 4], "rotation": 270, "texture": "#1"}
			}
		},
		{
			"from": [12.75177, 18.5, 13.34823],
			"to": [11.25177, 17, 11.84823],
			"shade": false,
			"rotation": {"angle": 0, "axis": "y", "origin": [7.75177, 8, 12]},
			"faces": {
				"north": {"uv": [6, 2, 8, 4], "texture": "#1"},
				"east": {"uv": [6, 2, 8, 4], "texture": "#1"},
				"south": {"uv": [6, 2, 8, 4], "texture": "#1"},
				"west": {"uv": [6, 2, 8, 4], "texture": "#1"},
				"up": {"uv": [6, 2, 8, 4], "rotation": 90, "texture": "#1"},
				"down": {"uv": [6, 2, 8, 4], "rotation": 270, "texture": "#1"}
			}
		},
		{
			"from": [3.10177, 13.85, 12.19823],
			"to": [3.90177, 14.65, 12.99823],
			"shade": false,
			"rotation": {"angle": 0, "axis": "y", "origin": [7.75177, 8, 12]},
			"faces": {
				"north": {"uv": [12, 14, 14, 16], "texture": "#1"},
				"east": {"uv": [12, 14, 14, 16], "texture": "#1"},
				"south": {"uv": [12, 14, 14, 16], "texture": "#1"},
				"west": {"uv": [12, 14, 14, 16], "texture": "#1"},
				"up": {"uv": [12, 14, 14, 16], "rotation": 90, "texture": "#1"},
				"down": {"uv": [12, 14, 14, 16], "rotation": 270, "texture": "#1"}
			}
		},
		{
			"from": [4.25177, 15, 13.34823],
			"to": [2.75177, 13.5, 11.84823],
			"shade": false,
			"rotation": {"angle": 0, "axis": "y", "origin": [7.75177, 8, 12]},
			"faces": {
				"north": {"uv": [14, 14, 16, 16], "texture": "#1"},
				"east": {"uv": [14, 14, 16, 16], "texture": "#1"},
				"south": {"uv": [14, 14, 16, 16], "texture": "#1"},
				"west": {"uv": [14, 14, 16, 16], "texture": "#1"},
				"up": {"uv": [14, 14, 16, 16], "rotation": 90, "texture": "#1"},
				"down": {"uv": [14, 14, 16, 16], "rotation": 270, "texture": "#1"}
			}
		},
		{
			"from": [3.05177, 14.3, 12.14823],
			"to": [3.95177, 15.2, 13.04823],
			"shade": false,
			"rotation": {"angle": 0, "axis": "y", "origin": [7.75177, 8, 12]},
			"faces": {
				"north": {"uv": [12, 12, 14, 14], "texture": "#1"},
				"east": {"uv": [12, 12, 14, 14], "texture": "#1"},
				"south": {"uv": [12, 12, 14, 14], "texture": "#1"},
				"west": {"uv": [12, 12, 14, 14], "texture": "#1"},
				"up": {"uv": [12, 12, 14, 14], "rotation": 90, "texture": "#1"},
				"down": {"uv": [12, 12, 14, 14], "rotation": 270, "texture": "#1"}
			}
		},
		{
			"from": [4.25177, 15.5, 13.34823],
			"to": [2.75177, 14, 11.84823],
			"shade": false,
			"rotation": {"angle": 0, "axis": "y", "origin": [7.75177, 8, 12]},
			"faces": {
				"north": {"uv": [14, 12, 16, 14], "texture": "#1"},
				"east": {"uv": [14, 12, 16, 14], "texture": "#1"},
				"south": {"uv": [14, 12, 16, 14], "texture": "#1"},
				"west": {"uv": [14, 12, 16, 14], "texture": "#1"},
				"up": {"uv": [14, 12, 16, 14], "rotation": 90, "texture": "#1"},
				"down": {"uv": [14, 12, 16, 14], "rotation": 270, "texture": "#1"}
			}
		},
		{
			"from": [3.00177, 14.75, 12.09823],
			"to": [4.00177, 15.75, 13.09823],
			"shade": false,
			"rotation": {"angle": 0, "axis": "y", "origin": [7.75177, 8, 12]},
			"faces": {
				"north": {"uv": [12, 10, 14, 12], "texture": "#1"},
				"east": {"uv": [12, 10, 14, 12], "texture": "#1"},
				"south": {"uv": [12, 10, 14, 12], "texture": "#1"},
				"west": {"uv": [12, 10, 14, 12], "texture": "#1"},
				"up": {"uv": [12, 10, 14, 12], "rotation": 90, "texture": "#1"},
				"down": {"uv": [12, 10, 14, 12], "rotation": 270, "texture": "#1"}
			}
		},
		{
			"from": [4.25177, 16, 13.34823],
			"to": [2.75177, 14.5, 11.84823],
			"shade": false,
			"rotation": {"angle": 0, "axis": "y", "origin": [7.75177, 8, 12]},
			"faces": {
				"north": {"uv": [14, 10, 16, 12], "texture": "#1"},
				"east": {"uv": [14, 10, 16, 12], "texture": "#1"},
				"south": {"uv": [14, 10, 16, 12], "texture": "#1"},
				"west": {"uv": [14, 10, 16, 12], "texture": "#1"},
				"up": {"uv": [14, 10, 16, 12], "rotation": 90, "texture": "#1"},
				"down": {"uv": [14, 10, 16, 12], "rotation": 270, "texture": "#1"}
			}
		},
		{
			"from": [3.00177, 15.25, 12.09823],
			"to": [4.00177, 16.25, 13.09823],
			"shade": false,
			"rotation": {"angle": 0, "axis": "y", "origin": [7.75177, 8, 12]},
			"faces": {
				"north": {"uv": [12, 8, 14, 10], "texture": "#1"},
				"east": {"uv": [12, 8, 14, 10], "texture": "#1"},
				"south": {"uv": [12, 8, 14, 10], "texture": "#1"},
				"west": {"uv": [12, 8, 14, 10], "texture": "#1"},
				"up": {"uv": [12, 8, 14, 10], "rotation": 90, "texture": "#1"},
				"down": {"uv": [12, 8, 14, 10], "rotation": 270, "texture": "#1"}
			}
		},
		{
			"from": [4.25177, 16.5, 13.34823],
			"to": [2.75177, 15, 11.84823],
			"shade": false,
			"rotation": {"angle": 0, "axis": "y", "origin": [7.75177, 8, 12]},
			"faces": {
				"north": {"uv": [14, 8, 16, 10], "texture": "#1"},
				"east": {"uv": [14, 8, 16, 10], "texture": "#1"},
				"south": {"uv": [14, 8, 16, 10], "texture": "#1"},
				"west": {"uv": [14, 8, 16, 10], "texture": "#1"},
				"up": {"uv": [14, 8, 16, 10], "rotation": 90, "texture": "#1"},
				"down": {"uv": [14, 8, 16, 10], "rotation": 270, "texture": "#1"}
			}
		},
		{
			"from": [3.00177, 15.75, 12.09823],
			"to": [4.00177, 16.75, 13.09823],
			"shade": false,
			"rotation": {"angle": 0, "axis": "y", "origin": [7.75177, 8, 12]},
			"faces": {
				"north": {"uv": [12, 6, 14, 8], "texture": "#1"},
				"east": {"uv": [12, 6, 14, 8], "texture": "#1"},
				"south": {"uv": [12, 6, 14, 8], "texture": "#1"},
				"west": {"uv": [12, 6, 14, 8], "texture": "#1"},
				"up": {"uv": [12, 6, 14, 8], "rotation": 90, "texture": "#1"},
				"down": {"uv": [12, 6, 14, 8], "rotation": 270, "texture": "#1"}
			}
		},
		{
			"from": [4.25177, 17, 13.34823],
			"to": [2.75177, 15.5, 11.84823],
			"shade": false,
			"rotation": {"angle": 0, "axis": "y", "origin": [7.75177, 8, 12]},
			"faces": {
				"north": {"uv": [14, 6, 16, 8], "texture": "#1"},
				"east": {"uv": [14, 6, 16, 8], "texture": "#1"},
				"south": {"uv": [14, 6, 16, 8], "texture": "#1"},
				"west": {"uv": [14, 6, 16, 8], "texture": "#1"},
				"up": {"uv": [14, 6, 16, 8], "rotation": 90, "texture": "#1"},
				"down": {"uv": [14, 6, 16, 8], "rotation": 270, "texture": "#1"}
			}
		},
		{
			"from": [3.05177, 16.3, 12.14823],
			"to": [3.95177, 17.2, 13.04823],
			"shade": false,
			"rotation": {"angle": 0, "axis": "y", "origin": [7.75177, 8, 12]},
			"faces": {
				"north": {"uv": [12, 4, 14, 6], "texture": "#1"},
				"east": {"uv": [12, 4, 14, 6], "texture": "#1"},
				"south": {"uv": [12, 4, 14, 6], "texture": "#1"},
				"west": {"uv": [12, 4, 14, 6], "texture": "#1"},
				"up": {"uv": [12, 4, 14, 6], "rotation": 90, "texture": "#1"},
				"down": {"uv": [12, 4, 14, 6], "rotation": 270, "texture": "#1"}
			}
		},
		{
			"from": [4.25177, 17.5, 13.34823],
			"to": [2.75177, 16, 11.84823],
			"shade": false,
			"rotation": {"angle": 0, "axis": "y", "origin": [7.75177, 8, 12]},
			"faces": {
				"north": {"uv": [14, 4, 16, 6], "texture": "#1"},
				"east": {"uv": [14, 4, 16, 6], "texture": "#1"},
				"south": {"uv": [14, 4, 16, 6], "texture": "#1"},
				"west": {"uv": [14, 4, 16, 6], "texture": "#1"},
				"up": {"uv": [14, 4, 16, 6], "rotation": 90, "texture": "#1"},
				"down": {"uv": [14, 4, 16, 6], "rotation": 270, "texture": "#1"}
			}
		},
		{
			"from": [3.10177, 16.85, 12.19823],
			"to": [3.90177, 17.65, 12.99823],
			"shade": false,
			"rotation": {"angle": 0, "axis": "y", "origin": [7.75177, 8, 12]},
			"faces": {
				"north": {"uv": [12, 2, 14, 4], "texture": "#1"},
				"east": {"uv": [12, 2, 14, 4], "texture": "#1"},
				"south": {"uv": [12, 2, 14, 4], "texture": "#1"},
				"west": {"uv": [12, 2, 14, 4], "texture": "#1"},
				"up": {"uv": [12, 2, 14, 4], "rotation": 90, "texture": "#1"},
				"down": {"uv": [12, 2, 14, 4], "rotation": 270, "texture": "#1"}
			}
		},
		{
			"from": [4.25177, 18, 13.34823],
			"to": [2.75177, 16.5, 11.84823],
			"shade": false,
			"rotation": {"angle": 0, "axis": "y", "origin": [7.75177, 8, 12]},
			"faces": {
				"north": {"uv": [14, 2, 16, 4], "texture": "#1"},
				"east": {"uv": [14, 2, 16, 4], "texture": "#1"},
				"south": {"uv": [14, 2, 16, 4], "texture": "#1"},
				"west": {"uv": [14, 2, 16, 4], "texture": "#1"},
				"up": {"uv": [14, 2, 16, 4], "rotation": 90, "texture": "#1"},
				"down": {"uv": [14, 2, 16, 4], "rotation": 270, "texture": "#1"}
			}
		},
		{
			"from": [3.10177, 13.85, 5.49823],
			"to": [3.90177, 14.65, 6.29823],
			"shade": false,
			"rotation": {"angle": 0, "axis": "y", "origin": [7.75177, 8, 12]},
			"faces": {
				"north": {"uv": [8, 14, 10, 16], "texture": "#1"},
				"east": {"uv": [8, 14, 10, 16], "texture": "#1"},
				"south": {"uv": [8, 14, 10, 16], "texture": "#1"},
				"west": {"uv": [8, 14, 10, 16], "texture": "#1"},
				"up": {"uv": [8, 14, 10, 16], "rotation": 90, "texture": "#1"},
				"down": {"uv": [8, 14, 10, 16], "rotation": 270, "texture": "#1"}
			}
		},
		{
			"from": [4.25177, 15, 6.64823],
			"to": [2.75177, 13.5, 5.14823],
			"shade": false,
			"rotation": {"angle": 0, "axis": "y", "origin": [7.75177, 8, 12]},
			"faces": {
				"north": {"uv": [10, 14, 12, 16], "texture": "#1"},
				"east": {"uv": [10, 14, 12, 16], "texture": "#1"},
				"south": {"uv": [10, 14, 12, 16], "texture": "#1"},
				"west": {"uv": [10, 14, 12, 16], "texture": "#1"},
				"up": {"uv": [10, 14, 12, 16], "rotation": 90, "texture": "#1"},
				"down": {"uv": [10, 14, 12, 16], "rotation": 270, "texture": "#1"}
			}
		},
		{
			"from": [3.05177, 14.3, 5.44823],
			"to": [3.95177, 15.2, 6.34823],
			"shade": false,
			"rotation": {"angle": 0, "axis": "y", "origin": [7.75177, 8, 12]},
			"faces": {
				"north": {"uv": [8, 12, 10, 14], "texture": "#1"},
				"east": {"uv": [8, 12, 10, 14], "texture": "#1"},
				"south": {"uv": [8, 12, 10, 14], "texture": "#1"},
				"west": {"uv": [8, 12, 10, 14], "texture": "#1"},
				"up": {"uv": [8, 12, 10, 14], "rotation": 90, "texture": "#1"},
				"down": {"uv": [8, 12, 10, 14], "rotation": 270, "texture": "#1"}
			}
		},
		{
			"from": [4.25177, 15.5, 6.64823],
			"to": [2.75177, 14, 5.14823],
			"shade": false,
			"rotation": {"angle": 0, "axis": "y", "origin": [7.75177, 8, 12]},
			"faces": {
				"north": {"uv": [10, 12, 12, 14], "texture": "#1"},
				"east": {"uv": [10, 12, 12, 14], "texture": "#1"},
				"south": {"uv": [10, 12, 12, 14], "texture": "#1"},
				"west": {"uv": [10, 12, 12, 14], "texture": "#1"},
				"up": {"uv": [10, 12, 12, 14], "rotation": 90, "texture": "#1"},
				"down": {"uv": [10, 12, 12, 14], "rotation": 270, "texture": "#1"}
			}
		},
		{
			"from": [3.00177, 14.75, 5.39823],
			"to": [4.00177, 15.75, 6.39823],
			"shade": false,
			"rotation": {"angle": 0, "axis": "y", "origin": [7.75177, 8, 12]},
			"faces": {
				"north": {"uv": [8, 10, 10, 12], "texture": "#1"},
				"east": {"uv": [8, 10, 10, 12], "texture": "#1"},
				"south": {"uv": [8, 10, 10, 12], "texture": "#1"},
				"west": {"uv": [8, 10, 10, 12], "texture": "#1"},
				"up": {"uv": [8, 10, 10, 12], "rotation": 90, "texture": "#1"},
				"down": {"uv": [8, 10, 10, 12], "rotation": 270, "texture": "#1"}
			}
		},
		{
			"from": [4.25177, 16, 6.64823],
			"to": [2.75177, 14.5, 5.14823],
			"shade": false,
			"rotation": {"angle": 0, "axis": "y", "origin": [7.75177, 8, 12]},
			"faces": {
				"north": {"uv": [10, 10, 12, 12], "texture": "#1"},
				"east": {"uv": [10, 10, 12, 12], "texture": "#1"},
				"south": {"uv": [10, 10, 12, 12], "texture": "#1"},
				"west": {"uv": [10, 10, 12, 12], "texture": "#1"},
				"up": {"uv": [10, 10, 12, 12], "rotation": 90, "texture": "#1"},
				"down": {"uv": [10, 10, 12, 12], "rotation": 270, "texture": "#1"}
			}
		},
		{
			"from": [3.00177, 15.25, 5.39823],
			"to": [4.00177, 16.25, 6.39823],
			"shade": false,
			"rotation": {"angle": 0, "axis": "y", "origin": [7.75177, 8, 12]},
			"faces": {
				"north": {"uv": [8, 8, 10, 10], "texture": "#1"},
				"east": {"uv": [8, 8, 10, 10], "texture": "#1"},
				"south": {"uv": [8, 8, 10, 10], "texture": "#1"},
				"west": {"uv": [8, 8, 10, 10], "texture": "#1"},
				"up": {"uv": [8, 8, 10, 10], "rotation": 90, "texture": "#1"},
				"down": {"uv": [8, 8, 10, 10], "rotation": 270, "texture": "#1"}
			}
		},
		{
			"from": [4.25177, 16.5, 6.64823],
			"to": [2.75177, 15, 5.14823],
			"shade": false,
			"rotation": {"angle": 0, "axis": "y", "origin": [7.75177, 8, 12]},
			"faces": {
				"north": {"uv": [10, 8, 12, 10], "texture": "#1"},
				"east": {"uv": [10, 8, 12, 10], "texture": "#1"},
				"south": {"uv": [10, 8, 12, 10], "texture": "#1"},
				"west": {"uv": [10, 8, 12, 10], "texture": "#1"},
				"up": {"uv": [10, 8, 12, 10], "rotation": 90, "texture": "#1"},
				"down": {"uv": [10, 8, 12, 10], "rotation": 270, "texture": "#1"}
			}
		},
		{
			"from": [3.00177, 15.75, 5.39823],
			"to": [4.00177, 16.75, 6.39823],
			"shade": false,
			"rotation": {"angle": 0, "axis": "y", "origin": [7.75177, 8, 12]},
			"faces": {
				"north": {"uv": [8, 6, 10, 8], "texture": "#1"},
				"east": {"uv": [8, 6, 10, 8], "texture": "#1"},
				"south": {"uv": [8, 6, 10, 8], "texture": "#1"},
				"west": {"uv": [8, 6, 10, 8], "texture": "#1"},
				"up": {"uv": [8, 6, 10, 8], "rotation": 90, "texture": "#1"},
				"down": {"uv": [8, 6, 10, 8], "rotation": 270, "texture": "#1"}
			}
		},
		{
			"from": [4.25177, 17, 6.64823],
			"to": [2.75177, 15.5, 5.14823],
			"shade": false,
			"rotation": {"angle": 0, "axis": "y", "origin": [7.75177, 8, 12]},
			"faces": {
				"north": {"uv": [10, 6, 12, 8], "texture": "#1"},
				"east": {"uv": [10, 6, 12, 8], "texture": "#1"},
				"south": {"uv": [10, 6, 12, 8], "texture": "#1"},
				"west": {"uv": [10, 6, 12, 8], "texture": "#1"},
				"up": {"uv": [10, 6, 12, 8], "rotation": 90, "texture": "#1"},
				"down": {"uv": [10, 6, 12, 8], "rotation": 270, "texture": "#1"}
			}
		},
		{
			"from": [3.05177, 16.3, 5.44823],
			"to": [3.95177, 17.2, 6.34823],
			"shade": false,
			"rotation": {"angle": 0, "axis": "y", "origin": [7.75177, 8, 12]},
			"faces": {
				"north": {"uv": [8, 4, 10, 6], "texture": "#1"},
				"east": {"uv": [8, 4, 10, 6], "texture": "#1"},
				"south": {"uv": [8, 4, 10, 6], "texture": "#1"},
				"west": {"uv": [8, 4, 10, 6], "texture": "#1"},
				"up": {"uv": [8, 4, 10, 6], "rotation": 90, "texture": "#1"},
				"down": {"uv": [8, 4, 10, 6], "rotation": 270, "texture": "#1"}
			}
		},
		{
			"from": [4.25177, 17.5, 6.64823],
			"to": [2.75177, 16, 5.14823],
			"shade": false,
			"rotation": {"angle": 0, "axis": "y", "origin": [7.75177, 8, 12]},
			"faces": {
				"north": {"uv": [10, 4, 12, 6], "texture": "#1"},
				"east": {"uv": [10, 4, 12, 6], "texture": "#1"},
				"south": {"uv": [10, 4, 12, 6], "texture": "#1"},
				"west": {"uv": [10, 4, 12, 6], "texture": "#1"},
				"up": {"uv": [10, 4, 12, 6], "rotation": 90, "texture": "#1"},
				"down": {"uv": [10, 4, 12, 6], "rotation": 270, "texture": "#1"}
			}
		},
		{
			"from": [3.10177, 16.85, 5.49823],
			"to": [3.90177, 17.65, 6.29823],
			"shade": false,
			"rotation": {"angle": 0, "axis": "y", "origin": [7.75177, 8, 12]},
			"faces": {
				"north": {"uv": [8, 2, 10, 4], "texture": "#1"},
				"east": {"uv": [8, 2, 10, 4], "texture": "#1"},
				"south": {"uv": [8, 2, 10, 4], "texture": "#1"},
				"west": {"uv": [8, 2, 10, 4], "texture": "#1"},
				"up": {"uv": [8, 2, 10, 4], "rotation": 90, "texture": "#1"},
				"down": {"uv": [8, 2, 10, 4], "rotation": 270, "texture": "#1"}
			}
		},
		{
			"from": [4.25177, 18, 6.64823],
			"to": [2.75177, 16.5, 5.14823],
			"shade": false,
			"rotation": {"angle": 0, "axis": "y", "origin": [7.75177, 8, 12]},
			"faces": {
				"north": {"uv": [10, 2, 12, 4], "texture": "#1"},
				"east": {"uv": [10, 2, 12, 4], "texture": "#1"},
				"south": {"uv": [10, 2, 12, 4], "texture": "#1"},
				"west": {"uv": [10, 2, 12, 4], "texture": "#1"},
				"up": {"uv": [10, 2, 12, 4], "rotation": 90, "texture": "#1"},
				"down": {"uv": [10, 2, 12, 4], "rotation": 270, "texture": "#1"}
			}
		}
	],
	"gui_light": "front",
	"display": {
		"thirdperson_righthand": {
			"rotation": [0, -168, 0],
			"translation": [0, 1.25, 1.75],
			"scale": [0.6, 0.6, 0.6]
		},
		"thirdperson_lefthand": {
			"rotation": [0, -168, 0],
			"translation": [0, 1.25, 1.75],
			"scale": [0.6, 0.6, 0.6]
		},
		"firstperson_righthand": {
			"rotation": [-2, -153, -2],
			"translation": [1.75, 3.25, -0.25],
			"scale": [0.54883, 0.54883, 0.54883]
		},
		"firstperson_lefthand": {
			"rotation": [-2, -153, -2],
			"translation": [1.75, 3.25, -0.25],
			"scale": [0.54883, 0.54883, 0.54883]
		},
		"ground": {
			"rotation": [94, 85, 0],
			"translation": [0, 0, -3.5],
			"scale": [0.5, 0.5, 0.5]
		},
		"gui": {
			"rotation": [90, -45, 90],
			"translation": [2, 0.25, 0],
			"scale": [0.49547, 0.49547, 0.49547]
		},
		"head": {
			"rotation": [90, 22, 90],
			"translation": [4, 15.5, 0.25],
			"scale": [0.7, 0.7, 0.7]
		},
		"fixed": {
			"rotation": [0, 90, 0],
			"translation": [-2, -4, -1.75],
			"scale": [1.42109, 1.42109, 1.42109]
		}
	},
	"groups": [
		0,
		1,
		2,
		3,
		4,
		5,
		6,
		7,
		8,
		9,
		10,
		11,
		12,
		13,
		14,
		15,
		16,
		17,
		18,
		19,
		{
			"name": "particles",
			"origin": [8, 8, 8],
			"color": 0,
			"boneType": "",
			"children": [
				{
					"name": "particles1",
					"origin": [0, 0, 0],
					"color": 0,
					"boneType": "",
					"children": [
						{
							"name": "particle1",
							"origin": [0, 0, 0],
							"color": 0,
							"boneType": "",
							"children": [20, 21]
						},
						{
							"name": "particle2",
							"origin": [0, 0, 0],
							"color": 0,
							"boneType": "",
							"children": [22, 23]
						},
						{
							"name": "particle3",
							"origin": [0, 0, 0],
							"color": 0,
							"boneType": "",
							"children": [24, 25]
						},
						{
							"name": "particle4",
							"origin": [0, 0, 0],
							"color": 0,
							"boneType": "",
							"children": [26, 27]
						},
						{
							"name": "particle5",
							"origin": [0, 0, 0],
							"color": 0,
							"boneType": "",
							"children": [28, 29]
						},
						{
							"name": "particle6",
							"origin": [0, 0, 0],
							"color": 0,
							"boneType": "",
							"children": [30, 31]
						},
						{
							"name": "particle7",
							"origin": [0, 0, 0],
							"color": 0,
							"boneType": "",
							"children": [32, 33]
						}
					]
				},
				{
					"name": "particles2",
					"origin": [0, 0, 0],
					"color": 0,
					"boneType": "",
					"children": [
						{
							"name": "particle1",
							"origin": [0, 0, 0],
							"color": 0,
							"boneType": "",
							"children": [34, 35]
						},
						{
							"name": "particle2",
							"origin": [0, 0, 0],
							"color": 0,
							"boneType": "",
							"children": [36, 37]
						},
						{
							"name": "particle3",
							"origin": [0, 0, 0],
							"color": 0,
							"boneType": "",
							"children": [38, 39]
						},
						{
							"name": "particle4",
							"origin": [0, 0, 0],
							"color": 0,
							"boneType": "",
							"children": [40, 41]
						},
						{
							"name": "particle5",
							"origin": [0, 0, 0],
							"color": 0,
							"boneType": "",
							"children": [42, 43]
						},
						{
							"name": "particle6",
							"origin": [0, 0, 0],
							"color": 0,
							"boneType": "",
							"children": [44, 45]
						},
						{
							"name": "particle7",
							"origin": [0, 0, 0],
							"color": 0,
							"boneType": "",
							"children": [46, 47]
						}
					]
				},
				{
					"name": "particles3",
					"origin": [0, 0, 0],
					"color": 0,
					"boneType": "",
					"children": [
						{
							"name": "particle1",
							"origin": [0, 0, 0],
							"color": 0,
							"boneType": "",
							"children": [48, 49]
						},
						{
							"name": "particle2",
							"origin": [0, 0, 0],
							"color": 0,
							"boneType": "",
							"children": [50, 51]
						},
						{
							"name": "particle3",
							"origin": [0, 0, 0],
							"color": 0,
							"boneType": "",
							"children": [52, 53]
						},
						{
							"name": "particle4",
							"origin": [0, 0, 0],
							"color": 0,
							"boneType": "",
							"children": [54, 55]
						},
						{
							"name": "particle5",
							"origin": [0, 0, 0],
							"color": 0,
							"boneType": "",
							"children": [56, 57]
						},
						{
							"name": "particle6",
							"origin": [0, 0, 0],
							"color": 0,
							"boneType": "",
							"children": [58, 59]
						},
						{
							"name": "particle7",
							"origin": [0, 0, 0],
							"color": 0,
							"boneType": "",
							"children": [60, 61]
						}
					]
				},
				{
					"name": "particles4",
					"origin": [0, 0, 0],
					"color": 0,
					"boneType": "",
					"children": [
						{
							"name": "particle1",
							"origin": [0, 0, 0],
							"color": 0,
							"boneType": "",
							"children": [62, 63]
						},
						{
							"name": "particle2",
							"origin": [0, 0, 0],
							"color": 0,
							"boneType": "",
							"children": [64, 65]
						},
						{
							"name": "particle3",
							"origin": [0, 0, 0],
							"color": 0,
							"boneType": "",
							"children": [66, 67]
						},
						{
							"name": "particle4",
							"origin": [0, 0, 0],
							"color": 0,
							"boneType": "",
							"children": [68, 69]
						},
						{
							"name": "particle5",
							"origin": [0, 0, 0],
							"color": 0,
							"boneType": "",
							"children": [70, 71]
						},
						{
							"name": "particle6",
							"origin": [0, 0, 0],
							"color": 0,
							"boneType": "",
							"children": [72, 73]
						},
						{
							"name": "particle7",
							"origin": [0, 0, 0],
							"color": 0,
							"boneType": "",
							"children": [74, 75]
						}
					]
				}
			]
		}
	]
}