{
	"credit": "by w11shes",
	"textures": {
		"0": "elitecreatures:necromancer_assortment/halloween_chest",
		"1": "elitecreatures:necromancer_assortment/hallowen_fire",
		"2": "elitecreatures:necromancer_assortment/halloween_particle",
		"particle": "elitecreatures:necromancer_assortment/halloween_chest"
	},
	"elements": [
		{
			"from": [4.25, -4.15, -4.65],
			"to": [5.05, -3.35, -3.85],
			"shade": false,
			"rotation": {"angle": 0, "axis": "x", "origin": [8, -4, 15]},
			"faces": {
				"north": {"uv": [0, 14, 2, 16], "texture": "#2"},
				"east": {"uv": [0, 14, 2, 16], "texture": "#2"},
				"south": {"uv": [0, 14, 2, 16], "texture": "#2"},
				"west": {"uv": [0, 14, 2, 16], "texture": "#2"},
				"up": {"uv": [0, 14, 2, 16], "texture": "#2"},
				"down": {"uv": [0, 14, 2, 16], "texture": "#2"}
			}
		},
		{
			"from": [5.4, -3, -3.5],
			"to": [3.9, -4.5, -5],
			"shade": false,
			"rotation": {"angle": 0, "axis": "x", "origin": [8, -4, 15]},
			"faces": {
				"north": {"uv": [2, 14, 4, 16], "texture": "#2"},
				"east": {"uv": [2, 14, 4, 16], "texture": "#2"},
				"south": {"uv": [2, 14, 4, 16], "texture": "#2"},
				"west": {"uv": [2, 14, 4, 16], "texture": "#2"},
				"up": {"uv": [2, 14, 4, 16], "texture": "#2"},
				"down": {"uv": [2, 14, 4, 16], "texture": "#2"}
			}
		},
		{
			"from": [4.2, -3.7, -4.7],
			"to": [5.1, -2.8, -3.8],
			"shade": false,
			"rotation": {"angle": 0, "axis": "x", "origin": [8, -4, 15]},
			"faces": {
				"north": {"uv": [0, 12, 2, 14], "texture": "#2"},
				"east": {"uv": [0, 12, 2, 14], "texture": "#2"},
				"south": {"uv": [0, 12, 2, 14], "texture": "#2"},
				"west": {"uv": [0, 12, 2, 14], "texture": "#2"},
				"up": {"uv": [0, 12, 2, 14], "texture": "#2"},
				"down": {"uv": [0, 12, 2, 14], "texture": "#2"}
			}
		},
		{
			"from": [5.4, -2.5, -3.5],
			"to": [3.9, -4, -5],
			"shade": false,
			"rotation": {"angle": 0, "axis": "x", "origin": [8, -4, 15]},
			"faces": {
				"north": {"uv": [2, 12, 4, 14], "texture": "#2"},
				"east": {"uv": [2, 12, 4, 14], "texture": "#2"},
				"south": {"uv": [2, 12, 4, 14], "texture": "#2"},
				"west": {"uv": [2, 12, 4, 14], "texture": "#2"},
				"up": {"uv": [2, 12, 4, 14], "texture": "#2"},
				"down": {"uv": [2, 12, 4, 14], "texture": "#2"}
			}
		},
		{
			"from": [4.15, -3.25, -4.75],
			"to": [5.15, -2.25, -3.75],
			"shade": false,
			"rotation": {"angle": 0, "axis": "x", "origin": [8, -4, 15]},
			"faces": {
				"north": {"uv": [0, 10, 2, 12], "texture": "#2"},
				"east": {"uv": [0, 10, 2, 12], "texture": "#2"},
				"south": {"uv": [0, 10, 2, 12], "texture": "#2"},
				"west": {"uv": [0, 10, 2, 12], "texture": "#2"},
				"up": {"uv": [0, 10, 2, 12], "texture": "#2"},
				"down": {"uv": [0, 10, 2, 12], "texture": "#2"}
			}
		},
		{
			"from": [5.4, -2, -3.5],
			"to": [3.9, -3.5, -5],
			"shade": false,
			"rotation": {"angle": 0, "axis": "x", "origin": [8, -4, 15]},
			"faces": {
				"north": {"uv": [2, 10, 4, 12], "texture": "#2"},
				"east": {"uv": [2, 10, 4, 12], "texture": "#2"},
				"south": {"uv": [2, 10, 4, 12], "texture": "#2"},
				"west": {"uv": [2, 10, 4, 12], "texture": "#2"},
				"up": {"uv": [2, 10, 4, 12], "texture": "#2"},
				"down": {"uv": [2, 10, 4, 12], "texture": "#2"}
			}
		},
		{
			"from": [4.15, -2.75, -4.75],
			"to": [5.15, -1.75, -3.75],
			"shade": false,
			"rotation": {"angle": 0, "axis": "x", "origin": [8, -4, 15]},
			"faces": {
				"north": {"uv": [0, 8, 2, 10], "texture": "#2"},
				"east": {"uv": [0, 8, 2, 10], "texture": "#2"},
				"south": {"uv": [0, 8, 2, 10], "texture": "#2"},
				"west": {"uv": [0, 8, 2, 10], "texture": "#2"},
				"up": {"uv": [0, 8, 2, 10], "texture": "#2"},
				"down": {"uv": [0, 8, 2, 10], "texture": "#2"}
			}
		},
		{
			"from": [5.4, -1.5, -3.5],
			"to": [3.9, -3, -5],
			"shade": false,
			"rotation": {"angle": 0, "axis": "x", "origin": [8, -4, 15]},
			"faces": {
				"north": {"uv": [2, 8, 4, 10], "texture": "#2"},
				"east": {"uv": [2, 8, 4, 10], "texture": "#2"},
				"south": {"uv": [2, 8, 4, 10], "texture": "#2"},
				"west": {"uv": [2, 8, 4, 10], "texture": "#2"},
				"up": {"uv": [2, 8, 4, 10], "texture": "#2"},
				"down": {"uv": [2, 8, 4, 10], "texture": "#2"}
			}
		},
		{
			"from": [4.15, -2.25, -4.75],
			"to": [5.15, -1.25, -3.75],
			"shade": false,
			"rotation": {"angle": 0, "axis": "x", "origin": [8, -4, 15]},
			"faces": {
				"north": {"uv": [0, 6, 2, 8], "texture": "#2"},
				"east": {"uv": [0, 6, 2, 8], "texture": "#2"},
				"south": {"uv": [0, 6, 2, 8], "texture": "#2"},
				"west": {"uv": [0, 6, 2, 8], "texture": "#2"},
				"up": {"uv": [0, 6, 2, 8], "texture": "#2"},
				"down": {"uv": [0, 6, 2, 8], "texture": "#2"}
			}
		},
		{
			"from": [5.4, -1, -3.5],
			"to": [3.9, -2.5, -5],
			"shade": false,
			"rotation": {"angle": 0, "axis": "x", "origin": [8, -4, 15]},
			"faces": {
				"north": {"uv": [2, 6, 4, 8], "texture": "#2"},
				"east": {"uv": [2, 6, 4, 8], "texture": "#2"},
				"south": {"uv": [2, 6, 4, 8], "texture": "#2"},
				"west": {"uv": [2, 6, 4, 8], "texture": "#2"},
				"up": {"uv": [2, 6, 4, 8], "texture": "#2"},
				"down": {"uv": [2, 6, 4, 8], "texture": "#2"}
			}
		},
		{
			"from": [4.2, -1.7, -4.7],
			"to": [5.1, -0.8, -3.8],
			"shade": false,
			"rotation": {"angle": 0, "axis": "x", "origin": [8, -4, 15]},
			"faces": {
				"north": {"uv": [0, 4, 2, 6], "texture": "#2"},
				"east": {"uv": [0, 4, 2, 6], "texture": "#2"},
				"south": {"uv": [0, 4, 2, 6], "texture": "#2"},
				"west": {"uv": [0, 4, 2, 6], "texture": "#2"},
				"up": {"uv": [0, 4, 2, 6], "texture": "#2"},
				"down": {"uv": [0, 4, 2, 6], "texture": "#2"}
			}
		},
		{
			"from": [5.4, -0.5, -3.5],
			"to": [3.9, -2, -5],
			"shade": false,
			"rotation": {"angle": 0, "axis": "x", "origin": [8, -4, 15]},
			"faces": {
				"north": {"uv": [2, 4, 4, 6], "texture": "#2"},
				"east": {"uv": [2, 4, 4, 6], "texture": "#2"},
				"south": {"uv": [2, 4, 4, 6], "texture": "#2"},
				"west": {"uv": [2, 4, 4, 6], "texture": "#2"},
				"up": {"uv": [2, 4, 4, 6], "texture": "#2"},
				"down": {"uv": [2, 4, 4, 6], "texture": "#2"}
			}
		},
		{
			"from": [4.25, -0.65, -4.65],
			"to": [5.05, 0.15, -3.85],
			"shade": false,
			"rotation": {"angle": 0, "axis": "x", "origin": [8, -4, 15]},
			"faces": {
				"north": {"uv": [0, 2, 2, 4], "texture": "#2"},
				"east": {"uv": [0, 2, 2, 4], "texture": "#2"},
				"south": {"uv": [0, 2, 2, 4], "texture": "#2"},
				"west": {"uv": [0, 2, 2, 4], "texture": "#2"},
				"up": {"uv": [0, 2, 2, 4], "texture": "#2"},
				"down": {"uv": [0, 2, 2, 4], "texture": "#2"}
			}
		},
		{
			"from": [5.4, 0.5, -3.5],
			"to": [3.9, -1, -5],
			"shade": false,
			"rotation": {"angle": 0, "axis": "x", "origin": [8, -4, 15]},
			"faces": {
				"north": {"uv": [2, 2, 4, 4], "texture": "#2"},
				"east": {"uv": [2, 2, 4, 4], "texture": "#2"},
				"south": {"uv": [2, 2, 4, 4], "texture": "#2"},
				"west": {"uv": [2, 2, 4, 4], "texture": "#2"},
				"up": {"uv": [2, 2, 4, 4], "texture": "#2"},
				"down": {"uv": [2, 2, 4, 4], "texture": "#2"}
			}
		},
		{
			"from": [10.95, -4.15, -4.65],
			"to": [11.75, -3.35, -3.85],
			"shade": false,
			"rotation": {"angle": 0, "axis": "x", "origin": [8, -4, 15]},
			"faces": {
				"north": {"uv": [4, 14, 6, 16], "texture": "#2"},
				"east": {"uv": [4, 14, 6, 16], "texture": "#2"},
				"south": {"uv": [4, 14, 6, 16], "texture": "#2"},
				"west": {"uv": [4, 14, 6, 16], "texture": "#2"},
				"up": {"uv": [4, 14, 6, 16], "texture": "#2"},
				"down": {"uv": [4, 14, 6, 16], "texture": "#2"}
			}
		},
		{
			"from": [12.1, -3, -3.5],
			"to": [10.6, -4.5, -5],
			"shade": false,
			"rotation": {"angle": 0, "axis": "x", "origin": [8, -4, 15]},
			"faces": {
				"north": {"uv": [6, 14, 8, 16], "texture": "#2"},
				"east": {"uv": [6, 14, 8, 16], "texture": "#2"},
				"south": {"uv": [6, 14, 8, 16], "texture": "#2"},
				"west": {"uv": [6, 14, 8, 16], "texture": "#2"},
				"up": {"uv": [6, 14, 8, 16], "texture": "#2"},
				"down": {"uv": [6, 14, 8, 16], "texture": "#2"}
			}
		},
		{
			"from": [10.9, -3.7, -4.7],
			"to": [11.8, -2.8, -3.8],
			"shade": false,
			"rotation": {"angle": 0, "axis": "x", "origin": [8, -4, 15]},
			"faces": {
				"north": {"uv": [4, 12, 6, 14], "texture": "#2"},
				"east": {"uv": [4, 12, 6, 14], "texture": "#2"},
				"south": {"uv": [4, 12, 6, 14], "texture": "#2"},
				"west": {"uv": [4, 12, 6, 14], "texture": "#2"},
				"up": {"uv": [4, 12, 6, 14], "texture": "#2"},
				"down": {"uv": [4, 12, 6, 14], "texture": "#2"}
			}
		},
		{
			"from": [12.1, -2.5, -3.5],
			"to": [10.6, -4, -5],
			"shade": false,
			"rotation": {"angle": 0, "axis": "x", "origin": [8, -4, 15]},
			"faces": {
				"north": {"uv": [6, 12, 8, 14], "texture": "#2"},
				"east": {"uv": [6, 12, 8, 14], "texture": "#2"},
				"south": {"uv": [6, 12, 8, 14], "texture": "#2"},
				"west": {"uv": [6, 12, 8, 14], "texture": "#2"},
				"up": {"uv": [6, 12, 8, 14], "texture": "#2"},
				"down": {"uv": [6, 12, 8, 14], "texture": "#2"}
			}
		},
		{
			"from": [10.85, -2.75, -4.75],
			"to": [11.85, -1.75, -3.75],
			"shade": false,
			"rotation": {"angle": 0, "axis": "x", "origin": [8, -4, 15]},
			"faces": {
				"north": {"uv": [4, 10, 6, 12], "texture": "#2"},
				"east": {"uv": [4, 10, 6, 12], "texture": "#2"},
				"south": {"uv": [4, 10, 6, 12], "texture": "#2"},
				"west": {"uv": [4, 10, 6, 12], "texture": "#2"},
				"up": {"uv": [4, 10, 6, 12], "texture": "#2"},
				"down": {"uv": [4, 10, 6, 12], "texture": "#2"}
			}
		},
		{
			"from": [12.1, -1.5, -3.5],
			"to": [10.6, -3, -5],
			"shade": false,
			"rotation": {"angle": 0, "axis": "x", "origin": [8, -4, 15]},
			"faces": {
				"north": {"uv": [6, 10, 8, 12], "texture": "#2"},
				"east": {"uv": [6, 10, 8, 12], "texture": "#2"},
				"south": {"uv": [6, 10, 8, 12], "texture": "#2"},
				"west": {"uv": [6, 10, 8, 12], "texture": "#2"},
				"up": {"uv": [6, 10, 8, 12], "texture": "#2"},
				"down": {"uv": [6, 10, 8, 12], "texture": "#2"}
			}
		},
		{
			"from": [10.85, -2.25, -4.75],
			"to": [11.85, -1.25, -3.75],
			"shade": false,
			"rotation": {"angle": 0, "axis": "x", "origin": [8, -4, 15]},
			"faces": {
				"north": {"uv": [4, 8, 6, 10], "texture": "#2"},
				"east": {"uv": [4, 8, 6, 10], "texture": "#2"},
				"south": {"uv": [4, 8, 6, 10], "texture": "#2"},
				"west": {"uv": [4, 8, 6, 10], "texture": "#2"},
				"up": {"uv": [4, 8, 6, 10], "texture": "#2"},
				"down": {"uv": [4, 8, 6, 10], "texture": "#2"}
			}
		},
		{
			"from": [12.1, -1, -3.5],
			"to": [10.6, -2.5, -5],
			"shade": false,
			"rotation": {"angle": 0, "axis": "x", "origin": [8, -4, 15]},
			"faces": {
				"north": {"uv": [6, 8, 8, 10], "texture": "#2"},
				"east": {"uv": [6, 8, 8, 10], "texture": "#2"},
				"south": {"uv": [6, 8, 8, 10], "texture": "#2"},
				"west": {"uv": [6, 8, 8, 10], "texture": "#2"},
				"up": {"uv": [6, 8, 8, 10], "texture": "#2"},
				"down": {"uv": [6, 8, 8, 10], "texture": "#2"}
			}
		},
		{
			"from": [10.85, -1.75, -4.75],
			"to": [11.85, -0.75, -3.75],
			"shade": false,
			"rotation": {"angle": 0, "axis": "x", "origin": [8, -4, 15]},
			"faces": {
				"north": {"uv": [4, 6, 6, 8], "texture": "#2"},
				"east": {"uv": [4, 6, 6, 8], "texture": "#2"},
				"south": {"uv": [4, 6, 6, 8], "texture": "#2"},
				"west": {"uv": [4, 6, 6, 8], "texture": "#2"},
				"up": {"uv": [4, 6, 6, 8], "texture": "#2"},
				"down": {"uv": [4, 6, 6, 8], "texture": "#2"}
			}
		},
		{
			"from": [12.1, -0.5, -3.5],
			"to": [10.6, -2, -5],
			"shade": false,
			"rotation": {"angle": 0, "axis": "x", "origin": [8, -4, 15]},
			"faces": {
				"north": {"uv": [6, 6, 8, 8], "texture": "#2"},
				"east": {"uv": [6, 6, 8, 8], "texture": "#2"},
				"south": {"uv": [6, 6, 8, 8], "texture": "#2"},
				"west": {"uv": [6, 6, 8, 8], "texture": "#2"},
				"up": {"uv": [6, 6, 8, 8], "texture": "#2"},
				"down": {"uv": [6, 6, 8, 8], "texture": "#2"}
			}
		},
		{
			"from": [10.9, -1.2, -4.7],
			"to": [11.8, -0.3, -3.8],
			"shade": false,
			"rotation": {"angle": 0, "axis": "x", "origin": [8, -4, 15]},
			"faces": {
				"north": {"uv": [4, 4, 6, 6], "texture": "#2"},
				"east": {"uv": [4, 4, 6, 6], "texture": "#2"},
				"south": {"uv": [4, 4, 6, 6], "texture": "#2"},
				"west": {"uv": [4, 4, 6, 6], "texture": "#2"},
				"up": {"uv": [4, 4, 6, 6], "texture": "#2"},
				"down": {"uv": [4, 4, 6, 6], "texture": "#2"}
			}
		},
		{
			"from": [12.1, 0, -3.5],
			"to": [10.6, -1.5, -5],
			"shade": false,
			"rotation": {"angle": 0, "axis": "x", "origin": [8, -4, 15]},
			"faces": {
				"north": {"uv": [6, 4, 8, 6], "texture": "#2"},
				"east": {"uv": [6, 4, 8, 6], "texture": "#2"},
				"south": {"uv": [6, 4, 8, 6], "texture": "#2"},
				"west": {"uv": [6, 4, 8, 6], "texture": "#2"},
				"up": {"uv": [6, 4, 8, 6], "texture": "#2"},
				"down": {"uv": [6, 4, 8, 6], "texture": "#2"}
			}
		},
		{
			"from": [10.95, -0.65, -4.65],
			"to": [11.75, 0.15, -3.85],
			"shade": false,
			"rotation": {"angle": 0, "axis": "x", "origin": [8, -4, 15]},
			"faces": {
				"north": {"uv": [4, 2, 6, 4], "texture": "#2"},
				"east": {"uv": [4, 2, 6, 4], "texture": "#2"},
				"south": {"uv": [4, 2, 6, 4], "texture": "#2"},
				"west": {"uv": [4, 2, 6, 4], "texture": "#2"},
				"up": {"uv": [4, 2, 6, 4], "texture": "#2"},
				"down": {"uv": [4, 2, 6, 4], "texture": "#2"}
			}
		},
		{
			"from": [12.1, 0.5, -3.5],
			"to": [10.6, -1, -5],
			"shade": false,
			"rotation": {"angle": 0, "axis": "x", "origin": [8, -4, 15]},
			"faces": {
				"north": {"uv": [6, 2, 8, 4], "texture": "#2"},
				"east": {"uv": [6, 2, 8, 4], "texture": "#2"},
				"south": {"uv": [6, 2, 8, 4], "texture": "#2"},
				"west": {"uv": [6, 2, 8, 4], "texture": "#2"},
				"up": {"uv": [6, 2, 8, 4], "texture": "#2"},
				"down": {"uv": [6, 2, 8, 4], "texture": "#2"}
			}
		},
		{
			"from": [23.97056, -5.02, 10.17157],
			"to": [29.97056, -1.02, 14.17157],
			"rotation": {"angle": 45, "axis": "y", "origin": [8, -4, 15]},
			"faces": {
				"north": {"uv": [1.5, 7.5, 2.25, 8], "texture": "#0"},
				"east": {"uv": [7, 7.75, 7.5, 8.25], "texture": "#0"},
				"south": {"uv": [2.25, 7.5, 3, 8], "texture": "#0"},
				"up": {"uv": [8.25, 5.375, 7.5, 4.875], "texture": "#0"},
				"down": {"uv": [8.25, 5.375, 7.5, 5.875], "texture": "#0"}
			}
		},
		{
			"from": [17, -1.04, -1],
			"to": [20, 3.96, 2],
			"rotation": {"angle": 0, "axis": "y", "origin": [8, -4, 15]},
			"faces": {
				"north": {"uv": [0.5, 7.875, 0.875, 8.5], "texture": "#0"},
				"east": {"uv": [0.875, 7.875, 1.25, 8.5], "texture": "#0"},
				"south": {"uv": [7.875, 1.75, 8.25, 2.375], "texture": "#0"},
				"west": {"uv": [5.25, 7.875, 5.625, 8.5], "texture": "#0"},
				"down": {"uv": [8.375, 0, 8, 0.375], "texture": "#0"}
			}
		},
		{
			"from": [16.98, -9.68514, -1.94228],
			"to": [20.02, 0.31486, 1.05772],
			"rotation": {"angle": 45, "axis": "x", "origin": [8, -4, 15]},
			"faces": {
				"north": {"uv": [4, 6.375, 4.375, 7.625], "texture": "#0"},
				"east": {"uv": [4.375, 6.375, 4.75, 7.625], "texture": "#0"},
				"south": {"uv": [4.75, 6.375, 5.125, 7.625], "texture": "#0"},
				"west": {"uv": [5.125, 6.375, 5.5, 7.625], "texture": "#0"}
			}
		},
		{
			"from": [-5, -5, -2],
			"to": [21, -2, 18],
			"rotation": {"angle": 0, "axis": "y", "origin": [8, -4, 15]},
			"faces": {
				"north": {"uv": [5.75, 2.625, 9, 3], "texture": "#0"},
				"east": {"uv": [0, 6.125, 2.5, 6.5], "texture": "#0"},
				"south": {"uv": [5.75, 3, 9, 3.375], "texture": "#0"},
				"west": {"uv": [0, 6.125, 2.5, 6.5], "texture": "#0"},
				"up": {"uv": [3.25, 2.5, 0, 0], "texture": "#0"},
				"down": {"uv": [3.25, 2.5, 0, 5], "texture": "#0"}
			}
		},
		{
			"from": [7.94454, 8.5, 0.0953],
			"to": [12.94454, 12.5, 5.0953],
			"rotation": {"angle": -45, "axis": "y", "origin": [8, -4, 15]},
			"faces": {
				"north": {"uv": [5.5, 7.375, 6.125, 7.875], "texture": "#0"},
				"east": {"uv": [7.5, 5.875, 8.125, 6.375], "texture": "#0"},
				"south": {"uv": [7.5, 6.375, 8.125, 6.875], "texture": "#0"},
				"west": {"uv": [3.875, 7.625, 4.5, 8.125], "texture": "#0"},
				"up": {"uv": [1.375, 7.375, 0.75, 6.75], "texture": "#0"},
				"down": {"uv": [2, 6.75, 1.375, 7.375], "texture": "#0"}
			}
		},
		{
			"from": [8.94454, 12.5, 1.0953],
			"to": [11.94454, 18, 4.0953],
			"rotation": {"angle": -45, "axis": "y", "origin": [8, -4, 15]},
			"faces": {
				"north": {"uv": [8.375, 0, 8.75, 0.75], "texture": "#0"},
				"east": {"uv": [8.375, 0, 8.75, 0.75], "texture": "#0"},
				"south": {"uv": [8.375, 0, 8.75, 0.75], "texture": "#0"},
				"west": {"uv": [8.375, 0, 8.75, 0.75], "texture": "#0"}
			}
		},
		{
			"from": [8.44454, 15, 0.5953],
			"to": [12.44454, 18.5, 4.5953],
			"rotation": {"angle": -45, "axis": "y", "origin": [8, -4, 15]},
			"faces": {
				"north": {"uv": [8.75, 0, 9.125, 0.375], "texture": "#0"},
				"east": {"uv": [8.75, 0, 9.125, 0.375], "texture": "#0"},
				"south": {"uv": [8.75, 0, 9.125, 0.375], "texture": "#0"},
				"west": {"uv": [8.75, 0, 9.125, 0.375], "texture": "#0"},
				"up": {"uv": [8.375, 0.75, 8, 0.375], "texture": "#0"}
			}
		},
		{
			"from": [10.48008, 8.4, 7.51992],
			"to": [15.48008, 13.4, 12.51992],
			"rotation": {"angle": 45, "axis": "y", "origin": [8, -4, 15]},
			"faces": {
				"north": {"uv": [2, 6.875, 2.625, 7.5], "texture": "#0"},
				"east": {"uv": [2.625, 6.875, 3.25, 7.5], "texture": "#0"},
				"south": {"uv": [6.875, 6.625, 7.5, 7.25], "texture": "#0"},
				"west": {"uv": [3.25, 7.125, 3.875, 7.75], "texture": "#0"},
				"up": {"uv": [7.875, 2.375, 7.25, 1.75], "texture": "#0"}
			}
		},
		{
			"from": [-3, -2, 0],
			"to": [19, 9, 16],
			"rotation": {"angle": 0, "axis": "y", "origin": [8, -4, 15]},
			"faces": {
				"north": {"uv": [3.25, 3.5, 6, 4.875], "texture": "#0"},
				"east": {"uv": [5.5, 4.875, 7.5, 6.25], "texture": "#0"},
				"south": {"uv": [0, 8.5, 2.75, 9.875], "texture": "#0"},
				"west": {"uv": [5.5, 4.875, 7.5, 6.25], "texture": "#0"}
			}
		},
		{
			"from": [-3, -8.94975, -1.26346],
			"to": [19, 0.05025, -1.26346],
			"rotation": {"angle": 45, "axis": "x", "origin": [8, -4, 15]},
			"faces": {
				"north": {"uv": [0, 5, 2.75, 6.125], "texture": "#0"}
			}
		},
		{
			"from": [5, 0.04926, -2.31444],
			"to": [11, 6.04926, 2.68556],
			"rotation": {"angle": -22.5, "axis": "x", "origin": [8, -4, 15]},
			"faces": {
				"north": {"uv": [2.5, 6.125, 3.25, 6.875], "texture": "#0"},
				"east": {"uv": [5.5, 6.625, 6.125, 7.375], "texture": "#0"},
				"south": {"uv": [3.25, 6.375, 4, 7.125], "texture": "#0"},
				"west": {"uv": [6.125, 6.625, 5.5, 7.375], "texture": "#0"},
				"up": {"uv": [6.875, 7.25, 6.125, 6.625], "texture": "#0"},
				"down": {"uv": [0.75, 6.75, 0, 7.375], "texture": "#0"}
			}
		},
		{
			"from": [11.75, 6.79926, 3.43556],
			"to": [4.25, -0.70074, -3.06444],
			"rotation": {"angle": -22.5, "axis": "x", "origin": [8, -4, 15]},
			"faces": {
				"east": {"uv": [9.125, 0, 9.5, 0.375], "texture": "#0"},
				"south": {"uv": [9.125, 0, 9.5, 0.375], "texture": "#0"},
				"west": {"uv": [9.125, 0, 9.5, 0.375], "texture": "#0"},
				"up": {"uv": [9.5, 0, 10.375, 0.625], "texture": "#0"},
				"down": {"uv": [9.125, 0, 9.5, 0.375], "texture": "#0"}
			}
		},
		{
			"from": [-1, 9, 6],
			"to": [17, 11, 10],
			"rotation": {"angle": 0, "axis": "y", "origin": [8, -4, 15]},
			"faces": {
				"north": {"uv": [6, 4.625, 8.25, 4.875], "texture": "#0"},
				"south": {"uv": [0, 6.5, 2.25, 6.75], "texture": "#0"},
				"up": {"uv": [8.25, 3.875, 6, 3.375], "texture": "#0"}
			}
		},
		{
			"from": [14.07107, -5.02, 5.92893],
			"to": [20.07107, -1.02, 9.92893],
			"rotation": {"angle": -45, "axis": "y", "origin": [8, -4, 15]},
			"faces": {
				"north": {"uv": [3, 7.5, 2.25, 8], "texture": "#0"},
				"east": {"uv": [7.5, 7.75, 7, 8.25], "texture": "#0"},
				"south": {"uv": [2.25, 7.5, 1.5, 8], "texture": "#0"},
				"up": {"uv": [8.25, 4.875, 7.5, 5.375], "texture": "#0"},
				"down": {"uv": [8.25, 5.875, 7.5, 5.375], "texture": "#0"}
			}
		},
		{
			"from": [17, -1.04, 14],
			"to": [20, 3.96, 17],
			"rotation": {"angle": 0, "axis": "y", "origin": [8, -4, 15]},
			"faces": {
				"north": {"uv": [8.25, 1.75, 7.875, 2.375], "texture": "#0"},
				"east": {"uv": [1.25, 7.875, 0.875, 8.5], "texture": "#0"},
				"south": {"uv": [0.875, 7.875, 0.5, 8.5], "texture": "#0"},
				"west": {"uv": [5.625, 7.875, 5.25, 8.5], "texture": "#0"},
				"down": {"uv": [8.375, 0.375, 8, 0], "texture": "#0"}
			}
		},
		{
			"from": [16.98, 0.21436, 19.04278],
			"to": [20.02, 10.21436, 22.04278],
			"rotation": {"angle": -45, "axis": "x", "origin": [8, -4, 15]},
			"faces": {
				"north": {"uv": [5.125, 6.375, 4.75, 7.625], "texture": "#0"},
				"east": {"uv": [4.75, 6.375, 4.375, 7.625], "texture": "#0"},
				"south": {"uv": [4.375, 6.375, 4, 7.625], "texture": "#0"},
				"west": {"uv": [5.5, 6.375, 5.125, 7.625], "texture": "#0"}
			}
		},
		{
			"from": [3.05546, 8.5, 0.0953],
			"to": [8.05546, 12.5, 5.0953],
			"rotation": {"angle": 45, "axis": "y", "origin": [8, -4, 15]},
			"faces": {
				"north": {"uv": [6.125, 7.375, 5.5, 7.875], "texture": "#0"},
				"east": {"uv": [4.5, 7.625, 3.875, 8.125], "texture": "#0"},
				"south": {"uv": [8.125, 6.375, 7.5, 6.875], "texture": "#0"},
				"west": {"uv": [8.125, 5.875, 7.5, 6.375], "texture": "#0"},
				"up": {"uv": [0.75, 7.375, 1.375, 6.75], "texture": "#0"},
				"down": {"uv": [1.375, 6.75, 2, 7.375], "texture": "#0"}
			}
		},
		{
			"from": [-4, -1.04, -1],
			"to": [-1, 3.96, 2],
			"rotation": {"angle": 0, "axis": "y", "origin": [8, -4, 15]},
			"faces": {
				"north": {"uv": [0.875, 7.875, 0.5, 8.5], "texture": "#0"},
				"east": {"uv": [5.625, 7.875, 5.25, 8.5], "texture": "#0"},
				"south": {"uv": [8.25, 1.75, 7.875, 2.375], "texture": "#0"},
				"west": {"uv": [1.25, 7.875, 0.875, 8.5], "texture": "#0"},
				"down": {"uv": [8, 0, 8.375, 0.375], "texture": "#0"}
			}
		},
		{
			"from": [-4.02, -9.68514, -1.94228],
			"to": [-0.98, 0.31486, 1.05772],
			"rotation": {"angle": 45, "axis": "x", "origin": [8, -4, 15]},
			"faces": {
				"north": {"uv": [4.375, 6.375, 4, 7.625], "texture": "#0"},
				"east": {"uv": [5.5, 6.375, 5.125, 7.625], "texture": "#0"},
				"south": {"uv": [5.125, 6.375, 4.75, 7.625], "texture": "#0"},
				"west": {"uv": [4.75, 6.375, 4.375, 7.625], "texture": "#0"}
			}
		},
		{
			"from": [-4.02, 0.21436, 19.04278],
			"to": [-0.98, 10.21436, 22.04278],
			"rotation": {"angle": -45, "axis": "x", "origin": [8, -4, 15]},
			"faces": {
				"north": {"uv": [4.75, 6.375, 5.125, 7.625], "texture": "#0"},
				"east": {"uv": [5.125, 6.375, 5.5, 7.625], "texture": "#0"},
				"south": {"uv": [4, 6.375, 4.375, 7.625], "texture": "#0"},
				"west": {"uv": [4.375, 6.375, 4.75, 7.625], "texture": "#0"}
			}
		},
		{
			"from": [-4, -1.04, 14],
			"to": [-1, 3.96, 17],
			"rotation": {"angle": 0, "axis": "y", "origin": [8, -4, 15]},
			"faces": {
				"north": {"uv": [7.875, 1.75, 8.25, 2.375], "texture": "#0"},
				"east": {"uv": [5.25, 7.875, 5.625, 8.5], "texture": "#0"},
				"south": {"uv": [0.5, 7.875, 0.875, 8.5], "texture": "#0"},
				"west": {"uv": [0.875, 7.875, 1.25, 8.5], "texture": "#0"},
				"down": {"uv": [8, 0.375, 8.375, 0], "texture": "#0"}
			}
		},
		{
			"from": [-3.75736, -5.02, 5.92893],
			"to": [2.24264, -1.02, 9.92893],
			"rotation": {"angle": 45, "axis": "y", "origin": [8, -4, 15]},
			"faces": {
				"north": {"uv": [2.25, 7.5, 3, 8], "texture": "#0"},
				"south": {"uv": [1.5, 7.5, 2.25, 8], "texture": "#0"},
				"west": {"uv": [7, 7.75, 7.5, 8.25], "texture": "#0"},
				"up": {"uv": [7.5, 4.875, 8.25, 5.375], "texture": "#0"},
				"down": {"uv": [7.5, 5.875, 8.25, 5.375], "texture": "#0"}
			}
		},
		{
			"from": [-14.24264, -5.02, 10.17157],
			"to": [-8.24264, -1.02, 14.17157],
			"rotation": {"angle": -45, "axis": "y", "origin": [8, -4, 15]},
			"faces": {
				"north": {"uv": [2.25, 7.5, 1.5, 8], "texture": "#0"},
				"south": {"uv": [3, 7.5, 2.25, 8], "texture": "#0"},
				"west": {"uv": [7.5, 7.75, 7, 8.25], "texture": "#0"},
				"up": {"uv": [7.5, 5.375, 8.25, 4.875], "texture": "#0"},
				"down": {"uv": [7.5, 5.375, 8.25, 5.875], "texture": "#0"}
			}
		},
		{
			"from": [-3, 0.94975, 21.36396],
			"to": [19, 9.94975, 21.36396],
			"rotation": {"angle": -45, "axis": "x", "origin": [8, -4, 15]},
			"faces": {
				"south": {"uv": [2.75, 5, 0, 6.125], "texture": "#0"}
			}
		},
		{
			"from": [6, -1.95074, -2.31444],
			"to": [10, 0.04926, 1.68556],
			"rotation": {"angle": -22.5, "axis": "x", "origin": [8, -4, 15]},
			"faces": {
				"north": {"uv": [7.25, 2.375, 7.75, 2.625], "texture": "#0"},
				"east": {"uv": [7.75, 2.375, 8.25, 2.625], "texture": "#0"},
				"south": {"uv": [8, 0.75, 8.5, 1], "texture": "#0"},
				"west": {"uv": [8.25, 2.375, 7.75, 2.625], "texture": "#0"},
				"down": {"uv": [0.5, 7.875, 0, 8.375], "texture": "#0"}
			}
		},
		{
			"from": [10.8, -0.69074, 2.53556],
			"to": [5.2, -2.75074, -3.06444],
			"rotation": {"angle": -22.5, "axis": "x", "origin": [8, -4, 15]},
			"faces": {
				"east": {"uv": [9.125, 0, 9.5, 0.375], "texture": "#0"},
				"south": {"uv": [8, 0.75, 8.5, 1], "texture": "#0"},
				"west": {"uv": [9.125, 0, 9.5, 0.375], "texture": "#0"},
				"up": {"uv": [9.125, 0, 9.5, 0.375], "texture": "#0"}
			}
		},
		{
			"from": [8.94454, 18.5, 2.5953],
			"to": [11.94454, 26.5, 2.6453],
			"rotation": {"angle": -45, "axis": "y", "origin": [8, -4, 15]},
			"faces": {
				"north": {"uv": [4, 0, 10, 16], "texture": "#1"},
				"south": {"uv": [4, 0, 10, 16], "texture": "#1"}
			}
		},
		{
			"from": [10.41954, 18.5, 1.1203],
			"to": [10.46954, 26.5, 4.1203],
			"rotation": {"angle": -45, "axis": "y", "origin": [8, -4, 15]},
			"faces": {
				"east": {"uv": [4, 0, 10, 16], "texture": "#1"},
				"west": {"uv": [4, 0, 10, 16], "texture": "#1"}
			}
		},
		{
			"from": [2.99492, 19.4, 8.54492],
			"to": [3.04492, 27.4, 11.54492],
			"rotation": {"angle": -45, "axis": "y", "origin": [8, -4, 15]},
			"faces": {
				"east": {"uv": [4, 0, 10, 16], "texture": "#1"},
				"west": {"uv": [4, 0, 10, 16], "texture": "#1"}
			}
		},
		{
			"from": [1.51992, 19.4, 10.01992],
			"to": [4.51992, 27.4, 10.06992],
			"rotation": {"angle": -45, "axis": "y", "origin": [8, -4, 15]},
			"faces": {
				"north": {"uv": [4, 0, 10, 16], "texture": "#1"},
				"south": {"uv": [4, 0, 10, 16], "texture": "#1"}
			}
		},
		{
			"from": [1.01992, 15.9, 8.01992],
			"to": [5.01992, 19.4, 12.01992],
			"rotation": {"angle": -45, "axis": "y", "origin": [8, -4, 15]},
			"faces": {
				"north": {"uv": [8.75, 0, 9.125, 0.375], "texture": "#0"},
				"east": {"uv": [8.75, 0, 9.125, 0.375], "texture": "#0"},
				"south": {"uv": [8.75, 0, 9.125, 0.375], "texture": "#0"},
				"west": {"uv": [8.75, 0, 9.125, 0.375], "texture": "#0"},
				"up": {"uv": [8.375, 0.75, 8, 0.375], "texture": "#0"}
			}
		},
		{
			"from": [1.51992, 13.4, 8.51992],
			"to": [4.51992, 18.9, 11.51992],
			"rotation": {"angle": -45, "axis": "y", "origin": [8, -4, 15]},
			"faces": {
				"north": {"uv": [8.375, 0, 8.75, 0.75], "texture": "#0"},
				"east": {"uv": [8.375, 0, 8.75, 0.75], "texture": "#0"},
				"south": {"uv": [8.375, 0, 8.75, 0.75], "texture": "#0"},
				"west": {"uv": [8.375, 0, 8.75, 0.75], "texture": "#0"}
			}
		},
		{
			"from": [-4.4297, 18.4, 15.96954],
			"to": [-4.3797, 26.4, 18.96954],
			"rotation": {"angle": -45, "axis": "y", "origin": [8, -4, 15]},
			"faces": {
				"east": {"uv": [4, 0, 10, 16], "texture": "#1"},
				"west": {"uv": [4, 0, 10, 16], "texture": "#1"}
			}
		},
		{
			"from": [-5.9047, 18.4, 17.44454],
			"to": [-2.9047, 26.4, 17.49454],
			"rotation": {"angle": -45, "axis": "y", "origin": [8, -4, 15]},
			"faces": {
				"north": {"uv": [4, 0, 10, 16], "texture": "#1"},
				"south": {"uv": [4, 0, 10, 16], "texture": "#1"}
			}
		},
		{
			"from": [-6.4047, 14.9, 15.44454],
			"to": [-2.4047, 18.4, 19.44454],
			"rotation": {"angle": -45, "axis": "y", "origin": [8, -4, 15]},
			"faces": {
				"north": {"uv": [8.75, 0, 9.125, 0.375], "texture": "#0"},
				"east": {"uv": [8.75, 0, 9.125, 0.375], "texture": "#0"},
				"south": {"uv": [8.75, 0, 9.125, 0.375], "texture": "#0"},
				"west": {"uv": [8.75, 0, 9.125, 0.375], "texture": "#0"},
				"up": {"uv": [8.375, 0.75, 8, 0.375], "texture": "#0"}
			}
		},
		{
			"from": [-5.9047, 12.4, 15.94454],
			"to": [-2.9047, 17.9, 18.94454],
			"rotation": {"angle": -45, "axis": "y", "origin": [8, -4, 15]},
			"faces": {
				"north": {"uv": [8.375, 0, 8.75, 0.75], "texture": "#0"},
				"east": {"uv": [8.375, 0, 8.75, 0.75], "texture": "#0"},
				"south": {"uv": [8.375, 0, 8.75, 0.75], "texture": "#0"},
				"west": {"uv": [8.375, 0, 8.75, 0.75], "texture": "#0"}
			}
		},
		{
			"from": [14, -15.02, -1],
			"to": [20, -11.02, 3],
			"rotation": {"angle": 45, "axis": "y", "origin": [18, 0, 1]},
			"faces": {
				"north": {"uv": [6.125, 7.25, 6.875, 7.75], "texture": "#0"},
				"east": {"uv": [6.5, 7.75, 7, 8.25], "texture": "#0"},
				"south": {"uv": [6.875, 7.25, 7.625, 7.75], "texture": "#0"},
				"up": {"uv": [0.75, 7.875, 0, 7.375], "texture": "#0"},
				"down": {"uv": [1.5, 7.375, 0.75, 7.875], "texture": "#0"}
			}
		},
		{
			"from": [-2, -14.97, 1],
			"to": [18, -11.97, 15],
			"faces": {
				"north": {"uv": [6, 3.875, 8.5, 4.25], "texture": "#0"},
				"east": {"uv": [5.5, 6.25, 7.25, 6.625], "texture": "#0"},
				"south": {"uv": [6, 4.25, 8.5, 4.625], "texture": "#0"},
				"west": {"uv": [5.5, 6.25, 7.25, 6.625], "texture": "#0"},
				"up": {"uv": [5.75, 1.75, 3.25, 0], "texture": "#0"},
				"down": {"uv": [5.75, 1.75, 3.25, 3.5], "texture": "#0"}
			}
		},
		{
			"from": [-1, -12, 2],
			"to": [17, -5, 14],
			"faces": {
				"north": {"uv": [5.75, 0, 8, 0.875], "texture": "#0"},
				"east": {"uv": [5.75, 1.75, 7.25, 2.625], "texture": "#0"},
				"south": {"uv": [5.75, 0.875, 8, 1.75], "texture": "#0"},
				"west": {"uv": [5.75, 1.75, 7.25, 2.625], "texture": "#0"},
				"up": {"uv": [5.5, 6.375, 3.25, 4.875], "texture": "#0"}
			}
		},
		{
			"from": [16, -11.02, 0],
			"to": [19, -5.02, 3],
			"rotation": {"angle": 0, "axis": "y", "origin": [0, 0.98, 0]},
			"faces": {
				"north": {"uv": [2.75, 5, 3.125, 5.75], "texture": "#0"},
				"east": {"uv": [4.5, 7.625, 4.875, 8.375], "texture": "#0"},
				"south": {"uv": [4.875, 7.625, 5.25, 8.375], "texture": "#0"},
				"west": {"uv": [7.625, 6.875, 8, 7.625], "texture": "#0"},
				"up": {"uv": [3.125, 6.125, 2.75, 5.75], "texture": "#0"},
				"down": {"uv": [6, 7.875, 5.625, 8.25], "texture": "#0"}
			}
		},
		{
			"from": [14, -15.02, 13],
			"to": [20, -11.02, 17],
			"rotation": {"angle": -45, "axis": "y", "origin": [18, 0, 15]},
			"faces": {
				"north": {"uv": [7.625, 7.25, 6.875, 7.75], "texture": "#0"},
				"east": {"uv": [7, 7.75, 6.5, 8.25], "texture": "#0"},
				"south": {"uv": [6.875, 7.25, 6.125, 7.75], "texture": "#0"},
				"up": {"uv": [0.75, 7.375, 0, 7.875], "texture": "#0"},
				"down": {"uv": [1.5, 7.875, 0.75, 7.375], "texture": "#0"}
			}
		},
		{
			"from": [16, -11.02, 13],
			"to": [19, -5.02, 16],
			"rotation": {"angle": 0, "axis": "y", "origin": [0, 0.98, 16]},
			"faces": {
				"north": {"uv": [5.25, 7.625, 4.875, 8.375], "texture": "#0"},
				"east": {"uv": [4.875, 7.625, 4.5, 8.375], "texture": "#0"},
				"south": {"uv": [3.125, 5, 2.75, 5.75], "texture": "#0"},
				"west": {"uv": [8, 6.875, 7.625, 7.625], "texture": "#0"},
				"up": {"uv": [3.125, 5.75, 2.75, 6.125], "texture": "#0"},
				"down": {"uv": [6, 8.25, 5.625, 7.875], "texture": "#0"}
			}
		},
		{
			"from": [-3, -11.02, 0],
			"to": [0, -5.02, 3],
			"rotation": {"angle": 0, "axis": "y", "origin": [16, 0.98, 0]},
			"faces": {
				"north": {"uv": [3.125, 5, 2.75, 5.75], "texture": "#0"},
				"east": {"uv": [8, 6.875, 7.625, 7.625], "texture": "#0"},
				"south": {"uv": [5.25, 7.625, 4.875, 8.375], "texture": "#0"},
				"west": {"uv": [4.875, 7.625, 4.5, 8.375], "texture": "#0"},
				"up": {"uv": [2.75, 6.125, 3.125, 5.75], "texture": "#0"},
				"down": {"uv": [5.625, 7.875, 6, 8.25], "texture": "#0"}
			}
		},
		{
			"from": [-3, -11.02, 13],
			"to": [0, -5.02, 16],
			"rotation": {"angle": 0, "axis": "y", "origin": [16, 0.98, 16]},
			"faces": {
				"north": {"uv": [4.875, 7.625, 5.25, 8.375], "texture": "#0"},
				"east": {"uv": [7.625, 6.875, 8, 7.625], "texture": "#0"},
				"south": {"uv": [2.75, 5, 3.125, 5.75], "texture": "#0"},
				"west": {"uv": [4.5, 7.625, 4.875, 8.375], "texture": "#0"},
				"up": {"uv": [2.75, 5.75, 3.125, 6.125], "texture": "#0"},
				"down": {"uv": [5.625, 8.25, 6, 7.875], "texture": "#0"}
			}
		},
		{
			"from": [-4, -15.02, -1],
			"to": [2, -11.02, 3],
			"rotation": {"angle": -45, "axis": "y", "origin": [-2, 0, 1]},
			"faces": {
				"north": {"uv": [6.875, 7.25, 6.125, 7.75], "texture": "#0"},
				"south": {"uv": [7.625, 7.25, 6.875, 7.75], "texture": "#0"},
				"west": {"uv": [7, 7.75, 6.5, 8.25], "texture": "#0"},
				"up": {"uv": [0, 7.875, 0.75, 7.375], "texture": "#0"},
				"down": {"uv": [0.75, 7.375, 1.5, 7.875], "texture": "#0"}
			}
		},
		{
			"from": [-4, -15.02, 13],
			"to": [2, -11.02, 17],
			"rotation": {"angle": 45, "axis": "y", "origin": [-2, 0.98, 15]},
			"faces": {
				"north": {"uv": [6.875, 7.25, 7.625, 7.75], "texture": "#0"},
				"south": {"uv": [6.125, 7.25, 6.875, 7.75], "texture": "#0"},
				"west": {"uv": [6.5, 7.75, 7, 8.25], "texture": "#0"},
				"up": {"uv": [0, 7.375, 0.75, 7.875], "texture": "#0"},
				"down": {"uv": [0.75, 7.875, 1.5, 7.375], "texture": "#0"}
			}
		}
	],
	"gui_light": "front",
	"display": {
		"thirdperson_righthand": {
			"rotation": [62, 0, 0],
			"translation": [0, 3, -0.75],
			"scale": [0.3, 0.3, 0.3]
		},
		"thirdperson_lefthand": {
			"rotation": [62, 0, 0],
			"translation": [0, 3, -0.75],
			"scale": [0.3, 0.3, 0.3]
		},
		"firstperson_righthand": {
			"rotation": [-10, 118, 6.37],
			"translation": [13, 3.75, -17],
			"scale": [0.67773, 0.67773, 0.67773]
		},
		"firstperson_lefthand": {
			"rotation": [-10, 118, 6.37],
			"translation": [13, 3.75, -17],
			"scale": [0.67773, 0.67773, 0.67773]
		},
		"ground": {
			"translation": [0, 3.75, 0],
			"scale": [0.26562, 0.26562, 0.26562]
		},
		"gui": {
			"rotation": [18, 160, 0],
			"translation": [0.25, 1.25, -2],
			"scale": [0.3582, 0.3582, 0.3582]
		},
		"head": {
			"translation": [0, -11.25, 0],
			"scale": [1.45, 1.45, 1.45]
		},
		"fixed": {
			"rotation": [-180, -90, -90],
			"translation": [-0.25, 0.25, -38.5],
			"scale": [1.6875, 1.6875, 1.6875]
		}
	},
	"groups": [
		{
			"name": "chest_top",
			"origin": [0, 4, 16],
			"color": 0,
			"boneType": "",
			"children": [
				{
					"name": "particles",
					"origin": [8, 8, 8],
					"color": 0,
					"boneType": "",
					"children": [
						{
							"name": "particles1",
							"origin": [0, 0, 0],
							"color": 0,
							"boneType": "",
							"children": [
								{
									"name": "particle1",
									"origin": [0, 0, 0],
									"color": 0,
									"boneType": "",
									"children": [0, 1]
								},
								{
									"name": "particle2",
									"origin": [0, 0, 0],
									"color": 0,
									"boneType": "",
									"children": [2, 3]
								},
								{
									"name": "particle3",
									"origin": [0, 0, 0],
									"color": 0,
									"boneType": "",
									"children": [4, 5]
								},
								{
									"name": "particle4",
									"origin": [0, 0, 0],
									"color": 0,
									"boneType": "",
									"children": [6, 7]
								},
								{
									"name": "particle5",
									"origin": [0, 0, 0],
									"color": 0,
									"boneType": "",
									"children": [8, 9]
								},
								{
									"name": "particle6",
									"origin": [0, 0, 0],
									"color": 0,
									"boneType": "",
									"children": [10, 11]
								},
								{
									"name": "particle7",
									"origin": [0, 0, 0],
									"color": 0,
									"boneType": "",
									"children": [12, 13]
								}
							]
						},
						{
							"name": "particles2",
							"origin": [0, 0, 0],
							"color": 0,
							"boneType": "",
							"children": [
								{
									"name": "particle1",
									"origin": [0, 0, 0],
									"color": 0,
									"boneType": "",
									"children": [14, 15]
								},
								{
									"name": "particle2",
									"origin": [0, 0, 0],
									"color": 0,
									"boneType": "",
									"children": [16, 17]
								},
								{
									"name": "particle3",
									"origin": [0, 0, 0],
									"color": 0,
									"boneType": "",
									"children": [18, 19]
								},
								{
									"name": "particle4",
									"origin": [0, 0, 0],
									"color": 0,
									"boneType": "",
									"children": [20, 21]
								},
								{
									"name": "particle5",
									"origin": [0, 0, 0],
									"color": 0,
									"boneType": "",
									"children": [22, 23]
								},
								{
									"name": "particle6",
									"origin": [0, 0, 0],
									"color": 0,
									"boneType": "",
									"children": [24, 25]
								},
								{
									"name": "particle7",
									"origin": [0, 0, 0],
									"color": 0,
									"boneType": "",
									"children": [26, 27]
								}
							]
						}
					]
				},
				28,
				29,
				30,
				31,
				32,
				33,
				34,
				35,
				36,
				37,
				38,
				39,
				40,
				41,
				42,
				43,
				44,
				45,
				46,
				47,
				48,
				49,
				50,
				51,
				52,
				53,
				54,
				55,
				56,
				57,
				58,
				59,
				60,
				61,
				62,
				63
			]
		},
		{
			"name": "chest_bottom",
			"origin": [0, -5.1, -0.85],
			"color": 0,
			"boneType": "",
			"children": [64, 65, 66, 67, 68, 69, 70, 71, 72, 73]
		}
	]
}