{
	"credit": "by w11shes",
	"textures": {
		"0": "elitecreatures:necromancer_assortment/halloween_fishing_rod",
		"1": "elitecreatures:necromancer_assortment/halloween_particle",
		"particle": "elitecreatures:necromancer_assortment/halloween_fishing_rod"
	},
	"elements": [
		{
			"from": [5.47857, -11.09663, 18.35921],
			"to": [9.47857, -7.09663, 22.35921],
			"rotation": {"angle": 45, "axis": "x", "origin": [7.47857, 4, 8]},
			"faces": {
				"north": {"uv": [8.5, 7.5, 10.5, 9.5], "texture": "#0"},
				"east": {"uv": [8.5, 7.5, 6.5, 9.5], "texture": "#0"},
				"south": {"uv": [9.5, 1.5, 11.5, 3.5], "texture": "#0"},
				"west": {"uv": [6.5, 7.5, 8.5, 9.5], "texture": "#0"},
				"up": {"uv": [11.5, 5.5, 9.5, 3.5], "rotation": 270, "texture": "#0"},
				"down": {"uv": [11.5, 5.5, 9.5, 7.5], "rotation": 90, "texture": "#0"}
			}
		},
		{
			"from": [5.10986, -12, 5.63129],
			"to": [9.10986, -10, 9.63129],
			"rotation": {"angle": -45, "axis": "y", "origin": [7.47857, 4, 8]},
			"faces": {
				"north": {"uv": [11.5, 11.5, 13.5, 12.5], "texture": "#0"},
				"east": {"uv": [11.5, 11.5, 13.5, 12.5], "texture": "#0"},
				"south": {"uv": [11.5, 11.5, 13.5, 12.5], "texture": "#0"},
				"west": {"uv": [11.5, 11.5, 13.5, 12.5], "texture": "#0"},
				"up": {"uv": [8.5, 11.5, 6.5, 9.5], "rotation": 270, "texture": "#0"},
				"down": {"uv": [10.5, 9.5, 8.5, 11.5], "rotation": 90, "texture": "#0"}
			}
		},
		{
			"from": [5.10986, 19, 5.63129],
			"to": [9.10986, 21, 9.63129],
			"rotation": {"angle": -45, "axis": "y", "origin": [7.47857, 4, 8]},
			"faces": {
				"north": {"uv": [11.5, 11.5, 13.5, 12.5], "texture": "#0"},
				"east": {"uv": [11.5, 11.5, 13.5, 12.5], "texture": "#0"},
				"south": {"uv": [11.5, 11.5, 13.5, 12.5], "texture": "#0"},
				"west": {"uv": [11.5, 11.5, 13.5, 12.5], "texture": "#0"},
				"up": {"uv": [8.5, 11.5, 6.5, 9.5], "rotation": 270, "texture": "#0"},
				"down": {"uv": [10.5, 9.5, 8.5, 11.5], "rotation": 90, "texture": "#0"}
			}
		},
		{
			"from": [5.10986, 5, 5.63129],
			"to": [9.10986, 7, 9.63129],
			"rotation": {"angle": -45, "axis": "y", "origin": [7.47857, 4, 8]},
			"faces": {
				"north": {"uv": [11.5, 11.5, 13.5, 12.5], "texture": "#0"},
				"east": {"uv": [11.5, 11.5, 13.5, 12.5], "texture": "#0"},
				"south": {"uv": [11.5, 11.5, 13.5, 12.5], "texture": "#0"},
				"west": {"uv": [11.5, 11.5, 13.5, 12.5], "texture": "#0"},
				"up": {"uv": [8.5, 11.5, 6.5, 9.5], "rotation": 270, "texture": "#0"},
				"down": {"uv": [10.5, 9.5, 8.5, 11.5], "rotation": 90, "texture": "#0"}
			}
		},
		{
			"from": [5.10986, 12, 5.63129],
			"to": [9.10986, 14, 9.63129],
			"rotation": {"angle": -45, "axis": "y", "origin": [7.47857, 4, 8]},
			"faces": {
				"north": {"uv": [11.5, 11.5, 13.5, 12.5], "texture": "#0"},
				"east": {"uv": [11.5, 11.5, 13.5, 12.5], "texture": "#0"},
				"south": {"uv": [11.5, 11.5, 13.5, 12.5], "texture": "#0"},
				"west": {"uv": [11.5, 11.5, 13.5, 12.5], "texture": "#0"},
				"up": {"uv": [8.5, 11.5, 6.5, 9.5], "rotation": 270, "texture": "#0"},
				"down": {"uv": [10.5, 9.5, 8.5, 11.5], "rotation": 90, "texture": "#0"}
			}
		},
		{
			"from": [6.47857, -10, 6.47857],
			"to": [8.47857, 19, 8.47857],
			"rotation": {"angle": 0, "axis": "y", "origin": [7.47857, 4, 8]},
			"faces": {
				"north": {"uv": [14.5, 1.5, 15.5, 16], "texture": "#0"},
				"east": {"uv": [4, 1.5, 3, 16], "texture": "#0"},
				"south": {"uv": [13.5, 1.5, 14.5, 16], "texture": "#0"},
				"west": {"uv": [3, 1.5, 4, 16], "texture": "#0"}
			}
		},
		{
			"from": [5.97857, -6.29333, 9.72749],
			"to": [8.97857, -2.29333, 13.72749],
			"rotation": {"angle": 45, "axis": "x", "origin": [7.47857, 4, 8]},
			"faces": {
				"north": {"uv": [11.5, 5.5, 13, 7.5], "texture": "#0"},
				"east": {"uv": [6, 10.5, 4, 12.5], "texture": "#0"},
				"south": {"uv": [6, 11.5, 7.5, 13.5], "texture": "#0"},
				"west": {"uv": [4, 10.5, 6, 12.5], "texture": "#0"},
				"up": {"uv": [9.5, 13, 7.5, 11.5], "rotation": 270, "texture": "#0"},
				"down": {"uv": [11.5, 11.5, 9.5, 13], "rotation": 90, "texture": "#0"}
			}
		},
		{
			"from": [4.47857, -1.39089, 9.18485],
			"to": [10.47857, 4.60911, 14.18485],
			"rotation": {"angle": 45, "axis": "x", "origin": [7.47857, 4, 8]},
			"faces": {
				"north": {"uv": [4, 1.5, 7, 4.5], "texture": "#0"},
				"east": {"uv": [9.5, 1.5, 7, 4.5], "texture": "#0"},
				"south": {"uv": [4, 4.5, 7, 7.5], "texture": "#0"},
				"west": {"uv": [7, 1.5, 9.5, 4.5], "texture": "#0"},
				"up": {"uv": [9.5, 7.5, 7, 4.5], "rotation": 270, "texture": "#0"},
				"down": {"uv": [6.5, 7.5, 4, 10.5], "rotation": 90, "texture": "#0"}
			}
		},
		{
			"from": [11.22857, 5.35911, 14.93485],
			"to": [3.72857, -2.14089, 8.43485],
			"rotation": {"angle": 45, "axis": "x", "origin": [7.47857, 4, 8]},
			"faces": {
				"north": {"uv": [14.5, 0, 16, 1.5], "texture": "#0"},
				"east": {"uv": [14.5, 0, 16, 1.5], "texture": "#0"},
				"south": {"uv": [14.5, 0, 16, 1.5], "texture": "#0"},
				"west": {"uv": [14.5, 0, 16, 1.5], "texture": "#0"},
				"up": {"uv": [14.5, 0, 16, 1.5], "rotation": 270, "texture": "#0"},
				"down": {"uv": [14.5, 0, 16, 1.5], "rotation": 90, "texture": "#0"}
			}
		},
		{
			"from": [5.47857, 0.60911, 8.18485],
			"to": [9.47857, 4.60911, 9.18485],
			"rotation": {"angle": 45, "axis": "x", "origin": [7.47857, 4, 8]},
			"faces": {
				"north": {"uv": [10.5, 7.5, 12.5, 9.5], "texture": "#0"},
				"east": {"uv": [4, 12.5, 4.5, 14.5], "texture": "#0"},
				"west": {"uv": [4, 12.5, 4.5, 14.5], "texture": "#0"},
				"up": {"uv": [5, 14.5, 4.5, 12.5], "rotation": 270, "texture": "#0"}
			}
		},
		{
			"from": [5.44857, 0.5, 4.47857],
			"to": [9.49857, 4.5, 6.47857],
			"rotation": {"angle": 0, "axis": "y", "origin": [7.47857, 4, 8]},
			"faces": {
				"north": {"uv": [11.5, 1.5, 13.5, 3.5], "texture": "#0"},
				"east": {"uv": [0, 12, 1, 14], "texture": "#0"},
				"south": {"uv": [11.5, 3.5, 13.5, 5.5], "texture": "#0"},
				"west": {"uv": [1, 12, 0, 14], "texture": "#0"},
				"up": {"uv": [2, 14, 1, 12], "rotation": 270, "texture": "#0"},
				"down": {"uv": [3, 12, 2, 14], "rotation": 90, "texture": "#0"}
			}
		},
		{
			"from": [9.94857, 4.98, 6.97857],
			"to": [4.94857, -0.02, 3.97857],
			"rotation": {"angle": 0, "axis": "y", "origin": [7.47857, 4, 8]},
			"faces": {
				"north": {"uv": [14.5, 0, 16, 1.5], "texture": "#0"},
				"east": {"uv": [14.5, 0, 16, 1.5], "texture": "#0"},
				"south": {"uv": [14.5, 0, 16, 1.5], "texture": "#0"},
				"west": {"uv": [14.5, 0, 16, 1.5], "texture": "#0"},
				"up": {"uv": [14.5, 0, 16, 1.5], "rotation": 270, "texture": "#0"},
				"down": {"uv": [14.5, 0, 16, 1.5], "rotation": 90, "texture": "#0"}
			}
		},
		{
			"from": [7.47857, -4, 1.67857],
			"to": [7.52857, 20, 7.67857],
			"rotation": {"angle": 0, "axis": "y", "origin": [7.47857, 4, 8]},
			"faces": {
				"east": {"uv": [3, 0, 0, 12], "texture": "#0"},
				"west": {"uv": [0, 0, 3, 12], "texture": "#0"}
			}
		},
		{
			"from": [7.47857, 1.81863, -2.65191],
			"to": [7.52857, 17.81863, 0.34809],
			"rotation": {"angle": 22.5, "axis": "x", "origin": [7.47857, 4, 8]},
			"faces": {
				"east": {"uv": [12, 0, 4, 1.5], "rotation": 90, "texture": "#0"},
				"west": {"uv": [4, 0, 12, 1.5], "rotation": 270, "texture": "#0"}
			}
		},
		{
			"from": [6.47857, 21, 6.47857],
			"to": [8.47857, 23, 8.47857],
			"rotation": {"angle": 0, "axis": "y", "origin": [7.47857, 4, 8]},
			"faces": {
				"north": {"uv": [3, 0, 4, 1], "texture": "#0"},
				"east": {"uv": [11.5, 9.5, 10.5, 10.5], "texture": "#0"},
				"south": {"uv": [13, 0, 14, 1], "texture": "#0"},
				"west": {"uv": [10.5, 9.5, 11.5, 10.5], "texture": "#0"},
				"up": {"uv": [12, 0, 13, 1], "rotation": 270, "texture": "#0"}
			}
		},
		{
			"from": [5.97857, 13.43932, 4.49657],
			"to": [8.97857, 16.43932, 7.49657],
			"rotation": {"angle": -22.5, "axis": "x", "origin": [7.47857, 4, 8]},
			"faces": {
				"north": {"uv": [0, 14, 1.5, 15.5], "rotation": 90, "texture": "#0"},
				"east": {"uv": [11.5, 11, 13, 9.5], "texture": "#0"},
				"south": {"uv": [3, 14, 1.5, 15.5], "rotation": 270, "texture": "#0"},
				"west": {"uv": [11.5, 9.5, 13, 11], "rotation": 180, "texture": "#0"},
				"up": {"uv": [1.5, 14, 3, 15.5], "rotation": 270, "texture": "#0"},
				"down": {"uv": [1.5, 14, 0, 15.5], "rotation": 270, "texture": "#0"}
			}
		},
		{
			"from": [9.47857, 16.93932, 7.99657],
			"to": [5.47857, 12.93932, 3.99657],
			"rotation": {"angle": -22.5, "axis": "x", "origin": [7.47857, 4, 8]},
			"faces": {
				"north": {"uv": [16, 0, 14.5, 1.5], "rotation": 90, "texture": "#0"},
				"east": {"uv": [16, 0, 14.5, 1.5], "texture": "#0"},
				"south": {"uv": [16, 0, 14.5, 1.5], "rotation": 270, "texture": "#0"},
				"west": {"uv": [16, 0, 14.5, 1.5], "rotation": 180, "texture": "#0"},
				"up": {"uv": [16, 0, 14.5, 1.5], "rotation": 270, "texture": "#0"},
				"down": {"uv": [16, 0, 14.5, 1.5], "rotation": 270, "texture": "#0"}
			}
		},
		{
			"from": [3.32857, 1.95, 10.32857],
			"to": [4.12857, 2.75, 11.12857],
			"shade": false,
			"rotation": {"angle": 0, "axis": "y", "origin": [7.47857, 4, 8]},
			"faces": {
				"north": {"uv": [4, 14, 6, 16], "rotation": 270, "texture": "#1"},
				"east": {"uv": [4, 14, 6, 16], "rotation": 270, "texture": "#1"},
				"south": {"uv": [4, 14, 6, 16], "rotation": 270, "texture": "#1"},
				"west": {"uv": [4, 14, 6, 16], "rotation": 90, "texture": "#1"},
				"up": {"uv": [4, 14, 6, 16], "rotation": 180, "texture": "#1"},
				"down": {"uv": [4, 14, 6, 16], "texture": "#1"}
			}
		},
		{
			"from": [4.47857, 3.1, 11.47857],
			"to": [2.97857, 1.6, 9.97857],
			"shade": false,
			"rotation": {"angle": 0, "axis": "y", "origin": [7.47857, 4, 8]},
			"faces": {
				"north": {"uv": [6, 14, 8, 16], "rotation": 270, "texture": "#1"},
				"east": {"uv": [6, 14, 8, 16], "rotation": 270, "texture": "#1"},
				"south": {"uv": [6, 14, 8, 16], "rotation": 270, "texture": "#1"},
				"west": {"uv": [6, 14, 8, 16], "rotation": 90, "texture": "#1"},
				"up": {"uv": [6, 14, 8, 16], "rotation": 180, "texture": "#1"},
				"down": {"uv": [6, 14, 8, 16], "texture": "#1"}
			}
		},
		{
			"from": [3.27857, 1.9, 10.77857],
			"to": [4.17857, 2.8, 11.67857],
			"shade": false,
			"rotation": {"angle": 0, "axis": "y", "origin": [7.47857, 4, 8]},
			"faces": {
				"north": {"uv": [4, 12, 6, 14], "rotation": 270, "texture": "#1"},
				"east": {"uv": [4, 12, 6, 14], "rotation": 270, "texture": "#1"},
				"south": {"uv": [4, 12, 6, 14], "rotation": 270, "texture": "#1"},
				"west": {"uv": [4, 12, 6, 14], "rotation": 90, "texture": "#1"},
				"up": {"uv": [4, 12, 6, 14], "rotation": 180, "texture": "#1"},
				"down": {"uv": [4, 12, 6, 14], "texture": "#1"}
			}
		},
		{
			"from": [4.47857, 3.1, 11.97857],
			"to": [2.97857, 1.6, 10.47857],
			"shade": false,
			"rotation": {"angle": 0, "axis": "y", "origin": [7.47857, 4, 8]},
			"faces": {
				"north": {"uv": [6, 12, 8, 14], "rotation": 270, "texture": "#1"},
				"east": {"uv": [6, 12, 8, 14], "rotation": 270, "texture": "#1"},
				"south": {"uv": [6, 12, 8, 14], "rotation": 270, "texture": "#1"},
				"west": {"uv": [6, 12, 8, 14], "rotation": 90, "texture": "#1"},
				"up": {"uv": [6, 12, 8, 14], "rotation": 180, "texture": "#1"},
				"down": {"uv": [6, 12, 8, 14], "texture": "#1"}
			}
		},
		{
			"from": [3.22857, 1.85, 11.72857],
			"to": [4.22857, 2.85, 12.72857],
			"shade": false,
			"rotation": {"angle": 0, "axis": "y", "origin": [7.47857, 4, 8]},
			"faces": {
				"north": {"uv": [4, 10, 6, 12], "rotation": 270, "texture": "#1"},
				"east": {"uv": [4, 10, 6, 12], "rotation": 270, "texture": "#1"},
				"south": {"uv": [4, 10, 6, 12], "rotation": 270, "texture": "#1"},
				"west": {"uv": [4, 10, 6, 12], "rotation": 90, "texture": "#1"},
				"up": {"uv": [4, 10, 6, 12], "rotation": 180, "texture": "#1"},
				"down": {"uv": [4, 10, 6, 12], "texture": "#1"}
			}
		},
		{
			"from": [4.47857, 3.1, 12.97857],
			"to": [2.97857, 1.6, 11.47857],
			"shade": false,
			"rotation": {"angle": 0, "axis": "y", "origin": [7.47857, 4, 8]},
			"faces": {
				"north": {"uv": [6, 10, 8, 12], "rotation": 270, "texture": "#1"},
				"east": {"uv": [6, 10, 8, 12], "rotation": 270, "texture": "#1"},
				"south": {"uv": [6, 10, 8, 12], "rotation": 270, "texture": "#1"},
				"west": {"uv": [6, 10, 8, 12], "rotation": 90, "texture": "#1"},
				"up": {"uv": [6, 10, 8, 12], "rotation": 180, "texture": "#1"},
				"down": {"uv": [6, 10, 8, 12], "texture": "#1"}
			}
		},
		{
			"from": [3.22857, 1.85, 12.22857],
			"to": [4.22857, 2.85, 13.22857],
			"shade": false,
			"rotation": {"angle": 0, "axis": "y", "origin": [7.47857, 4, 8]},
			"faces": {
				"north": {"uv": [4, 8, 6, 10], "rotation": 270, "texture": "#1"},
				"east": {"uv": [4, 8, 6, 10], "rotation": 270, "texture": "#1"},
				"south": {"uv": [4, 8, 6, 10], "rotation": 270, "texture": "#1"},
				"west": {"uv": [4, 8, 6, 10], "rotation": 90, "texture": "#1"},
				"up": {"uv": [4, 8, 6, 10], "rotation": 180, "texture": "#1"},
				"down": {"uv": [4, 8, 6, 10], "texture": "#1"}
			}
		},
		{
			"from": [4.47857, 3.1, 13.47857],
			"to": [2.97857, 1.6, 11.97857],
			"shade": false,
			"rotation": {"angle": 0, "axis": "y", "origin": [7.47857, 4, 8]},
			"faces": {
				"north": {"uv": [6, 8, 8, 10], "rotation": 270, "texture": "#1"},
				"east": {"uv": [6, 8, 8, 10], "rotation": 270, "texture": "#1"},
				"south": {"uv": [6, 8, 8, 10], "rotation": 270, "texture": "#1"},
				"west": {"uv": [6, 8, 8, 10], "rotation": 90, "texture": "#1"},
				"up": {"uv": [6, 8, 8, 10], "rotation": 180, "texture": "#1"},
				"down": {"uv": [6, 8, 8, 10], "texture": "#1"}
			}
		},
		{
			"from": [3.22857, 1.85, 12.72857],
			"to": [4.22857, 2.85, 13.72857],
			"shade": false,
			"rotation": {"angle": 0, "axis": "y", "origin": [7.47857, 4, 8]},
			"faces": {
				"north": {"uv": [4, 6, 6, 8], "rotation": 270, "texture": "#1"},
				"east": {"uv": [4, 6, 6, 8], "rotation": 270, "texture": "#1"},
				"south": {"uv": [4, 6, 6, 8], "rotation": 270, "texture": "#1"},
				"west": {"uv": [4, 6, 6, 8], "rotation": 90, "texture": "#1"},
				"up": {"uv": [4, 6, 6, 8], "rotation": 180, "texture": "#1"},
				"down": {"uv": [4, 6, 6, 8], "texture": "#1"}
			}
		},
		{
			"from": [4.47857, 3.1, 13.97857],
			"to": [2.97857, 1.6, 12.47857],
			"shade": false,
			"rotation": {"angle": 0, "axis": "y", "origin": [7.47857, 4, 8]},
			"faces": {
				"north": {"uv": [6, 6, 8, 8], "rotation": 270, "texture": "#1"},
				"east": {"uv": [6, 6, 8, 8], "rotation": 270, "texture": "#1"},
				"south": {"uv": [6, 6, 8, 8], "rotation": 270, "texture": "#1"},
				"west": {"uv": [6, 6, 8, 8], "rotation": 90, "texture": "#1"},
				"up": {"uv": [6, 6, 8, 8], "rotation": 180, "texture": "#1"},
				"down": {"uv": [6, 6, 8, 8], "texture": "#1"}
			}
		},
		{
			"from": [3.27857, 1.9, 13.27857],
			"to": [4.17857, 2.8, 14.17857],
			"shade": false,
			"rotation": {"angle": 0, "axis": "y", "origin": [7.47857, 4, 8]},
			"faces": {
				"north": {"uv": [4, 4, 6, 6], "rotation": 270, "texture": "#1"},
				"east": {"uv": [4, 4, 6, 6], "rotation": 270, "texture": "#1"},
				"south": {"uv": [4, 4, 6, 6], "rotation": 270, "texture": "#1"},
				"west": {"uv": [4, 4, 6, 6], "rotation": 90, "texture": "#1"},
				"up": {"uv": [4, 4, 6, 6], "rotation": 180, "texture": "#1"},
				"down": {"uv": [4, 4, 6, 6], "texture": "#1"}
			}
		},
		{
			"from": [4.47857, 3.1, 14.47857],
			"to": [2.97857, 1.6, 12.97857],
			"shade": false,
			"rotation": {"angle": 0, "axis": "y", "origin": [7.47857, 4, 8]},
			"faces": {
				"north": {"uv": [6, 4, 8, 6], "rotation": 270, "texture": "#1"},
				"east": {"uv": [6, 4, 8, 6], "rotation": 270, "texture": "#1"},
				"south": {"uv": [6, 4, 8, 6], "rotation": 270, "texture": "#1"},
				"west": {"uv": [6, 4, 8, 6], "rotation": 90, "texture": "#1"},
				"up": {"uv": [6, 4, 8, 6], "rotation": 180, "texture": "#1"},
				"down": {"uv": [6, 4, 8, 6], "texture": "#1"}
			}
		},
		{
			"from": [3.32857, 1.95, 13.82857],
			"to": [4.12857, 2.75, 14.62857],
			"shade": false,
			"rotation": {"angle": 0, "axis": "y", "origin": [7.47857, 4, 8]},
			"faces": {
				"north": {"uv": [4, 2, 6, 4], "rotation": 270, "texture": "#1"},
				"east": {"uv": [4, 2, 6, 4], "rotation": 270, "texture": "#1"},
				"south": {"uv": [4, 2, 6, 4], "rotation": 270, "texture": "#1"},
				"west": {"uv": [4, 2, 6, 4], "rotation": 90, "texture": "#1"},
				"up": {"uv": [4, 2, 6, 4], "rotation": 180, "texture": "#1"},
				"down": {"uv": [4, 2, 6, 4], "texture": "#1"}
			}
		},
		{
			"from": [4.47857, 3.1, 14.97857],
			"to": [2.97857, 1.6, 13.47857],
			"shade": false,
			"rotation": {"angle": 0, "axis": "y", "origin": [7.47857, 4, 8]},
			"faces": {
				"north": {"uv": [6, 2, 8, 4], "rotation": 270, "texture": "#1"},
				"east": {"uv": [6, 2, 8, 4], "rotation": 270, "texture": "#1"},
				"south": {"uv": [6, 2, 8, 4], "rotation": 270, "texture": "#1"},
				"west": {"uv": [6, 2, 8, 4], "rotation": 90, "texture": "#1"},
				"up": {"uv": [6, 2, 8, 4], "rotation": 180, "texture": "#1"},
				"down": {"uv": [6, 2, 8, 4], "texture": "#1"}
			}
		},
		{
			"from": [10.82857, 1.95, 10.32857],
			"to": [11.62857, 2.75, 11.12857],
			"shade": false,
			"rotation": {"angle": 0, "axis": "y", "origin": [7.47857, 4, 8]},
			"faces": {
				"north": {"uv": [12, 14, 14, 16], "rotation": 270, "texture": "#1"},
				"east": {"uv": [12, 14, 14, 16], "rotation": 270, "texture": "#1"},
				"south": {"uv": [12, 14, 14, 16], "rotation": 270, "texture": "#1"},
				"west": {"uv": [12, 14, 14, 16], "rotation": 90, "texture": "#1"},
				"up": {"uv": [12, 14, 14, 16], "rotation": 180, "texture": "#1"},
				"down": {"uv": [12, 14, 14, 16], "texture": "#1"}
			}
		},
		{
			"from": [11.97857, 3.1, 11.47857],
			"to": [10.47857, 1.6, 9.97857],
			"shade": false,
			"rotation": {"angle": 0, "axis": "y", "origin": [7.47857, 4, 8]},
			"faces": {
				"north": {"uv": [14, 14, 16, 16], "rotation": 270, "texture": "#1"},
				"east": {"uv": [14, 14, 16, 16], "rotation": 270, "texture": "#1"},
				"south": {"uv": [14, 14, 16, 16], "rotation": 270, "texture": "#1"},
				"west": {"uv": [14, 14, 16, 16], "rotation": 90, "texture": "#1"},
				"up": {"uv": [14, 14, 16, 16], "rotation": 180, "texture": "#1"},
				"down": {"uv": [14, 14, 16, 16], "texture": "#1"}
			}
		},
		{
			"from": [10.77857, 1.9, 10.77857],
			"to": [11.67857, 2.8, 11.67857],
			"shade": false,
			"rotation": {"angle": 0, "axis": "y", "origin": [7.47857, 4, 8]},
			"faces": {
				"north": {"uv": [12, 12, 14, 14], "rotation": 270, "texture": "#1"},
				"east": {"uv": [12, 12, 14, 14], "rotation": 270, "texture": "#1"},
				"south": {"uv": [12, 12, 14, 14], "rotation": 270, "texture": "#1"},
				"west": {"uv": [12, 12, 14, 14], "rotation": 90, "texture": "#1"},
				"up": {"uv": [12, 12, 14, 14], "rotation": 180, "texture": "#1"},
				"down": {"uv": [12, 12, 14, 14], "texture": "#1"}
			}
		},
		{
			"from": [11.97857, 3.1, 11.97857],
			"to": [10.47857, 1.6, 10.47857],
			"shade": false,
			"rotation": {"angle": 0, "axis": "y", "origin": [7.47857, 4, 8]},
			"faces": {
				"north": {"uv": [14, 12, 16, 14], "rotation": 270, "texture": "#1"},
				"east": {"uv": [14, 12, 16, 14], "rotation": 270, "texture": "#1"},
				"south": {"uv": [14, 12, 16, 14], "rotation": 270, "texture": "#1"},
				"west": {"uv": [14, 12, 16, 14], "rotation": 90, "texture": "#1"},
				"up": {"uv": [14, 12, 16, 14], "rotation": 180, "texture": "#1"},
				"down": {"uv": [14, 12, 16, 14], "texture": "#1"}
			}
		},
		{
			"from": [10.72857, 1.85, 11.22857],
			"to": [11.72857, 2.85, 12.22857],
			"shade": false,
			"rotation": {"angle": 0, "axis": "y", "origin": [7.47857, 4, 8]},
			"faces": {
				"north": {"uv": [12, 10, 14, 12], "rotation": 270, "texture": "#1"},
				"east": {"uv": [12, 10, 14, 12], "rotation": 270, "texture": "#1"},
				"south": {"uv": [12, 10, 14, 12], "rotation": 270, "texture": "#1"},
				"west": {"uv": [12, 10, 14, 12], "rotation": 90, "texture": "#1"},
				"up": {"uv": [12, 10, 14, 12], "rotation": 180, "texture": "#1"},
				"down": {"uv": [12, 10, 14, 12], "texture": "#1"}
			}
		},
		{
			"from": [11.97857, 3.1, 12.47857],
			"to": [10.47857, 1.6, 10.97857],
			"shade": false,
			"rotation": {"angle": 0, "axis": "y", "origin": [7.47857, 4, 8]},
			"faces": {
				"north": {"uv": [14, 10, 16, 12], "rotation": 270, "texture": "#1"},
				"east": {"uv": [14, 10, 16, 12], "rotation": 270, "texture": "#1"},
				"south": {"uv": [14, 10, 16, 12], "rotation": 270, "texture": "#1"},
				"west": {"uv": [14, 10, 16, 12], "rotation": 90, "texture": "#1"},
				"up": {"uv": [14, 10, 16, 12], "rotation": 180, "texture": "#1"},
				"down": {"uv": [14, 10, 16, 12], "texture": "#1"}
			}
		},
		{
			"from": [10.72857, 1.85, 11.72857],
			"to": [11.72857, 2.85, 12.72857],
			"shade": false,
			"rotation": {"angle": 0, "axis": "y", "origin": [7.47857, 4, 8]},
			"faces": {
				"north": {"uv": [12, 8, 14, 10], "rotation": 270, "texture": "#1"},
				"east": {"uv": [12, 8, 14, 10], "rotation": 270, "texture": "#1"},
				"south": {"uv": [12, 8, 14, 10], "rotation": 270, "texture": "#1"},
				"west": {"uv": [12, 8, 14, 10], "rotation": 90, "texture": "#1"},
				"up": {"uv": [12, 8, 14, 10], "rotation": 180, "texture": "#1"},
				"down": {"uv": [12, 8, 14, 10], "texture": "#1"}
			}
		},
		{
			"from": [11.97857, 3.1, 12.97857],
			"to": [10.47857, 1.6, 11.47857],
			"shade": false,
			"rotation": {"angle": 0, "axis": "y", "origin": [7.47857, 4, 8]},
			"faces": {
				"north": {"uv": [14, 8, 16, 10], "rotation": 270, "texture": "#1"},
				"east": {"uv": [14, 8, 16, 10], "rotation": 270, "texture": "#1"},
				"south": {"uv": [14, 8, 16, 10], "rotation": 270, "texture": "#1"},
				"west": {"uv": [14, 8, 16, 10], "rotation": 90, "texture": "#1"},
				"up": {"uv": [14, 8, 16, 10], "rotation": 180, "texture": "#1"},
				"down": {"uv": [14, 8, 16, 10], "texture": "#1"}
			}
		},
		{
			"from": [10.72857, 1.85, 12.22857],
			"to": [11.72857, 2.85, 13.22857],
			"shade": false,
			"rotation": {"angle": 0, "axis": "y", "origin": [7.47857, 4, 8]},
			"faces": {
				"north": {"uv": [12, 6, 14, 8], "rotation": 270, "texture": "#1"},
				"east": {"uv": [12, 6, 14, 8], "rotation": 270, "texture": "#1"},
				"south": {"uv": [12, 6, 14, 8], "rotation": 270, "texture": "#1"},
				"west": {"uv": [12, 6, 14, 8], "rotation": 90, "texture": "#1"},
				"up": {"uv": [12, 6, 14, 8], "rotation": 180, "texture": "#1"},
				"down": {"uv": [12, 6, 14, 8], "texture": "#1"}
			}
		},
		{
			"from": [11.97857, 3.1, 13.47857],
			"to": [10.47857, 1.6, 11.97857],
			"shade": false,
			"rotation": {"angle": 0, "axis": "y", "origin": [7.47857, 4, 8]},
			"faces": {
				"north": {"uv": [14, 6, 16, 8], "rotation": 270, "texture": "#1"},
				"east": {"uv": [14, 6, 16, 8], "rotation": 270, "texture": "#1"},
				"south": {"uv": [14, 6, 16, 8], "rotation": 270, "texture": "#1"},
				"west": {"uv": [14, 6, 16, 8], "rotation": 90, "texture": "#1"},
				"up": {"uv": [14, 6, 16, 8], "rotation": 180, "texture": "#1"},
				"down": {"uv": [14, 6, 16, 8], "texture": "#1"}
			}
		},
		{
			"from": [10.77857, 1.9, 12.77857],
			"to": [11.67857, 2.8, 13.67857],
			"shade": false,
			"rotation": {"angle": 0, "axis": "y", "origin": [7.47857, 4, 8]},
			"faces": {
				"north": {"uv": [12, 4, 14, 6], "rotation": 270, "texture": "#1"},
				"east": {"uv": [12, 4, 14, 6], "rotation": 270, "texture": "#1"},
				"south": {"uv": [12, 4, 14, 6], "rotation": 270, "texture": "#1"},
				"west": {"uv": [12, 4, 14, 6], "rotation": 90, "texture": "#1"},
				"up": {"uv": [12, 4, 14, 6], "rotation": 180, "texture": "#1"},
				"down": {"uv": [12, 4, 14, 6], "texture": "#1"}
			}
		},
		{
			"from": [11.97857, 3.1, 13.97857],
			"to": [10.47857, 1.6, 12.47857],
			"shade": false,
			"rotation": {"angle": 0, "axis": "y", "origin": [7.47857, 4, 8]},
			"faces": {
				"north": {"uv": [14, 4, 16, 6], "rotation": 270, "texture": "#1"},
				"east": {"uv": [14, 4, 16, 6], "rotation": 270, "texture": "#1"},
				"south": {"uv": [14, 4, 16, 6], "rotation": 270, "texture": "#1"},
				"west": {"uv": [14, 4, 16, 6], "rotation": 90, "texture": "#1"},
				"up": {"uv": [14, 4, 16, 6], "rotation": 180, "texture": "#1"},
				"down": {"uv": [14, 4, 16, 6], "texture": "#1"}
			}
		},
		{
			"from": [10.82857, 1.95, 13.32857],
			"to": [11.62857, 2.75, 14.12857],
			"shade": false,
			"rotation": {"angle": 0, "axis": "y", "origin": [7.47857, 4, 8]},
			"faces": {
				"north": {"uv": [12, 2, 14, 4], "rotation": 270, "texture": "#1"},
				"east": {"uv": [12, 2, 14, 4], "rotation": 270, "texture": "#1"},
				"south": {"uv": [12, 2, 14, 4], "rotation": 270, "texture": "#1"},
				"west": {"uv": [12, 2, 14, 4], "rotation": 90, "texture": "#1"},
				"up": {"uv": [12, 2, 14, 4], "rotation": 180, "texture": "#1"},
				"down": {"uv": [12, 2, 14, 4], "texture": "#1"}
			}
		},
		{
			"from": [11.97857, 3.1, 14.47857],
			"to": [10.47857, 1.6, 12.97857],
			"shade": false,
			"rotation": {"angle": 0, "axis": "y", "origin": [7.47857, 4, 8]},
			"faces": {
				"north": {"uv": [14, 2, 16, 4], "rotation": 270, "texture": "#1"},
				"east": {"uv": [14, 2, 16, 4], "rotation": 270, "texture": "#1"},
				"south": {"uv": [14, 2, 16, 4], "rotation": 270, "texture": "#1"},
				"west": {"uv": [14, 2, 16, 4], "rotation": 90, "texture": "#1"},
				"up": {"uv": [14, 2, 16, 4], "rotation": 180, "texture": "#1"},
				"down": {"uv": [14, 2, 16, 4], "texture": "#1"}
			}
		}
	],
	"gui_light": "front",
	"display": {
		"thirdperson_righthand": {
			"rotation": [0, -170, -6],
			"translation": [-1.25, 7.75, 1.75],
			"scale": [0.6, 0.6, 0.6]
		},
		"thirdperson_lefthand": {
			"rotation": [0, 0, -6],
			"translation": [0.25, 7.75, 1.75],
			"scale": [0.6, 0.6, 0.6]
		},
		"firstperson_righthand": {
			"rotation": [174.48, 69.2, -176.78],
			"translation": [1.75, 4.5, -0.25],
			"scale": [0.54883, 0.54883, 0.54883]
		},
		"firstperson_lefthand": {
			"rotation": [4.97, -64.05, 2.6],
			"translation": [1.75, 4.5, -0.25],
			"scale": [0.54883, 0.54883, 0.54883]
		},
		"ground": {
			"rotation": [94, 85, 0],
			"translation": [0, 2.25, 3.75],
			"scale": [0.5, 0.5, 0.5]
		},
		"gui": {
			"rotation": [-88, 47, 92],
			"translation": [-1, 1.75, 0],
			"scale": [0.49547, 0.49547, 0.49547]
		},
		"head": {
			"rotation": [90, 22, 90],
			"translation": [0.5, 12, 0.25],
			"scale": [0.7, 0.7, 0.7]
		},
		"fixed": {
			"rotation": [0, 90, 0],
			"translation": [-2, 1, -2.5],
			"scale": [1.42109, 1.42109, 1.42109]
		}
	},
	"groups": [
		0,
		1,
		2,
		3,
		4,
		5,
		6,
		7,
		8,
		9,
		10,
		11,
		12,
		13,
		14,
		15,
		16,
		{
			"name": "particles",
			"origin": [8, 8, 8],
			"color": 0,
			"boneType": "",
			"children": [
				{
					"name": "particles1",
					"origin": [0, 0, 0],
					"color": 0,
					"boneType": "",
					"children": [
						{
							"name": "particle1",
							"origin": [0, 0, 0],
							"color": 0,
							"boneType": "",
							"children": [17, 18]
						},
						{
							"name": "particle2",
							"origin": [0, 0, 0],
							"color": 0,
							"boneType": "",
							"children": [19, 20]
						},
						{
							"name": "particle3",
							"origin": [0, 0, 0],
							"color": 0,
							"boneType": "",
							"children": [21, 22]
						},
						{
							"name": "particle4",
							"origin": [0, 0, 0],
							"color": 0,
							"boneType": "",
							"children": [23, 24]
						},
						{
							"name": "particle5",
							"origin": [0, 0, 0],
							"color": 0,
							"boneType": "",
							"children": [25, 26]
						},
						{
							"name": "particle6",
							"origin": [0, 0, 0],
							"color": 0,
							"boneType": "",
							"children": [27, 28]
						},
						{
							"name": "particle7",
							"origin": [0, 0, 0],
							"color": 0,
							"boneType": "",
							"children": [29, 30]
						}
					]
				},
				{
					"name": "particles2",
					"origin": [0, 0, 0],
					"color": 0,
					"boneType": "",
					"children": [
						{
							"name": "particle1",
							"origin": [0, 0, 0],
							"color": 0,
							"boneType": "",
							"children": [31, 32]
						},
						{
							"name": "particle2",
							"origin": [0, 0, 0],
							"color": 0,
							"boneType": "",
							"children": [33, 34]
						},
						{
							"name": "particle3",
							"origin": [0, 0, 0],
							"color": 0,
							"boneType": "",
							"children": [35, 36]
						},
						{
							"name": "particle4",
							"origin": [0, 0, 0],
							"color": 0,
							"boneType": "",
							"children": [37, 38]
						},
						{
							"name": "particle5",
							"origin": [0, 0, 0],
							"color": 0,
							"boneType": "",
							"children": [39, 40]
						},
						{
							"name": "particle6",
							"origin": [0, 0, 0],
							"color": 0,
							"boneType": "",
							"children": [41, 42]
						},
						{
							"name": "particle7",
							"origin": [0, 0, 0],
							"color": 0,
							"boneType": "",
							"children": [43, 44]
						}
					]
				}
			]
		}
	]
}