{
	"credit": "by w11shes",
	"textures": {
		"0": "elitecreatures:necromancer_assortment/halloween_shield",
		"1": "elitecreatures:necromancer_assortment/halloween_particle",
		"particle": "elitecreatures:necromancer_assortment/halloween_shield"
	},
	"elements": [
		{
			"from": [2.37638, 0, -2.06669],
			"to": [4.37638, 18, 7.93331],
			"rotation": {"angle": -22.5, "axis": "y", "origin": [3, 12.17145, 7.675]},
			"faces": {
				"north": {"uv": [5.75, 3.25, 5.25, 7.75], "texture": "#0"},
				"east": {"uv": [5, 0, 2.5, 4.5], "texture": "#0"},
				"west": {"uv": [2.5, 0, 0, 4.5], "texture": "#0"},
				"up": {"uv": [9.25, 0, 6.75, 0.5], "rotation": 90, "texture": "#0"},
				"down": {"uv": [9.25, 1, 6.75, 0.5], "rotation": 270, "texture": "#0"}
			}
		},
		{
			"from": [0.175, 10, 3.675],
			"to": [4.175, 16, 11.675],
			"rotation": {"angle": 0, "axis": "y", "origin": [3, 12.17145, 7.675]},
			"faces": {
				"north": {"uv": [3.5, 6.25, 2.5, 7.75], "texture": "#0"},
				"south": {"uv": [2.5, 6.25, 3.5, 7.75], "texture": "#0"},
				"west": {"uv": [7, 1.75, 5, 3.25], "texture": "#0"},
				"up": {"uv": [7.75, 3.25, 5.75, 4.25], "rotation": 90, "texture": "#0"},
				"down": {"uv": [7.75, 5.25, 5.75, 4.25], "rotation": 270, "texture": "#0"}
			}
		},
		{
			"from": [4.325, 16.75, 12.425],
			"to": [-0.575, 9.25, 2.925],
			"shade": false,
			"rotation": {"angle": 0, "axis": "y", "origin": [3, 12.17145, 7.675]},
			"faces": {
				"north": {"uv": [16, 0, 15.25, 0.75], "texture": "#0"},
				"east": {"uv": [16, 0, 15.25, 0.75], "texture": "#0"},
				"south": {"uv": [16, 0, 15.25, 0.75], "texture": "#0"},
				"up": {"uv": [12.5, 1.5, 15.25, 0], "rotation": 90, "texture": "#0"},
				"down": {"uv": [15.25, 0.75, 16, 0], "rotation": 270, "texture": "#0"}
			}
		},
		{
			"from": [0.175, 8, 5.175],
			"to": [4.175, 10, 10.175],
			"rotation": {"angle": 0, "axis": "y", "origin": [3, 12.17145, 7.675]},
			"faces": {
				"north": {"uv": [8.25, 7.75, 7.25, 8.25], "texture": "#0"},
				"south": {"uv": [7.25, 7.75, 8.25, 8.25], "texture": "#0"},
				"west": {"uv": [9, 6.75, 7.75, 7.25], "texture": "#0"},
				"down": {"uv": [10, 3.5, 8.75, 2.5], "rotation": 270, "texture": "#0"}
			}
		},
		{
			"from": [4.425, 9.26, 10.675],
			"to": [-0.575, 7.46, 4.675],
			"shade": false,
			"rotation": {"angle": 0, "axis": "y", "origin": [3, 12.17145, 7.675]},
			"faces": {
				"north": {"uv": [16, 0, 15.25, 0.75], "texture": "#0"},
				"east": {"uv": [16, 0, 15.25, 0.75], "texture": "#0"},
				"south": {"uv": [16, 0, 15.25, 0.75], "texture": "#0"},
				"up": {"uv": [15.25, 0.75, 16, 0], "rotation": 90, "texture": "#0"}
			}
		},
		{
			"from": [-2.20003, 3.4028, 5.155],
			"to": [0.79997, 6.4028, 10.195],
			"rotation": {"angle": 22.5, "axis": "z", "origin": [3, 12.17145, 7.675]},
			"faces": {
				"north": {"uv": [8.5, 6, 7.75, 6.75], "texture": "#0"},
				"south": {"uv": [7.75, 6, 8.5, 6.75], "texture": "#0"},
				"west": {"uv": [10, 4.25, 8.75, 5], "texture": "#0"},
				"up": {"uv": [10, 3.5, 8.75, 4.25], "rotation": 90, "texture": "#0"},
				"down": {"uv": [10, 5.75, 8.75, 5], "rotation": 270, "texture": "#0"}
			}
		},
		{
			"from": [1.29997, 6.9028, 10.655],
			"to": [-2.70003, 2.9028, 4.655],
			"shade": false,
			"rotation": {"angle": 22.5, "axis": "z", "origin": [3, 12.17145, 7.675]},
			"faces": {
				"north": {"uv": [16, 0, 15.25, 0.75], "texture": "#0"},
				"east": {"uv": [16, 0, 15.25, 0.75], "texture": "#0"},
				"south": {"uv": [16, 0, 15.25, 0.75], "texture": "#0"},
				"up": {"uv": [15.25, 0.75, 16, 0], "rotation": 90, "texture": "#0"},
				"down": {"uv": [15.25, 0.75, 16, 0], "rotation": 270, "texture": "#0"}
			}
		},
		{
			"from": [2.175, 5, 5.175],
			"to": [4.175, 8, 10.175],
			"rotation": {"angle": 0, "axis": "y", "origin": [3, 12.17145, 7.675]},
			"faces": {
				"north": {"uv": [4.5, 8.5, 4, 9.25], "texture": "#0"},
				"south": {"uv": [4, 8.5, 4.5, 9.25], "texture": "#0"},
				"west": {"uv": [3.25, 7.75, 2, 8.5], "texture": "#0"}
			}
		},
		{
			"from": [3.34117, 8.55766, -0.625],
			"to": [8.34117, 13.55766, 1.375],
			"rotation": {"angle": 45, "axis": "z", "origin": [3, 12.17145, 7.675]},
			"faces": {
				"north": {"uv": [2.5, 6.25, 1.25, 7.5], "texture": "#0"},
				"south": {"uv": [1.25, 6.25, 0, 7.5], "texture": "#0"},
				"west": {"uv": [8.25, 4.75, 7.75, 6], "texture": "#0"},
				"up": {"uv": [5.5, 7.75, 5, 9], "rotation": 90, "texture": "#0"}
			}
		},
		{
			"from": [-3.02279, 2.1937, -0.625],
			"to": [1.97721, 7.1937, 1.375],
			"rotation": {"angle": 45, "axis": "z", "origin": [3, 12.17145, 7.675]},
			"faces": {
				"north": {"uv": [2.5, 6.25, 1.25, 7.5], "texture": "#0"},
				"south": {"uv": [1.25, 6.25, 0, 7.5], "texture": "#0"},
				"west": {"uv": [8.25, 4.75, 7.75, 6], "texture": "#0"},
				"up": {"uv": [5.5, 7.75, 5, 9], "rotation": 90, "texture": "#0"}
			}
		},
		{
			"from": [-3.02279, 2.1937, 13.975],
			"to": [1.97721, 7.1937, 15.975],
			"rotation": {"angle": 45, "axis": "z", "origin": [3, 12.17145, 7.675]},
			"faces": {
				"north": {"uv": [0, 6.25, 1.25, 7.5], "texture": "#0"},
				"south": {"uv": [1.25, 6.25, 2.5, 7.5], "texture": "#0"},
				"west": {"uv": [7.75, 4.75, 8.25, 6], "texture": "#0"},
				"up": {"uv": [5, 7.75, 5.5, 9], "rotation": 90, "texture": "#0"}
			}
		},
		{
			"from": [3.34117, 8.55766, 13.975],
			"to": [8.34117, 13.55766, 15.975],
			"rotation": {"angle": 45, "axis": "z", "origin": [3, 12.17145, 7.675]},
			"faces": {
				"north": {"uv": [0, 6.25, 1.25, 7.5], "texture": "#0"},
				"south": {"uv": [1.25, 6.25, 2.5, 7.5], "texture": "#0"},
				"west": {"uv": [7.75, 4.75, 8.25, 6], "texture": "#0"},
				"up": {"uv": [5, 7.75, 5.5, 9], "rotation": 90, "texture": "#0"}
			}
		},
		{
			"from": [2.37638, 0, 7.41669],
			"to": [4.37638, 18, 17.41669],
			"rotation": {"angle": 22.5, "axis": "y", "origin": [3, 12.17145, 7.675]},
			"faces": {
				"east": {"uv": [2.5, 0, 5, 4.5], "texture": "#0"},
				"south": {"uv": [5.25, 3.25, 5.75, 7.75], "texture": "#0"},
				"west": {"uv": [0, 0, 2.5, 4.5], "texture": "#0"},
				"up": {"uv": [6.75, 0, 9.25, 0.5], "rotation": 90, "texture": "#0"},
				"down": {"uv": [6.75, 1, 9.25, 0.5], "rotation": 270, "texture": "#0"}
			}
		},
		{
			"from": [4.425, 6, 6.175],
			"to": [9.425, 12, 9.175],
			"rotation": {"angle": 0, "axis": "y", "origin": [3, 12.17145, 7.675]},
			"faces": {
				"north": {"uv": [7, 5.25, 5.75, 6.75], "texture": "#0"},
				"east": {"uv": [4.25, 6.25, 3.5, 7.75], "texture": "#0"},
				"south": {"uv": [5.75, 5.25, 7, 6.75], "texture": "#0"},
				"up": {"uv": [7.75, 1, 7, 2.25], "rotation": 90, "texture": "#0"},
				"down": {"uv": [7.75, 6.5, 7, 5.25], "rotation": 270, "texture": "#0"}
			}
		},
		{
			"from": [8.425, 11, 9.175],
			"to": [4.425, 7, 6.175],
			"rotation": {"angle": 0, "axis": "y", "origin": [3, 12.17145, 7.675]},
			"faces": {
				"west": {"uv": [4.25, 7.5, 3.5, 6.5], "texture": "#0"},
				"up": {"uv": [7.75, 6.5, 7, 5.5], "rotation": 90, "texture": "#0"},
				"down": {"uv": [7.75, 1.25, 7, 2.25], "rotation": 270, "texture": "#0"}
			}
		},
		{
			"from": [2.175, 12.71712, 8.22067],
			"to": [4.175, 19.71712, 15.22067],
			"rotation": {"angle": -45, "axis": "x", "origin": [3, 12.17145, 7.675]},
			"faces": {
				"north": {"uv": [1, 7.5, 0.5, 9.25], "texture": "#0"},
				"east": {"uv": [3.5, 4.5, 1.75, 6.25], "texture": "#0"},
				"south": {"uv": [0.5, 7.5, 0, 9.25], "texture": "#0"},
				"west": {"uv": [1.75, 4.5, 0, 6.25], "texture": "#0"},
				"up": {"uv": [8.75, 2.25, 7, 2.75], "rotation": 90, "texture": "#0"},
				"down": {"uv": [8.75, 3.25, 7, 2.75], "rotation": 270, "texture": "#0"}
			}
		},
		{
			"from": [2.175, 0.13062, -4.36583],
			"to": [4.175, 7.13062, 2.63417],
			"rotation": {"angle": -45, "axis": "x", "origin": [3, 12.17145, 7.675]},
			"faces": {
				"north": {"uv": [2, 7.5, 1.5, 9.25], "texture": "#0"},
				"east": {"uv": [6.75, 0, 5, 1.75], "texture": "#0"},
				"south": {"uv": [1.5, 7.5, 1, 9.25], "texture": "#0"},
				"west": {"uv": [5.25, 4.5, 3.5, 6.25], "texture": "#0"},
				"up": {"uv": [9.5, 1, 7.75, 1.5], "rotation": 90, "texture": "#0"},
				"down": {"uv": [9.5, 2, 7.75, 1.5], "rotation": 270, "texture": "#0"}
			}
		},
		{
			"from": [5.225, 18, 0.675],
			"to": [7.225, 22, 3.675],
			"rotation": {"angle": 0, "axis": "y", "origin": [3, 12.17145, 7.675]},
			"faces": {
				"north": {"uv": [9, 5.75, 8.5, 6.75], "texture": "#0"},
				"east": {"uv": [6.5, 7.75, 7.25, 8.75], "texture": "#0"},
				"south": {"uv": [5, 8.5, 4.5, 9.5], "texture": "#0"},
				"west": {"uv": [7.25, 7.75, 6.5, 8.75], "texture": "#0"},
				"down": {"uv": [7.25, 9.25, 6.5, 8.75], "rotation": 270, "texture": "#0"}
			}
		},
		{
			"from": [5.205, 21.18715, 8.91253],
			"to": [7.245, 25.18715, 12.91253],
			"rotation": {"angle": -45, "axis": "x", "origin": [3, 12.17145, 7.675]},
			"faces": {
				"north": {"uv": [7.75, 8.25, 7.25, 9.25], "texture": "#0"},
				"east": {"uv": [5.75, 6.75, 6.75, 7.75], "texture": "#0"},
				"south": {"uv": [8.75, 4.75, 8.25, 5.75], "texture": "#0"},
				"west": {"uv": [6.75, 6.75, 5.75, 7.75], "texture": "#0"},
				"up": {"uv": [8.75, 7.25, 7.75, 7.75], "rotation": 90, "texture": "#0"},
				"down": {"uv": [8.75, 8.75, 7.75, 8.25], "rotation": 270, "texture": "#0"}
			}
		},
		{
			"from": [5.205, 21.18715, 2.43747],
			"to": [7.245, 25.18715, 6.43747],
			"rotation": {"angle": 45, "axis": "x", "origin": [3, 12.17145, 7.675]},
			"faces": {
				"north": {"uv": [8.25, 4.75, 8.75, 5.75], "texture": "#0"},
				"east": {"uv": [6.75, 6.75, 5.75, 7.75], "texture": "#0"},
				"south": {"uv": [7.25, 8.25, 7.75, 9.25], "texture": "#0"},
				"west": {"uv": [5.75, 6.75, 6.75, 7.75], "texture": "#0"},
				"up": {"uv": [7.75, 7.25, 8.75, 7.75], "rotation": 90, "texture": "#0"},
				"down": {"uv": [7.75, 8.75, 8.75, 8.25], "rotation": 270, "texture": "#0"}
			}
		},
		{
			"from": [5.225, 18, 11.675],
			"to": [7.225, 22, 14.675],
			"rotation": {"angle": 0, "axis": "y", "origin": [3, 12.17145, 7.675]},
			"faces": {
				"north": {"uv": [4.5, 8.5, 5, 9.5], "texture": "#0"},
				"east": {"uv": [7.25, 7.75, 6.5, 8.75], "texture": "#0"},
				"south": {"uv": [8.5, 5.75, 9, 6.75], "texture": "#0"},
				"west": {"uv": [6.5, 7.75, 7.25, 8.75], "texture": "#0"},
				"down": {"uv": [6.5, 9.25, 7.25, 8.75], "rotation": 270, "texture": "#0"}
			}
		},
		{
			"from": [3.175, 18, 6.175],
			"to": [5.175, 24, 9.175],
			"rotation": {"angle": 0, "axis": "y", "origin": [3, 12.17145, 7.675]},
			"faces": {
				"north": {"uv": [6.5, 7.75, 6, 9.25], "texture": "#0"},
				"east": {"uv": [5, 7, 4.25, 8.5], "texture": "#0"},
				"south": {"uv": [6, 7.75, 5.5, 9.25], "texture": "#0"},
				"west": {"uv": [5, 7, 4.25, 8.5], "texture": "#0"},
				"down": {"uv": [9.5, 2.5, 8.75, 2], "rotation": 270, "texture": "#0"}
			}
		},
		{
			"from": [3.155, 18.71227, -2.86583],
			"to": [5.195, 22.71227, 1.13417],
			"rotation": {"angle": 45, "axis": "x", "origin": [3, 12.17145, 7.675]},
			"faces": {
				"north": {"uv": [3, 8.5, 2.5, 9.5], "texture": "#0"},
				"east": {"uv": [6.75, 6.75, 7.75, 7.75], "texture": "#0"},
				"south": {"uv": [2.5, 8.5, 2, 9.5], "texture": "#0"},
				"west": {"uv": [7.75, 6.75, 6.75, 7.75], "texture": "#0"},
				"up": {"uv": [9.25, 7.75, 8.25, 8.25], "rotation": 90, "texture": "#0"},
				"down": {"uv": [4, 9, 3, 8.5], "rotation": 270, "texture": "#0"}
			}
		},
		{
			"from": [-1.325, 12.85, 3.925],
			"to": [-0.525, 13.65, 4.725],
			"shade": false,
			"rotation": {"angle": 0, "axis": "y", "origin": [3, 12.17145, 7.675]},
			"faces": {
				"north": {"uv": [2, 14, 0, 16], "texture": "#1"},
				"east": {"uv": [2, 14, 0, 16], "texture": "#1"},
				"south": {"uv": [2, 14, 0, 16], "texture": "#1"},
				"west": {"uv": [2, 14, 0, 16], "texture": "#1"},
				"up": {"uv": [0, 16, 2, 14], "rotation": 90, "texture": "#1"},
				"down": {"uv": [0, 16, 2, 14], "rotation": 270, "texture": "#1"}
			}
		},
		{
			"from": [-0.175, 14, 5.075],
			"to": [-1.675, 12.5, 3.575],
			"shade": false,
			"rotation": {"angle": 0, "axis": "y", "origin": [3, 12.17145, 7.675]},
			"faces": {
				"north": {"uv": [4, 14, 2, 16], "texture": "#1"},
				"east": {"uv": [4, 14, 2, 16], "texture": "#1"},
				"south": {"uv": [4, 14, 2, 16], "texture": "#1"},
				"west": {"uv": [4, 14, 2, 16], "texture": "#1"},
				"up": {"uv": [2, 16, 4, 14], "rotation": 90, "texture": "#1"},
				"down": {"uv": [2, 16, 4, 14], "rotation": 270, "texture": "#1"}
			}
		},
		{
			"from": [-1.375, 13.3, 3.875],
			"to": [-0.475, 14.2, 4.775],
			"shade": false,
			"rotation": {"angle": 0, "axis": "y", "origin": [3, 12.17145, 7.675]},
			"faces": {
				"north": {"uv": [2, 12, 0, 14], "texture": "#1"},
				"east": {"uv": [2, 12, 0, 14], "texture": "#1"},
				"south": {"uv": [2, 12, 0, 14], "texture": "#1"},
				"west": {"uv": [2, 12, 0, 14], "texture": "#1"},
				"up": {"uv": [0, 14, 2, 12], "rotation": 90, "texture": "#1"},
				"down": {"uv": [0, 14, 2, 12], "rotation": 270, "texture": "#1"}
			}
		},
		{
			"from": [-0.175, 14.5, 5.075],
			"to": [-1.675, 13, 3.575],
			"shade": false,
			"rotation": {"angle": 0, "axis": "y", "origin": [3, 12.17145, 7.675]},
			"faces": {
				"north": {"uv": [4, 12, 2, 14], "texture": "#1"},
				"east": {"uv": [4, 12, 2, 14], "texture": "#1"},
				"south": {"uv": [4, 12, 2, 14], "texture": "#1"},
				"west": {"uv": [4, 12, 2, 14], "texture": "#1"},
				"up": {"uv": [2, 14, 4, 12], "rotation": 90, "texture": "#1"},
				"down": {"uv": [2, 14, 4, 12], "rotation": 270, "texture": "#1"}
			}
		},
		{
			"from": [-1.425, 13.75, 3.825],
			"to": [-0.425, 14.75, 4.825],
			"shade": false,
			"rotation": {"angle": 0, "axis": "y", "origin": [3, 12.17145, 7.675]},
			"faces": {
				"north": {"uv": [2, 10, 0, 12], "texture": "#1"},
				"east": {"uv": [2, 10, 0, 12], "texture": "#1"},
				"south": {"uv": [2, 10, 0, 12], "texture": "#1"},
				"west": {"uv": [2, 10, 0, 12], "texture": "#1"},
				"up": {"uv": [0, 12, 2, 10], "rotation": 90, "texture": "#1"},
				"down": {"uv": [0, 12, 2, 10], "rotation": 270, "texture": "#1"}
			}
		},
		{
			"from": [-0.175, 15, 5.075],
			"to": [-1.675, 13.5, 3.575],
			"shade": false,
			"rotation": {"angle": 0, "axis": "y", "origin": [3, 12.17145, 7.675]},
			"faces": {
				"north": {"uv": [4, 10, 2, 12], "texture": "#1"},
				"east": {"uv": [4, 10, 2, 12], "texture": "#1"},
				"south": {"uv": [4, 10, 2, 12], "texture": "#1"},
				"west": {"uv": [4, 10, 2, 12], "texture": "#1"},
				"up": {"uv": [2, 12, 4, 10], "rotation": 90, "texture": "#1"},
				"down": {"uv": [2, 12, 4, 10], "rotation": 270, "texture": "#1"}
			}
		},
		{
			"from": [-1.425, 14.25, 3.825],
			"to": [-0.425, 15.25, 4.825],
			"shade": false,
			"rotation": {"angle": 0, "axis": "y", "origin": [3, 12.17145, 7.675]},
			"faces": {
				"north": {"uv": [2, 8, 0, 10], "texture": "#1"},
				"east": {"uv": [2, 8, 0, 10], "texture": "#1"},
				"south": {"uv": [2, 8, 0, 10], "texture": "#1"},
				"west": {"uv": [2, 8, 0, 10], "texture": "#1"},
				"up": {"uv": [0, 10, 2, 8], "rotation": 90, "texture": "#1"},
				"down": {"uv": [0, 10, 2, 8], "rotation": 270, "texture": "#1"}
			}
		},
		{
			"from": [-0.175, 15.5, 5.075],
			"to": [-1.675, 14, 3.575],
			"shade": false,
			"rotation": {"angle": 0, "axis": "y", "origin": [3, 12.17145, 7.675]},
			"faces": {
				"north": {"uv": [4, 8, 2, 10], "texture": "#1"},
				"east": {"uv": [4, 8, 2, 10], "texture": "#1"},
				"south": {"uv": [4, 8, 2, 10], "texture": "#1"},
				"west": {"uv": [4, 8, 2, 10], "texture": "#1"},
				"up": {"uv": [2, 10, 4, 8], "rotation": 90, "texture": "#1"},
				"down": {"uv": [2, 10, 4, 8], "rotation": 270, "texture": "#1"}
			}
		},
		{
			"from": [-1.425, 14.75, 3.825],
			"to": [-0.425, 15.75, 4.825],
			"shade": false,
			"rotation": {"angle": 0, "axis": "y", "origin": [3, 12.17145, 7.675]},
			"faces": {
				"north": {"uv": [2, 6, 0, 8], "texture": "#1"},
				"east": {"uv": [2, 6, 0, 8], "texture": "#1"},
				"south": {"uv": [2, 6, 0, 8], "texture": "#1"},
				"west": {"uv": [2, 6, 0, 8], "texture": "#1"},
				"up": {"uv": [0, 8, 2, 6], "rotation": 90, "texture": "#1"},
				"down": {"uv": [0, 8, 2, 6], "rotation": 270, "texture": "#1"}
			}
		},
		{
			"from": [-0.175, 16, 5.075],
			"to": [-1.675, 14.5, 3.575],
			"shade": false,
			"rotation": {"angle": 0, "axis": "y", "origin": [3, 12.17145, 7.675]},
			"faces": {
				"north": {"uv": [4, 6, 2, 8], "texture": "#1"},
				"east": {"uv": [4, 6, 2, 8], "texture": "#1"},
				"south": {"uv": [4, 6, 2, 8], "texture": "#1"},
				"west": {"uv": [4, 6, 2, 8], "texture": "#1"},
				"up": {"uv": [2, 8, 4, 6], "rotation": 90, "texture": "#1"},
				"down": {"uv": [2, 8, 4, 6], "rotation": 270, "texture": "#1"}
			}
		},
		{
			"from": [-1.375, 15.3, 3.875],
			"to": [-0.475, 16.2, 4.775],
			"shade": false,
			"rotation": {"angle": 0, "axis": "y", "origin": [3, 12.17145, 7.675]},
			"faces": {
				"north": {"uv": [2, 4, 0, 6], "texture": "#1"},
				"east": {"uv": [2, 4, 0, 6], "texture": "#1"},
				"south": {"uv": [2, 4, 0, 6], "texture": "#1"},
				"west": {"uv": [2, 4, 0, 6], "texture": "#1"},
				"up": {"uv": [0, 6, 2, 4], "rotation": 90, "texture": "#1"},
				"down": {"uv": [0, 6, 2, 4], "rotation": 270, "texture": "#1"}
			}
		},
		{
			"from": [-0.175, 16.5, 5.075],
			"to": [-1.675, 15, 3.575],
			"shade": false,
			"rotation": {"angle": 0, "axis": "y", "origin": [3, 12.17145, 7.675]},
			"faces": {
				"north": {"uv": [4, 4, 2, 6], "texture": "#1"},
				"east": {"uv": [4, 4, 2, 6], "texture": "#1"},
				"south": {"uv": [4, 4, 2, 6], "texture": "#1"},
				"west": {"uv": [4, 4, 2, 6], "texture": "#1"},
				"up": {"uv": [2, 6, 4, 4], "rotation": 90, "texture": "#1"},
				"down": {"uv": [2, 6, 4, 4], "rotation": 270, "texture": "#1"}
			}
		},
		{
			"from": [-1.325, 16.35, 3.925],
			"to": [-0.525, 17.15, 4.725],
			"shade": false,
			"rotation": {"angle": 0, "axis": "y", "origin": [3, 12.17145, 7.675]},
			"faces": {
				"north": {"uv": [2, 2, 0, 4], "texture": "#1"},
				"east": {"uv": [2, 2, 0, 4], "texture": "#1"},
				"south": {"uv": [2, 2, 0, 4], "texture": "#1"},
				"west": {"uv": [2, 2, 0, 4], "texture": "#1"},
				"up": {"uv": [0, 4, 2, 2], "rotation": 90, "texture": "#1"},
				"down": {"uv": [0, 4, 2, 2], "rotation": 270, "texture": "#1"}
			}
		},
		{
			"from": [-0.175, 17.5, 5.075],
			"to": [-1.675, 16, 3.575],
			"shade": false,
			"rotation": {"angle": 0, "axis": "y", "origin": [3, 12.17145, 7.675]},
			"faces": {
				"north": {"uv": [4, 2, 2, 4], "texture": "#1"},
				"east": {"uv": [4, 2, 2, 4], "texture": "#1"},
				"south": {"uv": [4, 2, 2, 4], "texture": "#1"},
				"west": {"uv": [4, 2, 2, 4], "texture": "#1"},
				"up": {"uv": [2, 4, 4, 2], "rotation": 90, "texture": "#1"},
				"down": {"uv": [2, 4, 4, 2], "rotation": 270, "texture": "#1"}
			}
		},
		{
			"from": [-1.325, 12.85, 10.625],
			"to": [-0.525, 13.65, 11.425],
			"shade": false,
			"rotation": {"angle": 0, "axis": "y", "origin": [3, 12.17145, 7.675]},
			"faces": {
				"north": {"uv": [6, 14, 4, 16], "texture": "#1"},
				"east": {"uv": [6, 14, 4, 16], "texture": "#1"},
				"south": {"uv": [6, 14, 4, 16], "texture": "#1"},
				"west": {"uv": [6, 14, 4, 16], "texture": "#1"},
				"up": {"uv": [4, 16, 6, 14], "rotation": 90, "texture": "#1"},
				"down": {"uv": [4, 16, 6, 14], "rotation": 270, "texture": "#1"}
			}
		},
		{
			"from": [-0.175, 14, 11.775],
			"to": [-1.675, 12.5, 10.275],
			"shade": false,
			"rotation": {"angle": 0, "axis": "y", "origin": [3, 12.17145, 7.675]},
			"faces": {
				"north": {"uv": [8, 14, 6, 16], "texture": "#1"},
				"east": {"uv": [8, 14, 6, 16], "texture": "#1"},
				"south": {"uv": [8, 14, 6, 16], "texture": "#1"},
				"west": {"uv": [8, 14, 6, 16], "texture": "#1"},
				"up": {"uv": [6, 16, 8, 14], "rotation": 90, "texture": "#1"},
				"down": {"uv": [6, 16, 8, 14], "rotation": 270, "texture": "#1"}
			}
		},
		{
			"from": [-1.375, 13.3, 10.575],
			"to": [-0.475, 14.2, 11.475],
			"shade": false,
			"rotation": {"angle": 0, "axis": "y", "origin": [3, 12.17145, 7.675]},
			"faces": {
				"north": {"uv": [6, 12, 4, 14], "texture": "#1"},
				"east": {"uv": [6, 12, 4, 14], "texture": "#1"},
				"south": {"uv": [6, 12, 4, 14], "texture": "#1"},
				"west": {"uv": [6, 12, 4, 14], "texture": "#1"},
				"up": {"uv": [4, 14, 6, 12], "rotation": 90, "texture": "#1"},
				"down": {"uv": [4, 14, 6, 12], "rotation": 270, "texture": "#1"}
			}
		},
		{
			"from": [-0.175, 14.5, 11.775],
			"to": [-1.675, 13, 10.275],
			"shade": false,
			"rotation": {"angle": 0, "axis": "y", "origin": [3, 12.17145, 7.675]},
			"faces": {
				"north": {"uv": [8, 12, 6, 14], "texture": "#1"},
				"east": {"uv": [8, 12, 6, 14], "texture": "#1"},
				"south": {"uv": [8, 12, 6, 14], "texture": "#1"},
				"west": {"uv": [8, 12, 6, 14], "texture": "#1"},
				"up": {"uv": [6, 14, 8, 12], "rotation": 90, "texture": "#1"},
				"down": {"uv": [6, 14, 8, 12], "rotation": 270, "texture": "#1"}
			}
		},
		{
			"from": [-1.425, 14.25, 10.525],
			"to": [-0.425, 15.25, 11.525],
			"shade": false,
			"rotation": {"angle": 0, "axis": "y", "origin": [3, 12.17145, 7.675]},
			"faces": {
				"north": {"uv": [6, 10, 4, 12], "texture": "#1"},
				"east": {"uv": [6, 10, 4, 12], "texture": "#1"},
				"south": {"uv": [6, 10, 4, 12], "texture": "#1"},
				"west": {"uv": [6, 10, 4, 12], "texture": "#1"},
				"up": {"uv": [4, 12, 6, 10], "rotation": 90, "texture": "#1"},
				"down": {"uv": [4, 12, 6, 10], "rotation": 270, "texture": "#1"}
			}
		},
		{
			"from": [-0.175, 15.5, 11.775],
			"to": [-1.675, 14, 10.275],
			"shade": false,
			"rotation": {"angle": 0, "axis": "y", "origin": [3, 12.17145, 7.675]},
			"faces": {
				"north": {"uv": [8, 10, 6, 12], "texture": "#1"},
				"east": {"uv": [8, 10, 6, 12], "texture": "#1"},
				"south": {"uv": [8, 10, 6, 12], "texture": "#1"},
				"west": {"uv": [8, 10, 6, 12], "texture": "#1"},
				"up": {"uv": [6, 12, 8, 10], "rotation": 90, "texture": "#1"},
				"down": {"uv": [6, 12, 8, 10], "rotation": 270, "texture": "#1"}
			}
		},
		{
			"from": [-1.425, 14.75, 10.525],
			"to": [-0.425, 15.75, 11.525],
			"shade": false,
			"rotation": {"angle": 0, "axis": "y", "origin": [3, 12.17145, 7.675]},
			"faces": {
				"north": {"uv": [6, 8, 4, 10], "texture": "#1"},
				"east": {"uv": [6, 8, 4, 10], "texture": "#1"},
				"south": {"uv": [6, 8, 4, 10], "texture": "#1"},
				"west": {"uv": [6, 8, 4, 10], "texture": "#1"},
				"up": {"uv": [4, 10, 6, 8], "rotation": 90, "texture": "#1"},
				"down": {"uv": [4, 10, 6, 8], "rotation": 270, "texture": "#1"}
			}
		},
		{
			"from": [-0.175, 16, 11.775],
			"to": [-1.675, 14.5, 10.275],
			"shade": false,
			"rotation": {"angle": 0, "axis": "y", "origin": [3, 12.17145, 7.675]},
			"faces": {
				"north": {"uv": [8, 8, 6, 10], "texture": "#1"},
				"east": {"uv": [8, 8, 6, 10], "texture": "#1"},
				"south": {"uv": [8, 8, 6, 10], "texture": "#1"},
				"west": {"uv": [8, 8, 6, 10], "texture": "#1"},
				"up": {"uv": [6, 10, 8, 8], "rotation": 90, "texture": "#1"},
				"down": {"uv": [6, 10, 8, 8], "rotation": 270, "texture": "#1"}
			}
		},
		{
			"from": [-1.425, 15.25, 10.525],
			"to": [-0.425, 16.25, 11.525],
			"shade": false,
			"rotation": {"angle": 0, "axis": "y", "origin": [3, 12.17145, 7.675]},
			"faces": {
				"north": {"uv": [6, 6, 4, 8], "texture": "#1"},
				"east": {"uv": [6, 6, 4, 8], "texture": "#1"},
				"south": {"uv": [6, 6, 4, 8], "texture": "#1"},
				"west": {"uv": [6, 6, 4, 8], "texture": "#1"},
				"up": {"uv": [4, 8, 6, 6], "rotation": 90, "texture": "#1"},
				"down": {"uv": [4, 8, 6, 6], "rotation": 270, "texture": "#1"}
			}
		},
		{
			"from": [-0.175, 16.5, 11.775],
			"to": [-1.675, 15, 10.275],
			"shade": false,
			"rotation": {"angle": 0, "axis": "y", "origin": [3, 12.17145, 7.675]},
			"faces": {
				"north": {"uv": [8, 6, 6, 8], "texture": "#1"},
				"east": {"uv": [8, 6, 6, 8], "texture": "#1"},
				"south": {"uv": [8, 6, 6, 8], "texture": "#1"},
				"west": {"uv": [8, 6, 6, 8], "texture": "#1"},
				"up": {"uv": [6, 8, 8, 6], "rotation": 90, "texture": "#1"},
				"down": {"uv": [6, 8, 8, 6], "rotation": 270, "texture": "#1"}
			}
		},
		{
			"from": [-1.375, 15.8, 10.575],
			"to": [-0.475, 16.7, 11.475],
			"shade": false,
			"rotation": {"angle": 0, "axis": "y", "origin": [3, 12.17145, 7.675]},
			"faces": {
				"north": {"uv": [6, 4, 4, 6], "texture": "#1"},
				"east": {"uv": [6, 4, 4, 6], "texture": "#1"},
				"south": {"uv": [6, 4, 4, 6], "texture": "#1"},
				"west": {"uv": [6, 4, 4, 6], "texture": "#1"},
				"up": {"uv": [4, 6, 6, 4], "rotation": 90, "texture": "#1"},
				"down": {"uv": [4, 6, 6, 4], "rotation": 270, "texture": "#1"}
			}
		},
		{
			"from": [-0.175, 17, 11.775],
			"to": [-1.675, 15.5, 10.275],
			"shade": false,
			"rotation": {"angle": 0, "axis": "y", "origin": [3, 12.17145, 7.675]},
			"faces": {
				"north": {"uv": [8, 4, 6, 6], "texture": "#1"},
				"east": {"uv": [8, 4, 6, 6], "texture": "#1"},
				"south": {"uv": [8, 4, 6, 6], "texture": "#1"},
				"west": {"uv": [8, 4, 6, 6], "texture": "#1"},
				"up": {"uv": [6, 6, 8, 4], "rotation": 90, "texture": "#1"},
				"down": {"uv": [6, 6, 8, 4], "rotation": 270, "texture": "#1"}
			}
		},
		{
			"from": [-1.325, 16.35, 10.625],
			"to": [-0.525, 17.15, 11.425],
			"shade": false,
			"rotation": {"angle": 0, "axis": "y", "origin": [3, 12.17145, 7.675]},
			"faces": {
				"north": {"uv": [6, 2, 4, 4], "texture": "#1"},
				"east": {"uv": [6, 2, 4, 4], "texture": "#1"},
				"south": {"uv": [6, 2, 4, 4], "texture": "#1"},
				"west": {"uv": [6, 2, 4, 4], "texture": "#1"},
				"up": {"uv": [4, 4, 6, 2], "rotation": 90, "texture": "#1"},
				"down": {"uv": [4, 4, 6, 2], "rotation": 270, "texture": "#1"}
			}
		},
		{
			"from": [-0.175, 17.5, 11.775],
			"to": [-1.675, 16, 10.275],
			"shade": false,
			"rotation": {"angle": 0, "axis": "y", "origin": [3, 12.17145, 7.675]},
			"faces": {
				"north": {"uv": [8, 2, 6, 4], "texture": "#1"},
				"east": {"uv": [8, 2, 6, 4], "texture": "#1"},
				"south": {"uv": [8, 2, 6, 4], "texture": "#1"},
				"west": {"uv": [8, 2, 6, 4], "texture": "#1"},
				"up": {"uv": [6, 4, 8, 2], "rotation": 90, "texture": "#1"},
				"down": {"uv": [6, 4, 8, 2], "rotation": 270, "texture": "#1"}
			}
		},
		{
			"from": [0.175, 6.71503, 12.89177],
			"to": [0.975, 7.51503, 13.69177],
			"shade": false,
			"rotation": {"angle": 22.5, "axis": "x", "origin": [3, 12.17145, 7.675]},
			"faces": {
				"north": {"uv": [14, 14, 12, 16], "texture": "#1"},
				"east": {"uv": [14, 14, 12, 16], "texture": "#1"},
				"south": {"uv": [14, 14, 12, 16], "texture": "#1"},
				"west": {"uv": [14, 14, 12, 16], "texture": "#1"},
				"up": {"uv": [12, 16, 14, 14], "rotation": 90, "texture": "#1"},
				"down": {"uv": [12, 16, 14, 14], "rotation": 270, "texture": "#1"}
			}
		},
		{
			"from": [1.325, 7.86503, 14.04177],
			"to": [-0.175, 6.36503, 12.54177],
			"shade": false,
			"rotation": {"angle": 22.5, "axis": "x", "origin": [3, 12.17145, 7.675]},
			"faces": {
				"north": {"uv": [16, 14, 14, 16], "texture": "#1"},
				"east": {"uv": [16, 14, 14, 16], "texture": "#1"},
				"south": {"uv": [16, 14, 14, 16], "texture": "#1"},
				"west": {"uv": [16, 14, 14, 16], "texture": "#1"},
				"up": {"uv": [14, 16, 16, 14], "rotation": 90, "texture": "#1"},
				"down": {"uv": [14, 16, 16, 14], "rotation": 270, "texture": "#1"}
			}
		},
		{
			"from": [0.125, 7.16503, 12.84177],
			"to": [1.025, 8.06503, 13.74177],
			"shade": false,
			"rotation": {"angle": 22.5, "axis": "x", "origin": [3, 12.17145, 7.675]},
			"faces": {
				"north": {"uv": [14, 12, 12, 14], "texture": "#1"},
				"east": {"uv": [14, 12, 12, 14], "texture": "#1"},
				"south": {"uv": [14, 12, 12, 14], "texture": "#1"},
				"west": {"uv": [14, 12, 12, 14], "texture": "#1"},
				"up": {"uv": [12, 14, 14, 12], "rotation": 90, "texture": "#1"},
				"down": {"uv": [12, 14, 14, 12], "rotation": 270, "texture": "#1"}
			}
		},
		{
			"from": [1.325, 8.36503, 14.04177],
			"to": [-0.175, 6.86503, 12.54177],
			"shade": false,
			"rotation": {"angle": 22.5, "axis": "x", "origin": [3, 12.17145, 7.675]},
			"faces": {
				"north": {"uv": [16, 12, 14, 14], "texture": "#1"},
				"east": {"uv": [16, 12, 14, 14], "texture": "#1"},
				"south": {"uv": [16, 12, 14, 14], "texture": "#1"},
				"west": {"uv": [16, 12, 14, 14], "texture": "#1"},
				"up": {"uv": [14, 14, 16, 12], "rotation": 90, "texture": "#1"},
				"down": {"uv": [14, 14, 16, 12], "rotation": 270, "texture": "#1"}
			}
		},
		{
			"from": [0.075, 7.61503, 12.79177],
			"to": [1.075, 8.61503, 13.79177],
			"shade": false,
			"rotation": {"angle": 22.5, "axis": "x", "origin": [3, 12.17145, 7.675]},
			"faces": {
				"north": {"uv": [14, 10, 12, 12], "texture": "#1"},
				"east": {"uv": [14, 10, 12, 12], "texture": "#1"},
				"south": {"uv": [14, 10, 12, 12], "texture": "#1"},
				"west": {"uv": [14, 10, 12, 12], "texture": "#1"},
				"up": {"uv": [12, 12, 14, 10], "rotation": 90, "texture": "#1"},
				"down": {"uv": [12, 12, 14, 10], "rotation": 270, "texture": "#1"}
			}
		},
		{
			"from": [1.325, 8.86503, 14.04177],
			"to": [-0.175, 7.36503, 12.54177],
			"shade": false,
			"rotation": {"angle": 22.5, "axis": "x", "origin": [3, 12.17145, 7.675]},
			"faces": {
				"north": {"uv": [16, 10, 14, 12], "texture": "#1"},
				"east": {"uv": [16, 10, 14, 12], "texture": "#1"},
				"south": {"uv": [16, 10, 14, 12], "texture": "#1"},
				"west": {"uv": [16, 10, 14, 12], "texture": "#1"},
				"up": {"uv": [14, 12, 16, 10], "rotation": 90, "texture": "#1"},
				"down": {"uv": [14, 12, 16, 10], "rotation": 270, "texture": "#1"}
			}
		},
		{
			"from": [0.075, 8.11503, 12.79177],
			"to": [1.075, 9.11503, 13.79177],
			"shade": false,
			"rotation": {"angle": 22.5, "axis": "x", "origin": [3, 12.17145, 7.675]},
			"faces": {
				"north": {"uv": [14, 8, 12, 10], "texture": "#1"},
				"east": {"uv": [14, 8, 12, 10], "texture": "#1"},
				"south": {"uv": [14, 8, 12, 10], "texture": "#1"},
				"west": {"uv": [14, 8, 12, 10], "texture": "#1"},
				"up": {"uv": [12, 10, 14, 8], "rotation": 90, "texture": "#1"},
				"down": {"uv": [12, 10, 14, 8], "rotation": 270, "texture": "#1"}
			}
		},
		{
			"from": [1.325, 9.36503, 14.04177],
			"to": [-0.175, 7.86503, 12.54177],
			"shade": false,
			"rotation": {"angle": 22.5, "axis": "x", "origin": [3, 12.17145, 7.675]},
			"faces": {
				"north": {"uv": [16, 8, 14, 10], "texture": "#1"},
				"east": {"uv": [16, 8, 14, 10], "texture": "#1"},
				"south": {"uv": [16, 8, 14, 10], "texture": "#1"},
				"west": {"uv": [16, 8, 14, 10], "texture": "#1"},
				"up": {"uv": [14, 10, 16, 8], "rotation": 90, "texture": "#1"},
				"down": {"uv": [14, 10, 16, 8], "rotation": 270, "texture": "#1"}
			}
		},
		{
			"from": [0.075, 8.61503, 12.79177],
			"to": [1.075, 9.61503, 13.79177],
			"shade": false,
			"rotation": {"angle": 22.5, "axis": "x", "origin": [3, 12.17145, 7.675]},
			"faces": {
				"north": {"uv": [14, 6, 12, 8], "texture": "#1"},
				"east": {"uv": [14, 6, 12, 8], "texture": "#1"},
				"south": {"uv": [14, 6, 12, 8], "texture": "#1"},
				"west": {"uv": [14, 6, 12, 8], "texture": "#1"},
				"up": {"uv": [12, 8, 14, 6], "rotation": 90, "texture": "#1"},
				"down": {"uv": [12, 8, 14, 6], "rotation": 270, "texture": "#1"}
			}
		},
		{
			"from": [1.325, 9.86503, 14.04177],
			"to": [-0.175, 8.36503, 12.54177],
			"shade": false,
			"rotation": {"angle": 22.5, "axis": "x", "origin": [3, 12.17145, 7.675]},
			"faces": {
				"north": {"uv": [16, 6, 14, 8], "texture": "#1"},
				"east": {"uv": [16, 6, 14, 8], "texture": "#1"},
				"south": {"uv": [16, 6, 14, 8], "texture": "#1"},
				"west": {"uv": [16, 6, 14, 8], "texture": "#1"},
				"up": {"uv": [14, 8, 16, 6], "rotation": 90, "texture": "#1"},
				"down": {"uv": [14, 8, 16, 6], "rotation": 270, "texture": "#1"}
			}
		},
		{
			"from": [0.125, 9.16503, 12.84177],
			"to": [1.025, 10.06503, 13.74177],
			"shade": false,
			"rotation": {"angle": 22.5, "axis": "x", "origin": [3, 12.17145, 7.675]},
			"faces": {
				"north": {"uv": [14, 4, 12, 6], "texture": "#1"},
				"east": {"uv": [14, 4, 12, 6], "texture": "#1"},
				"south": {"uv": [14, 4, 12, 6], "texture": "#1"},
				"west": {"uv": [14, 4, 12, 6], "texture": "#1"},
				"up": {"uv": [12, 6, 14, 4], "rotation": 90, "texture": "#1"},
				"down": {"uv": [12, 6, 14, 4], "rotation": 270, "texture": "#1"}
			}
		},
		{
			"from": [1.325, 10.36503, 14.04177],
			"to": [-0.175, 8.86503, 12.54177],
			"shade": false,
			"rotation": {"angle": 22.5, "axis": "x", "origin": [3, 12.17145, 7.675]},
			"faces": {
				"north": {"uv": [16, 4, 14, 6], "texture": "#1"},
				"east": {"uv": [16, 4, 14, 6], "texture": "#1"},
				"south": {"uv": [16, 4, 14, 6], "texture": "#1"},
				"west": {"uv": [16, 4, 14, 6], "texture": "#1"},
				"up": {"uv": [14, 6, 16, 4], "rotation": 90, "texture": "#1"},
				"down": {"uv": [14, 6, 16, 4], "rotation": 270, "texture": "#1"}
			}
		},
		{
			"from": [0.175, 9.71503, 12.89177],
			"to": [0.975, 10.51503, 13.69177],
			"shade": false,
			"rotation": {"angle": 22.5, "axis": "x", "origin": [3, 12.17145, 7.675]},
			"faces": {
				"north": {"uv": [14, 2, 12, 4], "texture": "#1"},
				"east": {"uv": [14, 2, 12, 4], "texture": "#1"},
				"south": {"uv": [14, 2, 12, 4], "texture": "#1"},
				"west": {"uv": [14, 2, 12, 4], "texture": "#1"},
				"up": {"uv": [12, 4, 14, 2], "rotation": 90, "texture": "#1"},
				"down": {"uv": [12, 4, 14, 2], "rotation": 270, "texture": "#1"}
			}
		},
		{
			"from": [1.325, 10.86503, 14.04177],
			"to": [-0.175, 9.36503, 12.54177],
			"shade": false,
			"rotation": {"angle": 22.5, "axis": "x", "origin": [3, 12.17145, 7.675]},
			"faces": {
				"north": {"uv": [16, 2, 14, 4], "texture": "#1"},
				"east": {"uv": [16, 2, 14, 4], "texture": "#1"},
				"south": {"uv": [16, 2, 14, 4], "texture": "#1"},
				"west": {"uv": [16, 2, 14, 4], "texture": "#1"},
				"up": {"uv": [14, 4, 16, 2], "rotation": 90, "texture": "#1"},
				"down": {"uv": [14, 4, 16, 2], "rotation": 270, "texture": "#1"}
			}
		},
		{
			"from": [0.175, 6.83796, 1.87615],
			"to": [0.975, 7.63796, 2.67615],
			"shade": false,
			"rotation": {"angle": -22.5, "axis": "x", "origin": [3, 12.17145, 7.675]},
			"faces": {
				"north": {"uv": [10, 14, 8, 16], "texture": "#1"},
				"east": {"uv": [10, 14, 8, 16], "texture": "#1"},
				"south": {"uv": [10, 14, 8, 16], "texture": "#1"},
				"west": {"uv": [10, 14, 8, 16], "texture": "#1"},
				"up": {"uv": [8, 16, 10, 14], "rotation": 90, "texture": "#1"},
				"down": {"uv": [8, 16, 10, 14], "rotation": 270, "texture": "#1"}
			}
		},
		{
			"from": [1.325, 7.98796, 3.02615],
			"to": [-0.175, 6.48796, 1.52615],
			"shade": false,
			"rotation": {"angle": -22.5, "axis": "x", "origin": [3, 12.17145, 7.675]},
			"faces": {
				"north": {"uv": [12, 14, 10, 16], "texture": "#1"},
				"east": {"uv": [12, 14, 10, 16], "texture": "#1"},
				"south": {"uv": [12, 14, 10, 16], "texture": "#1"},
				"west": {"uv": [12, 14, 10, 16], "texture": "#1"},
				"up": {"uv": [10, 16, 12, 14], "rotation": 90, "texture": "#1"},
				"down": {"uv": [10, 16, 12, 14], "rotation": 270, "texture": "#1"}
			}
		},
		{
			"from": [0.125, 7.28796, 1.82615],
			"to": [1.025, 8.18796, 2.72615],
			"shade": false,
			"rotation": {"angle": -22.5, "axis": "x", "origin": [3, 12.17145, 7.675]},
			"faces": {
				"north": {"uv": [10, 12, 8, 14], "texture": "#1"},
				"east": {"uv": [10, 12, 8, 14], "texture": "#1"},
				"south": {"uv": [10, 12, 8, 14], "texture": "#1"},
				"west": {"uv": [10, 12, 8, 14], "texture": "#1"},
				"up": {"uv": [8, 14, 10, 12], "rotation": 90, "texture": "#1"},
				"down": {"uv": [8, 14, 10, 12], "rotation": 270, "texture": "#1"}
			}
		},
		{
			"from": [1.325, 8.48796, 3.02615],
			"to": [-0.175, 6.98796, 1.52615],
			"shade": false,
			"rotation": {"angle": -22.5, "axis": "x", "origin": [3, 12.17145, 7.675]},
			"faces": {
				"north": {"uv": [12, 12, 10, 14], "texture": "#1"},
				"east": {"uv": [12, 12, 10, 14], "texture": "#1"},
				"south": {"uv": [12, 12, 10, 14], "texture": "#1"},
				"west": {"uv": [12, 12, 10, 14], "texture": "#1"},
				"up": {"uv": [10, 14, 12, 12], "rotation": 90, "texture": "#1"},
				"down": {"uv": [10, 14, 12, 12], "rotation": 270, "texture": "#1"}
			}
		},
		{
			"from": [0.075, 7.73796, 1.77615],
			"to": [1.075, 8.73796, 2.77615],
			"shade": false,
			"rotation": {"angle": -22.5, "axis": "x", "origin": [3, 12.17145, 7.675]},
			"faces": {
				"north": {"uv": [10, 10, 8, 12], "texture": "#1"},
				"east": {"uv": [10, 10, 8, 12], "texture": "#1"},
				"south": {"uv": [10, 10, 8, 12], "texture": "#1"},
				"west": {"uv": [10, 10, 8, 12], "texture": "#1"},
				"up": {"uv": [8, 12, 10, 10], "rotation": 90, "texture": "#1"},
				"down": {"uv": [8, 12, 10, 10], "rotation": 270, "texture": "#1"}
			}
		},
		{
			"from": [1.325, 8.98796, 3.02615],
			"to": [-0.175, 7.48796, 1.52615],
			"shade": false,
			"rotation": {"angle": -22.5, "axis": "x", "origin": [3, 12.17145, 7.675]},
			"faces": {
				"north": {"uv": [12, 10, 10, 12], "texture": "#1"},
				"east": {"uv": [12, 10, 10, 12], "texture": "#1"},
				"south": {"uv": [12, 10, 10, 12], "texture": "#1"},
				"west": {"uv": [12, 10, 10, 12], "texture": "#1"},
				"up": {"uv": [10, 12, 12, 10], "rotation": 90, "texture": "#1"},
				"down": {"uv": [10, 12, 12, 10], "rotation": 270, "texture": "#1"}
			}
		},
		{
			"from": [0.075, 8.23796, 1.77615],
			"to": [1.075, 9.23796, 2.77615],
			"shade": false,
			"rotation": {"angle": -22.5, "axis": "x", "origin": [3, 12.17145, 7.675]},
			"faces": {
				"north": {"uv": [10, 8, 8, 10], "texture": "#1"},
				"east": {"uv": [10, 8, 8, 10], "texture": "#1"},
				"south": {"uv": [10, 8, 8, 10], "texture": "#1"},
				"west": {"uv": [10, 8, 8, 10], "texture": "#1"},
				"up": {"uv": [8, 10, 10, 8], "rotation": 90, "texture": "#1"},
				"down": {"uv": [8, 10, 10, 8], "rotation": 270, "texture": "#1"}
			}
		},
		{
			"from": [1.325, 9.48796, 3.02615],
			"to": [-0.175, 7.98796, 1.52615],
			"shade": false,
			"rotation": {"angle": -22.5, "axis": "x", "origin": [3, 12.17145, 7.675]},
			"faces": {
				"north": {"uv": [12, 8, 10, 10], "texture": "#1"},
				"east": {"uv": [12, 8, 10, 10], "texture": "#1"},
				"south": {"uv": [12, 8, 10, 10], "texture": "#1"},
				"west": {"uv": [12, 8, 10, 10], "texture": "#1"},
				"up": {"uv": [10, 10, 12, 8], "rotation": 90, "texture": "#1"},
				"down": {"uv": [10, 10, 12, 8], "rotation": 270, "texture": "#1"}
			}
		},
		{
			"from": [0.075, 8.73796, 1.77615],
			"to": [1.075, 9.73796, 2.77615],
			"shade": false,
			"rotation": {"angle": -22.5, "axis": "x", "origin": [3, 12.17145, 7.675]},
			"faces": {
				"north": {"uv": [10, 6, 8, 8], "texture": "#1"},
				"east": {"uv": [10, 6, 8, 8], "texture": "#1"},
				"south": {"uv": [10, 6, 8, 8], "texture": "#1"},
				"west": {"uv": [10, 6, 8, 8], "texture": "#1"},
				"up": {"uv": [8, 8, 10, 6], "rotation": 90, "texture": "#1"},
				"down": {"uv": [8, 8, 10, 6], "rotation": 270, "texture": "#1"}
			}
		},
		{
			"from": [1.325, 9.98796, 3.02615],
			"to": [-0.175, 8.48796, 1.52615],
			"shade": false,
			"rotation": {"angle": -22.5, "axis": "x", "origin": [3, 12.17145, 7.675]},
			"faces": {
				"north": {"uv": [12, 6, 10, 8], "texture": "#1"},
				"east": {"uv": [12, 6, 10, 8], "texture": "#1"},
				"south": {"uv": [12, 6, 10, 8], "texture": "#1"},
				"west": {"uv": [12, 6, 10, 8], "texture": "#1"},
				"up": {"uv": [10, 8, 12, 6], "rotation": 90, "texture": "#1"},
				"down": {"uv": [10, 8, 12, 6], "rotation": 270, "texture": "#1"}
			}
		},
		{
			"from": [0.125, 9.28796, 1.82615],
			"to": [1.025, 10.18796, 2.72615],
			"shade": false,
			"rotation": {"angle": -22.5, "axis": "x", "origin": [3, 12.17145, 7.675]},
			"faces": {
				"north": {"uv": [10, 4, 8, 6], "texture": "#1"},
				"east": {"uv": [10, 4, 8, 6], "texture": "#1"},
				"south": {"uv": [10, 4, 8, 6], "texture": "#1"},
				"west": {"uv": [10, 4, 8, 6], "texture": "#1"},
				"up": {"uv": [8, 6, 10, 4], "rotation": 90, "texture": "#1"},
				"down": {"uv": [8, 6, 10, 4], "rotation": 270, "texture": "#1"}
			}
		},
		{
			"from": [1.325, 10.48796, 3.02615],
			"to": [-0.175, 8.98796, 1.52615],
			"shade": false,
			"rotation": {"angle": -22.5, "axis": "x", "origin": [3, 12.17145, 7.675]},
			"faces": {
				"north": {"uv": [12, 4, 10, 6], "texture": "#1"},
				"east": {"uv": [12, 4, 10, 6], "texture": "#1"},
				"south": {"uv": [12, 4, 10, 6], "texture": "#1"},
				"west": {"uv": [12, 4, 10, 6], "texture": "#1"},
				"up": {"uv": [10, 6, 12, 4], "rotation": 90, "texture": "#1"},
				"down": {"uv": [10, 6, 12, 4], "rotation": 270, "texture": "#1"}
			}
		},
		{
			"from": [0.175, 9.83796, 1.87615],
			"to": [0.975, 10.63796, 2.67615],
			"shade": false,
			"rotation": {"angle": -22.5, "axis": "x", "origin": [3, 12.17145, 7.675]},
			"faces": {
				"north": {"uv": [10, 2, 8, 4], "texture": "#1"},
				"east": {"uv": [10, 2, 8, 4], "texture": "#1"},
				"south": {"uv": [10, 2, 8, 4], "texture": "#1"},
				"west": {"uv": [10, 2, 8, 4], "texture": "#1"},
				"up": {"uv": [8, 4, 10, 2], "rotation": 90, "texture": "#1"},
				"down": {"uv": [8, 4, 10, 2], "rotation": 270, "texture": "#1"}
			}
		},
		{
			"from": [1.325, 10.98796, 3.02615],
			"to": [-0.175, 9.48796, 1.52615],
			"shade": false,
			"rotation": {"angle": -22.5, "axis": "x", "origin": [3, 12.17145, 7.675]},
			"faces": {
				"north": {"uv": [12, 2, 10, 4], "texture": "#1"},
				"east": {"uv": [12, 2, 10, 4], "texture": "#1"},
				"south": {"uv": [12, 2, 10, 4], "texture": "#1"},
				"west": {"uv": [12, 2, 10, 4], "texture": "#1"},
				"up": {"uv": [10, 4, 12, 2], "rotation": 90, "texture": "#1"},
				"down": {"uv": [10, 4, 12, 2], "rotation": 270, "texture": "#1"}
			}
		}
	],
	"gui_light": "front",
	"display": {
		"thirdperson_righthand": {
			"rotation": [0, -180, 0],
			"translation": [1.5, -2.25, 2.75],
			"scale": [0.6, 0.6, 0.6]
		},
		"thirdperson_lefthand": {
			"translation": [1.5, -2.25, 3.25],
			"scale": [0.6, 0.6, 0.6]
		},
		"firstperson_righthand": {
			"rotation": [0, -85, 0],
			"translation": [2.25, -3.25, -2.75],
			"scale": [0.68554, 0.68554, 0.68554]
		},
		"firstperson_lefthand": {
			"rotation": [0, 85, 0],
			"translation": [2.25, -3.5, -2.75],
			"scale": [0.65821, 0.65821, 0.65821]
		},
		"ground": {
			"rotation": [94, -60, 0],
			"translation": [-1.75, 2, -2.25],
			"scale": [0.5, 0.5, 0.5]
		},
		"gui": {
			"rotation": [16, 67, 0],
			"translation": [0.75, -1.25, 0],
			"scale": [0.52476, 0.52476, 0.52476]
		},
		"head": {
			"rotation": [90, 22, 90],
			"translation": [2.75, 12, 0.25],
			"scale": [0.7, 0.7, 0.7]
		},
		"fixed": {
			"rotation": [0, -90, 0],
			"translation": [-1.75, -2, -0.75],
			"scale": [1.42109, 1.42109, 1.42109]
		}
	},
	"groups": [
		0,
		1,
		2,
		3,
		4,
		5,
		6,
		7,
		8,
		9,
		10,
		11,
		12,
		13,
		14,
		15,
		16,
		17,
		18,
		19,
		20,
		21,
		22,
		{
			"name": "particles",
			"origin": [8, 8, 8],
			"color": 0,
			"boneType": "",
			"children": [
				{
					"name": "particles1",
					"origin": [0, 0, 0],
					"color": 0,
					"boneType": "",
					"children": [
						{
							"name": "particle1",
							"origin": [0, 0, 0],
							"color": 0,
							"boneType": "",
							"children": [23, 24]
						},
						{
							"name": "particle2",
							"origin": [0, 0, 0],
							"color": 0,
							"boneType": "",
							"children": [25, 26]
						},
						{
							"name": "particle3",
							"origin": [0, 0, 0],
							"color": 0,
							"boneType": "",
							"children": [27, 28]
						},
						{
							"name": "particle4",
							"origin": [0, 0, 0],
							"color": 0,
							"boneType": "",
							"children": [29, 30]
						},
						{
							"name": "particle5",
							"origin": [0, 0, 0],
							"color": 0,
							"boneType": "",
							"children": [31, 32]
						},
						{
							"name": "particle6",
							"origin": [0, 0, 0],
							"color": 0,
							"boneType": "",
							"children": [33, 34]
						},
						{
							"name": "particle7",
							"origin": [0, 0, 0],
							"color": 0,
							"boneType": "",
							"children": [35, 36]
						}
					]
				},
				{
					"name": "particles2",
					"origin": [0, 0, 0],
					"color": 0,
					"boneType": "",
					"children": [
						{
							"name": "particle1",
							"origin": [0, 0, 0],
							"color": 0,
							"boneType": "",
							"children": [37, 38]
						},
						{
							"name": "particle2",
							"origin": [0, 0, 0],
							"color": 0,
							"boneType": "",
							"children": [39, 40]
						},
						{
							"name": "particle3",
							"origin": [0, 0, 0],
							"color": 0,
							"boneType": "",
							"children": [41, 42]
						},
						{
							"name": "particle4",
							"origin": [0, 0, 0],
							"color": 0,
							"boneType": "",
							"children": [43, 44]
						},
						{
							"name": "particle5",
							"origin": [0, 0, 0],
							"color": 0,
							"boneType": "",
							"children": [45, 46]
						},
						{
							"name": "particle6",
							"origin": [0, 0, 0],
							"color": 0,
							"boneType": "",
							"children": [47, 48]
						},
						{
							"name": "particle7",
							"origin": [0, 0, 0],
							"color": 0,
							"boneType": "",
							"children": [49, 50]
						}
					]
				},
				{
					"name": "particles3",
					"origin": [0, 0, 0],
					"color": 0,
					"boneType": "",
					"children": [
						{
							"name": "particle1",
							"origin": [0, 0, 0],
							"color": 0,
							"boneType": "",
							"children": [51, 52]
						},
						{
							"name": "particle2",
							"origin": [0, 0, 0],
							"color": 0,
							"boneType": "",
							"children": [53, 54]
						},
						{
							"name": "particle3",
							"origin": [0, 0, 0],
							"color": 0,
							"boneType": "",
							"children": [55, 56]
						},
						{
							"name": "particle4",
							"origin": [0, 0, 0],
							"color": 0,
							"boneType": "",
							"children": [57, 58]
						},
						{
							"name": "particle5",
							"origin": [0, 0, 0],
							"color": 0,
							"boneType": "",
							"children": [59, 60]
						},
						{
							"name": "particle6",
							"origin": [0, 0, 0],
							"color": 0,
							"boneType": "",
							"children": [61, 62]
						},
						{
							"name": "particle7",
							"origin": [0, 0, 0],
							"color": 0,
							"boneType": "",
							"children": [63, 64]
						}
					]
				},
				{
					"name": "particles4",
					"origin": [0, 0, 0],
					"color": 0,
					"boneType": "",
					"children": [
						{
							"name": "particle1",
							"origin": [0, 0, 0],
							"color": 0,
							"boneType": "",
							"children": [65, 66]
						},
						{
							"name": "particle2",
							"origin": [0, 0, 0],
							"color": 0,
							"boneType": "",
							"children": [67, 68]
						},
						{
							"name": "particle3",
							"origin": [0, 0, 0],
							"color": 0,
							"boneType": "",
							"children": [69, 70]
						},
						{
							"name": "particle4",
							"origin": [0, 0, 0],
							"color": 0,
							"boneType": "",
							"children": [71, 72]
						},
						{
							"name": "particle5",
							"origin": [0, 0, 0],
							"color": 0,
							"boneType": "",
							"children": [73, 74]
						},
						{
							"name": "particle6",
							"origin": [0, 0, 0],
							"color": 0,
							"boneType": "",
							"children": [75, 76]
						},
						{
							"name": "particle7",
							"origin": [0, 0, 0],
							"color": 0,
							"boneType": "",
							"children": [77, 78]
						}
					]
				}
			]
		}
	]
}