{
	"credit": "by w11shes",
	"textures": {
		"0": "elitecreatures:necromancer_assortment/halloween_sword",
		"1": "elitecreatures:necromancer_assortment/halloween_particle",
		"particle": "elitecreatures:necromancer_assortment/halloween_sword"
	},
	"elements": [
		{
			"from": [5.75, -2.02082, 18.27082],
			"to": [9.75, 1.97918, 22.27082],
			"rotation": {"angle": 45, "axis": "x", "origin": [8, 12, 8.25]},
			"faces": {
				"north": {"uv": [1.5, 7.5, 3.5, 9.5], "texture": "#0"},
				"east": {"uv": [8, 3.5, 10, 5.5], "texture": "#0"},
				"south": {"uv": [8, 5.5, 10, 7.5], "texture": "#0"},
				"west": {"uv": [8, 3.5, 10, 5.5], "rotation": 270, "texture": "#0"},
				"up": {"uv": [10, 9.5, 8, 7.5], "rotation": 270, "texture": "#0"},
				"down": {"uv": [5.5, 8.5, 3.5, 10.5], "rotation": 90, "texture": "#0"}
			}
		},
		{
			"from": [6.75, -1, 7.25],
			"to": [8.75, 7, 9.25],
			"rotation": {"angle": 0, "axis": "y", "origin": [8, 12, 8.25]},
			"faces": {
				"north": {"uv": [1.5, 9.5, 2.5, 13.5], "texture": "#0"},
				"east": {"uv": [1.5, 9.5, 2.5, 13.5], "texture": "#0"},
				"south": {"uv": [1.5, 9.5, 2.5, 13.5], "texture": "#0"},
				"west": {"uv": [1.5, 9.5, 2.5, 13.5], "texture": "#0"}
			}
		},
		{
			"from": [5.82322, -3, 6.42678],
			"to": [9.82322, -1, 10.42678],
			"rotation": {"angle": -45, "axis": "y", "origin": [8, 12, 8.25]},
			"faces": {
				"north": {"uv": [10, 7.5, 12, 8.5], "texture": "#0"},
				"east": {"uv": [10, 7.5, 12, 8.5], "texture": "#0"},
				"south": {"uv": [10, 7.5, 12, 8.5], "texture": "#0"},
				"west": {"uv": [10, 7.5, 12, 8.5], "texture": "#0"},
				"up": {"uv": [7.5, 10.5, 5.5, 8.5], "rotation": 270, "texture": "#0"},
				"down": {"uv": [11, 0, 9, 2], "rotation": 90, "texture": "#0"}
			}
		},
		{
			"from": [9.22051, 7.09359, 5.77],
			"to": [13.22051, 12.09359, 10.77],
			"rotation": {"angle": -22.5, "axis": "z", "origin": [8, 12, 8.25]},
			"faces": {
				"north": {"uv": [2.5, 2.5, 4.5, 5], "texture": "#0"},
				"east": {"uv": [0, 5, 2.5, 7.5], "texture": "#0"},
				"south": {"uv": [4.5, 2.5, 2.5, 5], "texture": "#0"},
				"west": {"uv": [2.5, 0, 5, 2.5], "texture": "#0"},
				"up": {"uv": [7.5, 2, 5, 0], "rotation": 270, "texture": "#0"},
				"down": {"uv": [5, 5, 2.5, 7], "rotation": 90, "texture": "#0"}
			}
		},
		{
			"from": [10.22051, 5.09359, 6.75],
			"to": [13.22051, 7.09359, 9.75],
			"rotation": {"angle": -22.5, "axis": "z", "origin": [8, 12, 8.25]},
			"faces": {
				"north": {"uv": [10, 8.5, 11.5, 9.5], "texture": "#0"},
				"east": {"uv": [4, 10.5, 5.5, 11.5], "texture": "#0"},
				"south": {"uv": [11.5, 8.5, 10, 9.5], "texture": "#0"},
				"west": {"uv": [3.5, 7.5, 5, 8.5], "texture": "#0"},
				"down": {"uv": [11.5, 4.5, 10, 6], "rotation": 90, "texture": "#0"}
			}
		},
		{
			"from": [2.31755, 7.28493, 5.75],
			"to": [6.31755, 12.28493, 10.75],
			"rotation": {"angle": 22.5, "axis": "z", "origin": [8, 12, 8.25]},
			"faces": {
				"north": {"uv": [4.5, 2.5, 2.5, 5], "texture": "#0"},
				"east": {"uv": [5, 0, 2.5, 2.5], "texture": "#0"},
				"south": {"uv": [2.5, 2.5, 4.5, 5], "texture": "#0"},
				"west": {"uv": [2.5, 5, 0, 7.5], "texture": "#0"},
				"up": {"uv": [7.5, 0, 5, 2], "rotation": 270, "texture": "#0"},
				"down": {"uv": [5, 7, 2.5, 5], "rotation": 90, "texture": "#0"}
			}
		},
		{
			"from": [2.31755, 5.28493, 6.75],
			"to": [5.31755, 7.28493, 9.75],
			"rotation": {"angle": 22.5, "axis": "z", "origin": [8, 12, 8.25]},
			"faces": {
				"north": {"uv": [11.5, 8.5, 10, 9.5], "texture": "#0"},
				"east": {"uv": [5, 7.5, 3.5, 8.5], "texture": "#0"},
				"south": {"uv": [10, 8.5, 11.5, 9.5], "texture": "#0"},
				"west": {"uv": [5.5, 10.5, 4, 11.5], "texture": "#0"},
				"down": {"uv": [11.5, 6, 10, 4.5], "rotation": 90, "texture": "#0"}
			}
		},
		{
			"from": [6.73, 10.59835, -0.38649],
			"to": [8.77, 13.59835, 4.61351],
			"rotation": {"angle": -22.5, "axis": "x", "origin": [8, 12, 8.25]},
			"faces": {
				"north": {"uv": [10.5, 10.5, 11.5, 12], "texture": "#0"},
				"east": {"uv": [9, 2, 11.5, 3.5], "texture": "#0"},
				"west": {"uv": [11.5, 2, 9, 3.5], "texture": "#0"},
				"up": {"uv": [11.5, 10.5, 9, 9.5], "rotation": 270, "texture": "#0"},
				"down": {"uv": [12.5, 3.5, 10, 4.5], "rotation": 90, "texture": "#0"}
			}
		},
		{
			"from": [7.75, 6.59835, -0.38649],
			"to": [7.8, 10.59835, 2.61351],
			"rotation": {"angle": -22.5, "axis": "x", "origin": [8, 12, 8.25]},
			"faces": {
				"east": {"uv": [7.5, 9.5, 9, 11.5], "texture": "#0"},
				"west": {"uv": [9, 9.5, 7.5, 11.5], "texture": "#0"}
			}
		},
		{
			"from": [6.75, 7.55881, 7.9516],
			"to": [8.75, 10.55881, 11.9516],
			"rotation": {"angle": -22.5, "axis": "x", "origin": [8, 12, 8.25]},
			"faces": {
				"east": {"uv": [12, 6, 10, 7.5], "texture": "#0"},
				"west": {"uv": [10, 6, 12, 7.5], "texture": "#0"},
				"up": {"uv": [5.5, 11.5, 7.5, 10.5], "rotation": 270, "texture": "#0"},
				"down": {"uv": [12, 0, 14, 1], "rotation": 90, "texture": "#0"}
			}
		},
		{
			"from": [6.75, 7.55881, 4.5484],
			"to": [8.75, 10.55881, 8.5484],
			"rotation": {"angle": 22.5, "axis": "x", "origin": [8, 12, 8.25]},
			"faces": {
				"east": {"uv": [10, 6, 12, 7.5], "texture": "#0"},
				"west": {"uv": [12, 6, 10, 7.5], "texture": "#0"},
				"up": {"uv": [7.5, 11.5, 5.5, 10.5], "rotation": 270, "texture": "#0"},
				"down": {"uv": [14, 0, 12, 1], "rotation": 90, "texture": "#0"}
			}
		},
		{
			"from": [6.73, 10.59835, 11.88649],
			"to": [8.77, 13.59835, 16.88649],
			"rotation": {"angle": 22.5, "axis": "x", "origin": [8, 12, 8.25]},
			"faces": {
				"east": {"uv": [11.5, 2, 9, 3.5], "texture": "#0"},
				"south": {"uv": [11.5, 10.5, 10.5, 12], "texture": "#0"},
				"west": {"uv": [9, 2, 11.5, 3.5], "texture": "#0"},
				"up": {"uv": [9, 10.5, 11.5, 9.5], "rotation": 270, "texture": "#0"},
				"down": {"uv": [10, 3.5, 12.5, 4.5], "rotation": 90, "texture": "#0"}
			}
		},
		{
			"from": [7.75, 6.59835, 13.88649],
			"to": [7.8, 10.59835, 16.88649],
			"rotation": {"angle": 22.5, "axis": "x", "origin": [8, 12, 8.25]},
			"faces": {
				"east": {"uv": [9, 9.5, 7.5, 11.5], "texture": "#0"},
				"west": {"uv": [7.5, 9.5, 9, 11.5], "texture": "#0"}
			}
		},
		{
			"from": [6.25, 8.6, 6.75],
			"to": [9.25, 18.6, 9.75],
			"rotation": {"angle": 0, "axis": "y", "origin": [8, 12, 8.25]},
			"faces": {
				"north": {"uv": [5, 3.5, 6.5, 8.5], "texture": "#0"},
				"east": {"uv": [6.5, 3.5, 8, 8.5], "texture": "#0"},
				"south": {"uv": [0, 7.5, 1.5, 12.5], "texture": "#0"},
				"west": {"uv": [6.5, 3.5, 8, 8.5], "texture": "#0"}
			}
		},
		{
			"from": [6.23, 15.60624, 2.52244],
			"to": [9.27, 17.72624, 4.64244],
			"rotation": {"angle": 45, "axis": "x", "origin": [8, 12, 8.25]},
			"faces": {
				"north": {"uv": [0, 12.5, 1.5, 13.5], "texture": "#0"},
				"east": {"uv": [11.5, 2.5, 12.5, 3.5], "texture": "#0"},
				"west": {"uv": [11.5, 2.5, 12.5, 3.5], "rotation": 270, "texture": "#0"},
				"up": {"uv": [12, 1.5, 11, 0], "rotation": 270, "texture": "#0"}
			}
		},
		{
			"from": [7.25, 16.5, 5.75],
			"to": [8.25, 26.5, 10.75],
			"rotation": {"angle": 0, "axis": "y", "origin": [8, 12, 8.25]},
			"faces": {
				"north": {"uv": [2, 0, 2.5, 5], "texture": "#0"},
				"east": {"uv": [0, 0, 2.5, 5], "texture": "#0"},
				"south": {"uv": [0, 0, 0.5, 5], "texture": "#0"},
				"west": {"uv": [2.5, 0, 0, 5], "texture": "#0"},
				"up": {"uv": [0, 0, 2.5, 0.5], "rotation": 270, "texture": "#0"}
			}
		},
		{
			"from": [7.75, 26.5, 5.75],
			"to": [7.8, 31.5, 10.75],
			"rotation": {"angle": 0, "axis": "y", "origin": [8, 12, 8.25]},
			"faces": {
				"east": {"uv": [2.5, 11.5, 5, 14], "texture": "#0"},
				"west": {"uv": [5, 11.5, 2.5, 14], "texture": "#0"}
			}
		},
		{
			"from": [7.23, 10.12522, 5.59589],
			"to": [8.27, 17.12522, 8.59589],
			"rotation": {"angle": -22.5, "axis": "x", "origin": [8, 12, 8.25]},
			"faces": {
				"north": {"uv": [8.5, 0, 9, 3.5], "texture": "#0"},
				"east": {"uv": [7.5, 0, 9, 3.5], "texture": "#0"},
				"west": {"uv": [9, 0, 7.5, 3.5], "texture": "#0"},
				"up": {"uv": [7.5, 0, 9, 0.5], "rotation": 270, "texture": "#0"}
			}
		},
		{
			"from": [7.23, 10.12522, 7.90411],
			"to": [8.27, 17.12522, 10.90411],
			"rotation": {"angle": 22.5, "axis": "x", "origin": [8, 12, 8.25]},
			"faces": {
				"east": {"uv": [6.5, 11.5, 5, 15], "texture": "#0"},
				"south": {"uv": [6.5, 11.5, 6, 15], "texture": "#0"},
				"west": {"uv": [5, 11.5, 6.5, 15], "texture": "#0"},
				"up": {"uv": [6.5, 11.5, 5, 12], "rotation": 270, "texture": "#0"}
			}
		},
		{
			"from": [13.72051, 6.59359, 10.25],
			"to": [9.72051, 4.59359, 6.25],
			"shade": false,
			"rotation": {"angle": -22.5, "axis": "z", "origin": [8, 12, 8.25]},
			"faces": {
				"north": {"uv": [15, 0, 16, 1], "texture": "#0"},
				"east": {"uv": [15, 0, 16, 1], "texture": "#0"},
				"south": {"uv": [15, 0, 16, 1], "texture": "#0"},
				"west": {"uv": [15, 0, 16, 1], "texture": "#0"},
				"up": {"uv": [16, 1, 15, 0], "rotation": 270, "texture": "#0"}
			}
		},
		{
			"from": [13.72051, 12.59359, 11.25],
			"to": [8.72051, 6.59359, 5.25],
			"shade": false,
			"rotation": {"angle": -22.5, "axis": "z", "origin": [8, 12, 8.25]},
			"faces": {
				"north": {"uv": [15, 0, 16, 1], "texture": "#0"},
				"east": {"uv": [15, 0, 16, 1], "texture": "#0"},
				"south": {"uv": [15, 0, 16, 1], "texture": "#0"},
				"west": {"uv": [15, 0, 16, 1], "texture": "#0"},
				"up": {"uv": [16, 3.5, 13.5, 1], "rotation": 270, "texture": "#0"},
				"down": {"uv": [16, 1, 15, 0], "rotation": 90, "texture": "#0"}
			}
		},
		{
			"from": [5.81755, 6.78493, 10.25],
			"to": [1.81755, 4.78493, 6.25],
			"shade": false,
			"rotation": {"angle": 22.5, "axis": "z", "origin": [8, 12, 8.25]},
			"faces": {
				"north": {"uv": [16, 0, 15, 1], "texture": "#0"},
				"east": {"uv": [16, 0, 15, 1], "texture": "#0"},
				"south": {"uv": [16, 0, 15, 1], "texture": "#0"},
				"west": {"uv": [16, 0, 15, 1], "texture": "#0"},
				"up": {"uv": [16, 0, 15, 1], "rotation": 270, "texture": "#0"}
			}
		},
		{
			"from": [6.81755, 12.78493, 11.25],
			"to": [1.81755, 6.78493, 5.25],
			"shade": false,
			"rotation": {"angle": 22.5, "axis": "z", "origin": [8, 12, 8.25]},
			"faces": {
				"north": {"uv": [16, 0, 15, 1], "texture": "#0"},
				"east": {"uv": [16, 0, 15, 1], "texture": "#0"},
				"south": {"uv": [16, 0, 15, 1], "texture": "#0"},
				"west": {"uv": [16, 0, 15, 1], "texture": "#0"},
				"up": {"uv": [16, 1, 13.5, 3.5], "rotation": 270, "texture": "#0"},
				"down": {"uv": [16, 0, 15, 1], "rotation": 90, "texture": "#0"}
			}
		},
		{
			"from": [3.35, 7.1, 11.2],
			"to": [4.15, 7.9, 12],
			"shade": false,
			"rotation": {"angle": 0, "axis": "y", "origin": [8, 12, 8.25]},
			"faces": {
				"north": {"uv": [0, 14, 2, 16], "texture": "#1"},
				"east": {"uv": [0, 14, 2, 16], "texture": "#1"},
				"south": {"uv": [0, 14, 2, 16], "texture": "#1"},
				"west": {"uv": [0, 14, 2, 16], "texture": "#1"},
				"up": {"uv": [0, 14, 2, 16], "rotation": 270, "texture": "#1"},
				"down": {"uv": [0, 14, 2, 16], "rotation": 90, "texture": "#1"}
			}
		},
		{
			"from": [4.5, 8.25, 12.35],
			"to": [3, 6.75, 10.85],
			"shade": false,
			"rotation": {"angle": 0, "axis": "y", "origin": [8, 12, 8.25]},
			"faces": {
				"north": {"uv": [2, 14, 4, 16], "texture": "#1"},
				"east": {"uv": [2, 14, 4, 16], "texture": "#1"},
				"south": {"uv": [2, 14, 4, 16], "texture": "#1"},
				"west": {"uv": [2, 14, 4, 16], "texture": "#1"},
				"up": {"uv": [2, 14, 4, 16], "rotation": 270, "texture": "#1"},
				"down": {"uv": [2, 14, 4, 16], "rotation": 90, "texture": "#1"}
			}
		},
		{
			"from": [3.3, 7.55, 11.15],
			"to": [4.2, 8.45, 12.05],
			"shade": false,
			"rotation": {"angle": 0, "axis": "y", "origin": [8, 12, 8.25]},
			"faces": {
				"north": {"uv": [0, 12, 2, 14], "texture": "#1"},
				"east": {"uv": [0, 12, 2, 14], "texture": "#1"},
				"south": {"uv": [0, 12, 2, 14], "texture": "#1"},
				"west": {"uv": [0, 12, 2, 14], "texture": "#1"},
				"up": {"uv": [0, 12, 2, 14], "rotation": 270, "texture": "#1"},
				"down": {"uv": [0, 12, 2, 14], "rotation": 90, "texture": "#1"}
			}
		},
		{
			"from": [4.5, 8.75, 12.35],
			"to": [3, 7.25, 10.85],
			"shade": false,
			"rotation": {"angle": 0, "axis": "y", "origin": [8, 12, 8.25]},
			"faces": {
				"north": {"uv": [2, 12, 4, 14], "texture": "#1"},
				"east": {"uv": [2, 12, 4, 14], "texture": "#1"},
				"south": {"uv": [2, 12, 4, 14], "texture": "#1"},
				"west": {"uv": [2, 12, 4, 14], "texture": "#1"},
				"up": {"uv": [2, 12, 4, 14], "rotation": 270, "texture": "#1"},
				"down": {"uv": [2, 12, 4, 14], "rotation": 90, "texture": "#1"}
			}
		},
		{
			"from": [3.25, 8, 11.1],
			"to": [4.25, 9, 12.1],
			"shade": false,
			"rotation": {"angle": 0, "axis": "y", "origin": [8, 12, 8.25]},
			"faces": {
				"north": {"uv": [0, 10, 2, 12], "texture": "#1"},
				"east": {"uv": [0, 10, 2, 12], "texture": "#1"},
				"south": {"uv": [0, 10, 2, 12], "texture": "#1"},
				"west": {"uv": [0, 10, 2, 12], "texture": "#1"},
				"up": {"uv": [0, 10, 2, 12], "rotation": 270, "texture": "#1"},
				"down": {"uv": [0, 10, 2, 12], "rotation": 90, "texture": "#1"}
			}
		},
		{
			"from": [4.5, 9.25, 12.35],
			"to": [3, 7.75, 10.85],
			"shade": false,
			"rotation": {"angle": 0, "axis": "y", "origin": [8, 12, 8.25]},
			"faces": {
				"north": {"uv": [2, 10, 4, 12], "texture": "#1"},
				"east": {"uv": [2, 10, 4, 12], "texture": "#1"},
				"south": {"uv": [2, 10, 4, 12], "texture": "#1"},
				"west": {"uv": [2, 10, 4, 12], "texture": "#1"},
				"up": {"uv": [2, 10, 4, 12], "rotation": 270, "texture": "#1"},
				"down": {"uv": [2, 10, 4, 12], "rotation": 90, "texture": "#1"}
			}
		},
		{
			"from": [3.25, 8.5, 11.1],
			"to": [4.25, 9.5, 12.1],
			"shade": false,
			"rotation": {"angle": 0, "axis": "y", "origin": [8, 12, 8.25]},
			"faces": {
				"north": {"uv": [0, 8, 2, 10], "texture": "#1"},
				"east": {"uv": [0, 8, 2, 10], "texture": "#1"},
				"south": {"uv": [0, 8, 2, 10], "texture": "#1"},
				"west": {"uv": [0, 8, 2, 10], "texture": "#1"},
				"up": {"uv": [0, 8, 2, 10], "rotation": 270, "texture": "#1"},
				"down": {"uv": [0, 8, 2, 10], "rotation": 90, "texture": "#1"}
			}
		},
		{
			"from": [4.5, 9.75, 12.35],
			"to": [3, 8.25, 10.85],
			"shade": false,
			"rotation": {"angle": 0, "axis": "y", "origin": [8, 12, 8.25]},
			"faces": {
				"north": {"uv": [2, 8, 4, 10], "texture": "#1"},
				"east": {"uv": [2, 8, 4, 10], "texture": "#1"},
				"south": {"uv": [2, 8, 4, 10], "texture": "#1"},
				"west": {"uv": [2, 8, 4, 10], "texture": "#1"},
				"up": {"uv": [2, 8, 4, 10], "rotation": 270, "texture": "#1"},
				"down": {"uv": [2, 8, 4, 10], "rotation": 90, "texture": "#1"}
			}
		},
		{
			"from": [3.25, 9, 11.1],
			"to": [4.25, 10, 12.1],
			"shade": false,
			"rotation": {"angle": 0, "axis": "y", "origin": [8, 12, 8.25]},
			"faces": {
				"north": {"uv": [0, 6, 2, 8], "texture": "#1"},
				"east": {"uv": [0, 6, 2, 8], "texture": "#1"},
				"south": {"uv": [0, 6, 2, 8], "texture": "#1"},
				"west": {"uv": [0, 6, 2, 8], "texture": "#1"},
				"up": {"uv": [0, 6, 2, 8], "rotation": 270, "texture": "#1"},
				"down": {"uv": [0, 6, 2, 8], "rotation": 90, "texture": "#1"}
			}
		},
		{
			"from": [4.5, 10.25, 12.35],
			"to": [3, 8.75, 10.85],
			"shade": false,
			"rotation": {"angle": 0, "axis": "y", "origin": [8, 12, 8.25]},
			"faces": {
				"north": {"uv": [2, 6, 4, 8], "texture": "#1"},
				"east": {"uv": [2, 6, 4, 8], "texture": "#1"},
				"south": {"uv": [2, 6, 4, 8], "texture": "#1"},
				"west": {"uv": [2, 6, 4, 8], "texture": "#1"},
				"up": {"uv": [2, 6, 4, 8], "rotation": 270, "texture": "#1"},
				"down": {"uv": [2, 6, 4, 8], "rotation": 90, "texture": "#1"}
			}
		},
		{
			"from": [3.3, 9.55, 11.15],
			"to": [4.2, 10.45, 12.05],
			"shade": false,
			"rotation": {"angle": 0, "axis": "y", "origin": [8, 12, 8.25]},
			"faces": {
				"north": {"uv": [0, 4, 2, 6], "texture": "#1"},
				"east": {"uv": [0, 4, 2, 6], "texture": "#1"},
				"south": {"uv": [0, 4, 2, 6], "texture": "#1"},
				"west": {"uv": [0, 4, 2, 6], "texture": "#1"},
				"up": {"uv": [0, 4, 2, 6], "rotation": 270, "texture": "#1"},
				"down": {"uv": [0, 4, 2, 6], "rotation": 90, "texture": "#1"}
			}
		},
		{
			"from": [4.5, 10.75, 12.35],
			"to": [3, 9.25, 10.85],
			"shade": false,
			"rotation": {"angle": 0, "axis": "y", "origin": [8, 12, 8.25]},
			"faces": {
				"north": {"uv": [2, 4, 4, 6], "texture": "#1"},
				"east": {"uv": [2, 4, 4, 6], "texture": "#1"},
				"south": {"uv": [2, 4, 4, 6], "texture": "#1"},
				"west": {"uv": [2, 4, 4, 6], "texture": "#1"},
				"up": {"uv": [2, 4, 4, 6], "rotation": 270, "texture": "#1"},
				"down": {"uv": [2, 4, 4, 6], "rotation": 90, "texture": "#1"}
			}
		},
		{
			"from": [3.35, 10.6, 11.2],
			"to": [4.15, 11.4, 12],
			"shade": false,
			"rotation": {"angle": 0, "axis": "y", "origin": [8, 12, 8.25]},
			"faces": {
				"north": {"uv": [0, 2, 2, 4], "texture": "#1"},
				"east": {"uv": [0, 2, 2, 4], "texture": "#1"},
				"south": {"uv": [0, 2, 2, 4], "texture": "#1"},
				"west": {"uv": [0, 2, 2, 4], "texture": "#1"},
				"up": {"uv": [0, 2, 2, 4], "rotation": 270, "texture": "#1"},
				"down": {"uv": [0, 2, 2, 4], "rotation": 90, "texture": "#1"}
			}
		},
		{
			"from": [4.5, 11.75, 12.35],
			"to": [3, 10.25, 10.85],
			"shade": false,
			"rotation": {"angle": 0, "axis": "y", "origin": [8, 12, 8.25]},
			"faces": {
				"north": {"uv": [2, 2, 4, 4], "texture": "#1"},
				"east": {"uv": [2, 2, 4, 4], "texture": "#1"},
				"south": {"uv": [2, 2, 4, 4], "texture": "#1"},
				"west": {"uv": [2, 2, 4, 4], "texture": "#1"},
				"up": {"uv": [2, 2, 4, 4], "rotation": 270, "texture": "#1"},
				"down": {"uv": [2, 2, 4, 4], "rotation": 90, "texture": "#1"}
			}
		},
		{
			"from": [3.35, 7.1, 4.5],
			"to": [4.15, 7.9, 5.3],
			"shade": false,
			"rotation": {"angle": 0, "axis": "y", "origin": [8, 12, 8.25]},
			"faces": {
				"north": {"uv": [4, 14, 6, 16], "texture": "#1"},
				"east": {"uv": [4, 14, 6, 16], "texture": "#1"},
				"south": {"uv": [4, 14, 6, 16], "texture": "#1"},
				"west": {"uv": [4, 14, 6, 16], "texture": "#1"},
				"up": {"uv": [4, 14, 6, 16], "rotation": 270, "texture": "#1"},
				"down": {"uv": [4, 14, 6, 16], "rotation": 90, "texture": "#1"}
			}
		},
		{
			"from": [4.5, 8.25, 5.65],
			"to": [3, 6.75, 4.15],
			"shade": false,
			"rotation": {"angle": 0, "axis": "y", "origin": [8, 12, 8.25]},
			"faces": {
				"north": {"uv": [6, 14, 8, 16], "texture": "#1"},
				"east": {"uv": [6, 14, 8, 16], "texture": "#1"},
				"south": {"uv": [6, 14, 8, 16], "texture": "#1"},
				"west": {"uv": [6, 14, 8, 16], "texture": "#1"},
				"up": {"uv": [6, 14, 8, 16], "rotation": 270, "texture": "#1"},
				"down": {"uv": [6, 14, 8, 16], "rotation": 90, "texture": "#1"}
			}
		},
		{
			"from": [3.3, 7.55, 4.45],
			"to": [4.2, 8.45, 5.35],
			"shade": false,
			"rotation": {"angle": 0, "axis": "y", "origin": [8, 12, 8.25]},
			"faces": {
				"north": {"uv": [4, 12, 6, 14], "texture": "#1"},
				"east": {"uv": [4, 12, 6, 14], "texture": "#1"},
				"south": {"uv": [4, 12, 6, 14], "texture": "#1"},
				"west": {"uv": [4, 12, 6, 14], "texture": "#1"},
				"up": {"uv": [4, 12, 6, 14], "rotation": 270, "texture": "#1"},
				"down": {"uv": [4, 12, 6, 14], "rotation": 90, "texture": "#1"}
			}
		},
		{
			"from": [4.5, 8.75, 5.65],
			"to": [3, 7.25, 4.15],
			"shade": false,
			"rotation": {"angle": 0, "axis": "y", "origin": [8, 12, 8.25]},
			"faces": {
				"north": {"uv": [6, 12, 8, 14], "texture": "#1"},
				"east": {"uv": [6, 12, 8, 14], "texture": "#1"},
				"south": {"uv": [6, 12, 8, 14], "texture": "#1"},
				"west": {"uv": [6, 12, 8, 14], "texture": "#1"},
				"up": {"uv": [6, 12, 8, 14], "rotation": 270, "texture": "#1"},
				"down": {"uv": [6, 12, 8, 14], "rotation": 90, "texture": "#1"}
			}
		},
		{
			"from": [3.25, 8.5, 4.4],
			"to": [4.25, 9.5, 5.4],
			"shade": false,
			"rotation": {"angle": 0, "axis": "y", "origin": [8, 12, 8.25]},
			"faces": {
				"north": {"uv": [4, 10, 6, 12], "texture": "#1"},
				"east": {"uv": [4, 10, 6, 12], "texture": "#1"},
				"south": {"uv": [4, 10, 6, 12], "texture": "#1"},
				"west": {"uv": [4, 10, 6, 12], "texture": "#1"},
				"up": {"uv": [4, 10, 6, 12], "rotation": 270, "texture": "#1"},
				"down": {"uv": [4, 10, 6, 12], "rotation": 90, "texture": "#1"}
			}
		},
		{
			"from": [4.5, 9.75, 5.65],
			"to": [3, 8.25, 4.15],
			"shade": false,
			"rotation": {"angle": 0, "axis": "y", "origin": [8, 12, 8.25]},
			"faces": {
				"north": {"uv": [6, 10, 8, 12], "texture": "#1"},
				"east": {"uv": [6, 10, 8, 12], "texture": "#1"},
				"south": {"uv": [6, 10, 8, 12], "texture": "#1"},
				"west": {"uv": [6, 10, 8, 12], "texture": "#1"},
				"up": {"uv": [6, 10, 8, 12], "rotation": 270, "texture": "#1"},
				"down": {"uv": [6, 10, 8, 12], "rotation": 90, "texture": "#1"}
			}
		},
		{
			"from": [3.25, 9, 4.4],
			"to": [4.25, 10, 5.4],
			"shade": false,
			"rotation": {"angle": 0, "axis": "y", "origin": [8, 12, 8.25]},
			"faces": {
				"north": {"uv": [4, 8, 6, 10], "texture": "#1"},
				"east": {"uv": [4, 8, 6, 10], "texture": "#1"},
				"south": {"uv": [4, 8, 6, 10], "texture": "#1"},
				"west": {"uv": [4, 8, 6, 10], "texture": "#1"},
				"up": {"uv": [4, 8, 6, 10], "rotation": 270, "texture": "#1"},
				"down": {"uv": [4, 8, 6, 10], "rotation": 90, "texture": "#1"}
			}
		},
		{
			"from": [4.5, 10.25, 5.65],
			"to": [3, 8.75, 4.15],
			"shade": false,
			"rotation": {"angle": 0, "axis": "y", "origin": [8, 12, 8.25]},
			"faces": {
				"north": {"uv": [6, 8, 8, 10], "texture": "#1"},
				"east": {"uv": [6, 8, 8, 10], "texture": "#1"},
				"south": {"uv": [6, 8, 8, 10], "texture": "#1"},
				"west": {"uv": [6, 8, 8, 10], "texture": "#1"},
				"up": {"uv": [6, 8, 8, 10], "rotation": 270, "texture": "#1"},
				"down": {"uv": [6, 8, 8, 10], "rotation": 90, "texture": "#1"}
			}
		},
		{
			"from": [3.25, 9.5, 4.4],
			"to": [4.25, 10.5, 5.4],
			"shade": false,
			"rotation": {"angle": 0, "axis": "y", "origin": [8, 12, 8.25]},
			"faces": {
				"north": {"uv": [4, 6, 6, 8], "texture": "#1"},
				"east": {"uv": [4, 6, 6, 8], "texture": "#1"},
				"south": {"uv": [4, 6, 6, 8], "texture": "#1"},
				"west": {"uv": [4, 6, 6, 8], "texture": "#1"},
				"up": {"uv": [4, 6, 6, 8], "rotation": 270, "texture": "#1"},
				"down": {"uv": [4, 6, 6, 8], "rotation": 90, "texture": "#1"}
			}
		},
		{
			"from": [4.5, 10.75, 5.65],
			"to": [3, 9.25, 4.15],
			"shade": false,
			"rotation": {"angle": 0, "axis": "y", "origin": [8, 12, 8.25]},
			"faces": {
				"north": {"uv": [6, 6, 8, 8], "texture": "#1"},
				"east": {"uv": [6, 6, 8, 8], "texture": "#1"},
				"south": {"uv": [6, 6, 8, 8], "texture": "#1"},
				"west": {"uv": [6, 6, 8, 8], "texture": "#1"},
				"up": {"uv": [6, 6, 8, 8], "rotation": 270, "texture": "#1"},
				"down": {"uv": [6, 6, 8, 8], "rotation": 90, "texture": "#1"}
			}
		},
		{
			"from": [3.3, 10.05, 4.45],
			"to": [4.2, 10.95, 5.35],
			"shade": false,
			"rotation": {"angle": 0, "axis": "y", "origin": [8, 12, 8.25]},
			"faces": {
				"north": {"uv": [4, 4, 6, 6], "texture": "#1"},
				"east": {"uv": [4, 4, 6, 6], "texture": "#1"},
				"south": {"uv": [4, 4, 6, 6], "texture": "#1"},
				"west": {"uv": [4, 4, 6, 6], "texture": "#1"},
				"up": {"uv": [4, 4, 6, 6], "rotation": 270, "texture": "#1"},
				"down": {"uv": [4, 4, 6, 6], "rotation": 90, "texture": "#1"}
			}
		},
		{
			"from": [4.5, 11.25, 5.65],
			"to": [3, 9.75, 4.15],
			"shade": false,
			"rotation": {"angle": 0, "axis": "y", "origin": [8, 12, 8.25]},
			"faces": {
				"north": {"uv": [6, 4, 8, 6], "texture": "#1"},
				"east": {"uv": [6, 4, 8, 6], "texture": "#1"},
				"south": {"uv": [6, 4, 8, 6], "texture": "#1"},
				"west": {"uv": [6, 4, 8, 6], "texture": "#1"},
				"up": {"uv": [6, 4, 8, 6], "rotation": 270, "texture": "#1"},
				"down": {"uv": [6, 4, 8, 6], "rotation": 90, "texture": "#1"}
			}
		},
		{
			"from": [3.35, 10.6, 4.5],
			"to": [4.15, 11.4, 5.3],
			"shade": false,
			"rotation": {"angle": 0, "axis": "y", "origin": [8, 12, 8.25]},
			"faces": {
				"north": {"uv": [4, 2, 6, 4], "texture": "#1"},
				"east": {"uv": [4, 2, 6, 4], "texture": "#1"},
				"south": {"uv": [4, 2, 6, 4], "texture": "#1"},
				"west": {"uv": [4, 2, 6, 4], "texture": "#1"},
				"up": {"uv": [4, 2, 6, 4], "rotation": 270, "texture": "#1"},
				"down": {"uv": [4, 2, 6, 4], "rotation": 90, "texture": "#1"}
			}
		},
		{
			"from": [4.5, 11.75, 5.65],
			"to": [3, 10.25, 4.15],
			"shade": false,
			"rotation": {"angle": 0, "axis": "y", "origin": [8, 12, 8.25]},
			"faces": {
				"north": {"uv": [6, 2, 8, 4], "texture": "#1"},
				"east": {"uv": [6, 2, 8, 4], "texture": "#1"},
				"south": {"uv": [6, 2, 8, 4], "texture": "#1"},
				"west": {"uv": [6, 2, 8, 4], "texture": "#1"},
				"up": {"uv": [6, 2, 8, 4], "rotation": 270, "texture": "#1"},
				"down": {"uv": [6, 2, 8, 4], "rotation": 90, "texture": "#1"}
			}
		},
		{
			"from": [11.85, 7.1, 4.5],
			"to": [12.65, 7.9, 5.3],
			"shade": false,
			"rotation": {"angle": 0, "axis": "y", "origin": [8, 12, 8.25]},
			"faces": {
				"north": {"uv": [12, 14, 14, 16], "texture": "#1"},
				"east": {"uv": [12, 14, 14, 16], "texture": "#1"},
				"south": {"uv": [12, 14, 14, 16], "texture": "#1"},
				"west": {"uv": [12, 14, 14, 16], "texture": "#1"},
				"up": {"uv": [12, 14, 14, 16], "rotation": 270, "texture": "#1"},
				"down": {"uv": [12, 14, 14, 16], "rotation": 90, "texture": "#1"}
			}
		},
		{
			"from": [13, 8.25, 5.65],
			"to": [11.5, 6.75, 4.15],
			"shade": false,
			"rotation": {"angle": 0, "axis": "y", "origin": [8, 12, 8.25]},
			"faces": {
				"north": {"uv": [14, 14, 16, 16], "texture": "#1"},
				"east": {"uv": [14, 14, 16, 16], "texture": "#1"},
				"south": {"uv": [14, 14, 16, 16], "texture": "#1"},
				"west": {"uv": [14, 14, 16, 16], "texture": "#1"},
				"up": {"uv": [14, 14, 16, 16], "rotation": 270, "texture": "#1"},
				"down": {"uv": [14, 14, 16, 16], "rotation": 90, "texture": "#1"}
			}
		},
		{
			"from": [11.8, 7.55, 4.45],
			"to": [12.7, 8.45, 5.35],
			"shade": false,
			"rotation": {"angle": 0, "axis": "y", "origin": [8, 12, 8.25]},
			"faces": {
				"north": {"uv": [12, 12, 14, 14], "texture": "#1"},
				"east": {"uv": [12, 12, 14, 14], "texture": "#1"},
				"south": {"uv": [12, 12, 14, 14], "texture": "#1"},
				"west": {"uv": [12, 12, 14, 14], "texture": "#1"},
				"up": {"uv": [12, 12, 14, 14], "rotation": 270, "texture": "#1"},
				"down": {"uv": [12, 12, 14, 14], "rotation": 90, "texture": "#1"}
			}
		},
		{
			"from": [13, 8.75, 5.65],
			"to": [11.5, 7.25, 4.15],
			"shade": false,
			"rotation": {"angle": 0, "axis": "y", "origin": [8, 12, 8.25]},
			"faces": {
				"north": {"uv": [14, 12, 16, 14], "texture": "#1"},
				"east": {"uv": [14, 12, 16, 14], "texture": "#1"},
				"south": {"uv": [14, 12, 16, 14], "texture": "#1"},
				"west": {"uv": [14, 12, 16, 14], "texture": "#1"},
				"up": {"uv": [14, 12, 16, 14], "rotation": 270, "texture": "#1"},
				"down": {"uv": [14, 12, 16, 14], "rotation": 90, "texture": "#1"}
			}
		},
		{
			"from": [11.75, 8, 4.4],
			"to": [12.75, 9, 5.4],
			"shade": false,
			"rotation": {"angle": 0, "axis": "y", "origin": [8, 12, 8.25]},
			"faces": {
				"north": {"uv": [12, 10, 14, 12], "texture": "#1"},
				"east": {"uv": [12, 10, 14, 12], "texture": "#1"},
				"south": {"uv": [12, 10, 14, 12], "texture": "#1"},
				"west": {"uv": [12, 10, 14, 12], "texture": "#1"},
				"up": {"uv": [12, 10, 14, 12], "rotation": 270, "texture": "#1"},
				"down": {"uv": [12, 10, 14, 12], "rotation": 90, "texture": "#1"}
			}
		},
		{
			"from": [13, 9.25, 5.65],
			"to": [11.5, 7.75, 4.15],
			"shade": false,
			"rotation": {"angle": 0, "axis": "y", "origin": [8, 12, 8.25]},
			"faces": {
				"north": {"uv": [14, 10, 16, 12], "texture": "#1"},
				"east": {"uv": [14, 10, 16, 12], "texture": "#1"},
				"south": {"uv": [14, 10, 16, 12], "texture": "#1"},
				"west": {"uv": [14, 10, 16, 12], "texture": "#1"},
				"up": {"uv": [14, 10, 16, 12], "rotation": 270, "texture": "#1"},
				"down": {"uv": [14, 10, 16, 12], "rotation": 90, "texture": "#1"}
			}
		},
		{
			"from": [11.75, 8.5, 4.4],
			"to": [12.75, 9.5, 5.4],
			"shade": false,
			"rotation": {"angle": 0, "axis": "y", "origin": [8, 12, 8.25]},
			"faces": {
				"north": {"uv": [12, 8, 14, 10], "texture": "#1"},
				"east": {"uv": [12, 8, 14, 10], "texture": "#1"},
				"south": {"uv": [12, 8, 14, 10], "texture": "#1"},
				"west": {"uv": [12, 8, 14, 10], "texture": "#1"},
				"up": {"uv": [12, 8, 14, 10], "rotation": 270, "texture": "#1"},
				"down": {"uv": [12, 8, 14, 10], "rotation": 90, "texture": "#1"}
			}
		},
		{
			"from": [13, 9.75, 5.65],
			"to": [11.5, 8.25, 4.15],
			"shade": false,
			"rotation": {"angle": 0, "axis": "y", "origin": [8, 12, 8.25]},
			"faces": {
				"north": {"uv": [14, 8, 16, 10], "texture": "#1"},
				"east": {"uv": [14, 8, 16, 10], "texture": "#1"},
				"south": {"uv": [14, 8, 16, 10], "texture": "#1"},
				"west": {"uv": [14, 8, 16, 10], "texture": "#1"},
				"up": {"uv": [14, 8, 16, 10], "rotation": 270, "texture": "#1"},
				"down": {"uv": [14, 8, 16, 10], "rotation": 90, "texture": "#1"}
			}
		},
		{
			"from": [11.75, 9, 4.4],
			"to": [12.75, 10, 5.4],
			"shade": false,
			"rotation": {"angle": 0, "axis": "y", "origin": [8, 12, 8.25]},
			"faces": {
				"north": {"uv": [12, 6, 14, 8], "texture": "#1"},
				"east": {"uv": [12, 6, 14, 8], "texture": "#1"},
				"south": {"uv": [12, 6, 14, 8], "texture": "#1"},
				"west": {"uv": [12, 6, 14, 8], "texture": "#1"},
				"up": {"uv": [12, 6, 14, 8], "rotation": 270, "texture": "#1"},
				"down": {"uv": [12, 6, 14, 8], "rotation": 90, "texture": "#1"}
			}
		},
		{
			"from": [13, 10.25, 5.65],
			"to": [11.5, 8.75, 4.15],
			"shade": false,
			"rotation": {"angle": 0, "axis": "y", "origin": [8, 12, 8.25]},
			"faces": {
				"north": {"uv": [14, 6, 16, 8], "texture": "#1"},
				"east": {"uv": [14, 6, 16, 8], "texture": "#1"},
				"south": {"uv": [14, 6, 16, 8], "texture": "#1"},
				"west": {"uv": [14, 6, 16, 8], "texture": "#1"},
				"up": {"uv": [14, 6, 16, 8], "rotation": 270, "texture": "#1"},
				"down": {"uv": [14, 6, 16, 8], "rotation": 90, "texture": "#1"}
			}
		},
		{
			"from": [11.8, 9.55, 4.45],
			"to": [12.7, 10.45, 5.35],
			"shade": false,
			"rotation": {"angle": 0, "axis": "y", "origin": [8, 12, 8.25]},
			"faces": {
				"north": {"uv": [12, 4, 14, 6], "texture": "#1"},
				"east": {"uv": [12, 4, 14, 6], "texture": "#1"},
				"south": {"uv": [12, 4, 14, 6], "texture": "#1"},
				"west": {"uv": [12, 4, 14, 6], "texture": "#1"},
				"up": {"uv": [12, 4, 14, 6], "rotation": 270, "texture": "#1"},
				"down": {"uv": [12, 4, 14, 6], "rotation": 90, "texture": "#1"}
			}
		},
		{
			"from": [13, 10.75, 5.65],
			"to": [11.5, 9.25, 4.15],
			"shade": false,
			"rotation": {"angle": 0, "axis": "y", "origin": [8, 12, 8.25]},
			"faces": {
				"north": {"uv": [14, 4, 16, 6], "texture": "#1"},
				"east": {"uv": [14, 4, 16, 6], "texture": "#1"},
				"south": {"uv": [14, 4, 16, 6], "texture": "#1"},
				"west": {"uv": [14, 4, 16, 6], "texture": "#1"},
				"up": {"uv": [14, 4, 16, 6], "rotation": 270, "texture": "#1"},
				"down": {"uv": [14, 4, 16, 6], "rotation": 90, "texture": "#1"}
			}
		},
		{
			"from": [11.85, 10.1, 4.5],
			"to": [12.65, 10.9, 5.3],
			"shade": false,
			"rotation": {"angle": 0, "axis": "y", "origin": [8, 12, 8.25]},
			"faces": {
				"north": {"uv": [12, 2, 14, 4], "texture": "#1"},
				"east": {"uv": [12, 2, 14, 4], "texture": "#1"},
				"south": {"uv": [12, 2, 14, 4], "texture": "#1"},
				"west": {"uv": [12, 2, 14, 4], "texture": "#1"},
				"up": {"uv": [12, 2, 14, 4], "rotation": 270, "texture": "#1"},
				"down": {"uv": [12, 2, 14, 4], "rotation": 90, "texture": "#1"}
			}
		},
		{
			"from": [13, 11.25, 5.65],
			"to": [11.5, 9.75, 4.15],
			"shade": false,
			"rotation": {"angle": 0, "axis": "y", "origin": [8, 12, 8.25]},
			"faces": {
				"north": {"uv": [14, 2, 16, 4], "texture": "#1"},
				"east": {"uv": [14, 2, 16, 4], "texture": "#1"},
				"south": {"uv": [14, 2, 16, 4], "texture": "#1"},
				"west": {"uv": [14, 2, 16, 4], "texture": "#1"},
				"up": {"uv": [14, 2, 16, 4], "rotation": 270, "texture": "#1"},
				"down": {"uv": [14, 2, 16, 4], "rotation": 90, "texture": "#1"}
			}
		},
		{
			"from": [11.85, 7.1, 11.2],
			"to": [12.65, 7.9, 12],
			"shade": false,
			"rotation": {"angle": 0, "axis": "y", "origin": [8, 12, 8.25]},
			"faces": {
				"north": {"uv": [8, 14, 10, 16], "texture": "#1"},
				"east": {"uv": [8, 14, 10, 16], "texture": "#1"},
				"south": {"uv": [8, 14, 10, 16], "texture": "#1"},
				"west": {"uv": [8, 14, 10, 16], "texture": "#1"},
				"up": {"uv": [8, 14, 10, 16], "rotation": 270, "texture": "#1"},
				"down": {"uv": [8, 14, 10, 16], "rotation": 90, "texture": "#1"}
			}
		},
		{
			"from": [13, 8.25, 12.35],
			"to": [11.5, 6.75, 10.85],
			"shade": false,
			"rotation": {"angle": 0, "axis": "y", "origin": [8, 12, 8.25]},
			"faces": {
				"north": {"uv": [10, 14, 12, 16], "texture": "#1"},
				"east": {"uv": [10, 14, 12, 16], "texture": "#1"},
				"south": {"uv": [10, 14, 12, 16], "texture": "#1"},
				"west": {"uv": [10, 14, 12, 16], "texture": "#1"},
				"up": {"uv": [10, 14, 12, 16], "rotation": 270, "texture": "#1"},
				"down": {"uv": [10, 14, 12, 16], "rotation": 90, "texture": "#1"}
			}
		},
		{
			"from": [11.8, 7.55, 11.15],
			"to": [12.7, 8.45, 12.05],
			"shade": false,
			"rotation": {"angle": 0, "axis": "y", "origin": [8, 12, 8.25]},
			"faces": {
				"north": {"uv": [8, 12, 10, 14], "texture": "#1"},
				"east": {"uv": [8, 12, 10, 14], "texture": "#1"},
				"south": {"uv": [8, 12, 10, 14], "texture": "#1"},
				"west": {"uv": [8, 12, 10, 14], "texture": "#1"},
				"up": {"uv": [8, 12, 10, 14], "rotation": 270, "texture": "#1"},
				"down": {"uv": [8, 12, 10, 14], "rotation": 90, "texture": "#1"}
			}
		},
		{
			"from": [13, 8.75, 12.35],
			"to": [11.5, 7.25, 10.85],
			"shade": false,
			"rotation": {"angle": 0, "axis": "y", "origin": [8, 12, 8.25]},
			"faces": {
				"north": {"uv": [10, 12, 12, 14], "texture": "#1"},
				"east": {"uv": [10, 12, 12, 14], "texture": "#1"},
				"south": {"uv": [10, 12, 12, 14], "texture": "#1"},
				"west": {"uv": [10, 12, 12, 14], "texture": "#1"},
				"up": {"uv": [10, 12, 12, 14], "rotation": 270, "texture": "#1"},
				"down": {"uv": [10, 12, 12, 14], "rotation": 90, "texture": "#1"}
			}
		},
		{
			"from": [11.75, 8, 11.1],
			"to": [12.75, 9, 12.1],
			"shade": false,
			"rotation": {"angle": 0, "axis": "y", "origin": [8, 12, 8.25]},
			"faces": {
				"north": {"uv": [8, 10, 10, 12], "texture": "#1"},
				"east": {"uv": [8, 10, 10, 12], "texture": "#1"},
				"south": {"uv": [8, 10, 10, 12], "texture": "#1"},
				"west": {"uv": [8, 10, 10, 12], "texture": "#1"},
				"up": {"uv": [8, 10, 10, 12], "rotation": 270, "texture": "#1"},
				"down": {"uv": [8, 10, 10, 12], "rotation": 90, "texture": "#1"}
			}
		},
		{
			"from": [13, 9.25, 12.35],
			"to": [11.5, 7.75, 10.85],
			"shade": false,
			"rotation": {"angle": 0, "axis": "y", "origin": [8, 12, 8.25]},
			"faces": {
				"north": {"uv": [10, 10, 12, 12], "texture": "#1"},
				"east": {"uv": [10, 10, 12, 12], "texture": "#1"},
				"south": {"uv": [10, 10, 12, 12], "texture": "#1"},
				"west": {"uv": [10, 10, 12, 12], "texture": "#1"},
				"up": {"uv": [10, 10, 12, 12], "rotation": 270, "texture": "#1"},
				"down": {"uv": [10, 10, 12, 12], "rotation": 90, "texture": "#1"}
			}
		},
		{
			"from": [11.75, 8.5, 11.1],
			"to": [12.75, 9.5, 12.1],
			"shade": false,
			"rotation": {"angle": 0, "axis": "y", "origin": [8, 12, 8.25]},
			"faces": {
				"north": {"uv": [8, 8, 10, 10], "texture": "#1"},
				"east": {"uv": [8, 8, 10, 10], "texture": "#1"},
				"south": {"uv": [8, 8, 10, 10], "texture": "#1"},
				"west": {"uv": [8, 8, 10, 10], "texture": "#1"},
				"up": {"uv": [8, 8, 10, 10], "rotation": 270, "texture": "#1"},
				"down": {"uv": [8, 8, 10, 10], "rotation": 90, "texture": "#1"}
			}
		},
		{
			"from": [13, 9.75, 12.35],
			"to": [11.5, 8.25, 10.85],
			"shade": false,
			"rotation": {"angle": 0, "axis": "y", "origin": [8, 12, 8.25]},
			"faces": {
				"north": {"uv": [10, 8, 12, 10], "texture": "#1"},
				"east": {"uv": [10, 8, 12, 10], "texture": "#1"},
				"south": {"uv": [10, 8, 12, 10], "texture": "#1"},
				"west": {"uv": [10, 8, 12, 10], "texture": "#1"},
				"up": {"uv": [10, 8, 12, 10], "rotation": 270, "texture": "#1"},
				"down": {"uv": [10, 8, 12, 10], "rotation": 90, "texture": "#1"}
			}
		},
		{
			"from": [11.75, 9, 11.1],
			"to": [12.75, 10, 12.1],
			"shade": false,
			"rotation": {"angle": 0, "axis": "y", "origin": [8, 12, 8.25]},
			"faces": {
				"north": {"uv": [8, 6, 10, 8], "texture": "#1"},
				"east": {"uv": [8, 6, 10, 8], "texture": "#1"},
				"south": {"uv": [8, 6, 10, 8], "texture": "#1"},
				"west": {"uv": [8, 6, 10, 8], "texture": "#1"},
				"up": {"uv": [8, 6, 10, 8], "rotation": 270, "texture": "#1"},
				"down": {"uv": [8, 6, 10, 8], "rotation": 90, "texture": "#1"}
			}
		},
		{
			"from": [13, 10.25, 12.35],
			"to": [11.5, 8.75, 10.85],
			"shade": false,
			"rotation": {"angle": 0, "axis": "y", "origin": [8, 12, 8.25]},
			"faces": {
				"north": {"uv": [10, 6, 12, 8], "texture": "#1"},
				"east": {"uv": [10, 6, 12, 8], "texture": "#1"},
				"south": {"uv": [10, 6, 12, 8], "texture": "#1"},
				"west": {"uv": [10, 6, 12, 8], "texture": "#1"},
				"up": {"uv": [10, 6, 12, 8], "rotation": 270, "texture": "#1"},
				"down": {"uv": [10, 6, 12, 8], "rotation": 90, "texture": "#1"}
			}
		},
		{
			"from": [11.8, 9.55, 11.15],
			"to": [12.7, 10.45, 12.05],
			"shade": false,
			"rotation": {"angle": 0, "axis": "y", "origin": [8, 12, 8.25]},
			"faces": {
				"north": {"uv": [8, 4, 10, 6], "texture": "#1"},
				"east": {"uv": [8, 4, 10, 6], "texture": "#1"},
				"south": {"uv": [8, 4, 10, 6], "texture": "#1"},
				"west": {"uv": [8, 4, 10, 6], "texture": "#1"},
				"up": {"uv": [8, 4, 10, 6], "rotation": 270, "texture": "#1"},
				"down": {"uv": [8, 4, 10, 6], "rotation": 90, "texture": "#1"}
			}
		},
		{
			"from": [13, 10.75, 12.35],
			"to": [11.5, 9.25, 10.85],
			"shade": false,
			"rotation": {"angle": 0, "axis": "y", "origin": [8, 12, 8.25]},
			"faces": {
				"north": {"uv": [10, 4, 12, 6], "texture": "#1"},
				"east": {"uv": [10, 4, 12, 6], "texture": "#1"},
				"south": {"uv": [10, 4, 12, 6], "texture": "#1"},
				"west": {"uv": [10, 4, 12, 6], "texture": "#1"},
				"up": {"uv": [10, 4, 12, 6], "rotation": 270, "texture": "#1"},
				"down": {"uv": [10, 4, 12, 6], "rotation": 90, "texture": "#1"}
			}
		},
		{
			"from": [11.85, 10.1, 11.2],
			"to": [12.65, 10.9, 12],
			"shade": false,
			"rotation": {"angle": 0, "axis": "y", "origin": [8, 12, 8.25]},
			"faces": {
				"north": {"uv": [8, 2, 10, 4], "texture": "#1"},
				"east": {"uv": [8, 2, 10, 4], "texture": "#1"},
				"south": {"uv": [8, 2, 10, 4], "texture": "#1"},
				"west": {"uv": [8, 2, 10, 4], "texture": "#1"},
				"up": {"uv": [8, 2, 10, 4], "rotation": 270, "texture": "#1"},
				"down": {"uv": [8, 2, 10, 4], "rotation": 90, "texture": "#1"}
			}
		},
		{
			"from": [13, 11.25, 12.35],
			"to": [11.5, 9.75, 10.85],
			"shade": false,
			"rotation": {"angle": 0, "axis": "y", "origin": [8, 12, 8.25]},
			"faces": {
				"north": {"uv": [10, 2, 12, 4], "texture": "#1"},
				"east": {"uv": [10, 2, 12, 4], "texture": "#1"},
				"south": {"uv": [10, 2, 12, 4], "texture": "#1"},
				"west": {"uv": [10, 2, 12, 4], "texture": "#1"},
				"up": {"uv": [10, 2, 12, 4], "rotation": 270, "texture": "#1"},
				"down": {"uv": [10, 2, 12, 4], "rotation": 90, "texture": "#1"}
			}
		}
	],
	"gui_light": "front",
	"display": {
		"thirdperson_righthand": {
			"rotation": [0, -168, 0],
			"translation": [0, 2, 1.75],
			"scale": [0.6, 0.6, 0.6]
		},
		"thirdperson_lefthand": {
			"rotation": [0, -168, 0],
			"translation": [0, 2, 1.75],
			"scale": [0.6, 0.6, 0.6]
		},
		"firstperson_righthand": {
			"rotation": [-2, 180, -2],
			"translation": [1.75, 1.25, -1],
			"scale": [0.54883, 0.54883, 0.54883]
		},
		"firstperson_lefthand": {
			"rotation": [-2, 180, -2],
			"translation": [1.75, 1.25, -1],
			"scale": [0.54883, 0.54883, 0.54883]
		},
		"ground": {
			"rotation": [94, 85, 0],
			"translation": [0, 0, -3.5],
			"scale": [0.5, 0.5, 0.5]
		},
		"gui": {
			"rotation": [90, -46, 90],
			"translation": [1.25, -1.75, 0],
			"scale": [0.49547, 0.49547, 0.49547]
		},
		"head": {
			"rotation": [90, 22, 90],
			"translation": [6, 11, 0.25],
			"scale": [0.7, 0.7, 0.7]
		},
		"fixed": {
			"rotation": [0, 90, 0],
			"translation": [0, -8, -1.75],
			"scale": [1.42109, 1.42109, 1.42109]
		}
	},
	"groups": [
		0,
		1,
		2,
		3,
		4,
		5,
		6,
		7,
		8,
		9,
		10,
		11,
		12,
		13,
		14,
		15,
		16,
		17,
		18,
		19,
		20,
		21,
		22,
		{
			"name": "particles",
			"origin": [8, 8, 8],
			"color": 0,
			"boneType": "",
			"children": [
				{
					"name": "particles1",
					"origin": [0, 0, 0],
					"color": 0,
					"boneType": "",
					"children": [
						{
							"name": "particle1",
							"origin": [0, 0, 0],
							"color": 0,
							"boneType": "",
							"children": [23, 24]
						},
						{
							"name": "particle2",
							"origin": [0, 0, 0],
							"color": 0,
							"boneType": "",
							"children": [25, 26]
						},
						{
							"name": "particle3",
							"origin": [0, 0, 0],
							"color": 0,
							"boneType": "",
							"children": [27, 28]
						},
						{
							"name": "particle4",
							"origin": [0, 0, 0],
							"color": 0,
							"boneType": "",
							"children": [29, 30]
						},
						{
							"name": "particle5",
							"origin": [0, 0, 0],
							"color": 0,
							"boneType": "",
							"children": [31, 32]
						},
						{
							"name": "particle6",
							"origin": [0, 0, 0],
							"color": 0,
							"boneType": "",
							"children": [33, 34]
						},
						{
							"name": "particle7",
							"origin": [0, 0, 0],
							"color": 0,
							"boneType": "",
							"children": [35, 36]
						}
					]
				},
				{
					"name": "particles2",
					"origin": [0, 0, 0],
					"color": 0,
					"boneType": "",
					"children": [
						{
							"name": "particle1",
							"origin": [0, 0, 0],
							"color": 0,
							"boneType": "",
							"children": [37, 38]
						},
						{
							"name": "particle2",
							"origin": [0, 0, 0],
							"color": 0,
							"boneType": "",
							"children": [39, 40]
						},
						{
							"name": "particle3",
							"origin": [0, 0, 0],
							"color": 0,
							"boneType": "",
							"children": [41, 42]
						},
						{
							"name": "particle4",
							"origin": [0, 0, 0],
							"color": 0,
							"boneType": "",
							"children": [43, 44]
						},
						{
							"name": "particle5",
							"origin": [0, 0, 0],
							"color": 0,
							"boneType": "",
							"children": [45, 46]
						},
						{
							"name": "particle6",
							"origin": [0, 0, 0],
							"color": 0,
							"boneType": "",
							"children": [47, 48]
						},
						{
							"name": "particle7",
							"origin": [0, 0, 0],
							"color": 0,
							"boneType": "",
							"children": [49, 50]
						}
					]
				},
				{
					"name": "particles3",
					"origin": [0, 0, 0],
					"color": 0,
					"boneType": "",
					"children": [
						{
							"name": "particle1",
							"origin": [0, 0, 0],
							"color": 0,
							"boneType": "",
							"children": [51, 52]
						},
						{
							"name": "particle2",
							"origin": [0, 0, 0],
							"color": 0,
							"boneType": "",
							"children": [53, 54]
						},
						{
							"name": "particle3",
							"origin": [0, 0, 0],
							"color": 0,
							"boneType": "",
							"children": [55, 56]
						},
						{
							"name": "particle4",
							"origin": [0, 0, 0],
							"color": 0,
							"boneType": "",
							"children": [57, 58]
						},
						{
							"name": "particle5",
							"origin": [0, 0, 0],
							"color": 0,
							"boneType": "",
							"children": [59, 60]
						},
						{
							"name": "particle6",
							"origin": [0, 0, 0],
							"color": 0,
							"boneType": "",
							"children": [61, 62]
						},
						{
							"name": "particle7",
							"origin": [0, 0, 0],
							"color": 0,
							"boneType": "",
							"children": [63, 64]
						}
					]
				},
				{
					"name": "particles4",
					"origin": [0, 0, 0],
					"color": 0,
					"boneType": "",
					"children": [
						{
							"name": "particle1",
							"origin": [0, 0, 0],
							"color": 0,
							"boneType": "",
							"children": [65, 66]
						},
						{
							"name": "particle2",
							"origin": [0, 0, 0],
							"color": 0,
							"boneType": "",
							"children": [67, 68]
						},
						{
							"name": "particle3",
							"origin": [0, 0, 0],
							"color": 0,
							"boneType": "",
							"children": [69, 70]
						},
						{
							"name": "particle4",
							"origin": [0, 0, 0],
							"color": 0,
							"boneType": "",
							"children": [71, 72]
						},
						{
							"name": "particle5",
							"origin": [0, 0, 0],
							"color": 0,
							"boneType": "",
							"children": [73, 74]
						},
						{
							"name": "particle6",
							"origin": [0, 0, 0],
							"color": 0,
							"boneType": "",
							"children": [75, 76]
						},
						{
							"name": "particle7",
							"origin": [0, 0, 0],
							"color": 0,
							"boneType": "",
							"children": [77, 78]
						}
					]
				}
			]
		}
	]
}