{
	"credit": "Made with Blockbench",
	"texture_size": [128, 128],
	"textures": {
		"0": "elitecreatures:scarecrow_animated_weapon_set/scarecrow_texture",
		"1": "elitecreatures:scarecrow_animated_weapon_set/scarecrow_animation_01",
		"2": "elitecreatures:scarecrow_animated_weapon_set/scarecrow_animation_02",
		"3": "elitecreatures:scarecrow_animated_weapon_set/scarecrow_animation_03",
		"particle": "elitecreatures:scarecrow_animated_weapon_set/scarecrow_texture"
	},
	"elements": [
		{
			"from": [3.4, 7, -3.5],
			"to": [3.4, 12, 4.5],
			"rotation": {"angle": -22.5, "axis": "x", "origin": [4.5, 12, 4.5]},
			"faces": {
				"north": {"uv": [0, 0, 0, 0.625], "texture": "#0"},
				"east": {"uv": [4.25, 0.75, 3.25, 1.375], "texture": "#0"},
				"south": {"uv": [0, 0, 0, 0.625], "texture": "#0"},
				"west": {"uv": [2.25, 0.75, 3.25, 1.375], "texture": "#0"},
				"up": {"uv": [0, 0, 0, 1], "texture": "#0"},
				"down": {"uv": [0, 0, 0, 1], "texture": "#0"}
			}
		},
		{
			"from": [12.6, 7, -3.5],
			"to": [12.6, 12, 4.5],
			"rotation": {"angle": -22.5, "axis": "x", "origin": [11.5, 12, 4.5]},
			"faces": {
				"north": {"uv": [0, 0, 0, 0.625], "texture": "#0"},
				"east": {"uv": [3.25, 0.75, 2.25, 1.375], "texture": "#0"},
				"south": {"uv": [0, 0, 0, 0.625], "texture": "#0"},
				"west": {"uv": [3.25, 0.75, 4.25, 1.375], "texture": "#0"},
				"up": {"uv": [0, 0, 0, 1], "texture": "#0"},
				"down": {"uv": [0, 0, 0, 1], "texture": "#0"}
			}
		},
		{
			"from": [3.4, 7, -3.5],
			"to": [12.6, 12, -3.5],
			"rotation": {"angle": -22.5, "axis": "x", "origin": [4.5, 12, 4.5]},
			"faces": {
				"north": {"uv": [0, 0.75, 1.125, 1.375], "texture": "#0"},
				"east": {"uv": [0, 0, 0, 0.625], "texture": "#0"},
				"south": {"uv": [2.25, 0.75, 1.125, 1.375], "texture": "#0"},
				"west": {"uv": [0, 0, 0, 0.625], "texture": "#0"},
				"up": {"uv": [0, 0, 1.125, 0], "texture": "#0"},
				"down": {"uv": [0, 0, 1.125, 0], "texture": "#0"}
			}
		},
		{
			"from": [3.4, 7, -3.5],
			"to": [12.6, 7, 4.5],
			"rotation": {"angle": -22.5, "axis": "x", "origin": [4.5, 12, 4.5]},
			"faces": {
				"north": {"uv": [0, 0, 2304, 0], "texture": "#missing"},
				"east": {"uv": [0, 0, 2048, 0], "texture": "#missing"},
				"south": {"uv": [0, 0, 2304, 0], "texture": "#missing"},
				"west": {"uv": [0, 0, 2048, 0], "texture": "#missing"},
				"up": {"uv": [0, 1.375, 1.125, 2.375], "texture": "#0"},
				"down": {"uv": [1.125, 1.375, 2.25, 2.375], "texture": "#0"}
			}
		},
		{
			"from": [3.5, 11, -3],
			"to": [3.5, 17, 4.5],
			"rotation": {"angle": 0, "axis": "y", "origin": [4.5, 12, 4.5]},
			"faces": {
				"north": {"uv": [0, 4, 0, 4.75], "texture": "#0"},
				"east": {"uv": [1.875, 0, 0.9375, 0.75], "texture": "#0"},
				"south": {"uv": [0, 4, 0, 4.75], "texture": "#0"},
				"west": {"uv": [0, 0, 0.9375, 0.75], "texture": "#0"},
				"up": {"uv": [0, 5, 0, 5.9375], "texture": "#0"},
				"down": {"uv": [0, 5, 0, 5.9375], "texture": "#0"}
			}
		},
		{
			"from": [7.25, -14.1, 7],
			"to": [7.25, -9.1, 9],
			"rotation": {"angle": 0, "axis": "y", "origin": [4.5, 12, 4.5]},
			"faces": {
				"north": {"uv": [0, 4, 0, 4.625], "texture": "#0"},
				"east": {"uv": [1.5, 0.1875, 1.25, 0.8125], "texture": "#0"},
				"south": {"uv": [0, 4, 0, 4.625], "texture": "#0"},
				"west": {"uv": [0.3125, 0.1875, 0.5625, 0.8125], "texture": "#0"},
				"up": {"uv": [0, 5, 0, 5.25], "texture": "#0"},
				"down": {"uv": [0, 5, 0, 5.25], "texture": "#0"}
			}
		},
		{
			"from": [8.75, -14.1, 7],
			"to": [8.75, -9.1, 9],
			"rotation": {"angle": 0, "axis": "y", "origin": [11.5, 12, 4.5]},
			"faces": {
				"north": {"uv": [0, 4, 0, 4.625], "texture": "#0"},
				"east": {"uv": [0.5625, 0.1875, 0.3125, 0.8125], "texture": "#0"},
				"south": {"uv": [0, 4, 0, 4.625], "texture": "#0"},
				"west": {"uv": [1.25, 0.1875, 1.5, 0.8125], "texture": "#0"},
				"up": {"uv": [0, 5, 0, 5.25], "texture": "#0"},
				"down": {"uv": [0, 5, 0, 5.25], "texture": "#0"}
			}
		},
		{
			"from": [7.25, -14.1, 7],
			"to": [8.75, -9.1, 7],
			"rotation": {"angle": 0, "axis": "y", "origin": [4.5, 12, 4.5]},
			"faces": {
				"north": {"uv": [0.8125, 1.375, 1, 0.75], "texture": "#0"},
				"east": {"uv": [0, 4, 0, 4.625], "texture": "#0"},
				"south": {"uv": [2.125, 1.375, 1.9375, 0.75], "texture": "#0"},
				"west": {"uv": [0, 4, 0, 4.625], "texture": "#0"},
				"up": {"uv": [0, 5, 0, 5.1875], "rotation": 90, "texture": "#0"},
				"down": {"uv": [0, 5, 0, 5.1875], "rotation": 270, "texture": "#0"}
			}
		},
		{
			"from": [7.25, -14.1, 9],
			"to": [8.75, -9.1, 9],
			"rotation": {"angle": 0, "axis": "y", "origin": [4.5, 12, 6.5]},
			"faces": {
				"north": {"uv": [1.9375, 1.375, 2.125, 0.75], "texture": "#0"},
				"east": {"uv": [0, 4, 0, 4.625], "texture": "#0"},
				"south": {"uv": [1, 1.375, 0.8125, 0.75], "texture": "#0"},
				"west": {"uv": [0, 4, 0, 4.625], "texture": "#0"},
				"up": {"uv": [0, 5, 0, 5.1875], "rotation": 90, "texture": "#0"},
				"down": {"uv": [0, 5, 0, 5.1875], "rotation": 270, "texture": "#0"}
			}
		},
		{
			"from": [12.5, 11, -3],
			"to": [12.5, 17, 4.5],
			"rotation": {"angle": 0, "axis": "y", "origin": [11.5, 12, 4.5]},
			"faces": {
				"north": {"uv": [0, 4, 0, 4.75], "texture": "#0"},
				"east": {"uv": [0.9375, 0, 0, 0.75], "texture": "#0"},
				"south": {"uv": [0, 4, 0, 4.75], "texture": "#0"},
				"west": {"uv": [1.875, 0, 0.9375, 0.75], "texture": "#0"},
				"up": {"uv": [0, 5, 0, 5.9375], "texture": "#0"},
				"down": {"uv": [0, 5, 0, 5.9375], "texture": "#0"}
			}
		},
		{
			"from": [3.5, 17, -3],
			"to": [12.5, 17, 4.5],
			"rotation": {"angle": 0, "axis": "y", "origin": [4.5, 12, 4.5]},
			"faces": {
				"north": {"uv": [0, 0, 1.125, 0], "texture": "#0"},
				"east": {"uv": [0, 0, 0.9375, 0], "texture": "#0"},
				"south": {"uv": [0, 0, 1.125, 0], "texture": "#0"},
				"west": {"uv": [0, 0, 0.9375, 0], "texture": "#0"},
				"up": {"uv": [2.25, 1.375, 3.375, 2.3125], "texture": "#0"},
				"down": {"uv": [3.375, 1.5, 4.5, 2.4375], "texture": "#0"}
			}
		},
		{
			"from": [3.5, 11, -3],
			"to": [12.5, 17, -3],
			"rotation": {"angle": 0, "axis": "y", "origin": [4.5, 12, 4.5]},
			"faces": {
				"north": {"uv": [1.875, 0, 3, 0.75], "texture": "#0"},
				"east": {"uv": [0, 4, 0, 4.75], "texture": "#0"},
				"south": {"uv": [4.125, 0, 3, 0.75], "texture": "#0"},
				"west": {"uv": [0, 4, 0, 4.75], "texture": "#0"},
				"up": {"uv": [0, 0, 1.125, 0], "texture": "#0"},
				"down": {"uv": [0, 0, 1.125, 0], "texture": "#0"}
			}
		},
		{
			"from": [4.5, 8.5, 6.5],
			"to": [11.5, 16.5, 10.5],
			"rotation": {"angle": 0, "axis": "y", "origin": [0.5, 0, -2.5]},
			"faces": {
				"north": {"uv": [7.25, 0, 8.125, 1], "texture": "#0"},
				"east": {"uv": [7.25, 0, 6.75, 1], "texture": "#0"},
				"south": {"uv": [7.25, 0, 8.125, 1], "texture": "#0"},
				"west": {"uv": [6.75, 0, 7.25, 1], "texture": "#0"},
				"up": {"uv": [4.5, 1.5, 5.375, 2], "texture": "#0"},
				"down": {"uv": [4.5, 1.5, 5.375, 2], "texture": "#0"}
			}
		},
		{
			"from": [5.5, 10, 10.5],
			"to": [10.5, 16, 13.5],
			"rotation": {"angle": 0, "axis": "y", "origin": [0.5, 0, 10.5]},
			"faces": {
				"north": {"uv": [6.375, 1.25, 5.75, 2], "texture": "#0"},
				"east": {"uv": [5.75, 1.25, 5.375, 2], "texture": "#0"},
				"south": {"uv": [6.375, 1.25, 5.75, 2], "texture": "#0"},
				"west": {"uv": [5.375, 1.25, 5.75, 2], "texture": "#0"},
				"up": {"uv": [7, 1.25, 6.375, 1.625], "texture": "#0"},
				"down": {"uv": [7, 1.25, 6.375, 1.625], "texture": "#0"}
			}
		},
		{
			"from": [3.5, 7, 4.5],
			"to": [12.5, 17, 6.5],
			"rotation": {"angle": 0, "axis": "y", "origin": [0.5, -1, -2.5]},
			"faces": {
				"north": {"uv": [4.25, 0, 5.375, 1.25], "texture": "#0"},
				"east": {"uv": [6.5, 0, 6.75, 1.25], "texture": "#0"},
				"south": {"uv": [5.375, 0, 6.5, 1.25], "texture": "#0"},
				"west": {"uv": [6.5, 0, 6.75, 1.25], "texture": "#0"},
				"up": {"uv": [4.25, 1.25, 5.375, 1.5], "texture": "#0"},
				"down": {"uv": [4.25, 1.25, 5.375, 1.5], "texture": "#0"}
			}
		},
		{
			"from": [3, 17.1, -4],
			"to": [13, 18.1, 6],
			"rotation": {"angle": 0, "axis": "y", "origin": [3, 14.3, -2]},
			"faces": {
				"north": {"uv": [1.25, 3.75, 0, 3.875], "texture": "#0"},
				"east": {"uv": [1.25, 3.625, 0, 3.75], "texture": "#0"},
				"south": {"uv": [1.25, 3.75, 0, 3.875], "texture": "#0"},
				"west": {"uv": [1.25, 3.625, 0, 3.75], "texture": "#0"},
				"up": {"uv": [1.25, 2.375, 0, 3.625], "texture": "#0"},
				"down": {"uv": [1.25, 2.375, 0, 3.625], "texture": "#0"}
			}
		},
		{
			"from": [5, 17.6, -2],
			"to": [11, 19.6, 4],
			"rotation": {"angle": 0, "axis": "y", "origin": [3, 14.3, -2]},
			"faces": {
				"north": {"uv": [2, 3.375, 1.25, 3.625], "texture": "#0"},
				"east": {"uv": [2, 3.125, 1.25, 3.375], "texture": "#0"},
				"south": {"uv": [2, 3.375, 1.25, 3.625], "texture": "#0"},
				"west": {"uv": [2, 3.125, 1.25, 3.375], "texture": "#0"},
				"up": {"uv": [2, 2.375, 1.25, 3.125], "texture": "#0"},
				"down": {"uv": [2, 2.375, 1.25, 3.125], "texture": "#0"}
			}
		},
		{
			"from": [6, 19.6, -1],
			"to": [10, 22.6, 3],
			"rotation": {"angle": 0, "axis": "y", "origin": [3, 14.3, -2]},
			"faces": {
				"north": {"uv": [2.5, 2.875, 2, 3.25], "texture": "#0"},
				"east": {"uv": [2.5, 2.875, 2, 3.25], "texture": "#0"},
				"south": {"uv": [2.5, 2.875, 2, 3.25], "texture": "#0"},
				"west": {"uv": [2.5, 2.875, 2, 3.25], "texture": "#0"},
				"up": {"uv": [2.5, 2.375, 2, 2.875], "texture": "#0"},
				"down": {"uv": [2.5, 2.375, 2, 2.875], "texture": "#0"}
			}
		},
		{
			"from": [9.5, 19.6, 0],
			"to": [11.5, 22.6, 2],
			"rotation": {"angle": 22.5, "axis": "z", "origin": [3, 14.3, -2]},
			"faces": {
				"north": {"uv": [2.75, 2.4375, 2.5, 2.8125], "texture": "#0"},
				"east": {"uv": [2.75, 2.8125, 2.5, 3.1875], "texture": "#0"},
				"south": {"uv": [2.75, 2.4375, 2.5, 2.8125], "texture": "#0"},
				"west": {"uv": [2.75, 2.8125, 2.5, 3.1875], "texture": "#0"},
				"up": {"uv": [3, 2.4375, 2.75, 2.6875], "texture": "#0"},
				"down": {"uv": [3, 2.4375, 2.75, 2.6875], "texture": "#0"}
			}
		},
		{
			"from": [7.5, 21.6, 0],
			"to": [9.5, 22.6, 2],
			"rotation": {"angle": 22.5, "axis": "z", "origin": [3, 14.3, -2]},
			"faces": {
				"north": {"uv": [3, 2.6875, 2.75, 2.8125], "texture": "#0"},
				"east": {"uv": [3, 2.8125, 2.75, 2.9375], "texture": "#0"},
				"south": {"uv": [2.75, 2.6875, 3, 2.8125], "texture": "#0"},
				"west": {"uv": [3, 2.8125, 2.75, 2.9375], "texture": "#0"},
				"up": {"uv": [3, 2.9375, 2.75, 3.1875], "texture": "#0"},
				"down": {"uv": [3, 2.9375, 2.75, 3.1875], "texture": "#0"}
			}
		},
		{
			"from": [6.25, 2.3, 7.3],
			"to": [9.75, 4.3, 12.3],
			"rotation": {"angle": -22.5, "axis": "x", "origin": [0, -1, -2.5]},
			"faces": {
				"north": {"uv": [3.625, 2.4375, 4.0625, 2.6875], "texture": "#0"},
				"east": {"uv": [3, 2.4375, 3.625, 2.6875], "texture": "#0"},
				"south": {"uv": [3.625, 2.4375, 4.0625, 2.6875], "texture": "#0"},
				"west": {"uv": [3, 2.4375, 3.625, 2.6875], "texture": "#0"},
				"up": {"uv": [4.0625, 2.4375, 4.5, 3.0625], "texture": "#0"},
				"down": {"uv": [4.0625, 2.4375, 4.5, 3.0625], "texture": "#0"}
			}
		},
		{
			"from": [5.25, 2.3, 7.3],
			"to": [6.25, 2.3, 12.3],
			"rotation": {"angle": -22.5, "axis": "x", "origin": [0, -1, -2.5]},
			"faces": {
				"north": {"uv": [3.625, 2.4375, 3.75, 2.4375], "texture": "#0"},
				"east": {"uv": [3, 2.4375, 3.625, 2.4375], "texture": "#0"},
				"south": {"uv": [3.625, 2.4375, 3.75, 2.4375], "texture": "#0"},
				"west": {"uv": [3, 2.4375, 3.625, 2.4375], "texture": "#0"},
				"up": {"uv": [6.1875, 2, 6.3125, 2.625], "texture": "#0"},
				"down": {"uv": [6.1875, 2.625, 6.3125, 2], "texture": "#0"}
			}
		},
		{
			"from": [6.3, 5.8, 4.3],
			"to": [9.8, 5.8, 5.3],
			"rotation": {"angle": -45, "axis": "x", "origin": [8.05, 5.8, 5.3]},
			"faces": {
				"north": {"uv": [3, 2.4375, 3.4375, 2.4375], "texture": "#0"},
				"east": {"uv": [3.625, 2.4375, 3.75, 2.4375], "texture": "#0"},
				"south": {"uv": [3, 2.4375, 3.4375, 2.4375], "texture": "#0"},
				"west": {"uv": [3.625, 2.4375, 3.75, 2.4375], "texture": "#0"},
				"up": {"uv": [6.1875, 2, 6.3125, 2.4375], "rotation": 90, "texture": "#0"},
				"down": {"uv": [6.1875, 2.4375, 6.3125, 2], "rotation": 270, "texture": "#0"}
			}
		},
		{
			"from": [6.3, 10.15, 7.3],
			"to": [9.8, 10.15, 8.3],
			"rotation": {"angle": 45, "axis": "x", "origin": [8.05, 5.8, 5.7]},
			"faces": {
				"north": {"uv": [3.4375, 2.4375, 3, 2.4375], "texture": "#0"},
				"east": {"uv": [3.75, 2.4375, 3.625, 2.4375], "texture": "#0"},
				"south": {"uv": [3.4375, 2.4375, 3, 2.4375], "texture": "#0"},
				"west": {"uv": [3.75, 2.4375, 3.625, 2.4375], "texture": "#0"},
				"up": {"uv": [6.3125, 2, 6.1875, 2.4375], "rotation": 90, "texture": "#0"},
				"down": {"uv": [6.3125, 2.4375, 6.1875, 2], "rotation": 270, "texture": "#0"}
			}
		},
		{
			"from": [9.75, 2.3, 7.3],
			"to": [10.75, 2.3, 12.3],
			"rotation": {"angle": -22.5, "axis": "x", "origin": [16, -1, -2.5]},
			"faces": {
				"north": {"uv": [3.75, 2.4375, 3.625, 2.4375], "texture": "#0"},
				"east": {"uv": [3.625, 2.4375, 3, 2.4375], "texture": "#0"},
				"south": {"uv": [3.75, 2.4375, 3.625, 2.4375], "texture": "#0"},
				"west": {"uv": [3.625, 2.4375, 3, 2.4375], "texture": "#0"},
				"up": {"uv": [6.3125, 2, 6.1875, 2.625], "texture": "#0"},
				"down": {"uv": [6.3125, 2.625, 6.1875, 2], "texture": "#0"}
			}
		},
		{
			"from": [7, -8.7, 6.75],
			"to": [9, -1.7, 9.25],
			"rotation": {"angle": 0, "axis": "y", "origin": [0, -1, -2.5]},
			"faces": {
				"north": {"uv": [5.6875, 2, 5.9375, 2.875], "texture": "#0"},
				"east": {"uv": [5.375, 2, 5.6875, 2.875], "texture": "#0"},
				"south": {"uv": [5.6875, 2, 5.9375, 2.875], "texture": "#0"},
				"west": {"uv": [5.375, 2, 5.6875, 2.875], "texture": "#0"},
				"up": {"uv": [5.9375, 2, 6.1875, 2.3125], "texture": "#0"},
				"down": {"uv": [5.9375, 2, 6.1875, 2.3125], "texture": "#0"}
			}
		},
		{
			"from": [7, -1.7, 6.75],
			"to": [7, -0.2, 9.25],
			"rotation": {"angle": 22.5, "axis": "z", "origin": [7, -1.7, 8]},
			"faces": {
				"north": {"uv": [5.6875, 2, 5.9375, 2.875], "texture": "#0"},
				"east": {"uv": [6.6875, 1.8125, 6.375, 2], "texture": "#0"},
				"south": {"uv": [5.6875, 2, 5.9375, 2.875], "texture": "#0"},
				"west": {"uv": [6.375, 1.8125, 6.6875, 2], "texture": "#0"},
				"up": {"uv": [5.9375, 2, 6.1875, 2.3125], "texture": "#0"},
				"down": {"uv": [5.9375, 2, 6.1875, 2.3125], "texture": "#0"}
			}
		},
		{
			"from": [9, -1.7, 6.75],
			"to": [9, -0.2, 9.25],
			"rotation": {"angle": -22.5, "axis": "z", "origin": [9, -1.7, 8]},
			"faces": {
				"north": {"uv": [5.9375, 2, 5.6875, 2.875], "texture": "#0"},
				"east": {"uv": [6.6875, 1.8125, 6.375, 2], "texture": "#0"},
				"south": {"uv": [5.9375, 2, 5.6875, 2.875], "texture": "#0"},
				"west": {"uv": [6.375, 1.8125, 6.6875, 2], "texture": "#0"},
				"up": {"uv": [6.1875, 2, 5.9375, 2.3125], "texture": "#0"},
				"down": {"uv": [6.1875, 2, 5.9375, 2.3125], "texture": "#0"}
			}
		},
		{
			"from": [7, -1.7, 6.8],
			"to": [9, -0.2, 6.8],
			"rotation": {"angle": -22.5, "axis": "x", "origin": [7.7, -1.7, 6.8]},
			"faces": {
				"north": {"uv": [6.375, 1.8125, 6.625, 2], "texture": "#0"},
				"east": {"uv": [5.6875, 2, 5.6875, 2.1875], "texture": "#0"},
				"south": {"uv": [6.625, 1.8125, 6.375, 2], "texture": "#0"},
				"west": {"uv": [5.6875, 2, 5.6875, 2.1875], "texture": "#0"},
				"up": {"uv": [5.9375, 2, 5.9375, 2.25], "rotation": 90, "texture": "#0"},
				"down": {"uv": [5.9375, 2, 5.9375, 2.25], "rotation": 270, "texture": "#0"}
			}
		},
		{
			"from": [7, -1.7, 9.2],
			"to": [9, -0.2, 9.2],
			"rotation": {"angle": 22.5, "axis": "x", "origin": [7.7, -1.7, 9.2]},
			"faces": {
				"north": {"uv": [6.375, 1.8125, 6.625, 2], "texture": "#0"},
				"east": {"uv": [5.6875, 2, 5.6875, 2.1875], "texture": "#0"},
				"south": {"uv": [6.625, 1.8125, 6.375, 2], "texture": "#0"},
				"west": {"uv": [5.6875, 2, 5.6875, 2.1875], "texture": "#0"},
				"up": {"uv": [5.9375, 2, 5.9375, 2.25], "rotation": 90, "texture": "#0"},
				"down": {"uv": [5.9375, 2, 5.9375, 2.25], "rotation": 270, "texture": "#0"}
			}
		},
		{
			"from": [7, -10.1, 6.8],
			"to": [9, -8.6, 6.8],
			"rotation": {"angle": 22.5, "axis": "x", "origin": [7.7, -8.6, 6.8]},
			"faces": {
				"north": {"uv": [6.375, 2, 6.625, 1.8125], "texture": "#0"},
				"east": {"uv": [5.6875, 2.1875, 5.6875, 2], "texture": "#0"},
				"south": {"uv": [6.625, 2, 6.375, 1.8125], "texture": "#0"},
				"west": {"uv": [5.6875, 2.1875, 5.6875, 2], "texture": "#0"},
				"up": {"uv": [5.9375, 2, 5.9375, 2.25], "rotation": 270, "texture": "#0"},
				"down": {"uv": [5.9375, 2, 5.9375, 2.25], "rotation": 90, "texture": "#0"}
			}
		},
		{
			"from": [7, -10.1, 9.2],
			"to": [9, -8.6, 9.2],
			"rotation": {"angle": -22.5, "axis": "x", "origin": [7.7, -8.6, 9.2]},
			"faces": {
				"north": {"uv": [6.375, 2, 6.625, 1.8125], "texture": "#0"},
				"east": {"uv": [5.6875, 2.1875, 5.6875, 2], "texture": "#0"},
				"south": {"uv": [6.625, 2, 6.375, 1.8125], "texture": "#0"},
				"west": {"uv": [5.6875, 2.1875, 5.6875, 2], "texture": "#0"},
				"up": {"uv": [5.9375, 2, 5.9375, 2.25], "rotation": 270, "texture": "#0"},
				"down": {"uv": [5.9375, 2, 5.9375, 2.25], "rotation": 90, "texture": "#0"}
			}
		},
		{
			"from": [9, -10.2, 6.75],
			"to": [9, -8.7, 9.25],
			"rotation": {"angle": 22.5, "axis": "z", "origin": [9, -8.7, 8]},
			"faces": {
				"north": {"uv": [5.9375, 2.875, 5.6875, 2], "texture": "#0"},
				"east": {"uv": [6.6875, 2, 6.375, 1.8125], "texture": "#0"},
				"south": {"uv": [5.9375, 2.875, 5.6875, 2], "texture": "#0"},
				"west": {"uv": [6.375, 2, 6.6875, 1.8125], "texture": "#0"},
				"up": {"uv": [6.1875, 2.3125, 5.9375, 2], "texture": "#0"},
				"down": {"uv": [6.1875, 2.3125, 5.9375, 2], "texture": "#0"}
			}
		},
		{
			"from": [7, -10.2, 6.75],
			"to": [7, -8.7, 9.25],
			"rotation": {"angle": -22.5, "axis": "z", "origin": [7, -8.7, 8]},
			"faces": {
				"north": {"uv": [5.6875, 2.875, 5.9375, 2], "texture": "#0"},
				"east": {"uv": [6.6875, 2, 6.375, 1.8125], "texture": "#0"},
				"south": {"uv": [5.6875, 2.875, 5.9375, 2], "texture": "#0"},
				"west": {"uv": [6.375, 2, 6.6875, 1.8125], "texture": "#0"},
				"up": {"uv": [5.9375, 2.3125, 6.1875, 2], "texture": "#0"},
				"down": {"uv": [5.9375, 2.3125, 6.1875, 2], "texture": "#0"}
			}
		},
		{
			"from": [7.25, -9.1, 7],
			"to": [8.75, -1.1, 9],
			"rotation": {"angle": 0, "axis": "y", "origin": [-0.2, -4, 16.5]},
			"faces": {
				"north": {"uv": [7.25, 1, 7.4375, 2], "texture": "#0"},
				"east": {"uv": [7, 1, 7.25, 2], "texture": "#0"},
				"south": {"uv": [7.25, 1, 7.4375, 2], "texture": "#0"},
				"west": {"uv": [7, 1, 7.25, 2], "texture": "#0"},
				"up": {"uv": [7, 1, 6.8125, 1.25], "texture": "#0"},
				"down": {"uv": [7, 1, 6.8125, 1.25], "texture": "#0"}
			}
		},
		{
			"from": [7.15, -5, 6.5],
			"to": [8.85, 0, 8.5],
			"rotation": {"angle": 22.5, "axis": "x", "origin": [-0.2, -4, 16.5]},
			"faces": {
				"north": {"uv": [7.6875, 1, 7.875, 1.625], "texture": "#0"},
				"east": {"uv": [7.4375, 1, 7.6875, 1.625], "texture": "#0"},
				"south": {"uv": [7.6875, 1, 7.875, 1.625], "texture": "#0"},
				"west": {"uv": [7.4375, 1, 7.6875, 1.625], "texture": "#0"},
				"up": {"uv": [6.75, 1.0625, 7, 1.25], "rotation": 270, "texture": "#0"},
				"down": {"uv": [6.75, 1.0625, 7, 1.25], "rotation": 270, "texture": "#0"}
			}
		},
		{
			"from": [7.05, 5.3, 14.6],
			"to": [8.95, 10.3, 16.6],
			"rotation": {"angle": -45, "axis": "x", "origin": [0, -3.2, 16.7]},
			"faces": {
				"north": {"uv": [4.75, 2, 4.9375, 2.625], "texture": "#0"},
				"east": {"uv": [4.5, 2, 4.75, 2.625], "texture": "#0"},
				"south": {"uv": [4.75, 2, 4.9375, 2.625], "texture": "#0"},
				"west": {"uv": [4.5, 2, 4.75, 2.625], "texture": "#0"},
				"up": {"uv": [6.375, 1.625, 6.625, 1.8125], "rotation": 270, "texture": "#0"},
				"down": {"uv": [6.375, 1.625, 6.625, 1.8125], "rotation": 270, "texture": "#0"}
			}
		},
		{
			"from": [7.15, 0, 3.4],
			"to": [8.85, 6, 5.4],
			"rotation": {"angle": 22.5, "axis": "x", "origin": [0, -3.2, 16.7]},
			"faces": {
				"north": {"uv": [5.1875, 2, 5.375, 2.75], "texture": "#0"},
				"east": {"uv": [4.9375, 2, 5.1875, 2.75], "texture": "#0"},
				"south": {"uv": [5.1875, 2, 5.375, 2.75], "texture": "#0"},
				"west": {"uv": [4.9375, 2, 5.1875, 2.75], "texture": "#0"},
				"up": {"uv": [6.625, 1.625, 6.875, 1.8125], "rotation": 270, "texture": "#0"},
				"down": {"uv": [6.625, 1.625, 6.875, 1.8125], "rotation": 270, "texture": "#0"}
			}
		},
		{
			"from": [2.8, 15.1, 1.6],
			"to": [2.8, 19.1, 4.6],
			"rotation": {"angle": 22.5, "axis": "z", "origin": [3.4, 17.1, 4.5]},
			"faces": {
				"north": {"uv": [0, 0, 0, 8], "texture": "#1"},
				"east": {"uv": [6, 0, 0, 8], "texture": "#1"},
				"south": {"uv": [0, 0, 0, 8], "texture": "#1"},
				"west": {"uv": [0, 0, 6, 8], "texture": "#1"},
				"up": {"uv": [0, 6, 0, 0], "texture": "#1"},
				"down": {"uv": [0, 0, 0, 6], "texture": "#1"}
			}
		},
		{
			"from": [3.5, 17.6, -3.4],
			"to": [6.5, 21.6, -3.4],
			"rotation": {"angle": -22.5, "axis": "x", "origin": [3.4, 17.1, 4.5]},
			"faces": {
				"north": {"uv": [0, 0, 6, 8], "texture": "#1"},
				"east": {"uv": [0, 0, 0, 8], "texture": "#1"},
				"south": {"uv": [6, 0, 0, 8], "texture": "#1"},
				"west": {"uv": [0, 0, 0, 8], "texture": "#1"},
				"up": {"uv": [0, 6, 0, 0], "rotation": 90, "texture": "#1"},
				"down": {"uv": [0, 0, 0, 6], "rotation": 270, "texture": "#1"}
			}
		},
		{
			"from": [9.5, 17.6, -3.4],
			"to": [12.5, 21.6, -3.4],
			"rotation": {"angle": -22.5, "axis": "x", "origin": [12.6, 17.1, 4.5]},
			"faces": {
				"north": {"uv": [6, 0, 0, 8], "texture": "#1"},
				"east": {"uv": [0, 0, 0, 8], "texture": "#1"},
				"south": {"uv": [0, 0, 6, 8], "texture": "#1"},
				"west": {"uv": [0, 0, 0, 8], "texture": "#1"},
				"up": {"uv": [0, 0, 0, 6], "rotation": 90, "texture": "#1"},
				"down": {"uv": [0, 6, 0, 0], "rotation": 270, "texture": "#1"}
			}
		},
		{
			"from": [4.2, 23.7, 1.7],
			"to": [7.2, 27.7, 1.7],
			"rotation": {"angle": 22.5, "axis": "y", "origin": [3.4, 17.1, 4.5]},
			"faces": {
				"north": {"uv": [0, 0, 6, 8], "texture": "#1"},
				"east": {"uv": [0, 0, 0, 8], "texture": "#1"},
				"south": {"uv": [6, 0, 0, 8], "texture": "#1"},
				"west": {"uv": [0, 0, 0, 8], "texture": "#1"},
				"up": {"uv": [0, 6, 0, 0], "rotation": 90, "texture": "#1"},
				"down": {"uv": [0, 0, 0, 6], "rotation": 270, "texture": "#1"}
			}
		},
		{
			"from": [8, -15.9, 6.6],
			"to": [8, -11.9, 9.6],
			"rotation": {"angle": 0, "axis": "y", "origin": [3.4, 17.1, 4.5]},
			"faces": {
				"north": {"uv": [0, 0, 0, 8], "rotation": 180, "texture": "#1"},
				"east": {"uv": [0, 0, 6, 8], "rotation": 180, "texture": "#1"},
				"south": {"uv": [0, 0, 0, 8], "rotation": 180, "texture": "#1"},
				"west": {"uv": [6, 0, 0, 8], "rotation": 180, "texture": "#1"},
				"up": {"uv": [0, 0, 0, 6], "rotation": 180, "texture": "#1"},
				"down": {"uv": [0, 6, 0, 0], "rotation": 180, "texture": "#1"}
			}
		},
		{
			"from": [2.2, 11, 7.2],
			"to": [2.2, 14.5, 9.7],
			"rotation": {"angle": 22.5, "axis": "z", "origin": [3.4, 17.1, 4.5]},
			"faces": {
				"north": {"uv": [0, 0, 0, 8], "texture": "#1"},
				"east": {"uv": [6, 0, 0, 8], "texture": "#1"},
				"south": {"uv": [0, 0, 0, 8], "texture": "#1"},
				"west": {"uv": [0, 0, 6, 8], "texture": "#1"},
				"up": {"uv": [0, 6, 0, 0], "texture": "#1"},
				"down": {"uv": [0, 0, 0, 6], "texture": "#1"}
			}
		},
		{
			"from": [3.7, 5.8, 6.9],
			"to": [3.7, 9.3, 9.4],
			"rotation": {"angle": 22.5, "axis": "z", "origin": [4.9, 11.9, 4.2]},
			"faces": {
				"north": {"uv": [0, 0, 0, 8], "texture": "#1"},
				"east": {"uv": [6, 0, 0, 8], "texture": "#1"},
				"south": {"uv": [0, 0, 0, 8], "texture": "#1"},
				"west": {"uv": [0, 0, 6, 8], "texture": "#1"},
				"up": {"uv": [0, 6, 0, 0], "texture": "#1"},
				"down": {"uv": [0, 0, 0, 6], "texture": "#1"}
			}
		},
		{
			"from": [12.3, 5.8, 6.9],
			"to": [12.3, 9.3, 9.4],
			"rotation": {"angle": -22.5, "axis": "z", "origin": [11.1, 11.9, 4.2]},
			"faces": {
				"north": {"uv": [0, 0, 0, 8], "texture": "#1"},
				"east": {"uv": [6, 0, 0, 8], "texture": "#1"},
				"south": {"uv": [0, 0, 0, 8], "texture": "#1"},
				"west": {"uv": [0, 0, 6, 8], "texture": "#1"},
				"up": {"uv": [0, 6, 0, 0], "texture": "#1"},
				"down": {"uv": [0, 0, 0, 6], "texture": "#1"}
			}
		},
		{
			"from": [6.6, 12, 1],
			"to": [6.6, 16, 4],
			"rotation": {"angle": -22.5, "axis": "z", "origin": [16, -1, -2.5]},
			"faces": {
				"north": {"uv": [0, 0, 0, 8], "texture": "#2"},
				"east": {"uv": [6, 0, 0, 8], "texture": "#2"},
				"south": {"uv": [0, 0, 0, 8], "texture": "#2"},
				"west": {"uv": [0, 0, 6, 8], "texture": "#2"},
				"up": {"uv": [0, 6, 0, 0], "texture": "#2"},
				"down": {"uv": [0, 0, 0, 6], "texture": "#2"}
			}
		},
		{
			"from": [3.3, 11, 3.5],
			"to": [3.3, 15, 10.5],
			"rotation": {"angle": -22.5, "axis": "x", "origin": [9, 24, -3]},
			"faces": {
				"north": {"uv": [0, 0, 0, 8], "texture": "#3"},
				"east": {"uv": [14, 0, 0, 8], "texture": "#3"},
				"south": {"uv": [0, 0, 0, 8], "texture": "#3"},
				"west": {"uv": [0, 0, 14, 8], "texture": "#3"},
				"up": {"uv": [0, 14, 0, 0], "texture": "#3"},
				"down": {"uv": [0, 0, 0, 14], "texture": "#3"}
			}
		},
		{
			"from": [3.3, 4, 7.5],
			"to": [3.3, 8, 14.5],
			"rotation": {"angle": 22.5, "axis": "x", "origin": [9, 24, 24]},
			"faces": {
				"north": {"uv": [0, 0, 0, 8], "texture": "#3"},
				"east": {"uv": [0, 0, 14, 8], "texture": "#3"},
				"south": {"uv": [0, 0, 0, 8], "texture": "#3"},
				"west": {"uv": [14, 0, 0, 8], "texture": "#3"},
				"up": {"uv": [0, 0, 0, 14], "texture": "#3"},
				"down": {"uv": [0, 14, 0, 0], "texture": "#3"}
			}
		},
		{
			"from": [12.7, 4, 9.5],
			"to": [12.7, 8, 16.5],
			"rotation": {"angle": 22.5, "axis": "x", "origin": [7, 24, 21]},
			"faces": {
				"north": {"uv": [0, 0, 0, 8], "texture": "#3"},
				"east": {"uv": [0, 0, 14, 8], "texture": "#3"},
				"south": {"uv": [0, 0, 0, 8], "texture": "#3"},
				"west": {"uv": [14, 0, 0, 8], "texture": "#3"},
				"up": {"uv": [0, 0, 0, 14], "texture": "#3"},
				"down": {"uv": [0, 14, 0, 0], "texture": "#3"}
			}
		},
		{
			"from": [6, 3.20711, 10.5],
			"to": [10, 5.20711, 12.5],
			"rotation": {"angle": -45, "axis": "x", "origin": [8, 0.70711, 8]},
			"faces": {
				"north": {"uv": [2.75, 3.25, 2.25, 3.5], "texture": "#0"},
				"east": {"uv": [2.25, 3.25, 2, 3.5], "texture": "#0"},
				"south": {"uv": [2.75, 3.25, 2.25, 3.5], "texture": "#0"},
				"west": {"uv": [2, 3.25, 2.25, 3.5], "texture": "#0"},
				"up": {"uv": [2.75, 3.5, 2.25, 3.25], "texture": "#0"},
				"down": {"uv": [2.75, 3.25, 2.25, 3.5], "texture": "#0"}
			}
		},
		{
			"from": [6.5, 2, 10],
			"to": [9.5, 6, 14],
			"rotation": {"angle": -45, "axis": "x", "origin": [8, 0, 8]},
			"faces": {
				"north": {"uv": [3.5, 3.0625, 4, 3.4375], "rotation": 90, "texture": "#0"},
				"east": {"uv": [3, 3.1875, 3.5, 2.6875], "rotation": 90, "texture": "#0"},
				"south": {"uv": [3.5, 3.0625, 4, 3.4375], "rotation": 90, "texture": "#0"},
				"west": {"uv": [3, 2.6875, 3.5, 3.1875], "rotation": 90, "texture": "#0"},
				"up": {"uv": [4, 2.6875, 3.5, 3.0625], "rotation": 90, "texture": "#0"},
				"down": {"uv": [4, 2.6875, 3.5, 3.0625], "rotation": 90, "texture": "#0"}
			}
		}
	],
	"gui_light": "front",
	"display": {
		"thirdperson_righthand": {
			"translation": [0, 6, 1.5],
			"scale": [0.6, 0.6, 0.6]
		},
		"thirdperson_lefthand": {
			"translation": [0, 6, 1.5],
			"scale": [0.6, 0.6, 0.6]
		},
		"firstperson_righthand": {
			"rotation": [10, 0, 0],
			"translation": [5, 4, 0],
			"scale": [0.32266, 0.32266, 0.32266]
		},
		"firstperson_lefthand": {
			"rotation": [10, 0, 0],
			"translation": [5, 4, 0],
			"scale": [0.32266, 0.32266, 0.32266]
		},
		"ground": {
			"rotation": [-45, 0, 0],
			"translation": [0, 9, 0],
			"scale": [0.45, 0.45, 0.45]
		},
		"gui": {
			"rotation": [-90, -45, -90],
			"translation": [-0.5, 0.75, -1.5],
			"scale": [0.46328, 0.46328, 0.46328]
		},
		"head": {
			"scale": [0, 0, 0]
		},
		"fixed": {
			"rotation": [0, -90, 0],
			"translation": [0, 3, -3.5],
			"scale": [1.4, 1.4, 1.4]
		}
	},
	"groups": [
		{
			"name": "group",
			"origin": [4, 8, 7],
			"color": 0,
			"children": [0, 1, 2, 3]
		},
		{
			"name": "group",
			"origin": [4, 13, 7],
			"color": 0,
			"children": [4, 5, 6, 7, 8, 9, 10, 11]
		},
		12,
		13,
		14,
		15,
		16,
		17,
		18,
		19,
		20,
		21,
		22,
		23,
		24,
		25,
		26,
		27,
		28,
		29,
		30,
		31,
		32,
		33,
		34,
		35,
		36,
		37,
		38,
		39,
		40,
		41,
		42,
		43,
		44,
		45,
		46,
		47,
		48,
		49,
		50,
		51
	]
}