{
	"credit": "Made with Blockbench",
	"textures": {
		"1": "elitecreatures:necromancer_assortment/armor/necromancer_assortment_armor1_icon"
	},
	"elements": [
		{
			"name": "left_shoe",
			"from": [-1.65, 0.25, 6.25],
			"to": [3.85, 13.75, 11.75],
			"rotation": {"angle": 22.5, "axis": "y", "origin": [0, 0, 0]},
			"faces": {
				"north": {"uv": [2, 5, 1, 8], "texture": "#1"},
				"east": {"uv": [3, 5, 2, 8], "texture": "#1"},
				"south": {"uv": [4, 5, 3, 8], "texture": "#1"},
				"west": {"uv": [1, 5, 0, 8], "texture": "#1"},
				"up": {"uv": [1, 5, 2, 4], "texture": "#1"},
				"down": {"uv": [2, 4, 3, 5], "texture": "#1"}
			}
		},
		{
			"name": "left_shoe",
			"from": [3.85, 13.75, 11.75],
			"to": [-1.65, 0.25, 6.25],
			"rotation": {"angle": 22.5, "axis": "y", "origin": [0, 0, 0]},
			"faces": {
				"north": {"uv": [4, 8, 3, 5], "texture": "#1"},
				"east": {"uv": [1, 8, 0, 5], "texture": "#1"},
				"south": {"uv": [2, 8, 1, 5], "texture": "#1"},
				"west": {"uv": [3, 8, 2, 5], "texture": "#1"},
				"up": {"uv": [3, 4, 2, 5], "texture": "#1"},
				"down": {"uv": [2, 5, 1, 4], "texture": "#1"}
			}
		},
		{
			"name": "right_shoe",
			"from": [8.15, 0.25, 5.25],
			"to": [13.65, 13.75, 10.75],
			"rotation": {"angle": 0, "axis": "y", "origin": [16, 0, 0]},
			"faces": {
				"north": {"uv": [1, 5, 2, 8], "texture": "#1"},
				"east": {"uv": [0, 5, 1, 8], "texture": "#1"},
				"south": {"uv": [3, 5, 4, 8], "texture": "#1"},
				"west": {"uv": [2, 5, 3, 8], "texture": "#1"},
				"up": {"uv": [2, 5, 1, 4], "texture": "#1"},
				"down": {"uv": [3, 4, 2, 5], "texture": "#1"}
			}
		},
		{
			"name": "right_shoe",
			"from": [13.65, 13.75, 10.75],
			"to": [8.15, 0.25, 5.25],
			"rotation": {"angle": 0, "axis": "y", "origin": [16, 0, 0]},
			"faces": {
				"north": {"uv": [3, 8, 4, 5], "texture": "#1"},
				"east": {"uv": [2, 8, 3, 5], "texture": "#1"},
				"south": {"uv": [1, 8, 2, 5], "texture": "#1"},
				"west": {"uv": [0, 8, 1, 5], "texture": "#1"},
				"up": {"uv": [2, 4, 3, 5], "texture": "#1"},
				"down": {"uv": [1, 5, 2, 4], "texture": "#1"}
			}
		}
	],
	"gui_light": "front",
	"display": {
		"gui": {
			"rotation": [12, 152, 0],
			"translation": [0, 3.25, 0],
			"scale": [0.94727, 0.94727, 0.94727]
		}
	},
	"groups": [
		{
			"name": "left_shoe",
			"origin": [0, 0, 0],
			"color": 0,
			"boneType": "",
			"children": [0, 1]
		},
		{
			"name": "right_shoe",
			"origin": [0, 0, 0],
			"color": 0,
			"boneType": "",
			"children": [2, 3]
		}
	]
}