{
	"credit": "Made by Nog's Menagerie",
	"texture_size": [32, 32],
	"textures": {
		"0": "earthserver:figures/nm_figure_box_axolotl_texture",
		"2": "earthserver:figures/nm_figure_axolotl_texture",
		"particle": "earthserver:figures/nm_figure_box_axolotl_texture"
	},
	"elements": [
		{
			"name": "base",
			"from": [3, 0, 2.9995],
			"to": [13, 2, 12.9995],
			"rotation": {"angle": 0, "axis": "y", "origin": [1, 0, -0.0005]},
			"faces": {
				"north": {"uv": [0, 9, 2.5, 9.5], "texture": "#0"},
				"east": {"uv": [2.5, 9, 5, 9.5], "texture": "#0"},
				"south": {"uv": [0, 9.5, 2.5, 10], "texture": "#0"},
				"west": {"uv": [2.5, 9.5, 5, 10], "texture": "#0"},
				"up": {"uv": [7.5, 8.5, 5, 6], "texture": "#0"},
				"down": {"uv": [10, 0, 7.5, 2.5], "texture": "#0"}
			}
		},
		{
			"name": "back",
			"from": [3, 2, 12.9985],
			"to": [13, 14, 12.9985],
			"rotation": {"angle": 0, "axis": "y", "origin": [3, 0, -2.0015]},
			"faces": {
				"north": {"uv": [0, 0, 2.5, 3], "texture": "#0"},
				"east": {"uv": [0, 0, 0, 3], "texture": "#0"},
				"south": {"uv": [2.5, 0, 5, 3], "texture": "#0"},
				"west": {"uv": [0, 0, 0, 3], "texture": "#0"},
				"up": {"uv": [2.5, 0, 0, 0], "texture": "#0"},
				"down": {"uv": [2.5, 0, 0, 0], "texture": "#0"}
			}
		},
		{
			"name": "front",
			"from": [3, 2, 3.0005],
			"to": [13, 14, 3.0005],
			"rotation": {"angle": 0, "axis": "y", "origin": [3, 0, 18.0005]},
			"faces": {
				"north": {"uv": [0, 3, 2.5, 6], "texture": "#0"},
				"east": {"uv": [0, 0, 0, 3], "texture": "#0"},
				"south": {"uv": [2.5, 3, 5, 6], "texture": "#0"},
				"west": {"uv": [0, 0, 0, 3], "texture": "#0"},
				"up": {"uv": [2.5, 0, 0, 0], "texture": "#0"},
				"down": {"uv": [2.5, 0, 0, 0], "texture": "#0"}
			}
		},
		{
			"name": "clearside",
			"from": [3, 2, 2.9995],
			"to": [3, 14, 12.9995],
			"rotation": {"angle": 0, "axis": "y", "origin": [3, 0, -0.0005]},
			"faces": {
				"north": {"uv": [0, 0, 0, 3], "texture": "#0"},
				"east": {"uv": [5, 0, 7.5, 3], "texture": "#0"},
				"south": {"uv": [0, 0, 0, 3], "texture": "#0"},
				"west": {"uv": [5, 3, 7.5, 6], "texture": "#0"},
				"up": {"uv": [0, 2.5, 0, 0], "texture": "#0"},
				"down": {"uv": [0, 0, 0, 2.5], "texture": "#0"}
			}
		},
		{
			"name": "clearside",
			"from": [3, 14, 2.9995],
			"to": [13, 14, 12.9995],
			"rotation": {"angle": 0, "axis": "y", "origin": [3, 0, -0.0005]},
			"faces": {
				"north": {"uv": [0, 0, 2.5, 0], "texture": "#0"},
				"east": {"uv": [0, 0, 2.5, 0], "texture": "#0"},
				"south": {"uv": [0, 0, 2.5, 0], "texture": "#0"},
				"west": {"uv": [0, 0, 2.5, 0], "texture": "#0"},
				"up": {"uv": [10, 5, 7.5, 2.5], "texture": "#0"},
				"down": {"uv": [10, 5, 7.5, 7.5], "texture": "#0"}
			}
		},
		{
			"name": "clearside",
			"from": [13, 2, 2.9995],
			"to": [13, 14, 12.9995],
			"rotation": {"angle": 0, "axis": "y", "origin": [13, 0, -0.0005]},
			"faces": {
				"north": {"uv": [0, 0, 0, 3], "texture": "#0"},
				"east": {"uv": [0, 6, 2.5, 9], "texture": "#0"},
				"south": {"uv": [0, 0, 0, 3], "texture": "#0"},
				"west": {"uv": [2.5, 6, 5, 9], "texture": "#0"},
				"up": {"uv": [0, 2.5, 0, 0], "texture": "#0"},
				"down": {"uv": [0, 0, 0, 2.5], "texture": "#0"}
			}
		},
		{
			"name": "clearside",
			"from": [13.05, 7.25, 7.4995],
			"to": [13.05, 7.75, 8.4995],
			"rotation": {"angle": 0, "axis": "y", "origin": [13.05, 0, -0.0005]},
			"faces": {
				"north": {"uv": [0, 0, 0, 3], "texture": "#0"},
				"east": {"uv": [5.5, 9, 6, 9.5], "texture": "#0"},
				"south": {"uv": [0, 0, 0, 3], "texture": "#0"},
				"west": {"uv": [2.5, 6, 5, 9], "texture": "#0"},
				"up": {"uv": [0, 2.5, 0, 0], "texture": "#0"},
				"down": {"uv": [0, 0, 0, 2.5], "texture": "#0"}
			}
		},
		{
			"name": "head",
			"from": [5.5, 5, 3.7495],
			"to": [10.5, 8, 6.7495],
			"rotation": {"angle": 0, "axis": "y", "origin": [7.5, 7, 5.45625]},
			"faces": {
				"north": {"uv": [0, 0, 2.5, 1.5], "texture": "#2"},
				"east": {"uv": [7, 5, 8.5, 6.5], "texture": "#2"},
				"south": {"uv": [0, 2, 2.5, 3.5], "texture": "#2"},
				"west": {"uv": [7, 7, 8.5, 8.5], "texture": "#2"},
				"up": {"uv": [5.5, 1.5, 3, 0], "texture": "#2"},
				"down": {"uv": [5.5, 2, 3, 3.5], "texture": "#2"}
			}
		},
		{
			"name": "head",
			"from": [5.5, 7.88582, 5.17547],
			"to": [10.5, 9.88582, 5.17547],
			"rotation": {"angle": -22.5, "axis": "x", "origin": [8, 9.38582, 5.17547]},
			"faces": {
				"north": {"uv": [6, 2, 8.5, 3], "texture": "#2"},
				"east": {"uv": [8, 11, 8, 12], "texture": "#2"},
				"south": {"uv": [4, 6, 6.5, 7], "texture": "#2"},
				"west": {"uv": [8.5, 11, 8.5, 12], "texture": "#2"},
				"up": {"uv": [11.5, 11, 9, 11], "texture": "#2"},
				"down": {"uv": [14, 3, 11.5, 3], "texture": "#2"}
			}
		},
		{
			"name": "head",
			"from": [9.73567, 5, 4.90697],
			"to": [11.73567, 9, 4.90697],
			"rotation": {"angle": 22.5, "axis": "y", "origin": [12.23567, 7, 3.40697]},
			"faces": {
				"north": {"uv": [3, 7.5, 4, 9.5], "texture": "#2"},
				"east": {"uv": [11.5, 3.5, 11.5, 5.5], "texture": "#2"},
				"south": {"uv": [4.5, 7.5, 5.5, 9.5], "texture": "#2"},
				"west": {"uv": [11.5, 6, 11.5, 8], "texture": "#2"},
				"up": {"uv": [12.5, 8.5, 11.5, 8.5], "texture": "#2"},
				"down": {"uv": [10, 11.5, 9, 11.5], "texture": "#2"}
			}
		},
		{
			"name": "head",
			"from": [4.26433, 5, 4.90697],
			"to": [6.26433, 9, 4.90697],
			"rotation": {"angle": -22.5, "axis": "y", "origin": [3.76433, 7, 3.40697]},
			"faces": {
				"north": {"uv": [0, 8.5, 1, 10.5], "texture": "#2"},
				"east": {"uv": [10.5, 11.5, 10.5, 13.5], "texture": "#2"},
				"south": {"uv": [1.5, 8.5, 2.5, 10.5], "texture": "#2"},
				"west": {"uv": [11, 11.5, 11, 13.5], "texture": "#2"},
				"up": {"uv": [12.5, 9, 11.5, 9], "texture": "#2"},
				"down": {"uv": [12.5, 9.5, 11.5, 9.5], "texture": "#2"}
			}
		},
		{
			"name": "head",
			"from": [6.5, 5, 6.7495],
			"to": [9.5, 7, 11.7495],
			"rotation": {"angle": 0, "axis": "y", "origin": [7.5, 7, 8.45625]},
			"faces": {
				"north": {"uv": [9, 0, 10.5, 1], "texture": "#2"},
				"east": {"uv": [0, 7, 2.5, 8], "texture": "#2"},
				"south": {"uv": [9, 1.5, 10.5, 2.5], "texture": "#2"},
				"west": {"uv": [7, 3.5, 9.5, 4.5], "texture": "#2"},
				"up": {"uv": [1.5, 6.5, 0, 4], "texture": "#2"},
				"down": {"uv": [3.5, 4, 2, 6.5], "texture": "#2"}
			}
		},
		{
			"name": "head",
			"from": [8, 5, 7.7495],
			"to": [8, 8, 12.7495],
			"rotation": {"angle": 0, "axis": "y", "origin": [7.5, 8, 8.45625]},
			"faces": {
				"north": {"uv": [11.5, 11.5, 11.5, 13], "texture": "#2"},
				"east": {"uv": [8.5, 0, 6, 1.5], "texture": "#2"},
				"south": {"uv": [12, 0, 12, 1.5], "texture": "#2"},
				"west": {"uv": [6, 0, 8.5, 1.5], "texture": "#2"},
				"up": {"uv": [1, 14.5, 1, 12], "texture": "#2"},
				"down": {"uv": [1.5, 12, 1.5, 14.5], "texture": "#2"}
			}
		},
		{
			"name": "head",
			"from": [5.94005, 3.93863, 10.4995],
			"to": [6.94005, 3.93863, 11.4995],
			"rotation": {"angle": 45, "axis": "z", "origin": [5.44005, 3.93863, 10.7495]},
			"faces": {
				"north": {"uv": [6, 3.5, 6.5, 3.5], "texture": "#2"},
				"east": {"uv": [3, 7, 3.5, 7], "texture": "#2"},
				"south": {"uv": [6, 8.5, 6.5, 8.5], "texture": "#2"},
				"west": {"uv": [9, 3, 9.5, 3], "texture": "#2"},
				"up": {"uv": [6.5, 8, 6, 7.5], "texture": "#2"},
				"down": {"uv": [11.5, 0, 11, 0.5], "texture": "#2"}
			}
		},
		{
			"name": "head",
			"from": [3.94005, 3.93863, 9.4995],
			"to": [5.94005, 3.93863, 12.4995],
			"rotation": {"angle": 45, "axis": "z", "origin": [5.44005, 3.93863, 10.7495]},
			"faces": {
				"north": {"uv": [11.5, 10, 12.5, 10], "texture": "#2"},
				"east": {"uv": [11.5, 10.5, 13, 10.5], "texture": "#2"},
				"south": {"uv": [2, 12, 3, 12], "texture": "#2"},
				"west": {"uv": [12, 2, 13.5, 2], "texture": "#2"},
				"up": {"uv": [10, 6.5, 9, 5], "texture": "#2"},
				"down": {"uv": [7, 9, 6, 10.5], "texture": "#2"}
			}
		},
		{
			"name": "head",
			"from": [3.94005, 3.93863, 5.9995],
			"to": [5.94005, 3.93863, 8.9995],
			"rotation": {"angle": 45, "axis": "z", "origin": [5.44005, 3.93863, 10.7495]},
			"faces": {
				"north": {"uv": [12, 2.5, 13, 2.5], "texture": "#2"},
				"east": {"uv": [3.5, 12, 5, 12], "texture": "#2"},
				"south": {"uv": [12, 3.5, 13, 3.5], "texture": "#2"},
				"west": {"uv": [12, 4, 13.5, 4], "texture": "#2"},
				"up": {"uv": [10, 8.5, 9, 7], "texture": "#2"},
				"down": {"uv": [8.5, 9, 7.5, 10.5], "texture": "#2"}
			}
		},
		{
			"name": "head",
			"from": [5.94005, 3.93863, 6.9995],
			"to": [6.94005, 3.93863, 7.9995],
			"rotation": {"angle": 45, "axis": "z", "origin": [5.44005, 3.93863, 10.7495]},
			"faces": {
				"north": {"uv": [12, 4.5, 12.5, 4.5], "texture": "#2"},
				"east": {"uv": [12, 5, 12.5, 5], "texture": "#2"},
				"south": {"uv": [5.5, 12, 6, 12], "texture": "#2"},
				"west": {"uv": [12, 5.5, 12.5, 5.5], "texture": "#2"},
				"up": {"uv": [1.5, 11.5, 1, 11], "texture": "#2"},
				"down": {"uv": [11.5, 1, 11, 1.5], "texture": "#2"}
			}
		},
		{
			"name": "head",
			"from": [10.05995, 3.93863, 9.4995],
			"to": [12.05995, 3.93863, 12.4995],
			"rotation": {"angle": -45, "axis": "z", "origin": [10.55995, 3.93863, 10.7495]},
			"faces": {
				"north": {"uv": [12.5, 10, 11.5, 10], "texture": "#2"},
				"east": {"uv": [13.5, 2, 12, 2], "texture": "#2"},
				"south": {"uv": [3, 12, 2, 12], "texture": "#2"},
				"west": {"uv": [13, 10.5, 11.5, 10.5], "texture": "#2"},
				"up": {"uv": [9, 6.5, 10, 5], "texture": "#2"},
				"down": {"uv": [6, 9, 7, 10.5], "texture": "#2"}
			}
		},
		{
			"name": "head",
			"from": [9.05995, 3.93863, 10.4995],
			"to": [10.05995, 3.93863, 11.4995],
			"rotation": {"angle": -45, "axis": "z", "origin": [10.55995, 3.93863, 10.7495]},
			"faces": {
				"north": {"uv": [6.5, 3.5, 6, 3.5], "texture": "#2"},
				"east": {"uv": [9.5, 3, 9, 3], "texture": "#2"},
				"south": {"uv": [6.5, 8.5, 6, 8.5], "texture": "#2"},
				"west": {"uv": [3.5, 7, 3, 7], "texture": "#2"},
				"up": {"uv": [6, 8, 6.5, 7.5], "texture": "#2"},
				"down": {"uv": [11, 0, 11.5, 0.5], "texture": "#2"}
			}
		},
		{
			"name": "head",
			"from": [9.05995, 3.93863, 6.9995],
			"to": [10.05995, 3.93863, 7.9995],
			"rotation": {"angle": -45, "axis": "z", "origin": [10.55995, 3.93863, 10.7495]},
			"faces": {
				"north": {"uv": [12.5, 4.5, 12, 4.5], "texture": "#2"},
				"east": {"uv": [12.5, 5.5, 12, 5.5], "texture": "#2"},
				"south": {"uv": [6, 12, 5.5, 12], "texture": "#2"},
				"west": {"uv": [12.5, 5, 12, 5], "texture": "#2"},
				"up": {"uv": [1, 11.5, 1.5, 11], "texture": "#2"},
				"down": {"uv": [11, 1, 11.5, 1.5], "texture": "#2"}
			}
		},
		{
			"name": "head",
			"from": [10.05995, 3.93863, 5.9995],
			"to": [12.05995, 3.93863, 8.9995],
			"rotation": {"angle": -45, "axis": "z", "origin": [10.55995, 3.93863, 10.7495]},
			"faces": {
				"north": {"uv": [13, 2.5, 12, 2.5], "texture": "#2"},
				"east": {"uv": [13.5, 4, 12, 4], "texture": "#2"},
				"south": {"uv": [13, 3.5, 12, 3.5], "texture": "#2"},
				"west": {"uv": [5, 12, 3.5, 12], "texture": "#2"},
				"up": {"uv": [9, 8.5, 10, 7], "texture": "#2"},
				"down": {"uv": [7.5, 9, 8.5, 10.5], "texture": "#2"}
			}
		},
		{
			"name": "torso",
			"from": [7.5, 2, 7.9995],
			"to": [8.5, 5, 7.9995],
			"rotation": {"angle": -45, "axis": "y", "origin": [8, 3, 7.9995]},
			"faces": {
				"north": {"uv": [10.5, 5, 11, 6.5], "texture": "#2"},
				"east": {"uv": [7.5, 12, 7.5, 13.5], "texture": "#2"},
				"south": {"uv": [10.5, 7, 11, 8.5], "texture": "#2"},
				"west": {"uv": [5.5, 12.5, 5.5, 14], "texture": "#2"},
				"up": {"uv": [6.5, 12.5, 6, 12.5], "texture": "#2"},
				"down": {"uv": [8.5, 12.5, 8, 12.5], "texture": "#2"}
			}
		},
		{
			"name": "torso",
			"from": [7.5, 2, 7.9995],
			"to": [8.5, 5, 7.9995],
			"rotation": {"angle": 45, "axis": "y", "origin": [8, 3, 7.9995]},
			"faces": {
				"north": {"uv": [10.5, 9, 11, 10.5], "texture": "#2"},
				"east": {"uv": [7, 12.5, 7, 14], "texture": "#2"},
				"south": {"uv": [0, 11, 0.5, 12.5], "texture": "#2"},
				"west": {"uv": [9, 12.5, 9, 14], "texture": "#2"},
				"up": {"uv": [10, 12.5, 9.5, 12.5], "texture": "#2"},
				"down": {"uv": [12.5, 12.5, 12, 12.5], "texture": "#2"}
			}
		}
	],
	"gui_light": "front",
	"display": {
		"thirdperson_righthand": {
			"translation": [0, -1.25, -2.75],
			"scale": [0.55, 0.55, 0.55]
		},
		"thirdperson_lefthand": {
			"translation": [0, -1.25, -2.75],
			"scale": [0.55, 0.55, 0.55]
		},
		"firstperson_righthand": {
			"rotation": [0, 113, 5],
			"translation": [3.5, 5, 0],
			"scale": [0.73, 0.73, 0.73]
		},
		"firstperson_lefthand": {
			"rotation": [0, 113, 5],
			"translation": [3.5, 5, 0],
			"scale": [0.73, 0.73, 0.73]
		},
		"ground": {
			"translation": [0, 3, 0],
			"scale": [0.7, 0.7, 0.7]
		},
		"gui": {
			"rotation": [25, 151, 0],
			"translation": [0.25, 0.25, 0],
			"scale": [0.74, 0.74, 0.74]
		},
		"head": {
			"translation": [0, 13.5, 0],
			"scale": [0.89, 0.89, 0.89]
		},
		"fixed": {
			"rotation": [-90, 0, 0],
			"translation": [0, 0, -16],
			"scale": [2, 2, 2]
		}
	},
	"groups": [
		{
			"name": "base",
			"origin": [7, 8, 7.9995],
			"color": 0,
			"children": [
				{
					"name": "box",
					"origin": [-1, 0, -0.0005],
					"color": 0,
					"children": [0, 1, 2, 3, 4, 5, 6]
				},
				{
					"name": "figure",
					"origin": [-1, 0, -0.0005],
					"color": 1,
					"children": [
						{
							"name": "head",
							"origin": [5.59467, 11, 8.76853],
							"color": 1,
							"children": [7, 8, 9, 10]
						},
						11,
						12,
						{
							"name": "group",
							"origin": [5.75, 2.025, 7.7495],
							"color": 0,
							"children": [13, 14, 15, 16, 17, 18, 19, 20]
						},
						{
							"name": "group",
							"origin": [7, 3, 7.9995],
							"color": 0,
							"children": [21, 22]
						}
					]
				}
			]
		}
	]
}