{
	"credit": "Made by Nog's Menagerie",
	"texture_size": [32, 32],
	"textures": {
		"0": "earthserver:figures/nm_figure_box_ghast_texture",
		"2": "earthserver:figures/nm_figure_ghast_texture",
		"particle": "earthserver:figures/nm_figure_box_ghast_texture"
	},
	"elements": [
		{
			"name": "base",
			"from": [3, 0, 2.9995],
			"to": [13, 2, 12.9995],
			"rotation": {"angle": 0, "axis": "y", "origin": [1, 0, -0.0005]},
			"faces": {
				"north": {"uv": [0, 9, 2.5, 9.5], "texture": "#0"},
				"east": {"uv": [2.5, 9, 5, 9.5], "texture": "#0"},
				"south": {"uv": [0, 9.5, 2.5, 10], "texture": "#0"},
				"west": {"uv": [2.5, 9.5, 5, 10], "texture": "#0"},
				"up": {"uv": [7.5, 8.5, 5, 6], "texture": "#0"},
				"down": {"uv": [10, 0, 7.5, 2.5], "texture": "#0"}
			}
		},
		{
			"name": "back",
			"from": [3, 2, 12.9985],
			"to": [13, 14, 12.9985],
			"rotation": {"angle": 0, "axis": "y", "origin": [3, 0, -2.0015]},
			"faces": {
				"north": {"uv": [0, 0, 2.5, 3], "texture": "#0"},
				"east": {"uv": [0, 0, 0, 3], "texture": "#0"},
				"south": {"uv": [2.5, 0, 5, 3], "texture": "#0"},
				"west": {"uv": [0, 0, 0, 3], "texture": "#0"},
				"up": {"uv": [2.5, 0, 0, 0], "texture": "#0"},
				"down": {"uv": [2.5, 0, 0, 0], "texture": "#0"}
			}
		},
		{
			"name": "front",
			"from": [3, 2, 3.0005],
			"to": [13, 14, 3.0005],
			"rotation": {"angle": 0, "axis": "y", "origin": [3, 0, 18.0005]},
			"faces": {
				"north": {"uv": [0, 3, 2.5, 6], "texture": "#0"},
				"east": {"uv": [0, 0, 0, 3], "texture": "#0"},
				"south": {"uv": [2.5, 3, 5, 6], "texture": "#0"},
				"west": {"uv": [0, 0, 0, 3], "texture": "#0"},
				"up": {"uv": [2.5, 0, 0, 0], "texture": "#0"},
				"down": {"uv": [2.5, 0, 0, 0], "texture": "#0"}
			}
		},
		{
			"name": "clearside",
			"from": [3, 2, 2.9995],
			"to": [3, 14, 12.9995],
			"rotation": {"angle": 0, "axis": "y", "origin": [3, 0, -0.0005]},
			"faces": {
				"north": {"uv": [0, 0, 0, 3], "texture": "#0"},
				"east": {"uv": [5, 0, 7.5, 3], "texture": "#0"},
				"south": {"uv": [0, 0, 0, 3], "texture": "#0"},
				"west": {"uv": [5, 3, 7.5, 6], "texture": "#0"},
				"up": {"uv": [0, 2.5, 0, 0], "texture": "#0"},
				"down": {"uv": [0, 0, 0, 2.5], "texture": "#0"}
			}
		},
		{
			"name": "clearside",
			"from": [3, 14, 2.9995],
			"to": [13, 14, 12.9995],
			"rotation": {"angle": 0, "axis": "y", "origin": [3, 0, -0.0005]},
			"faces": {
				"north": {"uv": [0, 0, 2.5, 0], "texture": "#0"},
				"east": {"uv": [0, 0, 2.5, 0], "texture": "#0"},
				"south": {"uv": [0, 0, 2.5, 0], "texture": "#0"},
				"west": {"uv": [0, 0, 2.5, 0], "texture": "#0"},
				"up": {"uv": [10, 5, 7.5, 2.5], "texture": "#0"},
				"down": {"uv": [10, 5, 7.5, 7.5], "texture": "#0"}
			}
		},
		{
			"name": "clearside",
			"from": [13, 2, 2.9995],
			"to": [13, 14, 12.9995],
			"rotation": {"angle": 0, "axis": "y", "origin": [13, 0, -0.0005]},
			"faces": {
				"north": {"uv": [0, 0, 0, 3], "texture": "#0"},
				"east": {"uv": [0, 6, 2.5, 9], "texture": "#0"},
				"south": {"uv": [0, 0, 0, 3], "texture": "#0"},
				"west": {"uv": [2.5, 6, 5, 9], "texture": "#0"},
				"up": {"uv": [0, 2.5, 0, 0], "texture": "#0"},
				"down": {"uv": [0, 0, 0, 2.5], "texture": "#0"}
			}
		},
		{
			"name": "torso",
			"from": [6.5, 2, 7.9995],
			"to": [7.5, 5, 7.9995],
			"rotation": {"angle": -45, "axis": "y", "origin": [7, 3, 7.9995]},
			"faces": {
				"north": {"uv": [4.5, 7, 5, 8.5], "texture": "#2"},
				"east": {"uv": [2, 12.5, 2, 14], "texture": "#2"},
				"south": {"uv": [5.5, 7, 6, 8.5], "texture": "#2"},
				"west": {"uv": [2.5, 12.5, 2.5, 14], "texture": "#2"},
				"up": {"uv": [13, 6, 12.5, 6], "texture": "#2"},
				"down": {"uv": [13, 6.5, 12.5, 6.5], "texture": "#2"}
			}
		},
		{
			"name": "torso",
			"from": [6.5, 2, 7.9995],
			"to": [7.5, 5, 7.9995],
			"rotation": {"angle": 45, "axis": "y", "origin": [7, 3, 7.9995]},
			"faces": {
				"north": {"uv": [3.5, 7, 4, 8.5], "texture": "#2"},
				"east": {"uv": [1, 12.5, 1, 14], "texture": "#2"},
				"south": {"uv": [7, 3.5, 7.5, 5], "texture": "#2"},
				"west": {"uv": [1.5, 12.5, 1.5, 14], "texture": "#2"},
				"up": {"uv": [13, 1, 12.5, 1], "texture": "#2"},
				"down": {"uv": [13, 1.5, 12.5, 1.5], "texture": "#2"}
			}
		},
		{
			"name": "arm",
			"from": [8.5, 2.26746, 5.59412],
			"to": [9.5, 5.26746, 6.59412],
			"rotation": {"angle": -22.5, "axis": "x", "origin": [9.5, 4.26746, 6.09412]},
			"faces": {
				"north": {"uv": [7, 5.5, 7.5, 7], "texture": "#2"},
				"east": {"uv": [6.5, 7.5, 7, 9], "texture": "#2"},
				"south": {"uv": [7.5, 7.5, 8, 9], "texture": "#2"},
				"west": {"uv": [8, 3.5, 8.5, 5], "texture": "#2"},
				"up": {"uv": [7.5, 12, 7, 11.5], "texture": "#2"},
				"down": {"uv": [8.5, 11.5, 8, 12], "texture": "#2"}
			}
		},
		{
			"name": "arm",
			"from": [8.5, 2.26746, 7.59412],
			"to": [9.5, 5.26746, 8.59412],
			"rotation": {"angle": -22.5, "axis": "x", "origin": [9.5, 4.26746, 8.09412]},
			"faces": {
				"north": {"uv": [8, 5.5, 8.5, 7], "texture": "#2"},
				"east": {"uv": [8.5, 7.5, 9, 9], "texture": "#2"},
				"south": {"uv": [3.5, 9, 4, 10.5], "texture": "#2"},
				"west": {"uv": [9, 3.5, 9.5, 5], "texture": "#2"},
				"up": {"uv": [12, 8.5, 11.5, 8], "texture": "#2"},
				"down": {"uv": [9.5, 11.5, 9, 12], "texture": "#2"}
			}
		},
		{
			"name": "arm",
			"from": [8.5, 2.26746, 9.59412],
			"to": [9.5, 5.26746, 10.59412],
			"rotation": {"angle": -22.5, "axis": "x", "origin": [9.5, 4.26746, 10.09412]},
			"faces": {
				"north": {"uv": [4.5, 9, 5, 10.5], "texture": "#2"},
				"east": {"uv": [5.5, 9, 6, 10.5], "texture": "#2"},
				"south": {"uv": [9, 5.5, 9.5, 7], "texture": "#2"},
				"west": {"uv": [6.5, 9.5, 7, 11], "texture": "#2"},
				"up": {"uv": [12, 9.5, 11.5, 9], "texture": "#2"},
				"down": {"uv": [10.5, 11.5, 10, 12], "texture": "#2"}
			}
		},
		{
			"name": "arm",
			"from": [4.5, 2.26746, 9.59412],
			"to": [5.5, 5.26746, 10.59412],
			"rotation": {"angle": -22.5, "axis": "x", "origin": [5.5, 4.26746, 10.09412]},
			"faces": {
				"north": {"uv": [7.5, 9.5, 8, 11], "texture": "#2"},
				"east": {"uv": [9.5, 7.5, 10, 9], "texture": "#2"},
				"south": {"uv": [8.5, 9.5, 9, 11], "texture": "#2"},
				"west": {"uv": [9.5, 9.5, 10, 11], "texture": "#2"},
				"up": {"uv": [12, 10.5, 11.5, 10], "texture": "#2"},
				"down": {"uv": [11.5, 11.5, 11, 12], "texture": "#2"}
			}
		},
		{
			"name": "arm",
			"from": [4.5, 2.26746, 7.59412],
			"to": [5.5, 5.26746, 8.59412],
			"rotation": {"angle": -22.5, "axis": "x", "origin": [5.5, 4.26746, 8.09412]},
			"faces": {
				"north": {"uv": [10, 3.5, 10.5, 5], "texture": "#2"},
				"east": {"uv": [10, 5.5, 10.5, 7], "texture": "#2"},
				"south": {"uv": [0, 10.5, 0.5, 12], "texture": "#2"},
				"west": {"uv": [10.5, 0, 11, 1.5], "texture": "#2"},
				"up": {"uv": [12.5, 2.5, 12, 2], "texture": "#2"},
				"down": {"uv": [12.5, 3, 12, 3.5], "texture": "#2"}
			}
		},
		{
			"name": "arm",
			"from": [4.5, 2.26746, 5.59412],
			"to": [5.5, 5.26746, 6.59412],
			"rotation": {"angle": -22.5, "axis": "x", "origin": [5.5, 4.26746, 6.09412]},
			"faces": {
				"north": {"uv": [1, 10.5, 1.5, 12], "texture": "#2"},
				"east": {"uv": [2, 10.5, 2.5, 12], "texture": "#2"},
				"south": {"uv": [10.5, 7.5, 11, 9], "texture": "#2"},
				"west": {"uv": [10.5, 9.5, 11, 11], "texture": "#2"},
				"up": {"uv": [12.5, 4.5, 12, 4], "texture": "#2"},
				"down": {"uv": [12.5, 5, 12, 5.5], "texture": "#2"}
			}
		},
		{
			"name": "arm",
			"from": [6.5, 2.26746, 5.59412],
			"to": [7.5, 5.26746, 6.59412],
			"rotation": {"angle": -22.5, "axis": "x", "origin": [7.5, 4.26746, 6.09412]},
			"faces": {
				"north": {"uv": [11, 2, 11.5, 3.5], "texture": "#2"},
				"east": {"uv": [3, 11, 3.5, 12.5], "texture": "#2"},
				"south": {"uv": [4, 11, 4.5, 12.5], "texture": "#2"},
				"west": {"uv": [11, 4, 11.5, 5.5], "texture": "#2"},
				"up": {"uv": [12.5, 11.5, 12, 11], "texture": "#2"},
				"down": {"uv": [12.5, 12, 12, 12.5], "texture": "#2"}
			}
		},
		{
			"name": "arm",
			"from": [6.5, 2.26746, 9.59412],
			"to": [7.5, 5.26746, 10.59412],
			"rotation": {"angle": -22.5, "axis": "x", "origin": [7.5, 4.26746, 10.09412]},
			"faces": {
				"north": {"uv": [5, 11, 5.5, 12.5], "texture": "#2"},
				"east": {"uv": [11.5, 0, 12, 1.5], "texture": "#2"},
				"south": {"uv": [6, 11.5, 6.5, 13], "texture": "#2"},
				"west": {"uv": [11.5, 6, 12, 7.5], "texture": "#2"},
				"up": {"uv": [0.5, 13, 0, 12.5], "texture": "#2"},
				"down": {"uv": [13, 0, 12.5, 0.5], "texture": "#2"}
			}
		},
		{
			"name": "head",
			"from": [4, 5, 4.7495],
			"to": [10, 11, 10.7495],
			"rotation": {"angle": 0, "axis": "y", "origin": [7, 7, 8.45625]},
			"faces": {
				"north": {"uv": [0, 0, 3, 3], "texture": "#2"},
				"east": {"uv": [0, 3.5, 3, 6.5], "texture": "#2"},
				"south": {"uv": [3.5, 0, 6.5, 3], "texture": "#2"},
				"west": {"uv": [3.5, 3.5, 6.5, 6.5], "texture": "#2"},
				"up": {"uv": [3, 10, 0, 7], "texture": "#2"},
				"down": {"uv": [10, 0, 7, 3], "texture": "#2"}
			}
		}
	],
	"gui_light": "front",
	"display": {
		"thirdperson_righthand": {
			"translation": [0, -1.25, -2.75],
			"scale": [0.55, 0.55, 0.55]
		},
		"thirdperson_lefthand": {
			"translation": [0, -1.25, -2.75],
			"scale": [0.55, 0.55, 0.55]
		},
		"firstperson_righthand": {
			"rotation": [0, 113, 5],
			"translation": [3.5, 5, 0],
			"scale": [0.73, 0.73, 0.73]
		},
		"firstperson_lefthand": {
			"rotation": [0, 113, 5],
			"translation": [3.5, 5, 0],
			"scale": [0.73, 0.73, 0.73]
		},
		"ground": {
			"translation": [0, 3, 0],
			"scale": [0.7, 0.7, 0.7]
		},
		"gui": {
			"rotation": [25, 151, 0],
			"translation": [0.25, 0.25, 0],
			"scale": [0.74, 0.74, 0.74]
		},
		"head": {
			"translation": [0, 13.5, 0],
			"scale": [0.89, 0.89, 0.89]
		},
		"fixed": {
			"rotation": [-90, 0, 0],
			"translation": [0, 0, -16],
			"scale": [2, 2, 2]
		}
	},
	"groups": [
		{
			"name": "base",
			"origin": [7, 8, 7.9995],
			"color": 0,
			"children": [
				{
					"name": "box",
					"origin": [-1, 0, -0.0005],
					"color": 0,
					"children": [0, 1, 2, 3, 4, 5]
				},
				{
					"name": "figure",
					"origin": [-1, 0, -0.0005],
					"color": 1,
					"children": [
						{
							"name": "group",
							"origin": [7, 3, 7.9995],
							"color": 0,
							"children": [6, 7]
						},
						{
							"name": "arms",
							"origin": [2.59253, 8.72887, 8.9995],
							"color": 1,
							"children": [8, 9, 10, 11, 12, 13, 14, 15]
						},
						{
							"name": "head",
							"origin": [5.59467, 11, 8.76853],
							"color": 1,
							"children": [16]
						}
					]
				}
			]
		}
	]
}