{
	"credit": "Made by Nog's Menagerie",
	"texture_size": [8, 8],
	"textures": {
		"0": "earthserver:figures/nm_figure_box_gold",
		"3": "earthserver:figures/golden_rabbit",
		"particle": "earthserver:figures/golden_rabbit"
	},
	"elements": [
		{
			"name": "base",
			"from": [3, 0, 2.9995],
			"to": [13, 2, 12.9995],
			"rotation": {"angle": 0, "axis": "y", "origin": [1, 0, -0.0005]},
			"faces": {
				"north": {"uv": [0, 9, 2.5, 9.5], "texture": "#0"},
				"east": {"uv": [2.5, 9, 5, 9.5], "texture": "#0"},
				"south": {"uv": [0, 9.5, 2.5, 10], "texture": "#0"},
				"west": {"uv": [2.5, 9.5, 5, 10], "texture": "#0"},
				"up": {"uv": [7.5, 8.5, 5, 6], "texture": "#0"},
				"down": {"uv": [10, 0, 7.5, 2.5], "texture": "#0"}
			}
		},
		{
			"name": "back",
			"from": [3, 2, 12.9985],
			"to": [13, 14, 12.9985],
			"rotation": {"angle": 0, "axis": "y", "origin": [3, 0, -2.0015]},
			"faces": {
				"north": {"uv": [0, 0, 2.5, 3], "texture": "#0"},
				"east": {"uv": [0, 0, 0, 3], "texture": "#0"},
				"south": {"uv": [2.5, 0, 5, 3], "texture": "#0"},
				"west": {"uv": [0, 0, 0, 3], "texture": "#0"},
				"up": {"uv": [2.5, 0, 0, 0], "texture": "#0"},
				"down": {"uv": [2.5, 0, 0, 0], "texture": "#0"}
			}
		},
		{
			"name": "front",
			"from": [3, 2, 3.0005],
			"to": [13, 14, 3.0005],
			"rotation": {"angle": 0, "axis": "y", "origin": [3, 0, 18.0005]},
			"faces": {
				"north": {"uv": [0, 3, 2.5, 6], "texture": "#0"},
				"east": {"uv": [0, 0, 0, 3], "texture": "#0"},
				"south": {"uv": [2.5, 3, 5, 6], "texture": "#0"},
				"west": {"uv": [0, 0, 0, 3], "texture": "#0"},
				"up": {"uv": [2.5, 0, 0, 0], "texture": "#0"},
				"down": {"uv": [2.5, 0, 0, 0], "texture": "#0"}
			}
		},
		{
			"name": "clearside",
			"from": [3, 2, 2.9995],
			"to": [3, 14, 12.9995],
			"rotation": {"angle": 0, "axis": "y", "origin": [3, 0, -0.0005]},
			"faces": {
				"north": {"uv": [0, 0, 0, 3], "texture": "#0"},
				"east": {"uv": [5, 0, 7.5, 3], "texture": "#0"},
				"south": {"uv": [0, 0, 0, 3], "texture": "#0"},
				"west": {"uv": [5, 3, 7.5, 6], "texture": "#0"},
				"up": {"uv": [0, 2.5, 0, 0], "texture": "#0"},
				"down": {"uv": [0, 0, 0, 2.5], "texture": "#0"}
			}
		},
		{
			"name": "clearside",
			"from": [3, 14, 2.9995],
			"to": [13, 14, 12.9995],
			"rotation": {"angle": 0, "axis": "y", "origin": [3, 0, -0.0005]},
			"faces": {
				"north": {"uv": [0, 0, 2.5, 0], "texture": "#0"},
				"east": {"uv": [0, 0, 2.5, 0], "texture": "#0"},
				"south": {"uv": [0, 0, 2.5, 0], "texture": "#0"},
				"west": {"uv": [0, 0, 2.5, 0], "texture": "#0"},
				"up": {"uv": [10, 5, 7.5, 2.5], "texture": "#0"},
				"down": {"uv": [10, 5, 7.5, 7.5], "texture": "#0"}
			}
		},
		{
			"name": "clearside",
			"from": [13, 2, 2.9995],
			"to": [13, 14, 12.9995],
			"rotation": {"angle": 0, "axis": "y", "origin": [13, 0, -0.0005]},
			"faces": {
				"north": {"uv": [0, 0, 0, 3], "texture": "#0"},
				"east": {"uv": [0, 6, 2.5, 9], "texture": "#0"},
				"south": {"uv": [0, 0, 0, 3], "texture": "#0"},
				"west": {"uv": [2.5, 6, 5, 9], "texture": "#0"},
				"up": {"uv": [0, 2.5, 0, 0], "texture": "#0"},
				"down": {"uv": [0, 0, 0, 2.5], "texture": "#0"}
			}
		},
		{
			"name": "torso",
			"from": [5, 3.65538, 5.98254],
			"to": [9, 6.65538, 11.98254],
			"rotation": {"angle": 45, "axis": "x", "origin": [7.5, 5.15538, 9.48254]},
			"faces": {
				"north": {"uv": [6.5, 0, 8.5, 1.5], "texture": "#3"},
				"east": {"uv": [5, 2, 8, 3.5], "texture": "#3"},
				"south": {"uv": [2.5, 6.5, 4.5, 8], "texture": "#3"},
				"west": {"uv": [2.5, 5, 5.5, 6.5], "texture": "#3"},
				"up": {"uv": [2, 3, 0, 0], "texture": "#3"},
				"down": {"uv": [4, 0, 2, 3], "texture": "#3"}
			}
		},
		{
			"name": "torso",
			"from": [6, 3.49472, 10.95741],
			"to": [8, 5.49472, 12.95741],
			"rotation": {"angle": 0, "axis": "y", "origin": [7, 4.09472, 11.95741]},
			"faces": {
				"north": {"uv": [4, 2, 5, 3], "texture": "#3"},
				"east": {"uv": [4.5, 6.5, 5.5, 7.5], "texture": "#3"},
				"south": {"uv": [3, 8, 4, 9], "texture": "#3"},
				"west": {"uv": [7.5, 8, 8.5, 9], "texture": "#3"},
				"up": {"uv": [1, 9.5, 0, 8.5], "texture": "#3"},
				"down": {"uv": [9.5, 0, 8.5, 1], "texture": "#3"}
			}
		},
		{
			"name": "head",
			"from": [4.5, 5.84341, 3.77886],
			"to": [9.5, 9.84341, 7.77886],
			"rotation": {"angle": -22.5, "axis": "x", "origin": [7, 9.17552, 5.18419]},
			"faces": {
				"north": {"uv": [0, 3, 2.5, 5], "texture": "#3"},
				"east": {"uv": [5.5, 3.5, 7.5, 5.5], "texture": "#3"},
				"south": {"uv": [2.5, 3, 5, 5], "texture": "#3"},
				"west": {"uv": [5.5, 5.5, 7.5, 7.5], "texture": "#3"},
				"up": {"uv": [6.5, 2, 4, 0], "texture": "#3"},
				"down": {"uv": [2.5, 5, 0, 7], "texture": "#3"}
			}
		},
		{
			"name": "head",
			"from": [6.5, 6.84341, 2.77886],
			"to": [7.5, 7.84341, 3.77886],
			"rotation": {"angle": -22.5, "axis": "x", "origin": [7, 9.17552, 5.18419]},
			"faces": {
				"north": {"uv": [2, 7, 2.5, 7.5], "texture": "#3"},
				"east": {"uv": [7.5, 1.5, 8, 2], "texture": "#3"},
				"south": {"uv": [2, 7.5, 2.5, 8], "texture": "#3"},
				"west": {"uv": [8.5, 1, 9, 1.5], "texture": "#3"},
				"up": {"uv": [10, 7.5, 9.5, 7], "texture": "#3"},
				"down": {"uv": [10, 7.5, 9.5, 8], "texture": "#3"}
			}
		},
		{
			"name": "head",
			"from": [7.5, 9.84341, 5.77886],
			"to": [9.5, 12.84341, 6.77886],
			"rotation": {"angle": -22.5, "axis": "x", "origin": [7, 9.17552, 5.18419]},
			"faces": {
				"north": {"uv": [6.5, 7.5, 7.5, 9], "texture": "#3"},
				"east": {"uv": [5, 3.5, 5.5, 5], "texture": "#3"},
				"south": {"uv": [7.5, 6.5, 8.5, 8], "texture": "#3"},
				"west": {"uv": [9.5, 1, 10, 2.5], "texture": "#3"},
				"up": {"uv": [7.5, 2, 6.5, 1.5], "texture": "#3"},
				"down": {"uv": [10.5, 2.5, 9.5, 3], "texture": "#3"}
			}
		},
		{
			"name": "head",
			"from": [4.5, 9.84341, 5.77886],
			"to": [6.5, 12.84341, 6.77886],
			"rotation": {"angle": -22.5, "axis": "x", "origin": [7, 9.17552, 5.18419]},
			"faces": {
				"north": {"uv": [8, 1.5, 9, 3], "texture": "#3"},
				"east": {"uv": [2, 9.5, 2.5, 11], "texture": "#3"},
				"south": {"uv": [2, 8, 3, 9.5], "texture": "#3"},
				"west": {"uv": [2.5, 9.5, 3, 11], "texture": "#3"},
				"up": {"uv": [6.5, 10, 5.5, 9.5], "texture": "#3"},
				"down": {"uv": [10.5, 6.5, 9.5, 7], "texture": "#3"}
			}
		},
		{
			"name": "left_arm",
			"from": [4.53544, 2.04958, 5.89291],
			"to": [5.78544, 6.04958, 7.14291],
			"rotation": {"angle": 22.5, "axis": "x", "origin": [5.16044, 4.54958, 6.26791]},
			"faces": {
				"north": {"uv": [8.5, 8.5, 9, 10.5], "texture": "#3"},
				"east": {"uv": [9, 1, 9.5, 3], "texture": "#3"},
				"south": {"uv": [3, 9, 3.5, 11], "texture": "#3"},
				"west": {"uv": [3.5, 9, 4, 11], "texture": "#3"},
				"up": {"uv": [10, 9.5, 9.5, 9], "texture": "#3"},
				"down": {"uv": [10, 9.5, 9.5, 10], "texture": "#3"}
			}
		},
		{
			"name": "left_arm",
			"from": [8.21456, 2.04958, 5.89291],
			"to": [9.46456, 6.04958, 7.14291],
			"rotation": {"angle": 22.5, "axis": "x", "origin": [8.83956, 4.54958, 6.26791]},
			"faces": {
				"north": {"uv": [4, 8, 4.5, 10], "texture": "#3"},
				"east": {"uv": [1, 8.5, 1.5, 10.5], "texture": "#3"},
				"south": {"uv": [1.5, 8.5, 2, 10.5], "texture": "#3"},
				"west": {"uv": [8.5, 6.5, 9, 8.5], "texture": "#3"},
				"up": {"uv": [10, 8.5, 9.5, 8], "texture": "#3"},
				"down": {"uv": [10, 8.5, 9.5, 9], "texture": "#3"}
			}
		},
		{
			"name": "right_leg",
			"from": [8.97, 2.01, 7.23335],
			"to": [9.97, 3.01, 11.23335],
			"rotation": {"angle": 0, "axis": "y", "origin": [9.97, 3.01, 7.03335]},
			"faces": {
				"north": {"uv": [10, 1, 10.5, 1.5], "texture": "#3"},
				"east": {"uv": [8, 3, 10, 3.5], "texture": "#3"},
				"south": {"uv": [10, 1.5, 10.5, 2], "texture": "#3"},
				"west": {"uv": [4.5, 9, 6.5, 9.5], "texture": "#3"},
				"up": {"uv": [7, 11, 6.5, 9], "texture": "#3"},
				"down": {"uv": [9.5, 6.5, 9, 8.5], "texture": "#3"}
			}
		},
		{
			"name": "right_leg",
			"from": [8.995, 3.16119, 7.95962],
			"to": [9.945, 6.16119, 11.95962],
			"rotation": {"angle": 22.5, "axis": "x", "origin": [9.97, 5.16119, 9.95962]},
			"faces": {
				"north": {"uv": [9.5, 3.5, 10, 5], "texture": "#3"},
				"east": {"uv": [0, 7, 2, 8.5], "texture": "#3"},
				"south": {"uv": [4.5, 9.5, 5, 11], "texture": "#3"},
				"west": {"uv": [7.5, 3.5, 9.5, 5], "texture": "#3"},
				"up": {"uv": [7.5, 11, 7, 9], "texture": "#3"},
				"down": {"uv": [8, 9, 7.5, 11], "texture": "#3"}
			}
		},
		{
			"name": "left_leg",
			"from": [4.03, 2.01, 7.23335],
			"to": [5.03, 3.01, 11.23335],
			"rotation": {"angle": 0, "axis": "y", "origin": [4.03, 3.01, 7.03335]},
			"faces": {
				"north": {"uv": [10, 2, 10.5, 2.5], "texture": "#3"},
				"east": {"uv": [9.5, 0, 11.5, 0.5], "texture": "#3"},
				"south": {"uv": [10, 3, 10.5, 3.5], "texture": "#3"},
				"west": {"uv": [9.5, 0.5, 11.5, 1], "texture": "#3"},
				"up": {"uv": [0.5, 11.5, 0, 9.5], "texture": "#3"},
				"down": {"uv": [1, 9.5, 0.5, 11.5], "texture": "#3"}
			}
		},
		{
			"name": "left_leg",
			"from": [4.055, 3.16119, 7.95962],
			"to": [5.005, 6.16119, 11.95962],
			"rotation": {"angle": 22.5, "axis": "x", "origin": [4.03, 5.16119, 9.95962]},
			"faces": {
				"north": {"uv": [5, 9.5, 5.5, 11], "texture": "#3"},
				"east": {"uv": [4.5, 7.5, 6.5, 9], "texture": "#3"},
				"south": {"uv": [9.5, 5, 10, 6.5], "texture": "#3"},
				"west": {"uv": [7.5, 5, 9.5, 6.5], "texture": "#3"},
				"up": {"uv": [8.5, 11, 8, 9], "texture": "#3"},
				"down": {"uv": [9.5, 8.5, 9, 10.5], "texture": "#3"}
			}
		}
	],
	"gui_light": "front",
	"display": {
		"thirdperson_righthand": {
			"rotation": [71, 2, 0],
			"translation": [0, 3.25, 2.25],
			"scale": [0.7, 0.7, 0.7]
		},
		"thirdperson_lefthand": {
			"rotation": [71, 2, 0],
			"translation": [0, 3.25, 2.25],
			"scale": [0.7, 0.7, 0.7]
		},
		"firstperson_righthand": {
			"rotation": [0, 113, 5],
			"translation": [3.5, 5, 0],
			"scale": [0.73, 0.73, 0.73]
		},
		"firstperson_lefthand": {
			"rotation": [0, 113, 5],
			"translation": [3.5, 5, 0],
			"scale": [0.73, 0.73, 0.73]
		},
		"ground": {
			"translation": [0, 9.75, 0],
			"scale": [2, 2, 2]
		},
		"gui": {
			"rotation": [25, 151, 0],
			"translation": [0, 0.75, 0],
			"scale": [0.8, 0.8, 0.8]
		},
		"head": {
			"translation": [0, 16, 0],
			"scale": [1.25, 1.25, 1.25]
		},
		"fixed": {
			"rotation": [-90, 0, 0],
			"translation": [0.25, 0, -24],
			"scale": [3, 3, 3]
		}
	},
	"groups": [
		{
			"name": "base",
			"origin": [7, 8, 7.9995],
			"color": 0,
			"children": [
				{
					"name": "box",
					"origin": [-1, 0, -0.0005],
					"color": 0,
					"children": [
						{
							"name": "box_frame",
							"origin": [13, 0, -0.0005],
							"color": 0,
							"children": [0, 1, 2, 3, 4, 5]
						}
					]
				}
			]
		},
		{
			"name": "base",
			"origin": [8, 8, 8],
			"color": 0,
			"children": [
				6,
				7,
				{
					"name": "group",
					"origin": [8, 7.17552, 4.18419],
					"color": 0,
					"children": [8, 9, 10, 11]
				},
				{
					"name": "group",
					"origin": [5.03, 3.16119, 8.95962],
					"color": 0,
					"children": [12, 13, 14, 15, 16, 17]
				}
			]
		}
	]
}