{
	"credit": "Made with Blockbench",
	"texture_size": [32, 32],
	"textures": {
		"0": "earthserver:figures/nm_figure_box_llama_texture",
		"4": "earthserver:figures/nm_figure_llama_texture",
		"particle": "earthserver:figures/nm_figure_box_llama_texture"
	},
	"elements": [
		{
			"name": "base",
			"from": [3, 0, 2.9995],
			"to": [13, 2, 12.9995],
			"rotation": {"angle": 0, "axis": "y", "origin": [1, 0, -0.0005]},
			"faces": {
				"north": {"uv": [0, 9, 2.5, 9.5], "texture": "#0"},
				"east": {"uv": [2.5, 9, 5, 9.5], "texture": "#0"},
				"south": {"uv": [0, 9.5, 2.5, 10], "texture": "#0"},
				"west": {"uv": [2.5, 9.5, 5, 10], "texture": "#0"},
				"up": {"uv": [7.5, 8.5, 5, 6], "texture": "#0"},
				"down": {"uv": [10, 0, 7.5, 2.5], "texture": "#0"}
			}
		},
		{
			"name": "back",
			"from": [3, 2, 12.9985],
			"to": [13, 14, 12.9985],
			"rotation": {"angle": 0, "axis": "y", "origin": [3, 0, -2.0015]},
			"faces": {
				"north": {"uv": [0, 0, 2.5, 3], "texture": "#0"},
				"east": {"uv": [0, 0, 0, 3], "texture": "#0"},
				"south": {"uv": [2.5, 0, 5, 3], "texture": "#0"},
				"west": {"uv": [0, 0, 0, 3], "texture": "#0"},
				"up": {"uv": [2.5, 0, 0, 0], "texture": "#0"},
				"down": {"uv": [2.5, 0, 0, 0], "texture": "#0"}
			}
		},
		{
			"name": "front",
			"from": [3, 2, 3.0005],
			"to": [13, 14, 3.0005],
			"rotation": {"angle": 0, "axis": "y", "origin": [3, 0, 18.0005]},
			"faces": {
				"north": {"uv": [0, 3, 2.5, 6], "texture": "#0"},
				"east": {"uv": [0, 0, 0, 3], "texture": "#0"},
				"south": {"uv": [2.5, 3, 5, 6], "texture": "#0"},
				"west": {"uv": [0, 0, 0, 3], "texture": "#0"},
				"up": {"uv": [2.5, 0, 0, 0], "texture": "#0"},
				"down": {"uv": [2.5, 0, 0, 0], "texture": "#0"}
			}
		},
		{
			"name": "clearside",
			"from": [3, 2, 2.9995],
			"to": [3, 14, 12.9995],
			"rotation": {"angle": 0, "axis": "y", "origin": [3, 0, -0.0005]},
			"faces": {
				"north": {"uv": [0, 0, 0, 3], "texture": "#0"},
				"east": {"uv": [5, 0, 7.5, 3], "texture": "#0"},
				"south": {"uv": [0, 0, 0, 3], "texture": "#0"},
				"west": {"uv": [5, 3, 7.5, 6], "texture": "#0"},
				"up": {"uv": [0, 2.5, 0, 0], "texture": "#0"},
				"down": {"uv": [0, 0, 0, 2.5], "texture": "#0"}
			}
		},
		{
			"name": "clearside",
			"from": [3, 14, 2.9995],
			"to": [13, 14, 12.9995],
			"rotation": {"angle": 0, "axis": "y", "origin": [3, 0, -0.0005]},
			"faces": {
				"north": {"uv": [0, 0, 2.5, 0], "texture": "#0"},
				"east": {"uv": [0, 0, 2.5, 0], "texture": "#0"},
				"south": {"uv": [0, 0, 2.5, 0], "texture": "#0"},
				"west": {"uv": [0, 0, 2.5, 0], "texture": "#0"},
				"up": {"uv": [10, 5, 7.5, 2.5], "texture": "#0"},
				"down": {"uv": [10, 5, 7.5, 7.5], "texture": "#0"}
			}
		},
		{
			"name": "clearside",
			"from": [13, 2, 2.9995],
			"to": [13, 14, 12.9995],
			"rotation": {"angle": 0, "axis": "y", "origin": [13, 0, -0.0005]},
			"faces": {
				"north": {"uv": [0, 0, 0, 3], "texture": "#0"},
				"east": {"uv": [0, 6, 2.5, 9], "texture": "#0"},
				"south": {"uv": [0, 0, 0, 3], "texture": "#0"},
				"west": {"uv": [2.5, 6, 5, 9], "texture": "#0"},
				"up": {"uv": [0, 2.5, 0, 0], "texture": "#0"},
				"down": {"uv": [0, 0, 0, 2.5], "texture": "#0"}
			}
		},
		{
			"from": [8, 2, 11.4995],
			"to": [9, 4, 12.4995],
			"rotation": {"angle": 0, "axis": "y", "origin": [11.75, -1.5, -0.7505]},
			"faces": {
				"north": {"uv": [2, 7, 2.5, 8], "texture": "#4"},
				"east": {"uv": [7, 3, 7.5, 4], "texture": "#4"},
				"south": {"uv": [4, 7, 4.5, 8], "texture": "#4"},
				"west": {"uv": [7, 4, 7.5, 5], "texture": "#4"},
				"up": {"uv": [2.5, 8.5, 2, 8], "texture": "#4"},
				"down": {"uv": [8.5, 2, 8, 2.5], "texture": "#4"}
			}
		},
		{
			"from": [5, 2, 11.4995],
			"to": [6, 4, 12.4995],
			"rotation": {"angle": 0, "axis": "y", "origin": [8.75, -1.5, -0.7505]},
			"faces": {
				"north": {"uv": [4.5, 7, 5, 8], "texture": "#4"},
				"east": {"uv": [7.5, 3, 8, 4], "texture": "#4"},
				"south": {"uv": [7.5, 4, 8, 5], "texture": "#4"},
				"west": {"uv": [5, 7.5, 5.5, 8.5], "texture": "#4"},
				"up": {"uv": [8.5, 3, 8, 2.5], "texture": "#4"},
				"down": {"uv": [8.5, 3, 8, 3.5], "texture": "#4"}
			}
		},
		{
			"from": [5, 2, 7.4995],
			"to": [6, 4, 8.4995],
			"rotation": {"angle": 0, "axis": "y", "origin": [8.75, -1.5, -4.7505]},
			"faces": {
				"north": {"uv": [5.5, 7.5, 6, 8.5], "texture": "#4"},
				"east": {"uv": [6, 7.5, 6.5, 8.5], "texture": "#4"},
				"south": {"uv": [0, 8, 0.5, 9], "texture": "#4"},
				"west": {"uv": [8, 0, 8.5, 1], "texture": "#4"},
				"up": {"uv": [8.5, 4, 8, 3.5], "texture": "#4"},
				"down": {"uv": [4.5, 8, 4, 8.5], "texture": "#4"}
			}
		},
		{
			"from": [8, 2, 7.4995],
			"to": [9, 4, 8.4995],
			"rotation": {"angle": 0, "axis": "y", "origin": [11.75, -1.5, -4.7505]},
			"faces": {
				"north": {"uv": [0.5, 8, 1, 9], "texture": "#4"},
				"east": {"uv": [1, 8, 1.5, 9], "texture": "#4"},
				"south": {"uv": [8, 1, 8.5, 2], "texture": "#4"},
				"west": {"uv": [1.5, 8, 2, 9], "texture": "#4"},
				"up": {"uv": [8.5, 4.5, 8, 4], "texture": "#4"},
				"down": {"uv": [5, 8, 4.5, 8.5], "texture": "#4"}
			}
		},
		{
			"name": "torso",
			"from": [4.5, 4, 7.4995],
			"to": [9.5, 8, 12.4995],
			"rotation": {"angle": 0, "axis": "y", "origin": [7, 5.5, 7.7495]},
			"faces": {
				"north": {"uv": [2.5, 0, 5, 2], "texture": "#4"},
				"east": {"uv": [2.5, 2, 5, 4], "texture": "#4"},
				"south": {"uv": [2.5, 4, 5, 6], "texture": "#4"},
				"west": {"uv": [0, 5, 2.5, 7], "texture": "#4"},
				"up": {"uv": [2.5, 2.5, 0, 0], "texture": "#4"},
				"down": {"uv": [2.5, 2.5, 0, 5], "texture": "#4"}
			}
		},
		{
			"name": "head",
			"from": [5, 6, 5.4995],
			"to": [9, 11, 8.4995],
			"rotation": {"angle": 0, "axis": "y", "origin": [7.09567, 10, 10.7495]},
			"faces": {
				"north": {"uv": [5, 0, 7, 2.5], "texture": "#4"},
				"east": {"uv": [5, 5, 6.5, 7.5], "texture": "#4"},
				"south": {"uv": [5, 2.5, 7, 5], "texture": "#4"},
				"west": {"uv": [2.5, 6, 4, 8.5], "texture": "#4"},
				"up": {"uv": [8.5, 6.5, 6.5, 5], "texture": "#4"},
				"down": {"uv": [8.5, 6.5, 6.5, 8], "texture": "#4"}
			}
		},
		{
			"name": "head",
			"from": [8, 11, 6.4995],
			"to": [9, 12, 7.4995],
			"rotation": {"angle": 0, "axis": "y", "origin": [7.09567, 11, 10.7495]},
			"faces": {
				"north": {"uv": [8, 4.5, 8.5, 5], "texture": "#4"},
				"east": {"uv": [6.5, 8, 7, 8.5], "texture": "#4"},
				"south": {"uv": [7, 8, 7.5, 8.5], "texture": "#4"},
				"west": {"uv": [7.5, 8, 8, 8.5], "texture": "#4"},
				"up": {"uv": [8.5, 8.5, 8, 8], "texture": "#4"},
				"down": {"uv": [9, 0, 8.5, 0.5], "texture": "#4"}
			}
		},
		{
			"name": "head",
			"from": [5, 11, 6.4995],
			"to": [6, 12, 7.4995],
			"rotation": {"angle": 0, "axis": "y", "origin": [4.09567, 11, 10.7495]},
			"faces": {
				"north": {"uv": [8.5, 0.5, 9, 1], "texture": "#4"},
				"east": {"uv": [8.5, 1, 9, 1.5], "texture": "#4"},
				"south": {"uv": [8.5, 1.5, 9, 2], "texture": "#4"},
				"west": {"uv": [2, 8.5, 2.5, 9], "texture": "#4"},
				"up": {"uv": [9, 2.5, 8.5, 2], "texture": "#4"},
				"down": {"uv": [3, 8.5, 2.5, 9], "texture": "#4"}
			}
		},
		{
			"name": "head",
			"from": [6, 8, 3.4995],
			"to": [8, 10, 5.4995],
			"rotation": {"angle": 0, "axis": "y", "origin": [7.09567, 9, 8.7495]},
			"faces": {
				"north": {"uv": [4, 6, 5, 7], "texture": "#4"},
				"east": {"uv": [0, 7, 1, 8], "texture": "#4"},
				"south": {"uv": [7, 0, 8, 1], "texture": "#4"},
				"west": {"uv": [1, 7, 2, 8], "texture": "#4"},
				"up": {"uv": [8, 2, 7, 1], "texture": "#4"},
				"down": {"uv": [8, 2, 7, 3], "texture": "#4"}
			}
		}
	],
	"gui_light": "front",
	"display": {
		"thirdperson_righthand": {
			"translation": [0, -1.25, -2.75],
			"scale": [0.55, 0.55, 0.55]
		},
		"thirdperson_lefthand": {
			"translation": [0, -1.25, -2.75],
			"scale": [0.55, 0.55, 0.55]
		},
		"firstperson_righthand": {
			"rotation": [0, 113, 5],
			"translation": [3.5, 5, 0],
			"scale": [0.73, 0.73, 0.73]
		},
		"firstperson_lefthand": {
			"rotation": [0, 113, 5],
			"translation": [3.5, 5, 0],
			"scale": [0.73, 0.73, 0.73]
		},
		"ground": {
			"translation": [0, 3, 0],
			"scale": [0.7, 0.7, 0.7]
		},
		"gui": {
			"rotation": [25, 151, 0],
			"translation": [0.25, 0.25, 0],
			"scale": [0.74, 0.74, 0.74]
		},
		"head": {
			"translation": [0, 13.5, 0],
			"scale": [0.89, 0.89, 0.89]
		},
		"fixed": {
			"rotation": [-90, 0, 0],
			"translation": [0, 0, -16],
			"scale": [2, 2, 2]
		}
	},
	"groups": [
		{
			"name": "base",
			"origin": [7, 8, 7.9995],
			"color": 0,
			"children": [
				{
					"name": "box",
					"origin": [-1, 0, -0.0005],
					"color": 0,
					"children": [0, 1, 2, 3, 4, 5]
				},
				{
					"name": "figure",
					"origin": [-1, 0, -0.0005],
					"color": 1,
					"children": [
						{
							"name": "arms",
							"origin": [2.59253, 8.72887, 8.9995],
							"color": 1,
							"children": [6, 7, 8, 9]
						},
						10,
						{
							"name": "head",
							"origin": [5.59467, 11, 8.76853],
							"color": 1,
							"children": [11, 12, 13, 14]
						},
						{
							"name": "legs",
							"origin": [-1, 0, -0.0005],
							"color": 1,
							"children": []
						}
					]
				}
			]
		}
	]
}