{
	"credit": "Made with Blockbench",
	"texture_size": [32, 32],
	"textures": {
		"0": "earthserver:figures/nm_figure_box_parrot_texture",
		"2": "earthserver:figures/nm_figure_parrot_texture",
		"particle": "earthserver:figures/nm_figure_box_parrot_texture"
	},
	"elements": [
		{
			"name": "base",
			"from": [3, 0, 2.9995],
			"to": [13, 2, 12.9995],
			"rotation": {"angle": 0, "axis": "y", "origin": [1, 0, -0.0005]},
			"faces": {
				"north": {"uv": [0, 9, 2.5, 9.5], "texture": "#0"},
				"east": {"uv": [2.5, 9, 5, 9.5], "texture": "#0"},
				"south": {"uv": [0, 9.5, 2.5, 10], "texture": "#0"},
				"west": {"uv": [2.5, 9.5, 5, 10], "texture": "#0"},
				"up": {"uv": [7.5, 8.5, 5, 6], "texture": "#0"},
				"down": {"uv": [10, 0, 7.5, 2.5], "texture": "#0"}
			}
		},
		{
			"name": "back",
			"from": [3, 2, 12.9985],
			"to": [13, 14, 12.9985],
			"rotation": {"angle": 0, "axis": "y", "origin": [3, 0, -2.0015]},
			"faces": {
				"north": {"uv": [0, 0, 2.5, 3], "texture": "#0"},
				"east": {"uv": [0, 0, 0, 3], "texture": "#0"},
				"south": {"uv": [2.5, 0, 5, 3], "texture": "#0"},
				"west": {"uv": [0, 0, 0, 3], "texture": "#0"},
				"up": {"uv": [2.5, 0, 0, 0], "texture": "#0"},
				"down": {"uv": [2.5, 0, 0, 0], "texture": "#0"}
			}
		},
		{
			"name": "front",
			"from": [3, 2, 3.0005],
			"to": [13, 14, 3.0005],
			"rotation": {"angle": 0, "axis": "y", "origin": [3, 0, 18.0005]},
			"faces": {
				"north": {"uv": [0, 3, 2.5, 6], "texture": "#0"},
				"east": {"uv": [0, 0, 0, 3], "texture": "#0"},
				"south": {"uv": [2.5, 3, 5, 6], "texture": "#0"},
				"west": {"uv": [0, 0, 0, 3], "texture": "#0"},
				"up": {"uv": [2.5, 0, 0, 0], "texture": "#0"},
				"down": {"uv": [2.5, 0, 0, 0], "texture": "#0"}
			}
		},
		{
			"name": "clearside",
			"from": [3, 2, 2.9995],
			"to": [3, 14, 12.9995],
			"rotation": {"angle": 0, "axis": "y", "origin": [3, 0, -0.0005]},
			"faces": {
				"north": {"uv": [0, 0, 0, 3], "texture": "#0"},
				"east": {"uv": [5, 0, 7.5, 3], "texture": "#0"},
				"south": {"uv": [0, 0, 0, 3], "texture": "#0"},
				"west": {"uv": [5, 3, 7.5, 6], "texture": "#0"},
				"up": {"uv": [0, 2.5, 0, 0], "texture": "#0"},
				"down": {"uv": [0, 0, 0, 2.5], "texture": "#0"}
			}
		},
		{
			"name": "clearside",
			"from": [3, 14, 2.9995],
			"to": [13, 14, 12.9995],
			"rotation": {"angle": 0, "axis": "y", "origin": [3, 0, -0.0005]},
			"faces": {
				"north": {"uv": [0, 0, 2.5, 0], "texture": "#0"},
				"east": {"uv": [0, 0, 2.5, 0], "texture": "#0"},
				"south": {"uv": [0, 0, 2.5, 0], "texture": "#0"},
				"west": {"uv": [0, 0, 2.5, 0], "texture": "#0"},
				"up": {"uv": [10, 5, 7.5, 2.5], "texture": "#0"},
				"down": {"uv": [10, 5, 7.5, 7.5], "texture": "#0"}
			}
		},
		{
			"name": "clearside",
			"from": [13, 2, 2.9995],
			"to": [13, 14, 12.9995],
			"rotation": {"angle": 0, "axis": "y", "origin": [13, 0, -0.0005]},
			"faces": {
				"north": {"uv": [0, 0, 0, 3], "texture": "#0"},
				"east": {"uv": [0, 6, 2.5, 9], "texture": "#0"},
				"south": {"uv": [0, 0, 0, 3], "texture": "#0"},
				"west": {"uv": [2.5, 6, 5, 9], "texture": "#0"},
				"up": {"uv": [0, 2.5, 0, 0], "texture": "#0"},
				"down": {"uv": [0, 0, 0, 2.5], "texture": "#0"}
			}
		},
		{
			"name": "torso",
			"from": [5.5, 4.7, 6.4995],
			"to": [8.5, 8.7, 9.4995],
			"rotation": {"angle": -22.5, "axis": "x", "origin": [7, 6.55, 10.7495]},
			"faces": {
				"north": {"uv": [0, 0, 1.5, 2], "texture": "#2"},
				"east": {"uv": [1.5, 0, 3, 2], "texture": "#2"},
				"south": {"uv": [0, 2, 1.5, 4], "texture": "#2"},
				"west": {"uv": [1.5, 2, 3, 4], "texture": "#2"},
				"up": {"uv": [4.5, 5.5, 3, 4], "texture": "#2"},
				"down": {"uv": [6, 0, 4.5, 1.5], "texture": "#2"}
			}
		},
		{
			"name": "torso",
			"from": [8.5, 5.49377, 7.53818],
			"to": [9.5, 9.49377, 10.53818],
			"rotation": {"angle": -45, "axis": "x", "origin": [9.5, 6.64377, 11.38818]},
			"faces": {
				"north": {"uv": [4, 5.5, 4.5, 7.5], "texture": "#2"},
				"east": {"uv": [3, 0, 4.5, 2], "texture": "#2"},
				"south": {"uv": [6, 1.5, 6.5, 3.5], "texture": "#2"},
				"west": {"uv": [3, 2, 4.5, 4], "texture": "#2"},
				"up": {"uv": [7, 7, 6.5, 5.5], "texture": "#2"},
				"down": {"uv": [7.5, 0, 7, 1.5], "texture": "#2"}
			}
		},
		{
			"name": "torso",
			"from": [4.5, 5.49377, 7.53818],
			"to": [5.5, 9.49377, 10.53818],
			"rotation": {"angle": -45, "axis": "x", "origin": [4.5, 6.64377, 11.38818]},
			"faces": {
				"north": {"uv": [2, 6, 2.5, 8], "texture": "#2"},
				"east": {"uv": [0, 4, 1.5, 6], "texture": "#2"},
				"south": {"uv": [2.5, 6, 3, 8], "texture": "#2"},
				"west": {"uv": [1.5, 4, 3, 6], "texture": "#2"},
				"up": {"uv": [7.5, 7, 7, 5.5], "texture": "#2"},
				"down": {"uv": [7, 7, 6.5, 8.5], "texture": "#2"}
			}
		},
		{
			"name": "torso",
			"from": [6, 2.98292, 9.9744],
			"to": [8, 3.98292, 12.9744],
			"rotation": {"angle": 22.5, "axis": "x", "origin": [8, 4.98292, 12.7244]},
			"faces": {
				"north": {"uv": [7, 7, 8, 7.5], "texture": "#2"},
				"east": {"uv": [7, 3.5, 8.5, 4], "texture": "#2"},
				"south": {"uv": [7.5, 0, 8.5, 0.5], "texture": "#2"},
				"west": {"uv": [7, 4, 8.5, 4.5], "texture": "#2"},
				"up": {"uv": [7, 1.5, 6, 0], "texture": "#2"},
				"down": {"uv": [2, 6, 1, 7.5], "texture": "#2"}
			}
		},
		{
			"name": "head",
			"from": [6, 6.95, 6.7745],
			"to": [8, 10.95, 8.7745],
			"rotation": {"angle": 0, "axis": "y", "origin": [7.09567, 10.95, 9.0245]},
			"faces": {
				"north": {"uv": [4.5, 4.5, 5.5, 6.5], "texture": "#2"},
				"east": {"uv": [3, 5.5, 4, 7.5], "texture": "#2"},
				"south": {"uv": [5.5, 4.5, 6.5, 6.5], "texture": "#2"},
				"west": {"uv": [0, 6, 1, 8], "texture": "#2"},
				"up": {"uv": [7, 4.5, 6, 3.5], "texture": "#2"},
				"down": {"uv": [7.5, 1.5, 6.5, 2.5], "texture": "#2"}
			}
		},
		{
			"name": "head",
			"from": [7, 10.41508, 6.21375],
			"to": [7, 13.41508, 9.21375],
			"rotation": {"angle": 22.5, "axis": "x", "origin": [7, 12.41508, 6.46375]},
			"faces": {
				"north": {"uv": [0, 0, 0, 1.5], "texture": "#2"},
				"east": {"uv": [4.5, 1.5, 6, 3], "texture": "#2"},
				"south": {"uv": [0, 0, 0, 1.5], "texture": "#2"},
				"west": {"uv": [4.5, 3, 6, 4.5], "texture": "#2"},
				"up": {"uv": [0, 1.5, 0, 0], "texture": "#2"},
				"down": {"uv": [0, 0, 0, 1.5], "texture": "#2"}
			}
		},
		{
			"name": "head",
			"from": [6, 9.95, 4.7745],
			"to": [8, 10.95, 6.7745],
			"rotation": {"angle": 0, "axis": "y", "origin": [7.59567, 12.95, 10.0245]},
			"faces": {
				"north": {"uv": [7.5, 0.5, 8.5, 1], "texture": "#2"},
				"east": {"uv": [1, 7.5, 2, 8], "texture": "#2"},
				"south": {"uv": [7.5, 1, 8.5, 1.5], "texture": "#2"},
				"west": {"uv": [7.5, 1.5, 8.5, 2], "texture": "#2"},
				"up": {"uv": [7.5, 3.5, 6.5, 2.5], "texture": "#2"},
				"down": {"uv": [5.5, 6.5, 4.5, 7.5], "texture": "#2"}
			}
		},
		{
			"name": "head",
			"from": [6.5, 7.95, 4.7745],
			"to": [7.5, 9.95, 6.7745],
			"rotation": {"angle": 0, "axis": "y", "origin": [7.59567, 12.95, 10.0245]},
			"faces": {
				"north": {"uv": [7.5, 2, 8, 3], "texture": "#2"},
				"east": {"uv": [6.5, 4.5, 7.5, 5.5], "texture": "#2"},
				"south": {"uv": [3, 7.5, 3.5, 8.5], "texture": "#2"},
				"west": {"uv": [5.5, 6.5, 6.5, 7.5], "texture": "#2"},
				"up": {"uv": [4, 8.5, 3.5, 7.5], "texture": "#2"},
				"down": {"uv": [4.5, 7.5, 4, 8.5], "texture": "#2"}
			}
		},
		{
			"from": [5.5, 2.05, 8.7495],
			"to": [6.5, 4.05, 8.7495],
			"rotation": {"angle": 22.5, "axis": "y", "origin": [6.25, 2.55, 8.2495]},
			"faces": {
				"north": {"uv": [5.5, 7.5, 5, 8.5], "texture": "#2"},
				"east": {"uv": [0, 0, 0, 1], "texture": "#2"},
				"south": {"uv": [6, 7.5, 5.5, 8.5], "texture": "#2"},
				"west": {"uv": [0, 0, 0, 1], "texture": "#2"},
				"up": {"uv": [0, 0, 0.5, 0], "texture": "#2"},
				"down": {"uv": [0, 0, 0.5, 0], "texture": "#2"}
			}
		},
		{
			"from": [5.5, 2.05, 7.7495],
			"to": [6.5, 2.05, 8.7495],
			"rotation": {"angle": 22.5, "axis": "y", "origin": [6.25, 2.55, 8.2495]},
			"faces": {
				"north": {"uv": [0.5, 0, 0, 0], "texture": "#2"},
				"east": {"uv": [0.5, 0, 0, 0], "texture": "#2"},
				"south": {"uv": [0.5, 0, 0, 0], "texture": "#2"},
				"west": {"uv": [0.5, 0, 0, 0], "texture": "#2"},
				"up": {"uv": [6, 8, 6.5, 7.5], "texture": "#2"},
				"down": {"uv": [7.5, 6, 8, 6.5], "texture": "#2"}
			}
		},
		{
			"from": [7.5, 2.05, 7.7495],
			"to": [8.5, 2.05, 8.7495],
			"rotation": {"angle": -22.5, "axis": "y", "origin": [7.75, 2.55, 8.2495]},
			"faces": {
				"north": {"uv": [0, 0, 0.5, 0], "texture": "#2"},
				"east": {"uv": [0, 0, 0.5, 0], "texture": "#2"},
				"south": {"uv": [0, 0, 0.5, 0], "texture": "#2"},
				"west": {"uv": [0, 0, 0.5, 0], "texture": "#2"},
				"up": {"uv": [6.5, 8, 6, 7.5], "texture": "#2"},
				"down": {"uv": [8, 6, 7.5, 6.5], "texture": "#2"}
			}
		},
		{
			"from": [7.5, 2.05, 8.7495],
			"to": [8.5, 4.05, 8.7495],
			"rotation": {"angle": -22.5, "axis": "y", "origin": [7.75, 2.55, 8.2495]},
			"faces": {
				"north": {"uv": [5, 7.5, 5.5, 8.5], "texture": "#2"},
				"east": {"uv": [0, 0, 0, 1], "texture": "#2"},
				"south": {"uv": [5.5, 7.5, 6, 8.5], "texture": "#2"},
				"west": {"uv": [0, 0, 0, 1], "texture": "#2"},
				"up": {"uv": [0.5, 0, 0, 0], "texture": "#2"},
				"down": {"uv": [0.5, 0, 0, 0], "texture": "#2"}
			}
		}
	],
	"gui_light": "front",
	"display": {
		"thirdperson_righthand": {
			"translation": [0, -1.25, -2.75],
			"scale": [0.55, 0.55, 0.55]
		},
		"thirdperson_lefthand": {
			"translation": [0, -1.25, -2.75],
			"scale": [0.55, 0.55, 0.55]
		},
		"firstperson_righthand": {
			"rotation": [0, 113, 5],
			"translation": [3.5, 5, 0],
			"scale": [0.73, 0.73, 0.73]
		},
		"firstperson_lefthand": {
			"rotation": [0, 113, 5],
			"translation": [3.5, 5, 0],
			"scale": [0.73, 0.73, 0.73]
		},
		"ground": {
			"translation": [0, 3, 0],
			"scale": [0.7, 0.7, 0.7]
		},
		"gui": {
			"rotation": [25, 151, 0],
			"translation": [0.25, 0.25, 0],
			"scale": [0.74, 0.74, 0.74]
		},
		"head": {
			"translation": [0, 13.5, 0],
			"scale": [0.89, 0.89, 0.89]
		},
		"fixed": {
			"rotation": [-90, 0, 0],
			"translation": [0, 0, -16],
			"scale": [2, 2, 2]
		}
	},
	"groups": [
		{
			"name": "base",
			"origin": [7, 8, 7.9995],
			"color": 0,
			"children": [
				{
					"name": "box",
					"origin": [-1, 0, -0.0005],
					"color": 0,
					"children": [0, 1, 2, 3, 4, 5]
				},
				{
					"name": "figure",
					"origin": [-1, 0, -0.0005],
					"color": 1,
					"children": [
						6,
						7,
						8,
						9,
						{
							"name": "head",
							"origin": [5.59467, 11, 8.76853],
							"color": 1,
							"children": [10, 11, 12, 13]
						},
						{
							"name": "legs",
							"origin": [-1, 0, -0.0005],
							"color": 1,
							"children": [14, 15, 16, 17]
						}
					]
				}
			]
		}
	]
}