{
	"credit": "Made with Blockbench",
	"texture_size": [32, 32],
	"textures": {
		"0": "earthserver:figures/nm_figure_box_piglin_texture",
		"2": "earthserver:figures/nm_figure_piglin_texture",
		"particle": "earthserver:figures/nm_figure_box_piglin_texture"
	},
	"elements": [
		{
			"name": "base",
			"from": [3, 0, 2.9995],
			"to": [13, 2, 12.9995],
			"rotation": {"angle": 0, "axis": "y", "origin": [1, 0, -0.0005]},
			"faces": {
				"north": {"uv": [0, 9, 2.5, 9.5], "texture": "#0"},
				"east": {"uv": [2.5, 9, 5, 9.5], "texture": "#0"},
				"south": {"uv": [0, 9.5, 2.5, 10], "texture": "#0"},
				"west": {"uv": [2.5, 9.5, 5, 10], "texture": "#0"},
				"up": {"uv": [7.5, 8.5, 5, 6], "texture": "#0"},
				"down": {"uv": [10, 0, 7.5, 2.5], "texture": "#0"}
			}
		},
		{
			"name": "back",
			"from": [3, 2, 12.9985],
			"to": [13, 14, 12.9985],
			"rotation": {"angle": 0, "axis": "y", "origin": [3, 0, -2.0015]},
			"faces": {
				"north": {"uv": [0, 0, 2.5, 3], "texture": "#0"},
				"east": {"uv": [0, 0, 0, 3], "texture": "#0"},
				"south": {"uv": [2.5, 0, 5, 3], "texture": "#0"},
				"west": {"uv": [0, 0, 0, 3], "texture": "#0"},
				"up": {"uv": [2.5, 0, 0, 0], "texture": "#0"},
				"down": {"uv": [2.5, 0, 0, 0], "texture": "#0"}
			}
		},
		{
			"name": "front",
			"from": [3, 2, 3.0005],
			"to": [13, 14, 3.0005],
			"rotation": {"angle": 0, "axis": "y", "origin": [3, 0, 18.0005]},
			"faces": {
				"north": {"uv": [0, 3, 2.5, 6], "texture": "#0"},
				"east": {"uv": [0, 0, 0, 3], "texture": "#0"},
				"south": {"uv": [2.5, 3, 5, 6], "texture": "#0"},
				"west": {"uv": [0, 0, 0, 3], "texture": "#0"},
				"up": {"uv": [2.5, 0, 0, 0], "texture": "#0"},
				"down": {"uv": [2.5, 0, 0, 0], "texture": "#0"}
			}
		},
		{
			"name": "clearside",
			"from": [3, 2, 2.9995],
			"to": [3, 14, 12.9995],
			"rotation": {"angle": 0, "axis": "y", "origin": [3, 0, -0.0005]},
			"faces": {
				"north": {"uv": [0, 0, 0, 3], "texture": "#0"},
				"east": {"uv": [5, 0, 7.5, 3], "texture": "#0"},
				"south": {"uv": [0, 0, 0, 3], "texture": "#0"},
				"west": {"uv": [5, 3, 7.5, 6], "texture": "#0"},
				"up": {"uv": [0, 2.5, 0, 0], "texture": "#0"},
				"down": {"uv": [0, 0, 0, 2.5], "texture": "#0"}
			}
		},
		{
			"name": "clearside",
			"from": [3, 14, 2.9995],
			"to": [13, 14, 12.9995],
			"rotation": {"angle": 0, "axis": "y", "origin": [3, 0, -0.0005]},
			"faces": {
				"north": {"uv": [0, 0, 2.5, 0], "texture": "#0"},
				"east": {"uv": [0, 0, 2.5, 0], "texture": "#0"},
				"south": {"uv": [0, 0, 2.5, 0], "texture": "#0"},
				"west": {"uv": [0, 0, 2.5, 0], "texture": "#0"},
				"up": {"uv": [10, 5, 7.5, 2.5], "texture": "#0"},
				"down": {"uv": [10, 5, 7.5, 7.5], "texture": "#0"}
			}
		},
		{
			"name": "clearside",
			"from": [13, 2, 2.9995],
			"to": [13, 14, 12.9995],
			"rotation": {"angle": 0, "axis": "y", "origin": [13, 0, -0.0005]},
			"faces": {
				"north": {"uv": [0, 0, 0, 3], "texture": "#0"},
				"east": {"uv": [0, 6, 2.5, 9], "texture": "#0"},
				"south": {"uv": [0, 0, 0, 3], "texture": "#0"},
				"west": {"uv": [2.5, 6, 5, 9], "texture": "#0"},
				"up": {"uv": [0, 2.5, 0, 0], "texture": "#0"},
				"down": {"uv": [0, 0, 0, 2.5], "texture": "#0"}
			}
		},
		{
			"name": "torso",
			"from": [5.5, 4, 6.9995],
			"to": [8.5, 7, 8.9995],
			"rotation": {"angle": 0, "axis": "y", "origin": [0.5, -1, -0.0005]},
			"faces": {
				"north": {"uv": [6.5, 2.5, 8, 4], "texture": "#2"},
				"east": {"uv": [2.5, 7, 3.5, 8.5], "texture": "#2"},
				"south": {"uv": [5.5, 6.5, 7, 8], "texture": "#2"},
				"west": {"uv": [3.5, 7, 4.5, 8.5], "texture": "#2"},
				"up": {"uv": [8.5, 5, 7, 4], "texture": "#2"},
				"down": {"uv": [8.5, 5, 7, 6], "texture": "#2"}
			}
		},
		{
			"name": "arm",
			"from": [8.74257, 4.45621, 7.4995],
			"to": [9.74257, 7.45621, 8.4995],
			"rotation": {"angle": 22.5, "axis": "z", "origin": [8.86757, 5.45621, 7.9995]},
			"faces": {
				"north": {"uv": [7.5, 1, 8, 2.5], "texture": "#2"},
				"east": {"uv": [8, 1, 8.5, 2.5], "texture": "#2"},
				"south": {"uv": [8, 2.5, 8.5, 4], "texture": "#2"},
				"west": {"uv": [5.5, 8, 6, 9.5], "texture": "#2"},
				"up": {"uv": [5.5, 5, 5, 4.5], "texture": "#2"},
				"down": {"uv": [7, 4, 6.5, 4.5], "texture": "#2"}
			}
		},
		{
			"name": "arm",
			"from": [4.25743, 4.45621, 7.4995],
			"to": [5.25743, 7.45621, 8.4995],
			"rotation": {"angle": -22.5, "axis": "z", "origin": [5.13243, 5.45621, 7.9995]},
			"faces": {
				"north": {"uv": [6, 8, 6.5, 9.5], "texture": "#2"},
				"east": {"uv": [6.5, 8, 7, 9.5], "texture": "#2"},
				"south": {"uv": [7, 8, 7.5, 9.5], "texture": "#2"},
				"west": {"uv": [7.5, 8, 8, 9.5], "texture": "#2"},
				"up": {"uv": [9.5, 2.5, 9, 2], "texture": "#2"},
				"down": {"uv": [9.5, 6, 9, 6.5], "texture": "#2"}
			}
		},
		{
			"name": "arm",
			"from": [9.15536, 4.33778, 7.2495],
			"to": [10.15536, 5.33778, 9.2495],
			"rotation": {"angle": 0, "axis": "y", "origin": [9.65536, 4.83778, 8.2495]},
			"faces": {
				"north": {"uv": [9, 6.5, 9.5, 7], "texture": "#2"},
				"east": {"uv": [8.5, 3, 9.5, 3.5], "texture": "#2"},
				"south": {"uv": [9, 7, 9.5, 7.5], "texture": "#2"},
				"west": {"uv": [8.5, 3.5, 9.5, 4], "texture": "#2"},
				"up": {"uv": [9, 5, 8.5, 4], "texture": "#2"},
				"down": {"uv": [9, 5, 8.5, 6], "texture": "#2"}
			}
		},
		{
			"name": "arm",
			"from": [9.15536, 3.83778, 4.2495],
			"to": [10.15536, 5.83778, 7.2495],
			"rotation": {"angle": 0, "axis": "y", "origin": [9.65536, 4.83778, 6.2495]},
			"faces": {
				"north": {"uv": [8.5, 6, 9, 7], "texture": "#2"},
				"east": {"uv": [7, 6, 8.5, 7], "texture": "#2"},
				"south": {"uv": [8.5, 7, 9, 8], "texture": "#2"},
				"west": {"uv": [7, 7, 8.5, 8], "texture": "#2"},
				"up": {"uv": [8.5, 9.5, 8, 8], "texture": "#2"},
				"down": {"uv": [0.5, 8.5, 0, 10], "texture": "#2"}
			}
		},
		{
			"name": "arm",
			"from": [9.13036, 4.11278, 3.5245],
			"to": [10.18036, 5.56278, 4.9745],
			"rotation": {"angle": 45, "axis": "x", "origin": [9.65536, 4.83778, 4.2495]},
			"faces": {
				"north": {"uv": [9, 9, 9.5, 9.5], "texture": "#2"},
				"east": {"uv": [9.5, 0, 10, 0.5], "texture": "#2"},
				"south": {"uv": [9.5, 0.5, 10, 1], "texture": "#2"},
				"west": {"uv": [9.5, 1, 10, 1.5], "texture": "#2"},
				"up": {"uv": [2, 10, 1.5, 9.5], "texture": "#2"},
				"down": {"uv": [10, 1.5, 9.5, 2], "texture": "#2"}
			}
		},
		{
			"name": "head",
			"from": [4.5, 7, 5.4995],
			"to": [9.5, 12, 10.4995],
			"rotation": {"angle": 0, "axis": "y", "origin": [7.09567, 10, 7.9995]},
			"faces": {
				"north": {"uv": [0, 0, 2.5, 2.5], "texture": "#2"},
				"east": {"uv": [0, 2.5, 2.5, 5], "texture": "#2"},
				"south": {"uv": [2.5, 0, 5, 2.5], "texture": "#2"},
				"west": {"uv": [2.5, 2.5, 5, 5], "texture": "#2"},
				"up": {"uv": [2.5, 7.5, 0, 5], "texture": "#2"},
				"down": {"uv": [7.5, 0, 5, 2.5], "texture": "#2"}
			}
		},
		{
			"name": "head",
			"from": [9.1, 7.525, 6.4995],
			"to": [10.1, 11.525, 9.4995],
			"rotation": {"angle": 22.5, "axis": "z", "origin": [10.75, 9.125, 7.9995]},
			"faces": {
				"north": {"uv": [4.5, 7, 5, 9], "texture": "#2"},
				"east": {"uv": [2.5, 5, 4, 7], "texture": "#2"},
				"south": {"uv": [5, 7, 5.5, 9], "texture": "#2"},
				"west": {"uv": [5, 2.5, 6.5, 4.5], "texture": "#2"},
				"up": {"uv": [1, 10, 0.5, 8.5], "texture": "#2"},
				"down": {"uv": [1.5, 8.5, 1, 10], "texture": "#2"}
			}
		},
		{
			"name": "head",
			"from": [3.9, 7.525, 6.4995],
			"to": [4.9, 11.525, 9.4995],
			"rotation": {"angle": -22.5, "axis": "z", "origin": [3.25, 9.125, 7.9995]},
			"faces": {
				"north": {"uv": [1.5, 7.5, 2, 9.5], "texture": "#2"},
				"east": {"uv": [4, 5, 5.5, 7], "texture": "#2"},
				"south": {"uv": [2, 7.5, 2.5, 9.5], "texture": "#2"},
				"west": {"uv": [5.5, 4.5, 7, 6.5], "texture": "#2"},
				"up": {"uv": [9, 2.5, 8.5, 1], "texture": "#2"},
				"down": {"uv": [3, 8.5, 2.5, 10], "texture": "#2"}
			}
		},
		{
			"name": "head",
			"from": [5.5, 7, 4.4995],
			"to": [8.5, 9, 5.4995],
			"rotation": {"angle": 0, "axis": "y", "origin": [7.09567, 10, 7.9995]},
			"faces": {
				"north": {"uv": [0, 7.5, 1.5, 8.5], "texture": "#2"},
				"east": {"uv": [8.5, 8, 9, 9], "texture": "#2"},
				"south": {"uv": [7.5, 0, 9, 1], "texture": "#2"},
				"west": {"uv": [9, 0, 9.5, 1], "texture": "#2"},
				"up": {"uv": [10, 3, 8.5, 2.5], "texture": "#2"},
				"down": {"uv": [4.5, 8.5, 3, 9], "texture": "#2"}
			}
		},
		{
			"from": [5.75, 2, 7.4995],
			"to": [6.75, 4, 8.4995],
			"rotation": {"angle": 0, "axis": "y", "origin": [2.5, -1, 0.4995]},
			"faces": {
				"north": {"uv": [9, 1, 9.5, 2], "texture": "#2"},
				"east": {"uv": [3, 9, 3.5, 10], "texture": "#2"},
				"south": {"uv": [3.5, 9, 4, 10], "texture": "#2"},
				"west": {"uv": [4, 9, 4.5, 10], "texture": "#2"},
				"up": {"uv": [2.5, 10, 2, 9.5], "texture": "#2"},
				"down": {"uv": [10, 2, 9.5, 2.5], "texture": "#2"}
			}
		},
		{
			"from": [7.25, 2, 7.4995],
			"to": [8.25, 4, 8.4995],
			"rotation": {"angle": 0, "axis": "y", "origin": [11.5, -1, 0.4995]},
			"faces": {
				"north": {"uv": [9, 4, 9.5, 5], "texture": "#2"},
				"east": {"uv": [4.5, 9, 5, 10], "texture": "#2"},
				"south": {"uv": [5, 9, 5.5, 10], "texture": "#2"},
				"west": {"uv": [9, 5, 9.5, 6], "texture": "#2"},
				"up": {"uv": [10, 3.5, 9.5, 3], "texture": "#2"},
				"down": {"uv": [10, 3.5, 9.5, 4], "texture": "#2"}
			}
		}
	],
	"gui_light": "front",
	"display": {
		"thirdperson_righthand": {
			"translation": [0, -1.25, -2.75],
			"scale": [0.55, 0.55, 0.55]
		},
		"thirdperson_lefthand": {
			"translation": [0, -1.25, -2.75],
			"scale": [0.55, 0.55, 0.55]
		},
		"firstperson_righthand": {
			"rotation": [0, 113, 5],
			"translation": [3.5, 5, 0],
			"scale": [0.73, 0.73, 0.73]
		},
		"firstperson_lefthand": {
			"rotation": [0, 113, 5],
			"translation": [3.5, 5, 0],
			"scale": [0.73, 0.73, 0.73]
		},
		"ground": {
			"translation": [0, 3, 0],
			"scale": [0.7, 0.7, 0.7]
		},
		"gui": {
			"rotation": [25, 151, 0],
			"translation": [0.25, 0.25, 0],
			"scale": [0.74, 0.74, 0.74]
		},
		"head": {
			"translation": [0, 13.5, 0],
			"scale": [0.89, 0.89, 0.89]
		},
		"fixed": {
			"rotation": [-90, 0, 0],
			"translation": [0, 0, -16],
			"scale": [2, 2, 2]
		}
	},
	"groups": [
		{
			"name": "base",
			"origin": [7, 8, 7.9995],
			"color": 0,
			"children": [
				{
					"name": "box",
					"origin": [-1, 0, -0.0005],
					"color": 0,
					"children": [0, 1, 2, 3, 4, 5]
				},
				{
					"name": "figure",
					"origin": [-1, 0, -0.0005],
					"color": 1,
					"children": [
						6,
						{
							"name": "arms",
							"origin": [2.59253, 8.72887, 8.9995],
							"color": 1,
							"children": [
								7,
								8,
								{
									"name": "group",
									"origin": [9.40536, 4.63778, 7.4995],
									"color": 0,
									"children": [9, 10, 11]
								}
							]
						},
						{
							"name": "head",
							"origin": [5.59467, 11, 8.76853],
							"color": 1,
							"children": [12, 13, 14, 15]
						},
						{
							"name": "legs",
							"origin": [-1, 0, -0.0005],
							"color": 1,
							"children": [16, 17]
						}
					]
				}
			]
		}
	]
}