{
	"credit": "Made by Nog's Menagerie",
	"texture_size": [64, 64],
	"textures": {
		"0": "earthserver:figures/nm_figure_box_ravager_texture",
		"2": "earthserver:figures/nm_figure_ravager_texture",
		"particle": "earthserver:figures/nm_figure_box_ravager_texture"
	},
	"elements": [
		{
			"name": "base",
			"from": [3, 0, 2.9995],
			"to": [13, 2, 12.9995],
			"rotation": {"angle": 0, "axis": "y", "origin": [1, 0, -0.0005]},
			"faces": {
				"north": {"uv": [0, 9, 2.5, 9.5], "texture": "#0"},
				"east": {"uv": [2.5, 9, 5, 9.5], "texture": "#0"},
				"south": {"uv": [0, 9.5, 2.5, 10], "texture": "#0"},
				"west": {"uv": [2.5, 9.5, 5, 10], "texture": "#0"},
				"up": {"uv": [7.5, 8.5, 5, 6], "texture": "#0"},
				"down": {"uv": [10, 0, 7.5, 2.5], "texture": "#0"}
			}
		},
		{
			"name": "back",
			"from": [3, 2, 12.9985],
			"to": [13, 14, 12.9985],
			"rotation": {"angle": 0, "axis": "y", "origin": [3, 0, -2.0015]},
			"faces": {
				"north": {"uv": [0, 0, 2.5, 3], "texture": "#0"},
				"east": {"uv": [0, 0, 0, 3], "texture": "#0"},
				"south": {"uv": [2.5, 0, 5, 3], "texture": "#0"},
				"west": {"uv": [0, 0, 0, 3], "texture": "#0"},
				"up": {"uv": [2.5, 0, 0, 0], "texture": "#0"},
				"down": {"uv": [2.5, 0, 0, 0], "texture": "#0"}
			}
		},
		{
			"name": "front",
			"from": [3, 2, 3.0005],
			"to": [13, 14, 3.0005],
			"rotation": {"angle": 0, "axis": "y", "origin": [3, 0, 18.0005]},
			"faces": {
				"north": {"uv": [0, 3, 2.5, 6], "texture": "#0"},
				"east": {"uv": [0, 0, 0, 3], "texture": "#0"},
				"south": {"uv": [2.5, 3, 5, 6], "texture": "#0"},
				"west": {"uv": [0, 0, 0, 3], "texture": "#0"},
				"up": {"uv": [2.5, 0, 0, 0], "texture": "#0"},
				"down": {"uv": [2.5, 0, 0, 0], "texture": "#0"}
			}
		},
		{
			"name": "clearside",
			"from": [3, 2, 2.9995],
			"to": [3, 14, 12.9995],
			"rotation": {"angle": 0, "axis": "y", "origin": [3, 0, -0.0005]},
			"faces": {
				"north": {"uv": [0, 0, 0, 3], "texture": "#0"},
				"east": {"uv": [5, 0, 7.5, 3], "texture": "#0"},
				"south": {"uv": [0, 0, 0, 3], "texture": "#0"},
				"west": {"uv": [5, 3, 7.5, 6], "texture": "#0"},
				"up": {"uv": [0, 2.5, 0, 0], "texture": "#0"},
				"down": {"uv": [0, 0, 0, 2.5], "texture": "#0"}
			}
		},
		{
			"name": "clearside",
			"from": [3, 14, 2.9995],
			"to": [13, 14, 12.9995],
			"rotation": {"angle": 0, "axis": "y", "origin": [3, 0, -0.0005]},
			"faces": {
				"north": {"uv": [0, 0, 2.5, 0], "texture": "#0"},
				"east": {"uv": [0, 0, 2.5, 0], "texture": "#0"},
				"south": {"uv": [0, 0, 2.5, 0], "texture": "#0"},
				"west": {"uv": [0, 0, 2.5, 0], "texture": "#0"},
				"up": {"uv": [10, 5, 7.5, 2.5], "texture": "#0"},
				"down": {"uv": [10, 5, 7.5, 7.5], "texture": "#0"}
			}
		},
		{
			"name": "clearside",
			"from": [13, 2, 2.9995],
			"to": [13, 14, 12.9995],
			"rotation": {"angle": 0, "axis": "y", "origin": [13, 0, -0.0005]},
			"faces": {
				"north": {"uv": [0, 0, 0, 3], "texture": "#0"},
				"east": {"uv": [0, 6, 2.5, 9], "texture": "#0"},
				"south": {"uv": [0, 0, 0, 3], "texture": "#0"},
				"west": {"uv": [2.5, 6, 5, 9], "texture": "#0"},
				"up": {"uv": [0, 2.5, 0, 0], "texture": "#0"},
				"down": {"uv": [0, 0, 0, 2.5], "texture": "#0"}
			}
		},
		{
			"from": [8, 2, 10.9745],
			"to": [10, 10, 12.9745],
			"rotation": {"angle": 0, "axis": "y", "origin": [11.75, -1.5, -0.2755]},
			"faces": {
				"north": {"uv": [0, 3, 0.5, 5], "texture": "#2"},
				"east": {"uv": [0.75, 3, 1.25, 5], "texture": "#2"},
				"south": {"uv": [3.25, 0, 3.75, 2], "texture": "#2"},
				"west": {"uv": [4, 0, 4.5, 2], "texture": "#2"},
				"up": {"uv": [5, 7.25, 4.5, 6.75], "texture": "#2"},
				"down": {"uv": [5.75, 6.75, 5.25, 7.25], "texture": "#2"}
			}
		},
		{
			"from": [4, 2, 10.9745],
			"to": [6, 10, 12.9745],
			"rotation": {"angle": 0, "axis": "y", "origin": [7.75, -1.5, -0.2755]},
			"faces": {
				"north": {"uv": [4, 2.25, 4.5, 4.25], "texture": "#2"},
				"east": {"uv": [1.5, 4.25, 2, 6.25], "texture": "#2"},
				"south": {"uv": [2.25, 4.25, 2.75, 6.25], "texture": "#2"},
				"west": {"uv": [3, 4.25, 3.5, 6.25], "texture": "#2"},
				"up": {"uv": [7.5, 5.25, 7, 4.75], "texture": "#2"},
				"down": {"uv": [7.5, 5.5, 7, 6], "texture": "#2"}
			}
		},
		{
			"from": [4, 2, 6.2995],
			"to": [6, 10, 8.2995],
			"rotation": {"angle": 0, "axis": "y", "origin": [7.75, -1.5, -4.9505]},
			"faces": {
				"north": {"uv": [3.75, 4.5, 4.25, 6.5], "texture": "#2"},
				"east": {"uv": [4.5, 4.5, 5, 6.5], "texture": "#2"},
				"south": {"uv": [4.75, 0, 5.25, 2], "texture": "#2"},
				"west": {"uv": [4.75, 2.25, 5.25, 4.25], "texture": "#2"},
				"up": {"uv": [7.75, 0.5, 7.25, 0], "texture": "#2"},
				"down": {"uv": [7.75, 0.75, 7.25, 1.25], "texture": "#2"}
			}
		},
		{
			"from": [8, 2, 6.2995],
			"to": [10, 10, 8.2995],
			"rotation": {"angle": 0, "axis": "y", "origin": [11.75, -1.5, -4.9505]},
			"faces": {
				"north": {"uv": [0, 5.25, 0.5, 7.25], "texture": "#2"},
				"east": {"uv": [0.75, 5.25, 1.25, 7.25], "texture": "#2"},
				"south": {"uv": [5.25, 4.5, 5.75, 6.5], "texture": "#2"},
				"west": {"uv": [5.5, 0, 6, 2], "texture": "#2"},
				"up": {"uv": [7.75, 4, 7.25, 3.5], "texture": "#2"},
				"down": {"uv": [6.5, 7.25, 6, 7.75], "texture": "#2"}
			}
		},
		{
			"name": "torso",
			"from": [5, 5, 6.7495],
			"to": [9, 9, 12.7495],
			"rotation": {"angle": 0, "axis": "y", "origin": [7, 5.5, 7.9995]},
			"faces": {
				"north": {"uv": [5.5, 2.25, 6.5, 3.25], "texture": "#2"},
				"east": {"uv": [1.5, 0, 3, 1], "texture": "#2"},
				"south": {"uv": [6, 3.5, 7, 4.5], "texture": "#2"},
				"west": {"uv": [1.5, 1.25, 3, 2.25], "texture": "#2"},
				"up": {"uv": [2.5, 4, 1.5, 2.5], "texture": "#2"},
				"down": {"uv": [3.75, 2.5, 2.75, 4], "texture": "#2"}
			}
		},
		{
			"name": "head",
			"from": [4.5, 3.5, 4.2495],
			"to": [9.5, 8.5, 7.2495],
			"rotation": {"angle": 0, "axis": "y", "origin": [7.09567, 7.5, 7.4995]},
			"faces": {
				"north": {"uv": [0, 0, 1.25, 1.25], "texture": "#2"},
				"east": {"uv": [6, 4.75, 6.75, 6], "texture": "#2"},
				"south": {"uv": [0, 1.5, 1.25, 2.75], "texture": "#2"},
				"west": {"uv": [6.25, 0, 7, 1.25], "texture": "#2"},
				"up": {"uv": [7.25, 7, 6, 6.25], "texture": "#2"},
				"down": {"uv": [2.75, 6.5, 1.5, 7.25], "texture": "#2"}
			}
		},
		{
			"name": "head",
			"from": [6, 2.5, 3.2495],
			"to": [8, 5.5, 5.2495],
			"rotation": {"angle": 0, "axis": "y", "origin": [7.09567, 5.5, 5.4995]},
			"faces": {
				"north": {"uv": [3, 6.5, 3.5, 7.25], "texture": "#2"},
				"east": {"uv": [6.75, 1.5, 7.25, 2.25], "texture": "#2"},
				"south": {"uv": [6.75, 2.5, 7.25, 3.25], "texture": "#2"},
				"west": {"uv": [3.75, 6.75, 4.25, 7.5], "texture": "#2"},
				"up": {"uv": [7.25, 7.75, 6.75, 7.25], "texture": "#2"},
				"down": {"uv": [0.5, 7.5, 0, 8], "texture": "#2"}
			}
		},
		{
			"name": "head",
			"from": [3.5, 7.09574, 3.13428],
			"to": [4.5, 8.09574, 6.13428],
			"rotation": {"angle": 22.5, "axis": "x", "origin": [4, 7.59574, 5.13428]},
			"faces": {
				"north": {"uv": [6.25, 1.5, 6.5, 1.75], "texture": "#2"},
				"east": {"uv": [7.25, 4.25, 8, 4.5], "texture": "#2"},
				"south": {"uv": [7.5, 3, 7.75, 3.25], "texture": "#2"},
				"west": {"uv": [0.75, 7.5, 1.5, 7.75], "texture": "#2"},
				"up": {"uv": [5.75, 4.25, 5.5, 3.5], "texture": "#2"},
				"down": {"uv": [7.75, 1.5, 7.5, 2.25], "texture": "#2"}
			}
		},
		{
			"name": "head",
			"from": [9.5, 7.09574, 3.13428],
			"to": [10.5, 8.09574, 6.13428],
			"rotation": {"angle": 22.5, "axis": "x", "origin": [10, 7.59574, 5.13428]},
			"faces": {
				"north": {"uv": [4.5, 7.5, 4.75, 7.75], "texture": "#2"},
				"east": {"uv": [1.75, 7.5, 2.5, 7.75], "texture": "#2"},
				"south": {"uv": [5, 7.5, 5.25, 7.75], "texture": "#2"},
				"west": {"uv": [7.5, 2.5, 8.25, 2.75], "texture": "#2"},
				"up": {"uv": [3, 8.25, 2.75, 7.5], "texture": "#2"},
				"down": {"uv": [3.5, 7.5, 3.25, 8.25], "texture": "#2"}
			}
		}
	],
	"gui_light": "front",
	"display": {
		"thirdperson_righthand": {
			"translation": [0, -1.25, -2.75],
			"scale": [0.55, 0.55, 0.55]
		},
		"thirdperson_lefthand": {
			"translation": [0, -1.25, -2.75],
			"scale": [0.55, 0.55, 0.55]
		},
		"firstperson_righthand": {
			"rotation": [0, 113, 5],
			"translation": [3.5, 5, 0],
			"scale": [0.73, 0.73, 0.73]
		},
		"firstperson_lefthand": {
			"rotation": [0, 113, 5],
			"translation": [3.5, 5, 0],
			"scale": [0.73, 0.73, 0.73]
		},
		"ground": {
			"translation": [0, 3, 0],
			"scale": [0.7, 0.7, 0.7]
		},
		"gui": {
			"rotation": [25, 151, 0],
			"translation": [0.25, 0.25, 0],
			"scale": [0.74, 0.74, 0.74]
		},
		"head": {
			"translation": [0, 13.5, 0],
			"scale": [0.89, 0.89, 0.89]
		},
		"fixed": {
			"rotation": [-90, 0, 0],
			"translation": [0, 0, -16],
			"scale": [2, 2, 2]
		}
	},
	"groups": [
		{
			"name": "base",
			"origin": [7, 8, 7.9995],
			"color": 0,
			"children": [
				{
					"name": "box",
					"origin": [-1, 0, -0.0005],
					"color": 0,
					"children": [0, 1, 2, 3, 4, 5]
				},
				{
					"name": "figure",
					"origin": [-1, 0, -0.0005],
					"color": 1,
					"children": [
						{
							"name": "arms",
							"origin": [2.59253, 8.72887, 8.9995],
							"color": 1,
							"children": [6, 7, 8, 9]
						},
						10,
						{
							"name": "head",
							"origin": [5.59467, 11, 8.76853],
							"color": 1,
							"children": [11, 12, 13, 14]
						}
					]
				}
			]
		}
	]
}