{
	"credit": "Made with Blockbench",
	"texture_size": [32, 32],
	"textures": {
		"0": "earthserver:figures/nm_figure_box_stray_texture",
		"3": "earthserver:figures/nm_figure_stray_texture",
		"particle": "earthserver:figures/nm_figure_box_stray_texture"
	},
	"elements": [
		{
			"name": "base",
			"from": [3, 0, 2.9995],
			"to": [13, 2, 12.9995],
			"rotation": {"angle": 0, "axis": "y", "origin": [1, 0, -0.0005]},
			"faces": {
				"north": {"uv": [0, 9, 2.5, 9.5], "texture": "#0"},
				"east": {"uv": [2.5, 9, 5, 9.5], "texture": "#0"},
				"south": {"uv": [0, 9.5, 2.5, 10], "texture": "#0"},
				"west": {"uv": [2.5, 9.5, 5, 10], "texture": "#0"},
				"up": {"uv": [7.5, 8.5, 5, 6], "texture": "#0"},
				"down": {"uv": [10, 0, 7.5, 2.5], "texture": "#0"}
			}
		},
		{
			"name": "back",
			"from": [3, 2, 12.9985],
			"to": [13, 14, 12.9985],
			"rotation": {"angle": 0, "axis": "y", "origin": [3, 0, -2.0015]},
			"faces": {
				"north": {"uv": [0, 0, 2.5, 3], "texture": "#0"},
				"east": {"uv": [0, 0, 0, 3], "texture": "#0"},
				"south": {"uv": [2.5, 0, 5, 3], "texture": "#0"},
				"west": {"uv": [0, 0, 0, 3], "texture": "#0"},
				"up": {"uv": [2.5, 0, 0, 0], "texture": "#0"},
				"down": {"uv": [2.5, 0, 0, 0], "texture": "#0"}
			}
		},
		{
			"name": "front",
			"from": [3, 2, 3.0005],
			"to": [13, 14, 3.0005],
			"rotation": {"angle": 0, "axis": "y", "origin": [3, 0, 18.0005]},
			"faces": {
				"north": {"uv": [0, 3, 2.5, 6], "texture": "#0"},
				"east": {"uv": [0, 0, 0, 3], "texture": "#0"},
				"south": {"uv": [2.5, 3, 5, 6], "texture": "#0"},
				"west": {"uv": [0, 0, 0, 3], "texture": "#0"},
				"up": {"uv": [2.5, 0, 0, 0], "texture": "#0"},
				"down": {"uv": [2.5, 0, 0, 0], "texture": "#0"}
			}
		},
		{
			"name": "clearside",
			"from": [3, 2, 2.9995],
			"to": [3, 14, 12.9995],
			"rotation": {"angle": 0, "axis": "y", "origin": [3, 0, -0.0005]},
			"faces": {
				"north": {"uv": [0, 0, 0, 3], "texture": "#0"},
				"east": {"uv": [5, 0, 7.5, 3], "texture": "#0"},
				"south": {"uv": [0, 0, 0, 3], "texture": "#0"},
				"west": {"uv": [5, 3, 7.5, 6], "texture": "#0"},
				"up": {"uv": [0, 2.5, 0, 0], "texture": "#0"},
				"down": {"uv": [0, 0, 0, 2.5], "texture": "#0"}
			}
		},
		{
			"name": "clearside",
			"from": [3, 14, 2.9995],
			"to": [13, 14, 12.9995],
			"rotation": {"angle": 0, "axis": "y", "origin": [3, 0, -0.0005]},
			"faces": {
				"north": {"uv": [0, 0, 2.5, 0], "texture": "#0"},
				"east": {"uv": [0, 0, 2.5, 0], "texture": "#0"},
				"south": {"uv": [0, 0, 2.5, 0], "texture": "#0"},
				"west": {"uv": [0, 0, 2.5, 0], "texture": "#0"},
				"up": {"uv": [10, 5, 7.5, 2.5], "texture": "#0"},
				"down": {"uv": [10, 5, 7.5, 7.5], "texture": "#0"}
			}
		},
		{
			"name": "clearside",
			"from": [13, 2, 2.9995],
			"to": [13, 14, 12.9995],
			"rotation": {"angle": 0, "axis": "y", "origin": [13, 0, -0.0005]},
			"faces": {
				"north": {"uv": [0, 0, 0, 3], "texture": "#0"},
				"east": {"uv": [0, 6, 2.5, 9], "texture": "#0"},
				"south": {"uv": [0, 0, 0, 3], "texture": "#0"},
				"west": {"uv": [2.5, 6, 5, 9], "texture": "#0"},
				"up": {"uv": [0, 2.5, 0, 0], "texture": "#0"},
				"down": {"uv": [0, 0, 0, 2.5], "texture": "#0"}
			}
		},
		{
			"name": "torso",
			"from": [5.5, 5, 6.9995],
			"to": [8.5, 7, 6.9995],
			"rotation": {"angle": 0, "axis": "y", "origin": [0.5, -1, -0.0005]},
			"faces": {
				"north": {"uv": [2.5, 5, 4, 6], "texture": "#3"},
				"east": {"uv": [0, 0, 0, 1], "texture": "#3"},
				"south": {"uv": [5, 2.5, 6.5, 3.5], "texture": "#3"},
				"west": {"uv": [0, 0, 0, 1], "texture": "#3"},
				"up": {"uv": [1.5, 0, 0, 0], "texture": "#3"},
				"down": {"uv": [1.5, 0, 0, 0], "texture": "#3"}
			}
		},
		{
			"name": "torso",
			"from": [8.5, 5, 6.9995],
			"to": [8.5, 7, 8.9995],
			"rotation": {"angle": 0, "axis": "y", "origin": [13.5, -1, -0.0005]},
			"faces": {
				"north": {"uv": [0, 0, 0, 1], "texture": "#3"},
				"east": {"uv": [6.5, 2.5, 7.5, 3.5], "texture": "#3"},
				"south": {"uv": [0, 0, 0, 1], "texture": "#3"},
				"west": {"uv": [6.5, 3.5, 7.5, 4.5], "texture": "#3"},
				"up": {"uv": [0, 1, 0, 0], "texture": "#3"},
				"down": {"uv": [0, 0, 0, 1], "texture": "#3"}
			}
		},
		{
			"name": "torso",
			"from": [5.5, 5, 8.9995],
			"to": [8.5, 7, 8.9995],
			"rotation": {"angle": 0, "axis": "y", "origin": [13.5, -1, -0.0005]},
			"faces": {
				"north": {"uv": [5, 3.5, 6.5, 4.5], "texture": "#3"},
				"east": {"uv": [0, 0, 0, 1], "texture": "#3"},
				"south": {"uv": [4, 5, 5.5, 6], "texture": "#3"},
				"west": {"uv": [0, 0, 0, 1], "texture": "#3"},
				"up": {"uv": [1.5, 0, 0, 0], "texture": "#3"},
				"down": {"uv": [1.5, 0, 0, 0], "texture": "#3"}
			}
		},
		{
			"name": "torso",
			"from": [5.5, 4, 6.9995],
			"to": [8.5, 5, 8.9995],
			"rotation": {"angle": 0, "axis": "y", "origin": [0.5, -1, -0.0005]},
			"faces": {
				"north": {"uv": [3.5, 7, 5, 7.5], "texture": "#3"},
				"east": {"uv": [6, 7.5, 7, 8], "texture": "#3"},
				"south": {"uv": [7, 5.5, 8.5, 6], "texture": "#3"},
				"west": {"uv": [7, 7.5, 8, 8], "texture": "#3"},
				"up": {"uv": [7, 5.5, 5.5, 4.5], "texture": "#3"},
				"down": {"uv": [7, 5.5, 5.5, 6.5], "texture": "#3"}
			}
		},
		{
			"name": "torso",
			"from": [5.5, 3, 8.9995],
			"to": [8.5, 4, 8.9995],
			"rotation": {"angle": 0, "axis": "y", "origin": [0.5, -1, -0.0005]},
			"faces": {
				"north": {"uv": [7, 6, 8.5, 6.5], "texture": "#3"},
				"east": {"uv": [0, 0, 0, 0.5], "texture": "#3"},
				"south": {"uv": [7, 6.5, 8.5, 7], "texture": "#3"},
				"west": {"uv": [0, 0, 0, 0.5], "texture": "#3"},
				"up": {"uv": [1.5, 0, 0, 0], "texture": "#3"},
				"down": {"uv": [1.5, 0, 0, 0], "texture": "#3"}
			}
		},
		{
			"name": "torso",
			"from": [5.5, 3, 6.9995],
			"to": [8.5, 4, 6.9995],
			"rotation": {"angle": 0, "axis": "y", "origin": [0.5, -1, -0.0005]},
			"faces": {
				"north": {"uv": [7, 7, 8.5, 7.5], "texture": "#3"},
				"east": {"uv": [0, 0, 0, 0.5], "texture": "#3"},
				"south": {"uv": [0, 7.5, 1.5, 8], "texture": "#3"},
				"west": {"uv": [0, 0, 0, 0.5], "texture": "#3"},
				"up": {"uv": [1.5, 0, 0, 0], "texture": "#3"},
				"down": {"uv": [1.5, 0, 0, 0], "texture": "#3"}
			}
		},
		{
			"name": "torso",
			"from": [5.5, 3, 6.9995],
			"to": [5.5, 4, 8.9995],
			"rotation": {"angle": 0, "axis": "y", "origin": [0.5, -1, -0.0005]},
			"faces": {
				"north": {"uv": [0, 0, 0, 0.5], "texture": "#3"},
				"east": {"uv": [0, 8, 1, 8.5], "texture": "#3"},
				"south": {"uv": [0, 0, 0, 0.5], "texture": "#3"},
				"west": {"uv": [8, 0, 9, 0.5], "texture": "#3"},
				"up": {"uv": [0, 1, 0, 0], "texture": "#3"},
				"down": {"uv": [0, 0, 0, 1], "texture": "#3"}
			}
		},
		{
			"name": "torso",
			"from": [8.5, 3, 6.9995],
			"to": [8.5, 4, 8.9995],
			"rotation": {"angle": 0, "axis": "y", "origin": [0.5, -1, -0.0005]},
			"faces": {
				"north": {"uv": [0, 0, 0, 0.5], "texture": "#3"},
				"east": {"uv": [8, 0.5, 9, 1], "texture": "#3"},
				"south": {"uv": [0, 0, 0, 0.5], "texture": "#3"},
				"west": {"uv": [8, 1, 9, 1.5], "texture": "#3"},
				"up": {"uv": [0, 1, 0, 0], "texture": "#3"},
				"down": {"uv": [0, 0, 0, 1], "texture": "#3"}
			}
		},
		{
			"name": "torso",
			"from": [5.5, 5, 6.9995],
			"to": [5.5, 7, 8.9995],
			"rotation": {"angle": 0, "axis": "y", "origin": [0.5, -1, -0.0005]},
			"faces": {
				"north": {"uv": [0, 0, 0, 1], "texture": "#3"},
				"east": {"uv": [6, 6.5, 7, 7.5], "texture": "#3"},
				"south": {"uv": [0, 0, 0, 1], "texture": "#3"},
				"west": {"uv": [2.5, 7, 3.5, 8], "texture": "#3"},
				"up": {"uv": [0, 1, 0, 0], "texture": "#3"},
				"down": {"uv": [0, 0, 0, 1], "texture": "#3"}
			}
		},
		{
			"name": "arm",
			"from": [8.74257, 4.45621, 7.4995],
			"to": [9.74257, 7.45621, 8.4995],
			"rotation": {"angle": 22.5, "axis": "z", "origin": [8.86757, 5.45621, 7.9995]},
			"faces": {
				"north": {"uv": [7.5, 0, 8, 1.5], "texture": "#3"},
				"east": {"uv": [1.5, 7.5, 2, 9], "texture": "#3"},
				"south": {"uv": [7.5, 1.5, 8, 3], "texture": "#3"},
				"west": {"uv": [2, 7.5, 2.5, 9], "texture": "#3"},
				"up": {"uv": [5.5, 5, 5, 4.5], "texture": "#3"},
				"down": {"uv": [5.5, 8.5, 5, 9], "texture": "#3"}
			}
		},
		{
			"name": "arm",
			"from": [4.25743, 4.45621, 7.4995],
			"to": [5.25743, 7.45621, 8.4995],
			"rotation": {"angle": -22.5, "axis": "z", "origin": [5.13243, 5.45621, 7.9995]},
			"faces": {
				"north": {"uv": [7.5, 3, 8, 4.5], "texture": "#3"},
				"east": {"uv": [3.5, 7.5, 4, 9], "texture": "#3"},
				"south": {"uv": [4, 7.5, 4.5, 9], "texture": "#3"},
				"west": {"uv": [4.5, 7.5, 5, 9], "texture": "#3"},
				"up": {"uv": [9, 6, 8.5, 5.5], "texture": "#3"},
				"down": {"uv": [9, 6, 8.5, 6.5], "texture": "#3"}
			}
		},
		{
			"name": "bow",
			"from": [3.93695, 4.49601, 4.79239],
			"to": [4.93695, 6.49601, 5.79239],
			"rotation": {"angle": 0, "axis": "y", "origin": [4.43695, 4.99601, 5.29239]},
			"faces": {
				"north": {"uv": [1, 8, 1.5, 9], "texture": "#3"},
				"east": {"uv": [8, 1.5, 8.5, 2.5], "texture": "#3"},
				"south": {"uv": [2.5, 8, 3, 9], "texture": "#3"},
				"west": {"uv": [8, 2.5, 8.5, 3.5], "texture": "#3"},
				"up": {"uv": [9, 7, 8.5, 6.5], "texture": "#3"},
				"down": {"uv": [9, 7, 8.5, 7.5], "texture": "#3"}
			}
		},
		{
			"name": "bow",
			"from": [4.18795, 5.74601, 5.78161],
			"to": [4.18795, 6.24601, 10.20661],
			"rotation": {"angle": 0, "axis": "y", "origin": [3.93795, 5.24601, 5.20661]},
			"faces": {
				"north": {"uv": [0, 0, 0, 0.5], "texture": "#3"},
				"east": {"uv": [7, 4.5, 9, 5], "texture": "#3"},
				"south": {"uv": [0, 0, 0, 0.5], "texture": "#3"},
				"west": {"uv": [7, 5, 9, 5.5], "texture": "#3"},
				"up": {"uv": [0, 2, 0, 0], "texture": "#3"},
				"down": {"uv": [0, 0, 0, 2], "texture": "#3"}
			}
		},
		{
			"name": "bow",
			"from": [3.93695, 4.49601, 10.20661],
			"to": [4.93695, 6.49601, 11.20661],
			"rotation": {"angle": 0, "axis": "y", "origin": [4.43695, 4.99601, 10.70661]},
			"faces": {
				"north": {"uv": [3, 8, 3.5, 9], "texture": "#3"},
				"east": {"uv": [8, 3.5, 8.5, 4.5], "texture": "#3"},
				"south": {"uv": [6, 8, 6.5, 9], "texture": "#3"},
				"west": {"uv": [6.5, 8, 7, 9], "texture": "#3"},
				"up": {"uv": [9, 8, 8.5, 7.5], "texture": "#3"},
				"down": {"uv": [8.5, 8.5, 8, 9], "texture": "#3"}
			}
		},
		{
			"name": "bow",
			"from": [3.91195, 4.70311, 9.70661],
			"to": [4.96195, 5.70311, 10.70661],
			"rotation": {"angle": -45, "axis": "x", "origin": [4.43695, 5.20311, 11.20661]},
			"faces": {
				"north": {"uv": [8.5, 8, 9, 8.5], "texture": "#3"},
				"east": {"uv": [8.5, 8.5, 9, 9], "texture": "#3"},
				"south": {"uv": [9, 0, 9.5, 0.5], "texture": "#3"},
				"west": {"uv": [9, 0.5, 9.5, 1], "texture": "#3"},
				"up": {"uv": [1.5, 9.5, 1, 9], "texture": "#3"},
				"down": {"uv": [9.5, 1, 9, 1.5], "texture": "#3"}
			}
		},
		{
			"name": "bow",
			"from": [3.93695, 3.7889, 5.4995],
			"to": [4.93695, 4.7889, 10.4995],
			"rotation": {"angle": 0, "axis": "y", "origin": [4.43695, 4.2889, 7.9995]},
			"faces": {
				"north": {"uv": [1.5, 9, 2, 9.5], "texture": "#3"},
				"east": {"uv": [2.5, 6, 5, 6.5], "texture": "#3"},
				"south": {"uv": [9, 1.5, 9.5, 2], "texture": "#3"},
				"west": {"uv": [2.5, 6.5, 5, 7], "texture": "#3"},
				"up": {"uv": [5.5, 8.5, 5, 6], "texture": "#3"},
				"down": {"uv": [6, 6.5, 5.5, 9], "texture": "#3"}
			}
		},
		{
			"name": "bow",
			"from": [3.91195, 4.70311, 5.29239],
			"to": [4.96195, 5.70311, 6.29239],
			"rotation": {"angle": 45, "axis": "x", "origin": [4.43695, 5.20311, 4.79239]},
			"faces": {
				"north": {"uv": [2, 9, 2.5, 9.5], "texture": "#3"},
				"east": {"uv": [9, 2, 9.5, 2.5], "texture": "#3"},
				"south": {"uv": [2.5, 9, 3, 9.5], "texture": "#3"},
				"west": {"uv": [9, 2.5, 9.5, 3], "texture": "#3"},
				"up": {"uv": [3.5, 9.5, 3, 9], "texture": "#3"},
				"down": {"uv": [9.5, 3, 9, 3.5], "texture": "#3"}
			}
		},
		{
			"name": "head",
			"from": [4.5, 7, 5.4995],
			"to": [9.5, 12, 10.4995],
			"rotation": {"angle": 0, "axis": "y", "origin": [7.09567, 10, 7.9995]},
			"faces": {
				"north": {"uv": [0, 0, 2.5, 2.5], "texture": "#3"},
				"east": {"uv": [0, 2.5, 2.5, 5], "texture": "#3"},
				"south": {"uv": [2.5, 0, 5, 2.5], "texture": "#3"},
				"west": {"uv": [2.5, 2.5, 5, 5], "texture": "#3"},
				"up": {"uv": [2.5, 7.5, 0, 5], "texture": "#3"},
				"down": {"uv": [7.5, 0, 5, 2.5], "texture": "#3"}
			}
		},
		{
			"from": [5.75, 2, 7.4995],
			"to": [6.75, 4, 8.4995],
			"rotation": {"angle": 0, "axis": "y", "origin": [2.5, -1, 0.4995]},
			"faces": {
				"north": {"uv": [7, 8, 7.5, 9], "texture": "#3"},
				"east": {"uv": [7.5, 8, 8, 9], "texture": "#3"},
				"south": {"uv": [8, 7.5, 8.5, 8.5], "texture": "#3"},
				"west": {"uv": [0, 8.5, 0.5, 9.5], "texture": "#3"},
				"up": {"uv": [4, 9.5, 3.5, 9], "texture": "#3"},
				"down": {"uv": [9.5, 3.5, 9, 4], "texture": "#3"}
			}
		},
		{
			"from": [7.25, 2, 7.4995],
			"to": [8.25, 4, 8.4995],
			"rotation": {"angle": 0, "axis": "y", "origin": [11.5, -1, 0.4995]},
			"faces": {
				"north": {"uv": [0.5, 8.5, 1, 9.5], "texture": "#3"},
				"east": {"uv": [8.5, 1.5, 9, 2.5], "texture": "#3"},
				"south": {"uv": [8.5, 2.5, 9, 3.5], "texture": "#3"},
				"west": {"uv": [8.5, 3.5, 9, 4.5], "texture": "#3"},
				"up": {"uv": [4.5, 9.5, 4, 9], "texture": "#3"},
				"down": {"uv": [9.5, 4, 9, 4.5], "texture": "#3"}
			}
		}
	],
	"gui_light": "front",
	"display": {
		"thirdperson_righthand": {
			"translation": [0, -1.25, -2.75],
			"scale": [0.55, 0.55, 0.55]
		},
		"thirdperson_lefthand": {
			"translation": [0, -1.25, -2.75],
			"scale": [0.55, 0.55, 0.55]
		},
		"firstperson_righthand": {
			"rotation": [0, 113, 5],
			"translation": [3.5, 5, 0],
			"scale": [0.73, 0.73, 0.73]
		},
		"firstperson_lefthand": {
			"rotation": [0, 113, 5],
			"translation": [3.5, 5, 0],
			"scale": [0.73, 0.73, 0.73]
		},
		"ground": {
			"translation": [0, 3, 0],
			"scale": [0.7, 0.7, 0.7]
		},
		"gui": {
			"rotation": [25, 151, 0],
			"translation": [0.25, 0.25, 0],
			"scale": [0.74, 0.74, 0.74]
		},
		"head": {
			"translation": [0, 13.5, 0],
			"scale": [0.89, 0.89, 0.89]
		},
		"fixed": {
			"rotation": [-90, 0, 0],
			"translation": [0, 0, -16],
			"scale": [2, 2, 2]
		}
	},
	"groups": [
		{
			"name": "base",
			"origin": [7, 8, 7.9995],
			"color": 0,
			"children": [
				{
					"name": "box",
					"origin": [-1, 0, -0.0005],
					"color": 0,
					"children": [0, 1, 2, 3, 4, 5]
				},
				{
					"name": "figure",
					"origin": [-1, 0, -0.0005],
					"color": 1,
					"children": [
						6,
						7,
						8,
						9,
						10,
						11,
						12,
						13,
						14,
						{
							"name": "arms",
							"origin": [2.59253, 8.72887, 8.9995],
							"color": 1,
							"children": [
								15,
								16,
								{
									"name": "bow",
									"origin": [9.83805, 5.37811, 5.79239],
									"color": 0,
									"children": [17, 18, 19, 20, 21, 22]
								}
							]
						},
						{
							"name": "head",
							"origin": [5.59467, 11, 8.76853],
							"color": 1,
							"children": [23]
						},
						{
							"name": "legs",
							"origin": [-1, 0, -0.0005],
							"color": 1,
							"children": [24, 25]
						}
					]
				}
			]
		}
	]
}