{
	"credit": "Made by Nog's Menagerie",
	"texture_size": [8, 8],
	"textures": {
		"0": "earthserver:figures/nm_figure_box_pink",
		"2": "earthserver:figures/ultra2",
		"particle": "earthserver:figures/nm_figure_box_pink"
	},
	"elements": [
		{
			"name": "base",
			"from": [3, 0, 2.9995],
			"to": [13, 2, 12.9995],
			"rotation": {"angle": 0, "axis": "y", "origin": [1, 0, -0.0005]},
			"faces": {
				"north": {"uv": [0, 9, 2.5, 9.5], "texture": "#0"},
				"east": {"uv": [2.5, 9, 5, 9.5], "texture": "#0"},
				"south": {"uv": [0, 9.5, 2.5, 10], "texture": "#0"},
				"west": {"uv": [2.5, 9.5, 5, 10], "texture": "#0"},
				"up": {"uv": [7.5, 8.5, 5, 6], "texture": "#0"},
				"down": {"uv": [10, 0, 7.5, 2.5], "texture": "#0"}
			}
		},
		{
			"name": "back",
			"from": [3, 2, 12.9985],
			"to": [13, 14, 12.9985],
			"rotation": {"angle": 0, "axis": "y", "origin": [3, 0, -2.0015]},
			"faces": {
				"north": {"uv": [0, 0, 2.5, 3], "texture": "#0"},
				"east": {"uv": [0, 0, 0, 3], "texture": "#0"},
				"south": {"uv": [2.5, 0, 5, 3], "texture": "#0"},
				"west": {"uv": [0, 0, 0, 3], "texture": "#0"},
				"up": {"uv": [2.5, 0, 0, 0], "texture": "#0"},
				"down": {"uv": [2.5, 0, 0, 0], "texture": "#0"}
			}
		},
		{
			"name": "front",
			"from": [3, 2, 3.0005],
			"to": [13, 14, 3.0005],
			"rotation": {"angle": 0, "axis": "y", "origin": [3, 0, 18.0005]},
			"faces": {
				"north": {"uv": [0, 3, 2.5, 6], "texture": "#0"},
				"east": {"uv": [0, 0, 0, 3], "texture": "#0"},
				"south": {"uv": [2.5, 3, 5, 6], "texture": "#0"},
				"west": {"uv": [0, 0, 0, 3], "texture": "#0"},
				"up": {"uv": [2.5, 0, 0, 0], "texture": "#0"},
				"down": {"uv": [2.5, 0, 0, 0], "texture": "#0"}
			}
		},
		{
			"name": "clearside",
			"from": [3, 2, 2.9995],
			"to": [3, 14, 12.9995],
			"rotation": {"angle": 0, "axis": "y", "origin": [3, 0, -0.0005]},
			"faces": {
				"north": {"uv": [0, 0, 0, 3], "texture": "#0"},
				"east": {"uv": [5, 0, 7.5, 3], "texture": "#0"},
				"south": {"uv": [0, 0, 0, 3], "texture": "#0"},
				"west": {"uv": [5, 3, 7.5, 6], "texture": "#0"},
				"up": {"uv": [0, 2.5, 0, 0], "texture": "#0"},
				"down": {"uv": [0, 0, 0, 2.5], "texture": "#0"}
			}
		},
		{
			"name": "clearside",
			"from": [3, 14, 2.9995],
			"to": [13, 14, 12.9995],
			"rotation": {"angle": 0, "axis": "y", "origin": [3, 0, -0.0005]},
			"faces": {
				"north": {"uv": [0, 0, 2.5, 0], "texture": "#0"},
				"east": {"uv": [0, 0, 2.5, 0], "texture": "#0"},
				"south": {"uv": [0, 0, 2.5, 0], "texture": "#0"},
				"west": {"uv": [0, 0, 2.5, 0], "texture": "#0"},
				"up": {"uv": [10, 5, 7.5, 2.5], "texture": "#0"},
				"down": {"uv": [10, 5, 7.5, 7.5], "texture": "#0"}
			}
		},
		{
			"name": "clearside",
			"from": [13, 2, 2.9995],
			"to": [13, 14, 12.9995],
			"rotation": {"angle": 0, "axis": "y", "origin": [13, 0, -0.0005]},
			"faces": {
				"north": {"uv": [0, 0, 0, 3], "texture": "#0"},
				"east": {"uv": [0, 6, 2.5, 9], "texture": "#0"},
				"south": {"uv": [0, 0, 0, 3], "texture": "#0"},
				"west": {"uv": [2.5, 6, 5, 9], "texture": "#0"},
				"up": {"uv": [0, 2.5, 0, 0], "texture": "#0"},
				"down": {"uv": [0, 0, 0, 2.5], "texture": "#0"}
			}
		},
		{
			"name": "box_player",
			"from": [7.99, 0.991, 2.9845],
			"to": [11.99, 4.991, 2.9845],
			"rotation": {"angle": 0, "axis": "z", "origin": [8.99, -6.009, 3.0345]},
			"faces": {
				"north": {"uv": [10, 3.75, 12, 2.25], "rotation": 180, "texture": "#2"},
				"east": {"uv": [0, 0, 0, 6], "rotation": 180, "texture": "#2"},
				"south": {"uv": [2.5, 3.75, 3.5, 4], "rotation": 180, "texture": "#2"},
				"west": {"uv": [0, 0, 0, 6], "rotation": 180, "texture": "#2"},
				"up": {"uv": [0, 0, 0, 5], "rotation": 270, "texture": "#2"},
				"down": {"uv": [0, 5, 0, 0], "rotation": 90, "texture": "#2"}
			}
		},
		{
			"name": "box_player",
			"from": [13.025, 7, 5.9995],
			"to": [13.025, 11, 9.9995],
			"rotation": {"angle": 0, "axis": "y", "origin": [13, 0, -0.0005]},
			"faces": {
				"north": {"uv": [0, 0, 0, 6], "texture": "#2"},
				"east": {"uv": [10, 2.25, 12, 3.75], "texture": "#2"},
				"south": {"uv": [0, 0, 0, 6], "texture": "#2"},
				"west": {"uv": [2.5, 3.75, 3.5, 4], "texture": "#2"},
				"up": {"uv": [0, 5, 0, 0], "texture": "#2"},
				"down": {"uv": [0, 0, 0, 5], "texture": "#2"}
			}
		},
		{
			"name": "box_player",
			"from": [13.025, 5, 5.9995],
			"to": [13.025, 7, 6.9995],
			"rotation": {"angle": 0, "axis": "y", "origin": [13, 0, -0.0005]},
			"faces": {
				"north": {"uv": [0, 0, 0, 6], "texture": "#2"},
				"east": {"uv": [13, 6, 13.75, 8], "texture": "#2"},
				"south": {"uv": [0, 0, 0, 6], "texture": "#2"},
				"west": {"uv": [11.25, 13, 11.5, 13.25], "texture": "#2"},
				"up": {"uv": [0, 5, 0, 0], "texture": "#2"},
				"down": {"uv": [0, 0, 0, 5], "texture": "#2"}
			}
		},
		{
			"name": "box_player",
			"from": [13.025, 5, 6.9995],
			"to": [13.025, 7, 8.9995],
			"rotation": {"angle": 0, "axis": "y", "origin": [13, 0, -0.0005]},
			"faces": {
				"north": {"uv": [0, 0, 0, 6], "texture": "#2"},
				"east": {"uv": [5, 5.25, 7, 7.5], "texture": "#2"},
				"south": {"uv": [0, 0, 0, 6], "texture": "#2"},
				"west": {"uv": [5.75, 7.75, 6.25, 8], "texture": "#2"},
				"up": {"uv": [0, 5, 0, 0], "texture": "#2"},
				"down": {"uv": [0, 0, 0, 5], "texture": "#2"}
			}
		},
		{
			"name": "box_player",
			"from": [13.025, 5, 8.9995],
			"to": [13.025, 7, 9.9995],
			"rotation": {"angle": 0, "axis": "y", "origin": [13, 0, -0.0005]},
			"faces": {
				"north": {"uv": [0, 0, 0, 6], "texture": "#2"},
				"east": {"uv": [13, 6, 13.75, 8], "texture": "#2"},
				"south": {"uv": [0, 0, 0, 6], "texture": "#2"},
				"west": {"uv": [13.25, 5, 13.5, 5.25], "texture": "#2"},
				"up": {"uv": [0, 5, 0, 0], "texture": "#2"},
				"down": {"uv": [0, 0, 0, 5], "texture": "#2"}
			}
		},
		{
			"name": "box_player",
			"from": [13.025, 3, 6.9995],
			"to": [13.025, 5, 7.9995],
			"rotation": {"angle": 0, "axis": "y", "origin": [13, 0, -0.0005]},
			"faces": {
				"north": {"uv": [0, 0, 0, 6], "texture": "#2"},
				"east": {"uv": [0, 5, 1, 8], "texture": "#2"},
				"south": {"uv": [0, 0, 0, 6], "texture": "#2"},
				"west": {"uv": [6, 13, 6.25, 13.25], "texture": "#2"},
				"up": {"uv": [0, 5, 0, 0], "texture": "#2"},
				"down": {"uv": [0, 0, 0, 5], "texture": "#2"}
			}
		},
		{
			"name": "box_player",
			"from": [13.025, 3, 7.9995],
			"to": [13.025, 5, 8.9995],
			"rotation": {"angle": 0, "axis": "y", "origin": [13, 0, -0.0005]},
			"faces": {
				"north": {"uv": [0, 0, 0, 6], "texture": "#2"},
				"east": {"uv": [4, 13, 5, 16], "texture": "#2"},
				"south": {"uv": [0, 0, 0, 6], "texture": "#2"},
				"west": {"uv": [1, 5, 1.25, 5.25], "texture": "#2"},
				"up": {"uv": [0, 5, 0, 0], "texture": "#2"},
				"down": {"uv": [0, 0, 0, 5], "texture": "#2"}
			}
		},
		{
			"name": "arm",
			"from": [4.63243, 4.20621, 7.4995],
			"to": [5.63243, 7.20621, 8.4995],
			"rotation": {"angle": -22.5, "axis": "z", "origin": [5.13243, 5.45621, 7.9995]},
			"faces": {
				"north": {"uv": [11.25, 13, 12, 16], "texture": "#2"},
				"east": {"uv": [11.25, 13, 12, 16], "texture": "#2"},
				"south": {"uv": [8, 13, 9, 16], "texture": "#2"},
				"west": {"uv": [8, 13, 9, 16], "texture": "#2"},
				"up": {"uv": [9.25, 12.25, 9, 12], "texture": "#2"},
				"down": {"uv": [11, 12, 10, 13], "texture": "#2"}
			}
		},
		{
			"name": "arm",
			"from": [8.36757, 4.20621, 7.4995],
			"to": [9.36757, 7.20621, 8.4995],
			"rotation": {"angle": 22.5, "axis": "z", "origin": [8.86757, 5.45621, 7.9995]},
			"faces": {
				"north": {"uv": [13.75, 5, 13, 8], "texture": "#2"},
				"east": {"uv": [13, 5, 12.5, 8], "texture": "#2"},
				"south": {"uv": [13.75, 5, 13, 8], "texture": "#2"},
				"west": {"uv": [13, 5, 12, 8], "texture": "#2"},
				"up": {"uv": [11, 4.25, 11.25, 4], "texture": "#2"},
				"down": {"uv": [10, 12, 11, 13], "texture": "#2"}
			}
		},
		{
			"name": "torso",
			"from": [5.5, 4, 6.9995],
			"to": [5.5, 7, 8.9995],
			"rotation": {"angle": 0, "axis": "y", "origin": [-1.5, 1, -0.0005]},
			"faces": {
				"north": {"uv": [6.75, 5, 7, 5.25], "texture": "#2"},
				"east": {"uv": [7, 5, 8, 8], "texture": "#2"},
				"south": {"uv": [6.75, 5, 7, 5.25], "texture": "#2"},
				"west": {"uv": [7, 5, 8, 7.75], "texture": "#2"},
				"up": {"uv": [1.5, 4, 0, 3], "texture": "#2"},
				"down": {"uv": [4.5, 0, 3, 1], "texture": "#2"}
			}
		},
		{
			"name": "torso",
			"from": [5.5, 5, 6.9995],
			"to": [5.5, 6, 7.9995],
			"rotation": {"angle": 0, "axis": "y", "origin": [-1.5, 0, -0.0005]},
			"faces": {
				"north": {"uv": [6.75, 5, 7, 5.25], "texture": "#2"},
				"east": {"uv": [7, 6.25, 7.25, 6.5], "texture": "#2"},
				"south": {"uv": [6.75, 5, 7, 5.25], "texture": "#2"},
				"west": {"uv": [7, 6.25, 7.25, 6.5], "texture": "#2"},
				"up": {"uv": [1.5, 4, 0, 3], "texture": "#2"},
				"down": {"uv": [4.5, 0, 3, 1], "texture": "#2"}
			}
		},
		{
			"name": "torso",
			"from": [5.5, 4, 7.9995],
			"to": [5.5, 5, 8.9995],
			"rotation": {"angle": 0, "axis": "y", "origin": [-1.5, -1, 0.9995]},
			"faces": {
				"north": {"uv": [6.75, 5, 7, 5.25], "texture": "#2"},
				"east": {"uv": [8.75, 7.75, 9, 8], "texture": "#2"},
				"south": {"uv": [6.75, 5, 7, 5.25], "texture": "#2"},
				"west": {"uv": [8.75, 7.75, 9, 8], "texture": "#2"},
				"up": {"uv": [1.5, 4, 0, 3], "texture": "#2"},
				"down": {"uv": [4.5, 0, 3, 1], "texture": "#2"}
			}
		},
		{
			"name": "torso",
			"from": [5.5, 4, 6.9995],
			"to": [8.5, 7, 6.9995],
			"rotation": {"angle": 0, "axis": "y", "origin": [0.5, 1, -0.0005]},
			"faces": {
				"north": {"uv": [4.75, 5.25, 7.25, 7.5], "texture": "#2"},
				"east": {"uv": [1.5, 1.5, 2.5, 3], "texture": "#2"},
				"south": {"uv": [5, 5, 5.25, 5.25], "texture": "#2"},
				"west": {"uv": [2.5, 1.5, 3.5, 3], "texture": "#2"},
				"up": {"uv": [1.5, 4, 0, 3], "texture": "#2"},
				"down": {"uv": [4.5, 0, 3, 1], "texture": "#2"}
			}
		},
		{
			"name": "torso",
			"from": [7.5, 7, 6.9995],
			"to": [8.5, 7, 7.9995],
			"rotation": {"angle": 0, "axis": "y", "origin": [0.5, 1, -0.0005]},
			"faces": {
				"north": {"uv": [5, 5, 5.25, 5.25], "texture": "#2"},
				"east": {"uv": [1.5, 1.5, 2.5, 3], "texture": "#2"},
				"south": {"uv": [5, 5, 5.25, 5.25], "texture": "#2"},
				"west": {"uv": [2.5, 1.5, 3.5, 3], "texture": "#2"},
				"up": {"uv": [5.25, 5, 5, 4.75], "texture": "#2"},
				"down": {"uv": [5.25, 5, 5, 4.75], "texture": "#2"}
			}
		},
		{
			"name": "torso",
			"from": [6.5, 7, 6.9995],
			"to": [7.5, 7, 7.9995],
			"rotation": {"angle": 0, "axis": "y", "origin": [-0.5, 1, -0.0005]},
			"faces": {
				"north": {"uv": [5, 5, 5.25, 5.25], "texture": "#2"},
				"east": {"uv": [1.5, 1.5, 2.5, 3], "texture": "#2"},
				"south": {"uv": [5, 5, 5.25, 5.25], "texture": "#2"},
				"west": {"uv": [2.5, 1.5, 3.5, 3], "texture": "#2"},
				"up": {"uv": [6, 5, 5.75, 4.75], "texture": "#2"},
				"down": {"uv": [6, 5, 5.75, 4.75], "texture": "#2"}
			}
		},
		{
			"name": "torso",
			"from": [5.5, 7, 6.9995],
			"to": [6.5, 7, 7.9995],
			"rotation": {"angle": 0, "axis": "y", "origin": [-1.5, 1, -0.0005]},
			"faces": {
				"north": {"uv": [5, 5, 5.25, 5.25], "texture": "#2"},
				"east": {"uv": [1.5, 1.5, 2.5, 3], "texture": "#2"},
				"south": {"uv": [5, 5, 5.25, 5.25], "texture": "#2"},
				"west": {"uv": [2.5, 1.5, 3.5, 3], "texture": "#2"},
				"up": {"uv": [7, 5, 6.75, 4.75], "texture": "#2"},
				"down": {"uv": [7, 5, 6.75, 4.75], "texture": "#2"}
			}
		},
		{
			"name": "torso",
			"from": [5.5, 7, 7.9995],
			"to": [6.5, 7, 8.9995],
			"rotation": {"angle": 0, "axis": "y", "origin": [-1.5, 1, 0.9995]},
			"faces": {
				"north": {"uv": [5, 5, 5.25, 5.25], "texture": "#2"},
				"east": {"uv": [1.5, 1.5, 2.5, 3], "texture": "#2"},
				"south": {"uv": [5, 5, 5.25, 5.25], "texture": "#2"},
				"west": {"uv": [2.5, 1.5, 3.5, 3], "texture": "#2"},
				"up": {"uv": [7, 4.25, 6.75, 4], "texture": "#2"},
				"down": {"uv": [7, 4.25, 6.75, 4], "texture": "#2"}
			}
		},
		{
			"name": "torso",
			"from": [6.5, 7, 7.9995],
			"to": [7.5, 7, 8.9995],
			"rotation": {"angle": 0, "axis": "y", "origin": [-0.5, 1, 0.9995]},
			"faces": {
				"north": {"uv": [5, 5, 5.25, 5.25], "texture": "#2"},
				"east": {"uv": [1.5, 1.5, 2.5, 3], "texture": "#2"},
				"south": {"uv": [5, 5, 5.25, 5.25], "texture": "#2"},
				"west": {"uv": [2.5, 1.5, 3.5, 3], "texture": "#2"},
				"up": {"uv": [6, 4.25, 5.75, 4], "texture": "#2"},
				"down": {"uv": [6, 4.25, 5.75, 4], "texture": "#2"}
			}
		},
		{
			"name": "torso",
			"from": [7.5, 7, 7.9995],
			"to": [8.5, 7, 8.9995],
			"rotation": {"angle": 0, "axis": "y", "origin": [0.5, 1, 0.9995]},
			"faces": {
				"north": {"uv": [5, 5, 5.25, 5.25], "texture": "#2"},
				"east": {"uv": [1.5, 1.5, 2.5, 3], "texture": "#2"},
				"south": {"uv": [5, 5, 5.25, 5.25], "texture": "#2"},
				"west": {"uv": [2.5, 1.5, 3.5, 3], "texture": "#2"},
				"up": {"uv": [5.25, 4.25, 5, 4], "texture": "#2"},
				"down": {"uv": [5.25, 4.25, 5, 4], "texture": "#2"}
			}
		},
		{
			"name": "torso",
			"from": [5.5, 4, 8.9995],
			"to": [8.5, 7, 8.9995],
			"rotation": {"angle": 0, "axis": "y", "origin": [-1.5, 1, 1.9995]},
			"faces": {
				"north": {"uv": [8, 5, 8.25, 5.25], "texture": "#2"},
				"east": {"uv": [1.5, 1.5, 2.5, 3], "texture": "#2"},
				"south": {"uv": [8, 5.25, 10, 8], "texture": "#2"},
				"west": {"uv": [2.5, 1.5, 3.5, 3], "texture": "#2"},
				"up": {"uv": [1.5, 4, 0, 3], "texture": "#2"},
				"down": {"uv": [4.5, 0, 3, 1], "texture": "#2"}
			}
		},
		{
			"name": "torso",
			"from": [7.5, 4, 6.9995],
			"to": [8.5, 4, 7.9995],
			"rotation": {"angle": 0, "axis": "y", "origin": [0.5, -1, -0.0005]},
			"faces": {
				"north": {"uv": [5, 5, 5.25, 5.25], "texture": "#2"},
				"east": {"uv": [4.75, 7.75, 5, 8], "texture": "#2"},
				"south": {"uv": [7, 4.75, 7.25, 5], "texture": "#2"},
				"west": {"uv": [4.75, 7.75, 5, 8], "texture": "#2"},
				"up": {"uv": [7.25, 4.75, 7, 5], "texture": "#2"},
				"down": {"uv": [7.25, 4.75, 7, 5], "texture": "#2"}
			}
		},
		{
			"name": "torso",
			"from": [7.5, 4, 7.9995],
			"to": [8.5, 4, 8.9995],
			"rotation": {"angle": 0, "axis": "y", "origin": [0.5, -1, 0.9995]},
			"faces": {
				"north": {"uv": [5, 5, 5.25, 5.25], "texture": "#2"},
				"east": {"uv": [4.75, 7.75, 5, 8], "texture": "#2"},
				"south": {"uv": [7, 4.75, 7.25, 5], "texture": "#2"},
				"west": {"uv": [4.75, 7.75, 5, 8], "texture": "#2"},
				"up": {"uv": [7.25, 4, 7, 4.25], "texture": "#2"},
				"down": {"uv": [7.25, 4, 7, 4.25], "texture": "#2"}
			}
		},
		{
			"name": "torso",
			"from": [6.5, 4, 6.9995],
			"to": [7.5, 4, 7.9995],
			"rotation": {"angle": 0, "axis": "y", "origin": [-0.5, -1, -0.0005]},
			"faces": {
				"north": {"uv": [5, 5, 5.25, 5.25], "texture": "#2"},
				"east": {"uv": [4.75, 7.75, 5, 8], "texture": "#2"},
				"south": {"uv": [7, 4.75, 7.25, 5], "texture": "#2"},
				"west": {"uv": [4.75, 7.75, 5, 8], "texture": "#2"},
				"up": {"uv": [8, 4.75, 7.75, 5], "texture": "#2"},
				"down": {"uv": [8, 4.75, 7.75, 5], "texture": "#2"}
			}
		},
		{
			"name": "torso",
			"from": [6.5, 4, 7.9995],
			"to": [7.5, 4, 8.9995],
			"rotation": {"angle": 0, "axis": "y", "origin": [-0.5, -1, 0.9995]},
			"faces": {
				"north": {"uv": [5, 5, 5.25, 5.25], "texture": "#2"},
				"east": {"uv": [4.75, 7.75, 5, 8], "texture": "#2"},
				"south": {"uv": [7, 4.75, 7.25, 5], "texture": "#2"},
				"west": {"uv": [4.75, 7.75, 5, 8], "texture": "#2"},
				"up": {"uv": [8, 4, 7.75, 4.25], "texture": "#2"},
				"down": {"uv": [8, 4, 7.75, 4.25], "texture": "#2"}
			}
		},
		{
			"name": "torso",
			"from": [5.5, 4, 6.9995],
			"to": [6.5, 4, 7.9995],
			"rotation": {"angle": 0, "axis": "y", "origin": [-1.5, -1, -0.0005]},
			"faces": {
				"north": {"uv": [5, 5, 5.25, 5.25], "texture": "#2"},
				"east": {"uv": [4.75, 7.75, 5, 8], "texture": "#2"},
				"south": {"uv": [7, 4.75, 7.25, 5], "texture": "#2"},
				"west": {"uv": [4.75, 7.75, 5, 8], "texture": "#2"},
				"up": {"uv": [9, 4.75, 8.75, 5], "texture": "#2"},
				"down": {"uv": [9, 4.75, 8.75, 5], "texture": "#2"}
			}
		},
		{
			"name": "torso",
			"from": [5.5, 4, 7.9995],
			"to": [6.5, 4, 8.9995],
			"rotation": {"angle": 0, "axis": "y", "origin": [-1.5, -1, 0.9995]},
			"faces": {
				"north": {"uv": [5, 5, 5.25, 5.25], "texture": "#2"},
				"east": {"uv": [4.75, 7.75, 5, 8], "texture": "#2"},
				"south": {"uv": [7, 4.75, 7.25, 5], "texture": "#2"},
				"west": {"uv": [4.75, 7.75, 5, 8], "texture": "#2"},
				"up": {"uv": [9, 4, 8.75, 4.25], "texture": "#2"},
				"down": {"uv": [9, 4, 8.75, 4.25], "texture": "#2"}
			}
		},
		{
			"name": "torso",
			"from": [8.5, 4, 6.9995],
			"to": [8.5, 7, 8.9995],
			"rotation": {"angle": 0, "axis": "y", "origin": [0.5, 1, 0.9995]},
			"faces": {
				"north": {"uv": [5, 5, 5.25, 5.25], "texture": "#2"},
				"east": {"uv": [4, 5, 5, 7.75], "texture": "#2"},
				"south": {"uv": [5, 5, 5.25, 5.25], "texture": "#2"},
				"west": {"uv": [4, 5, 4.25, 5.25], "texture": "#2"},
				"up": {"uv": [1.5, 4, 0, 3], "texture": "#2"},
				"down": {"uv": [4.5, 0, 3, 1], "texture": "#2"}
			}
		},
		{
			"name": "torso_layer",
			"from": [7.5, 7.1, 6.8995],
			"to": [8.6, 7.1, 7.9995],
			"rotation": {"angle": 0, "axis": "y", "origin": [0.5, 0.9, -0.1005]},
			"faces": {
				"north": {"uv": [5, 9.25, 5.25, 9.5], "texture": "#2"},
				"east": {"uv": [1.5, 1.5, 2.5, 3], "texture": "#2"},
				"south": {"uv": [5, 9.25, 5.25, 9.5], "texture": "#2"},
				"west": {"uv": [2.5, 1.5, 3.5, 3], "texture": "#2"},
				"up": {"uv": [5.25, 9, 5, 8.75], "texture": "#2"},
				"down": {"uv": [5.25, 9, 5, 8.75], "texture": "#2"}
			}
		},
		{
			"name": "torso_layer",
			"from": [7.5, 7.1, 7.9995],
			"to": [8.6, 7.1, 9.0995],
			"rotation": {"angle": 0, "axis": "y", "origin": [0.5, 0.9, 0.9995]},
			"faces": {
				"north": {"uv": [5, 9.25, 5.25, 9.5], "texture": "#2"},
				"east": {"uv": [1.5, 1.5, 2.5, 3], "texture": "#2"},
				"south": {"uv": [5, 9.25, 5.25, 9.5], "texture": "#2"},
				"west": {"uv": [2.5, 1.5, 3.5, 3], "texture": "#2"},
				"up": {"uv": [5.25, 8.25, 5, 8], "texture": "#2"},
				"down": {"uv": [5.25, 8.25, 5, 8], "texture": "#2"}
			}
		},
		{
			"name": "torso_layer",
			"from": [5.4, 7.1, 6.8995],
			"to": [6.5, 7.1, 7.9995],
			"rotation": {"angle": 0, "axis": "y", "origin": [-1.6, 0.9, -0.1005]},
			"faces": {
				"north": {"uv": [5, 9.25, 5.25, 9.5], "texture": "#2"},
				"east": {"uv": [1.5, 1.5, 2.5, 3], "texture": "#2"},
				"south": {"uv": [5, 9.25, 5.25, 9.5], "texture": "#2"},
				"west": {"uv": [2.5, 1.5, 3.5, 3], "texture": "#2"},
				"up": {"uv": [7, 9, 6.75, 8.75], "texture": "#2"},
				"down": {"uv": [7, 9, 6.75, 8.75], "texture": "#2"}
			}
		},
		{
			"name": "torso_layer",
			"from": [5.4, 3.899, 6.8995],
			"to": [6.5, 3.899, 7.9995],
			"rotation": {"angle": 0, "axis": "y", "origin": [-1.6, -2.301, -0.1005]},
			"faces": {
				"north": {"uv": [5, 9.25, 5.25, 9.5], "texture": "#2"},
				"east": {"uv": [1.5, 1.5, 2.5, 3], "texture": "#2"},
				"south": {"uv": [5, 9.25, 5.25, 9.5], "texture": "#2"},
				"west": {"uv": [2.5, 1.5, 3.5, 3], "texture": "#2"},
				"up": {"uv": [7.25, 9, 7, 8.75], "texture": "#2"},
				"down": {"uv": [7.25, 9, 7, 8.75], "texture": "#2"}
			}
		},
		{
			"name": "torso_layer",
			"from": [7.5, 3.899, 6.8995],
			"to": [8.6, 3.899, 7.9995],
			"rotation": {"angle": 0, "axis": "y", "origin": [0.5, -2.301, -0.1005]},
			"faces": {
				"north": {"uv": [5, 9.25, 5.25, 9.5], "texture": "#2"},
				"east": {"uv": [1.5, 1.5, 2.5, 3], "texture": "#2"},
				"south": {"uv": [5, 9.25, 5.25, 9.5], "texture": "#2"},
				"west": {"uv": [2.5, 1.5, 3.5, 3], "texture": "#2"},
				"up": {"uv": [9, 9, 8.75, 8.75], "texture": "#2"},
				"down": {"uv": [9, 9, 8.75, 8.75], "texture": "#2"}
			}
		},
		{
			"name": "torso_layer",
			"from": [6.5, 3.899, 6.8995],
			"to": [7.5, 3.899, 7.9995],
			"rotation": {"angle": 0, "axis": "y", "origin": [-0.5, -2.301, -0.1005]},
			"faces": {
				"north": {"uv": [5, 9.25, 5.25, 9.5], "texture": "#2"},
				"east": {"uv": [1.5, 1.5, 2.5, 3], "texture": "#2"},
				"south": {"uv": [5, 9.25, 5.25, 9.5], "texture": "#2"},
				"west": {"uv": [2.5, 1.5, 3.5, 3], "texture": "#2"},
				"up": {"uv": [8.25, 9, 8, 8.75], "texture": "#2"},
				"down": {"uv": [8.25, 9, 8, 8.75], "texture": "#2"}
			}
		},
		{
			"name": "torso_layer",
			"from": [6.5, 3.899, 7.9995],
			"to": [7.5, 3.899, 9.0995],
			"rotation": {"angle": 0, "axis": "y", "origin": [-0.5, -2.301, 0.9995]},
			"faces": {
				"north": {"uv": [5, 9.25, 5.25, 9.5], "texture": "#2"},
				"east": {"uv": [1.5, 1.5, 2.5, 3], "texture": "#2"},
				"south": {"uv": [5, 9.25, 5.25, 9.5], "texture": "#2"},
				"west": {"uv": [2.5, 1.5, 3.5, 3], "texture": "#2"},
				"up": {"uv": [8.25, 8.25, 8, 8], "texture": "#2"},
				"down": {"uv": [8.25, 8.25, 8, 8], "texture": "#2"}
			}
		},
		{
			"name": "torso_layer",
			"from": [5.4, 3.899, 7.9995],
			"to": [6.5, 3.899, 9.0995],
			"rotation": {"angle": 0, "axis": "y", "origin": [-1.6, -2.301, 0.9995]},
			"faces": {
				"north": {"uv": [5, 9.25, 5.25, 9.5], "texture": "#2"},
				"east": {"uv": [1.5, 1.5, 2.5, 3], "texture": "#2"},
				"south": {"uv": [5, 9.25, 5.25, 9.5], "texture": "#2"},
				"west": {"uv": [2.5, 1.5, 3.5, 3], "texture": "#2"},
				"up": {"uv": [7.25, 8.25, 7, 8], "texture": "#2"},
				"down": {"uv": [7.25, 8.25, 7, 8], "texture": "#2"}
			}
		},
		{
			"name": "torso_layer",
			"from": [7.5, 3.899, 7.9995],
			"to": [8.6, 3.899, 9.0995],
			"rotation": {"angle": 0, "axis": "y", "origin": [0.5, -2.301, 0.9995]},
			"faces": {
				"north": {"uv": [5, 9.25, 5.25, 9.5], "texture": "#2"},
				"east": {"uv": [1.5, 1.5, 2.5, 3], "texture": "#2"},
				"south": {"uv": [5, 9.25, 5.25, 9.5], "texture": "#2"},
				"west": {"uv": [2.5, 1.5, 3.5, 3], "texture": "#2"},
				"up": {"uv": [9, 8.25, 8.75, 8], "texture": "#2"},
				"down": {"uv": [9, 8.25, 8.75, 8], "texture": "#2"}
			}
		},
		{
			"name": "torso_layer",
			"from": [5.4, 7.1, 7.9995],
			"to": [6.5, 7.1, 9.0995],
			"rotation": {"angle": 0, "axis": "y", "origin": [-1.6, 0.9, 0.9995]},
			"faces": {
				"north": {"uv": [5, 9.25, 5.25, 9.5], "texture": "#2"},
				"east": {"uv": [1.5, 1.5, 2.5, 3], "texture": "#2"},
				"south": {"uv": [5, 9.25, 5.25, 9.5], "texture": "#2"},
				"west": {"uv": [2.5, 1.5, 3.5, 3], "texture": "#2"},
				"up": {"uv": [7, 8.25, 6.75, 8], "texture": "#2"},
				"down": {"uv": [7, 8.25, 6.75, 8], "texture": "#2"}
			}
		},
		{
			"name": "torso_layer",
			"from": [6.5, 7.1, 6.8995],
			"to": [7.5, 7.1, 7.9995],
			"rotation": {"angle": 0, "axis": "y", "origin": [-0.6, 0.9, -0.1005]},
			"faces": {
				"north": {"uv": [5, 9.25, 5.25, 9.5], "texture": "#2"},
				"east": {"uv": [1.5, 1.5, 2.5, 3], "texture": "#2"},
				"south": {"uv": [5, 9.25, 5.25, 9.5], "texture": "#2"},
				"west": {"uv": [2.5, 1.5, 3.5, 3], "texture": "#2"},
				"up": {"uv": [6.25, 9, 6, 8.75], "texture": "#2"},
				"down": {"uv": [6.25, 9, 6, 8.75], "texture": "#2"}
			}
		},
		{
			"name": "torso_layer",
			"from": [6.5, 7.1, 7.9995],
			"to": [7.5, 7.1, 9.0995],
			"rotation": {"angle": 0, "axis": "y", "origin": [-0.6, 0.9, 0.9995]},
			"faces": {
				"north": {"uv": [5, 9.25, 5.25, 9.5], "texture": "#2"},
				"east": {"uv": [1.5, 1.5, 2.5, 3], "texture": "#2"},
				"south": {"uv": [5, 9.25, 5.25, 9.5], "texture": "#2"},
				"west": {"uv": [2.5, 1.5, 3.5, 3], "texture": "#2"},
				"up": {"uv": [6.25, 8.25, 6, 8], "texture": "#2"},
				"down": {"uv": [6.25, 8.25, 6, 8], "texture": "#2"}
			}
		},
		{
			"name": "head",
			"from": [4.5, 7, 5.4995],
			"to": [9.5, 12, 5.4995],
			"rotation": {"angle": 0, "axis": "y", "origin": [7.09567, -0.5, 7.9995]},
			"faces": {
				"north": {"uv": [2.5, 3.25, 3.5, 3.5], "texture": "#2"},
				"east": {"uv": [0, 0, 0, 2], "texture": "#2"},
				"south": {"uv": [2.25, 3.75, 3.75, 4], "texture": "#2"},
				"west": {"uv": [0, 0, 0, 2], "texture": "#2"},
				"up": {"uv": [10, 0, 0, 0], "texture": "#2"},
				"down": {"uv": [10, 0, 0, 0], "texture": "#2"}
			}
		},
		{
			"name": "head",
			"from": [4.5, 11, 10.4995],
			"to": [9.5, 12, 10.4995],
			"rotation": {"angle": 0, "axis": "y", "origin": [7.09567, 3.5, 12.9995]},
			"faces": {
				"north": {"uv": [6.25, 2, 7.75, 2.25], "texture": "#2"},
				"east": {"uv": [0, 0, 0, 2], "texture": "#2"},
				"south": {"uv": [6.25, 2, 7.75, 2.25], "texture": "#2"},
				"west": {"uv": [0, 0, 0, 2], "texture": "#2"},
				"up": {"uv": [10, 0, 0, 0], "texture": "#2"},
				"down": {"uv": [10, 0, 0, 0], "texture": "#2"}
			}
		},
		{
			"name": "head",
			"from": [4.5, 12, 5.4995],
			"to": [9.5, 12, 10.4995],
			"rotation": {"angle": 0, "axis": "y", "origin": [7.09567, 3.5, 12.9995]},
			"faces": {
				"north": {"uv": [6.25, 2, 7.75, 2.25], "texture": "#2"},
				"east": {"uv": [0, 0, 0, 2], "texture": "#2"},
				"south": {"uv": [7.75, 2, 6.25, 2.25], "texture": "#2"},
				"west": {"uv": [0, 0, 0, 2], "texture": "#2"},
				"up": {"uv": [3.75, 0.25, 2.25, 1.75], "texture": "#2"},
				"down": {"uv": [2.25, 0.25, 3.75, 1.75], "texture": "#2"}
			}
		},
		{
			"name": "head",
			"from": [4.5, 7.5, 5.4995],
			"to": [9.5, 7.5, 10.4995],
			"rotation": {"angle": 0, "axis": "y", "origin": [7.09567, -1.5, 12.9995]},
			"faces": {
				"north": {"uv": [6.25, 2, 7.75, 2.25], "texture": "#2"},
				"east": {"uv": [0, 0, 0, 2], "texture": "#2"},
				"south": {"uv": [7.75, 2, 6.25, 2.25], "texture": "#2"},
				"west": {"uv": [0, 0, 0, 2], "texture": "#2"},
				"up": {"uv": [5.75, 0.25, 4.25, 1.75], "texture": "#2"},
				"down": {"uv": [5.75, 0.25, 4.25, 1.75], "texture": "#2"}
			}
		},
		{
			"name": "head",
			"from": [4.5, 10, 10.4995],
			"to": [9.5, 11, 10.4995],
			"rotation": {"angle": 0, "axis": "y", "origin": [7.09567, 2.5, 12.9995]},
			"faces": {
				"north": {"uv": [7.75, 2.5, 6.25, 2.75], "texture": "#2"},
				"east": {"uv": [0, 0, 0, 2], "texture": "#2"},
				"south": {"uv": [6.25, 2.5, 7.75, 2.75], "texture": "#2"},
				"west": {"uv": [0, 0, 0, 2], "texture": "#2"},
				"up": {"uv": [10, 0, 0, 0], "texture": "#2"},
				"down": {"uv": [10, 0, 0, 0], "texture": "#2"}
			}
		},
		{
			"name": "head",
			"from": [4.5, 9, 10.4995],
			"to": [9.5, 10, 10.4995],
			"rotation": {"angle": 0, "axis": "y", "origin": [7.09567, 1.5, 12.9995]},
			"faces": {
				"north": {"uv": [6.25, 3.25, 7.75, 3.5], "texture": "#2"},
				"east": {"uv": [0, 0, 0, 2], "texture": "#2"},
				"south": {"uv": [6.25, 3.25, 7.75, 3.5], "texture": "#2"},
				"west": {"uv": [0, 0, 0, 2], "texture": "#2"},
				"up": {"uv": [10, 0, 0, 0], "texture": "#2"},
				"down": {"uv": [10, 0, 0, 0], "texture": "#2"}
			}
		},
		{
			"name": "head",
			"from": [4.5, 7, 10.4995],
			"to": [9.5, 8, 10.4995],
			"rotation": {"angle": 0, "axis": "y", "origin": [7.09567, -0.5, 12.9995]},
			"faces": {
				"north": {"uv": [7.75, 3.75, 6.25, 4], "texture": "#2"},
				"east": {"uv": [0, 0, 0, 2], "texture": "#2"},
				"south": {"uv": [6.25, 3.75, 7.75, 4], "texture": "#2"},
				"west": {"uv": [0, 0, 0, 2], "texture": "#2"},
				"up": {"uv": [10, 0, 0, 0], "texture": "#2"},
				"down": {"uv": [10, 0, 0, 0], "texture": "#2"}
			}
		},
		{
			"name": "head",
			"from": [4.5, 8, 10.4995],
			"to": [9.5, 9, 10.4995],
			"rotation": {"angle": 0, "axis": "y", "origin": [7.09567, 0.5, 12.9995]},
			"faces": {
				"north": {"uv": [7.75, 3.5, 6.25, 3.75], "texture": "#2"},
				"east": {"uv": [0, 0, 0, 2], "texture": "#2"},
				"south": {"uv": [6.25, 3.5, 7.75, 3.75], "texture": "#2"},
				"west": {"uv": [0, 0, 0, 2], "texture": "#2"},
				"up": {"uv": [10, 0, 0, 0], "texture": "#2"},
				"down": {"uv": [10, 0, 0, 0], "texture": "#2"}
			}
		},
		{
			"name": "head",
			"from": [4.5, 7, 5.4995],
			"to": [4.5, 8, 10.4995],
			"rotation": {"angle": 0, "axis": "y", "origin": [7.09567, -0.5, 7.9995]},
			"faces": {
				"north": {"uv": [2.25, 3.75, 3.75, 4], "texture": "#2"},
				"east": {"uv": [5.75, 3.75, 4.25, 4], "texture": "#2"},
				"south": {"uv": [2.25, 3.75, 3.75, 4], "texture": "#2"},
				"west": {"uv": [4.25, 3.75, 5.75, 4], "texture": "#2"},
				"up": {"uv": [10, 0, 0, 0], "texture": "#2"},
				"down": {"uv": [10, 0, 0, 0], "texture": "#2"}
			}
		},
		{
			"name": "head",
			"from": [4.5, 9, 5.4995],
			"to": [4.5, 10, 10.4995],
			"rotation": {"angle": 0, "axis": "y", "origin": [7.09567, 1.5, 7.9995]},
			"faces": {
				"north": {"uv": [2.25, 3.25, 3.75, 3.5], "texture": "#2"},
				"east": {"uv": [5.75, 3.5, 4.25, 3.25], "texture": "#2"},
				"south": {"uv": [3.75, 3.25, 2.25, 3.5], "texture": "#2"},
				"west": {"uv": [4.25, 3.5, 5.75, 3.25], "texture": "#2"},
				"up": {"uv": [10, 0, 0, 0], "texture": "#2"},
				"down": {"uv": [10, 0, 0, 0], "texture": "#2"}
			}
		},
		{
			"name": "head",
			"from": [4.5, 10, 5.4995],
			"to": [4.5, 11, 10.4995],
			"rotation": {"angle": 0, "axis": "y", "origin": [7.09567, 2.5, 7.9995]},
			"faces": {
				"north": {"uv": [4.25, 2.5, 5.75, 2.75], "texture": "#2"},
				"east": {"uv": [5.75, 2.5, 4.25, 2.75], "texture": "#2"},
				"south": {"uv": [5.75, 2.5, 4.25, 2.75], "texture": "#2"},
				"west": {"uv": [4.25, 2.5, 5.75, 2.75], "texture": "#2"},
				"up": {"uv": [10, 0, 0, 0], "texture": "#2"},
				"down": {"uv": [10, 0, 0, 0], "texture": "#2"}
			}
		},
		{
			"name": "head",
			"from": [4.5, 11, 5.4995],
			"to": [4.5, 12, 10.4995],
			"rotation": {"angle": 0, "axis": "y", "origin": [7.09567, 3.5, 7.9995]},
			"faces": {
				"north": {"uv": [2.25, 2, 3.75, 2.25], "texture": "#2"},
				"east": {"uv": [5.75, 2, 4.25, 2.25], "texture": "#2"},
				"south": {"uv": [3.75, 2, 2.25, 2.25], "texture": "#2"},
				"west": {"uv": [4.25, 2, 5.75, 2.25], "texture": "#2"},
				"up": {"uv": [10, 0, 0, 0], "texture": "#2"},
				"down": {"uv": [10, 0, 0, 0], "texture": "#2"}
			}
		},
		{
			"name": "head",
			"from": [4.5, 8, 5.4995],
			"to": [4.5, 9, 10.4995],
			"rotation": {"angle": 0, "axis": "y", "origin": [7.09567, 0.5, 7.9995]},
			"faces": {
				"north": {"uv": [2.25, 3.5, 3.75, 3.75], "texture": "#2"},
				"east": {"uv": [5.75, 3.5, 4.25, 3.75], "texture": "#2"},
				"south": {"uv": [3.75, 3.5, 2.25, 3.75], "texture": "#2"},
				"west": {"uv": [4.25, 3.5, 5.75, 3.75], "texture": "#2"},
				"up": {"uv": [10, 0, 0, 0], "texture": "#2"},
				"down": {"uv": [10, 0, 0, 0], "texture": "#2"}
			}
		},
		{
			"name": "head",
			"from": [9.5, 11, 5.4995],
			"to": [9.5, 12, 10.4995],
			"rotation": {"angle": 0, "axis": "y", "origin": [12.09567, 3.5, 7.9995]},
			"faces": {
				"north": {"uv": [2.25, 2, 3.75, 2.25], "texture": "#2"},
				"east": {"uv": [0.25, 2, 1.75, 2.25], "texture": "#2"},
				"south": {"uv": [3.75, 2, 2.25, 2.25], "texture": "#2"},
				"west": {"uv": [1.75, 2, 0.25, 2.25], "texture": "#2"},
				"up": {"uv": [10, 0, 0, 0], "texture": "#2"},
				"down": {"uv": [10, 0, 0, 0], "texture": "#2"}
			}
		},
		{
			"name": "head",
			"from": [9.5, 10, 5.4995],
			"to": [9.5, 11, 10.4995],
			"rotation": {"angle": 0, "axis": "y", "origin": [12.09567, 2.5, 7.9995]},
			"faces": {
				"north": {"uv": [4.25, 2.5, 5.75, 2.75], "texture": "#2"},
				"east": {"uv": [0.25, 2.5, 1.75, 2.75], "texture": "#2"},
				"south": {"uv": [5.75, 2.5, 4.25, 2.75], "texture": "#2"},
				"west": {"uv": [1.75, 2.5, 0.25, 2.75], "texture": "#2"},
				"up": {"uv": [10, 0, 0, 0], "texture": "#2"},
				"down": {"uv": [10, 0, 0, 0], "texture": "#2"}
			}
		},
		{
			"name": "head",
			"from": [9.5, 9, 5.4995],
			"to": [9.5, 10, 10.4995],
			"rotation": {"angle": 0, "axis": "y", "origin": [12.09567, 1.5, 7.9995]},
			"faces": {
				"north": {"uv": [2.25, 3.25, 3.75, 3.5], "texture": "#2"},
				"east": {"uv": [0.25, 3.5, 1.75, 3.25], "texture": "#2"},
				"south": {"uv": [3.75, 3.25, 2.25, 3.5], "texture": "#2"},
				"west": {"uv": [1.75, 3.5, 0.25, 3.25], "texture": "#2"},
				"up": {"uv": [10, 0, 0, 0], "texture": "#2"},
				"down": {"uv": [10, 0, 0, 0], "texture": "#2"}
			}
		},
		{
			"name": "head",
			"from": [9.5, 7, 5.4995],
			"to": [9.5, 8, 10.4995],
			"rotation": {"angle": 0, "axis": "y", "origin": [12.09567, -0.5, 7.9995]},
			"faces": {
				"north": {"uv": [2.25, 3.75, 3.75, 4], "texture": "#2"},
				"east": {"uv": [0.25, 3.75, 1.75, 4], "texture": "#2"},
				"south": {"uv": [2.25, 3.75, 3.75, 4], "texture": "#2"},
				"west": {"uv": [1.75, 3.75, 0.25, 4], "texture": "#2"},
				"up": {"uv": [10, 0, 0, 0], "texture": "#2"},
				"down": {"uv": [10, 0, 0, 0], "texture": "#2"}
			}
		},
		{
			"name": "head",
			"from": [9.5, 8, 5.4995],
			"to": [9.5, 9, 10.4995],
			"rotation": {"angle": 0, "axis": "y", "origin": [12.09567, 0.5, 7.9995]},
			"faces": {
				"north": {"uv": [2.25, 3.5, 3.75, 3.75], "texture": "#2"},
				"east": {"uv": [0.25, 3.5, 1.75, 3.75], "texture": "#2"},
				"south": {"uv": [3.75, 3.5, 2.25, 3.75], "texture": "#2"},
				"west": {"uv": [1.75, 3.5, 0.25, 3.75], "texture": "#2"},
				"up": {"uv": [10, 0, 0, 0], "texture": "#2"},
				"down": {"uv": [10, 0, 0, 0], "texture": "#2"}
			}
		},
		{
			"name": "head_layer",
			"from": [4, 7, 4.9995],
			"to": [10, 7, 10.9995],
			"rotation": {"angle": 0, "axis": "y", "origin": [7.09567, -5.5, 7.4995]},
			"faces": {
				"north": {"uv": [10.25, 2, 11.75, 2.25], "texture": "#2"},
				"east": {"uv": [0, 0, 0, 2], "texture": "#2"},
				"south": {"uv": [11.75, 2, 10.25, 2.25], "texture": "#2"},
				"west": {"uv": [0, 0, 0, 2], "texture": "#2"},
				"up": {"uv": [11.75, 1.75, 10.25, 0.25], "texture": "#2"},
				"down": {"uv": [4, 0, 2, 2], "texture": "#2"}
			}
		},
		{
			"name": "head_layer",
			"from": [4, 7, 4.9995],
			"to": [10, 7, 10.9995],
			"rotation": {"angle": 0, "axis": "y", "origin": [7.09567, -10.5, 7.4995]},
			"faces": {
				"north": {"uv": [10.25, 2, 11.75, 2.25], "texture": "#2"},
				"east": {"uv": [0, 0, 0, 2], "texture": "#2"},
				"south": {"uv": [11.75, 2, 10.25, 2.25], "texture": "#2"},
				"west": {"uv": [0, 0, 0, 2], "texture": "#2"},
				"up": {"uv": [13.75, 1.5, 12.25, 0], "texture": "#2"},
				"down": {"uv": [13.75, 0, 12.25, 1.5], "texture": "#2"}
			}
		},
		{
			"name": "head_layer",
			"from": [4, 7, 4.9995],
			"to": [10, 12, 4.9995],
			"rotation": {"angle": 0, "axis": "y", "origin": [7.09567, -9.5, 7.4995]},
			"faces": {
				"north": {"uv": [10, 2.25, 12, 3.75], "texture": "#2"},
				"east": {"uv": [0, 0, 0, 2], "texture": "#2"},
				"south": {"uv": [11.75, 3.25, 10.25, 3.5], "texture": "#2"},
				"west": {"uv": [0, 0, 0, 2], "texture": "#2"},
				"up": {"uv": [10, 0, 0, 0], "texture": "#2"},
				"down": {"uv": [10, 0, 0, 0], "texture": "#2"}
			}
		},
		{
			"name": "head_layer",
			"from": [4, 7, 4.9995],
			"to": [10, 8, 4.9995],
			"rotation": {"angle": 0, "axis": "y", "origin": [7.09567, -10.5, 7.4995]},
			"faces": {
				"north": {"uv": [10.25, 3.75, 11.75, 4], "texture": "#2"},
				"east": {"uv": [0, 0, 0, 2], "texture": "#2"},
				"south": {"uv": [11.75, 3.75, 10.25, 4], "texture": "#2"},
				"west": {"uv": [0, 0, 0, 2], "texture": "#2"},
				"up": {"uv": [10, 0, 0, 0], "texture": "#2"},
				"down": {"uv": [10, 0, 0, 0], "texture": "#2"}
			}
		},
		{
			"name": "head_layer",
			"from": [4, 7, 10.9995],
			"to": [10, 12, 10.9995],
			"rotation": {"angle": 0, "axis": "y", "origin": [7.09567, -6.5, 13.4995]},
			"faces": {
				"north": {"uv": [15.75, 2.25, 14.25, 2.5], "texture": "#2"},
				"east": {"uv": [0, 0, 0, 2], "texture": "#2"},
				"south": {"uv": [14.25, 2, 15.75, 3.75], "texture": "#2"},
				"west": {"uv": [0, 0, 0, 2], "texture": "#2"},
				"up": {"uv": [10, 0, 0, 0], "texture": "#2"},
				"down": {"uv": [10, 0, 0, 0], "texture": "#2"}
			}
		},
		{
			"name": "head_layer",
			"from": [4, 7, 10.9995],
			"to": [10, 8, 10.9995],
			"rotation": {"angle": 0, "axis": "y", "origin": [7.09567, -10.5, 13.4995]},
			"faces": {
				"north": {"uv": [15.75, 3.75, 14.25, 4], "texture": "#2"},
				"east": {"uv": [0, 0, 0, 2], "texture": "#2"},
				"south": {"uv": [14.25, 3.75, 15.75, 4], "texture": "#2"},
				"west": {"uv": [0, 0, 0, 2], "texture": "#2"},
				"up": {"uv": [10, 0, 0, 0], "texture": "#2"},
				"down": {"uv": [10, 0, 0, 0], "texture": "#2"}
			}
		},
		{
			"name": "head_layer",
			"from": [10, 7, 4.9995],
			"to": [10, 12, 10.9995],
			"rotation": {"angle": 0, "axis": "y", "origin": [7.09567, -5.5, 7.4995]},
			"faces": {
				"north": {"uv": [10.25, 2, 11.75, 2.25], "texture": "#2"},
				"east": {"uv": [8.25, 2, 9.75, 3.5], "texture": "#2"},
				"south": {"uv": [9.75, 2, 8.25, 2.25], "texture": "#2"},
				"west": {"uv": [9.75, 2, 8.25, 2.25], "texture": "#2"},
				"up": {"uv": [10, 0, 0, 0], "texture": "#2"},
				"down": {"uv": [10, 0, 0, 0], "texture": "#2"}
			}
		},
		{
			"name": "head_layer",
			"from": [10, 7, 4.9995],
			"to": [10, 8, 10.9995],
			"rotation": {"angle": 0, "axis": "y", "origin": [7.09567, -6.5, 7.4995]},
			"faces": {
				"north": {"uv": [10.25, 2.25, 11.75, 2.5], "texture": "#2"},
				"east": {"uv": [8.25, 2.25, 9.75, 2.5], "texture": "#2"},
				"south": {"uv": [9.75, 2.25, 8.25, 2.5], "texture": "#2"},
				"west": {"uv": [9.75, 2.25, 8.25, 2.5], "texture": "#2"},
				"up": {"uv": [10, 0, 0, 0], "texture": "#2"},
				"down": {"uv": [10, 0, 0, 0], "texture": "#2"}
			}
		},
		{
			"name": "head_layer",
			"from": [10, 7, 4.9995],
			"to": [10, 8, 10.9995],
			"rotation": {"angle": 0, "axis": "y", "origin": [7.09567, -7.5, 7.4995]},
			"faces": {
				"north": {"uv": [8.25, 2.75, 9.75, 3], "texture": "#2"},
				"east": {"uv": [8.25, 2.75, 9.75, 3], "texture": "#2"},
				"south": {"uv": [9.75, 2.75, 8.25, 3], "texture": "#2"},
				"west": {"uv": [9.75, 2.75, 8.25, 3], "texture": "#2"},
				"up": {"uv": [10, 0, 0, 0], "texture": "#2"},
				"down": {"uv": [10, 0, 0, 0], "texture": "#2"}
			}
		},
		{
			"name": "head_layer",
			"from": [10, 7, 4.9995],
			"to": [10, 8, 10.9995],
			"rotation": {"angle": 0, "axis": "y", "origin": [7.09567, -8.5, 7.4995]},
			"faces": {
				"north": {"uv": [10.25, 3, 11.75, 3.25], "texture": "#2"},
				"east": {"uv": [8.25, 3, 9.75, 3.25], "texture": "#2"},
				"south": {"uv": [11.75, 3, 10.25, 3.25], "texture": "#2"},
				"west": {"uv": [9.75, 3, 8.25, 3.25], "texture": "#2"},
				"up": {"uv": [10, 0, 0, 0], "texture": "#2"},
				"down": {"uv": [10, 0, 0, 0], "texture": "#2"}
			}
		},
		{
			"name": "head_layer",
			"from": [4, 7, 4.9995],
			"to": [4, 12, 10.9995],
			"rotation": {"angle": 0, "axis": "y", "origin": [1.09567, -10.5, 7.4995]},
			"faces": {
				"north": {"uv": [10.25, 3.75, 11.75, 4], "texture": "#2"},
				"east": {"uv": [13.75, 3.75, 12.25, 4], "texture": "#2"},
				"south": {"uv": [11.75, 3.75, 10.25, 4], "texture": "#2"},
				"west": {"uv": [12.25, 2, 13.75, 3.5], "texture": "#2"},
				"up": {"uv": [10, 0, 0, 0], "texture": "#2"},
				"down": {"uv": [10, 0, 0, 0], "texture": "#2"}
			}
		},
		{
			"name": "head_layer",
			"from": [4, 11.999, 4.9995],
			"to": [10, 11.999, 10.9995],
			"rotation": {"angle": 0, "axis": "y", "origin": [6.5, 14.90333, 27.4995]},
			"faces": {
				"north": {"uv": [10, 0, 0, 0], "rotation": 90, "texture": "#2"},
				"east": {"uv": [11.75, 3.75, 10.25, 4], "rotation": 90, "texture": "#2"},
				"south": {"uv": [10, 0, 0, 0], "rotation": 90, "texture": "#2"},
				"west": {"uv": [10.25, 3.75, 11.75, 4], "rotation": 270, "texture": "#2"},
				"up": {"uv": [2, 0, 4, 2], "texture": "#2"},
				"down": {"uv": [13.75, 3.75, 12.25, 4], "rotation": 180, "texture": "#2"}
			}
		},
		{
			"name": "leg",
			"from": [5.75, 2, 7.4995],
			"to": [6.75, 4, 8.4995],
			"rotation": {"angle": 0, "axis": "y", "origin": [2.5, -1, 0.4995]},
			"faces": {
				"north": {"uv": [6, 13, 7, 16], "texture": "#2"},
				"east": {"uv": [5, 13.75, 6, 16], "texture": "#2"},
				"south": {"uv": [4, 13, 5, 16], "texture": "#2"},
				"west": {"uv": [6.75, 13, 7.75, 16], "texture": "#2"},
				"up": {"uv": [6, 13, 5.75, 12.75], "texture": "#2"},
				"down": {"uv": [6.75, 12.5, 6.5, 12.75], "texture": "#2"}
			}
		},
		{
			"name": "leg_layer",
			"from": [5.65, 1.9, 7.3995],
			"to": [6.85, 1.9, 8.5995],
			"rotation": {"angle": 0, "axis": "y", "origin": [2.5, -1, 0.4995]},
			"faces": {
				"north": {"uv": [5.75, 13, 6, 13.25], "texture": "#2"},
				"east": {"uv": [0.75, 15.75, 1, 16], "texture": "#2"},
				"south": {"uv": [7, 13, 7.25, 13.25], "texture": "#2"},
				"west": {"uv": [0.75, 15.75, 1, 16], "texture": "#2"},
				"up": {"uv": [2.5, 12.5, 2.25, 12.75], "texture": "#2"},
				"down": {"uv": [2.5, 12.5, 2.25, 12.75], "texture": "#2"}
			}
		},
		{
			"name": "leg",
			"from": [7.25, 2, 7.4995],
			"to": [8.25, 4, 8.4995],
			"rotation": {"angle": 0, "axis": "y", "origin": [13.5, -1, 0.4995]},
			"faces": {
				"north": {"uv": [1, 5, 0, 8], "texture": "#2"},
				"east": {"uv": [1.75, 5, 0.75, 8], "texture": "#2"},
				"south": {"uv": [5, 13, 4, 16], "texture": "#2"},
				"west": {"uv": [6, 13.75, 5, 16], "texture": "#2"},
				"up": {"uv": [1, 5, 1.25, 4.75], "texture": "#2"},
				"down": {"uv": [2.5, 4.5, 2.75, 4.75], "texture": "#2"}
			}
		},
		{
			"name": "leg_layer",
			"from": [7.15, 1.9, 7.3995],
			"to": [8.35, 1.9, 8.5995],
			"rotation": {"angle": 0, "axis": "y", "origin": [13.5, -1, 0.4995]},
			"faces": {
				"north": {"uv": [6, 13, 5.75, 13.25], "texture": "#2"},
				"east": {"uv": [1, 15.75, 0.75, 16], "texture": "#2"},
				"south": {"uv": [7.25, 13, 7, 13.25], "texture": "#2"},
				"west": {"uv": [1, 15.75, 0.75, 16], "texture": "#2"},
				"up": {"uv": [2.5, 8.5, 2.75, 8.75], "texture": "#2"},
				"down": {"uv": [2.5, 8.5, 2.75, 8.75], "texture": "#2"}
			}
		}
	],
	"gui_light": "front",
	"display": {
		"thirdperson_righthand": {
			"rotation": [71, 2, 0],
			"translation": [0, 2.25, -0.25],
			"scale": [0.7, 0.7, 0.7]
		},
		"thirdperson_lefthand": {
			"rotation": [71, 2, 0],
			"translation": [0, 2.25, -0.25],
			"scale": [0.7, 0.7, 0.7]
		},
		"firstperson_righthand": {
			"rotation": [0, 113, 5],
			"translation": [3.5, 5, 0],
			"scale": [0.73, 0.73, 0.73]
		},
		"firstperson_lefthand": {
			"rotation": [0, 113, 5],
			"translation": [3.5, 5, 0],
			"scale": [0.73, 0.73, 0.73]
		},
		"ground": {
			"translation": [0, 16, 0],
			"scale": [3, 3, 3]
		},
		"gui": {
			"rotation": [25, 151, 0],
			"translation": [0, 0.75, 0],
			"scale": [0.8, 0.8, 0.8]
		},
		"head": {
			"translation": [0.25, -18, 0.25],
			"scale": [3, 3, 3]
		},
		"fixed": {
			"rotation": [-90, 0, 0],
			"translation": [0.25, 0, -24],
			"scale": [3, 3, 3]
		}
	},
	"groups": [
		{
			"name": "base",
			"origin": [7, 8, 7.9995],
			"color": 0,
			"children": [
				{
					"name": "box",
					"origin": [-1, 0, -0.0005],
					"color": 0,
					"children": [
						{
							"name": "box_frame",
							"origin": [13, 0, -0.0005],
							"color": 0,
							"children": [0, 1, 2, 3, 4, 5]
						},
						{
							"name": "box_player",
							"origin": [3, 0, 18.0005],
							"color": 0,
							"children": [
								{
									"name": "front",
									"origin": [10.99, 11.991, 3.0345],
									"color": 0,
									"children": [6]
								},
								{
									"name": "side",
									"origin": [13, 0, -0.0005],
									"color": 0,
									"children": [
										7,
										8,
										9,
										10,
										11,
										12,
										{
											"name": "side_layer",
											"origin": [13, 0, -0.0005],
											"color": 0,
											"children": []
										}
									]
								}
							]
						}
					]
				},
				{
					"name": "figure",
					"origin": [-1, 0, -0.0005],
					"color": 1,
					"children": [
						{
							"name": "left_Arm",
							"origin": [2.59253, 8.72887, 8.9995],
							"color": 1,
							"children": [13]
						},
						{
							"name": "right_Arm",
							"origin": [2.59253, 8.72887, 8.9995],
							"color": 1,
							"children": [14]
						},
						{
							"name": "torso",
							"origin": [0.5, -1, -0.0005],
							"color": 0,
							"children": [
								15,
								16,
								17,
								18,
								19,
								20,
								21,
								22,
								23,
								24,
								25,
								26,
								27,
								28,
								29,
								30,
								31,
								32,
								{
									"name": "torso_layers",
									"origin": [0.75, 1, -0.2505],
									"color": 0,
									"children": [33, 34, 35, 36, 37, 38, 39, 40, 41, 42, 43, 44]
								}
							]
						},
						{
							"name": "head",
							"origin": [5.59467, 11, 8.76853],
							"color": 1,
							"children": [
								45,
								46,
								47,
								48,
								49,
								50,
								51,
								52,
								53,
								54,
								55,
								56,
								57,
								58,
								59,
								60,
								61,
								62,
								{
									"name": "head_layers",
									"origin": [7.09567, 0.5, 7.9995],
									"color": 0,
									"children": [63, 64, 65, 66, 67, 68, 69, 70, 71, 72, 73, 74]
								}
							]
						},
						{
							"name": "left_Leg",
							"origin": [-1, 0, -0.0005],
							"color": 1,
							"children": [
								75,
								{
									"name": "left_Leg_layers",
									"origin": [2.5, -1, 0.4995],
									"color": 0,
									"children": [76]
								}
							]
						},
						{
							"name": "right_Leg",
							"origin": [-1, 0, -0.0005],
							"color": 1,
							"children": [
								77,
								{
									"name": "right_Leg_layers",
									"origin": [2.5, -1, 0.4995],
									"color": 0,
									"children": [78]
								}
							]
						}
					]
				}
			]
		}
	]
}