{
	"credit": "Made by Nog's Menagerie",
	"texture_size": [32, 32],
	"textures": {
		"0": "earthserver:figures/nm_figure_box_vex_texture",
		"4": "earthserver:figures/nm_figure_vex_texture",
		"particle": "earthserver:figures/nm_figure_box_vex_texture"
	},
	"elements": [
		{
			"name": "base",
			"from": [3, 0, 2.9995],
			"to": [13, 2, 12.9995],
			"rotation": {"angle": 0, "axis": "y", "origin": [1, 0, -0.0005]},
			"faces": {
				"north": {"uv": [0, 9, 2.5, 9.5], "texture": "#0"},
				"east": {"uv": [2.5, 9, 5, 9.5], "texture": "#0"},
				"south": {"uv": [0, 9.5, 2.5, 10], "texture": "#0"},
				"west": {"uv": [2.5, 9.5, 5, 10], "texture": "#0"},
				"up": {"uv": [7.5, 8.5, 5, 6], "texture": "#0"},
				"down": {"uv": [10, 0, 7.5, 2.5], "texture": "#0"}
			}
		},
		{
			"name": "back",
			"from": [3, 2, 12.9985],
			"to": [13, 14, 12.9985],
			"rotation": {"angle": 0, "axis": "y", "origin": [3, 0, -2.0015]},
			"faces": {
				"north": {"uv": [0, 0, 2.5, 3], "texture": "#0"},
				"east": {"uv": [0, 0, 0, 3], "texture": "#0"},
				"south": {"uv": [2.5, 0, 5, 3], "texture": "#0"},
				"west": {"uv": [0, 0, 0, 3], "texture": "#0"},
				"up": {"uv": [2.5, 0, 0, 0], "texture": "#0"},
				"down": {"uv": [2.5, 0, 0, 0], "texture": "#0"}
			}
		},
		{
			"name": "front",
			"from": [3, 2, 3.0005],
			"to": [13, 14, 3.0005],
			"rotation": {"angle": 0, "axis": "y", "origin": [3, 0, 18.0005]},
			"faces": {
				"north": {"uv": [0, 3, 2.5, 6], "texture": "#0"},
				"east": {"uv": [0, 0, 0, 3], "texture": "#0"},
				"south": {"uv": [2.5, 3, 5, 6], "texture": "#0"},
				"west": {"uv": [0, 0, 0, 3], "texture": "#0"},
				"up": {"uv": [2.5, 0, 0, 0], "texture": "#0"},
				"down": {"uv": [2.5, 0, 0, 0], "texture": "#0"}
			}
		},
		{
			"name": "clearside",
			"from": [3, 2, 2.9995],
			"to": [3, 14, 12.9995],
			"rotation": {"angle": 0, "axis": "y", "origin": [3, 0, -0.0005]},
			"faces": {
				"north": {"uv": [0, 0, 0, 3], "texture": "#0"},
				"east": {"uv": [5, 0, 7.5, 3], "texture": "#0"},
				"south": {"uv": [0, 0, 0, 3], "texture": "#0"},
				"west": {"uv": [5, 3, 7.5, 6], "texture": "#0"},
				"up": {"uv": [0, 2.5, 0, 0], "texture": "#0"},
				"down": {"uv": [0, 0, 0, 2.5], "texture": "#0"}
			}
		},
		{
			"name": "clearside",
			"from": [3, 14, 2.9995],
			"to": [13, 14, 12.9995],
			"rotation": {"angle": 0, "axis": "y", "origin": [3, 0, -0.0005]},
			"faces": {
				"north": {"uv": [0, 0, 2.5, 0], "texture": "#0"},
				"east": {"uv": [0, 0, 2.5, 0], "texture": "#0"},
				"south": {"uv": [0, 0, 2.5, 0], "texture": "#0"},
				"west": {"uv": [0, 0, 2.5, 0], "texture": "#0"},
				"up": {"uv": [10, 5, 7.5, 2.5], "texture": "#0"},
				"down": {"uv": [10, 5, 7.5, 7.5], "texture": "#0"}
			}
		},
		{
			"name": "clearside",
			"from": [13, 2, 2.9995],
			"to": [13, 14, 12.9995],
			"rotation": {"angle": 0, "axis": "y", "origin": [13, 0, -0.0005]},
			"faces": {
				"north": {"uv": [0, 0, 0, 3], "texture": "#0"},
				"east": {"uv": [0, 6, 2.5, 9], "texture": "#0"},
				"south": {"uv": [0, 0, 0, 3], "texture": "#0"},
				"west": {"uv": [2.5, 6, 5, 9], "texture": "#0"},
				"up": {"uv": [0, 2.5, 0, 0], "texture": "#0"},
				"down": {"uv": [0, 0, 0, 2.5], "texture": "#0"}
			}
		},
		{
			"name": "torso",
			"from": [5.5, 5, 6.9995],
			"to": [8.5, 7, 8.9995],
			"rotation": {"angle": 0, "axis": "y", "origin": [7, 7, 8.70625]},
			"faces": {
				"north": {"uv": [8, 8, 9.5, 9], "texture": "#4"},
				"east": {"uv": [9, 1.5, 10, 2.5], "texture": "#4"},
				"south": {"uv": [3, 8.5, 4.5, 9.5], "texture": "#4"},
				"west": {"uv": [7, 9.5, 8, 10.5], "texture": "#4"},
				"up": {"uv": [10, 4, 8.5, 3], "texture": "#4"},
				"down": {"uv": [6.5, 8.5, 5, 9.5], "texture": "#4"}
			}
		},
		{
			"name": "torso",
			"from": [6.5, 2, 7.9995],
			"to": [7.5, 5, 7.9995],
			"rotation": {"angle": -45, "axis": "y", "origin": [7, 3, 7.9995]},
			"faces": {
				"north": {"uv": [2, 9, 2.5, 10.5], "texture": "#4"},
				"east": {"uv": [11, 12, 11, 13.5], "texture": "#4"},
				"south": {"uv": [8.5, 9.5, 9, 11], "texture": "#4"},
				"west": {"uv": [2, 12.5, 2, 14], "texture": "#4"},
				"up": {"uv": [6.5, 5.5, 6, 5.5], "texture": "#4"},
				"down": {"uv": [7.5, 5.5, 7, 5.5], "texture": "#4"}
			}
		},
		{
			"name": "torso",
			"from": [6.5, 2, 7.9995],
			"to": [7.5, 5, 7.9995],
			"rotation": {"angle": 45, "axis": "y", "origin": [7, 3, 7.9995]},
			"faces": {
				"north": {"uv": [9.5, 9.5, 10, 11], "texture": "#4"},
				"east": {"uv": [2.5, 12.5, 2.5, 14], "texture": "#4"},
				"south": {"uv": [3, 10, 3.5, 11.5], "texture": "#4"},
				"west": {"uv": [4, 12.5, 4, 14], "texture": "#4"},
				"up": {"uv": [11, 7.5, 10.5, 7.5], "texture": "#4"},
				"down": {"uv": [12.5, 1, 12, 1], "texture": "#4"}
			}
		},
		{
			"name": "torso",
			"from": [7.20736, 5, 8.91261],
			"to": [11.20736, 9, 8.91261],
			"rotation": {"angle": -45, "axis": "y", "origin": [7, 7, 8.70625]},
			"faces": {
				"north": {"uv": [3, 6, 5, 8], "texture": "#4"},
				"east": {"uv": [4.5, 12.5, 4.5, 14.5], "texture": "#4"},
				"south": {"uv": [6, 3, 8, 5], "texture": "#4"},
				"west": {"uv": [5, 12.5, 5, 14.5], "texture": "#4"},
				"up": {"uv": [14, 8.5, 12, 8.5], "texture": "#4"},
				"down": {"uv": [14.5, 9, 12.5, 9], "texture": "#4"}
			}
		},
		{
			"name": "torso",
			"from": [2.79264, 5, 8.91261],
			"to": [6.79264, 9, 8.91261],
			"rotation": {"angle": 45, "axis": "y", "origin": [7, 7, 8.70625]},
			"faces": {
				"north": {"uv": [5.5, 6, 7.5, 8], "texture": "#4"},
				"east": {"uv": [5.5, 12.5, 5.5, 14.5], "texture": "#4"},
				"south": {"uv": [8, 5.5, 10, 7.5], "texture": "#4"},
				"west": {"uv": [7, 12.5, 7, 14.5], "texture": "#4"},
				"up": {"uv": [14.5, 9.5, 12.5, 9.5], "texture": "#4"},
				"down": {"uv": [14.5, 10, 12.5, 10], "texture": "#4"}
			}
		},
		{
			"name": "torso",
			"from": [5.5, 4, 6.9995],
			"to": [8.5, 5, 6.9995],
			"rotation": {"angle": 0, "axis": "y", "origin": [7, 7, 8.70625]},
			"faces": {
				"north": {"uv": [8.5, 4.5, 10, 5], "texture": "#4"},
				"east": {"uv": [7.5, 12.5, 7.5, 13], "texture": "#4"},
				"south": {"uv": [4, 10, 5.5, 10.5], "texture": "#4"},
				"west": {"uv": [12.5, 10.5, 12.5, 11], "texture": "#4"},
				"up": {"uv": [13, 12.5, 11.5, 12.5], "texture": "#4"},
				"down": {"uv": [14, 11.5, 12.5, 11.5], "texture": "#4"}
			}
		},
		{
			"name": "torso",
			"from": [5.5, 4, 8.9995],
			"to": [8.5, 5, 8.9995],
			"rotation": {"angle": 0, "axis": "y", "origin": [7, 7, 8.70625]},
			"faces": {
				"north": {"uv": [10, 8, 11.5, 8.5], "texture": "#4"},
				"east": {"uv": [0, 13, 0, 13.5], "texture": "#4"},
				"south": {"uv": [0, 10.5, 1.5, 11], "texture": "#4"},
				"west": {"uv": [13, 0, 13, 0.5], "texture": "#4"},
				"up": {"uv": [14, 12, 12.5, 12], "texture": "#4"},
				"down": {"uv": [14.5, 1, 13, 1], "texture": "#4"}
			}
		},
		{
			"name": "torso",
			"from": [8.5, 4, 6.9995],
			"to": [8.5, 5, 8.9995],
			"rotation": {"angle": 0, "axis": "y", "origin": [7, 7, 8.70625]},
			"faces": {
				"north": {"uv": [0.5, 13, 0.5, 13.5], "texture": "#4"},
				"east": {"uv": [10.5, 3.5, 11.5, 4], "texture": "#4"},
				"south": {"uv": [1, 13, 1, 13.5], "texture": "#4"},
				"west": {"uv": [10.5, 4.5, 11.5, 5], "texture": "#4"},
				"up": {"uv": [1.5, 14, 1.5, 13], "texture": "#4"},
				"down": {"uv": [13, 1.5, 13, 2.5], "texture": "#4"}
			}
		},
		{
			"name": "torso",
			"from": [5.5, 4, 6.9995],
			"to": [5.5, 5, 8.9995],
			"rotation": {"angle": 0, "axis": "y", "origin": [7, 7, 8.70625]},
			"faces": {
				"north": {"uv": [3, 13, 3, 13.5], "texture": "#4"},
				"east": {"uv": [10.5, 5.5, 11.5, 6], "texture": "#4"},
				"south": {"uv": [13, 3, 13, 3.5], "texture": "#4"},
				"west": {"uv": [10.5, 6.5, 11.5, 7], "texture": "#4"},
				"up": {"uv": [3.5, 14, 3.5, 13], "texture": "#4"},
				"down": {"uv": [13, 4, 13, 5], "texture": "#4"}
			}
		},
		{
			"name": "arm",
			"from": [7.36242, 4.13721, 7.4995],
			"to": [8.36242, 6.13721, 8.4995],
			"rotation": {"angle": 45, "axis": "z", "origin": [7, 7, 8.70625]},
			"faces": {
				"north": {"uv": [10.5, 9, 11, 10], "texture": "#4"},
				"east": {"uv": [10.5, 10.5, 11, 11.5], "texture": "#4"},
				"south": {"uv": [11, 0, 11.5, 1], "texture": "#4"},
				"west": {"uv": [2, 11, 2.5, 12], "texture": "#4"},
				"up": {"uv": [7.5, 9, 7, 8.5], "texture": "#4"},
				"down": {"uv": [12, 10.5, 11.5, 11], "texture": "#4"}
			}
		},
		{
			"name": "arm",
			"from": [5.63758, 4.13721, 7.4995],
			"to": [6.63758, 6.13721, 8.4995],
			"rotation": {"angle": -45, "axis": "z", "origin": [7, 7, 8.70625]},
			"faces": {
				"north": {"uv": [4, 11, 4.5, 12], "texture": "#4"},
				"east": {"uv": [5, 11, 5.5, 12], "texture": "#4"},
				"south": {"uv": [7, 11, 7.5, 12], "texture": "#4"},
				"west": {"uv": [0, 11.5, 0.5, 12.5], "texture": "#4"},
				"up": {"uv": [12, 12, 11.5, 11.5], "texture": "#4"},
				"down": {"uv": [12.5, 0, 12, 0.5], "texture": "#4"}
			}
		},
		{
			"name": "arm",
			"from": [9.03036, 5.08778, 7.2495],
			"to": [10.03036, 6.08778, 9.2495],
			"rotation": {"angle": 0, "axis": "y", "origin": [9.53036, 5.58778, 8.2495]},
			"faces": {
				"north": {"uv": [3, 12, 3.5, 12.5], "texture": "#4"},
				"east": {"uv": [11.5, 1.5, 12.5, 2], "texture": "#4"},
				"south": {"uv": [12, 3.5, 12.5, 4], "texture": "#4"},
				"west": {"uv": [11.5, 2.5, 12.5, 3], "texture": "#4"},
				"up": {"uv": [1.5, 12.5, 1, 11.5], "texture": "#4"},
				"down": {"uv": [8.5, 11.5, 8, 12.5], "texture": "#4"}
			}
		},
		{
			"name": "arm",
			"from": [9.03036, 4.58778, 4.2495],
			"to": [10.03036, 6.58778, 7.2495],
			"rotation": {"angle": 0, "axis": "y", "origin": [9.53036, 5.58778, 6.2495]},
			"faces": {
				"north": {"uv": [9, 11.5, 9.5, 12.5], "texture": "#4"},
				"east": {"uv": [0, 9, 1.5, 10], "texture": "#4"},
				"south": {"uv": [11.5, 9, 12, 10], "texture": "#4"},
				"west": {"uv": [9, 0, 10.5, 1], "texture": "#4"},
				"up": {"uv": [6.5, 11.5, 6, 10], "texture": "#4"},
				"down": {"uv": [11, 1.5, 10.5, 3], "texture": "#4"}
			}
		},
		{
			"name": "arm",
			"from": [9.00536, 4.86278, 3.5245],
			"to": [10.05536, 6.31278, 4.9745],
			"rotation": {"angle": 45, "axis": "x", "origin": [9.53036, 5.58778, 4.2495]},
			"faces": {
				"north": {"uv": [12, 4.5, 12.5, 5], "texture": "#4"},
				"east": {"uv": [12, 5.5, 12.5, 6], "texture": "#4"},
				"south": {"uv": [6, 12, 6.5, 12.5], "texture": "#4"},
				"west": {"uv": [12, 6.5, 12.5, 7], "texture": "#4"},
				"up": {"uv": [12.5, 8, 12, 7.5], "texture": "#4"},
				"down": {"uv": [10.5, 12, 10, 12.5], "texture": "#4"}
			}
		},
		{
			"name": "head",
			"from": [4.5, 7, 5.4995],
			"to": [9.5, 12, 10.4995],
			"rotation": {"angle": 0, "axis": "y", "origin": [7, 7, 8.70625]},
			"faces": {
				"north": {"uv": [0, 0, 2.5, 2.5], "texture": "#4"},
				"east": {"uv": [0, 3, 2.5, 5.5], "texture": "#4"},
				"south": {"uv": [3, 0, 5.5, 2.5], "texture": "#4"},
				"west": {"uv": [3, 3, 5.5, 5.5], "texture": "#4"},
				"up": {"uv": [2.5, 8.5, 0, 6], "texture": "#4"},
				"down": {"uv": [8.5, 0, 6, 2.5], "texture": "#4"}
			}
		}
	],
	"gui_light": "front",
	"display": {
		"thirdperson_righthand": {
			"translation": [0, -1.25, -2.75],
			"scale": [0.55, 0.55, 0.55]
		},
		"thirdperson_lefthand": {
			"translation": [0, -1.25, -2.75],
			"scale": [0.55, 0.55, 0.55]
		},
		"firstperson_righthand": {
			"rotation": [0, 113, 5],
			"translation": [3.5, 5, 0],
			"scale": [0.73, 0.73, 0.73]
		},
		"firstperson_lefthand": {
			"rotation": [0, 113, 5],
			"translation": [3.5, 5, 0],
			"scale": [0.73, 0.73, 0.73]
		},
		"ground": {
			"translation": [0, 3, 0],
			"scale": [0.7, 0.7, 0.7]
		},
		"gui": {
			"rotation": [25, 151, 0],
			"translation": [0.25, 0.25, 0],
			"scale": [0.74, 0.74, 0.74]
		},
		"head": {
			"translation": [0, 13.5, 0],
			"scale": [0.89, 0.89, 0.89]
		},
		"fixed": {
			"rotation": [-90, 0, 0],
			"translation": [0, 0, -16],
			"scale": [2, 2, 2]
		}
	},
	"groups": [
		{
			"name": "base",
			"origin": [7, 8, 7.9995],
			"color": 0,
			"children": [
				{
					"name": "box",
					"origin": [-1, 0, -0.0005],
					"color": 0,
					"children": [0, 1, 2, 3, 4, 5]
				},
				{
					"name": "figure",
					"origin": [-1, 0, -0.0005],
					"color": 1,
					"children": [
						6,
						{
							"name": "group",
							"origin": [7, 3, 7.9995],
							"color": 0,
							"children": [7, 8]
						},
						{
							"name": "group",
							"origin": [7, 7, 8.70625],
							"color": 0,
							"children": [9, 10]
						},
						11,
						12,
						13,
						14,
						{
							"name": "arms",
							"origin": [2.59253, 8.72887, 8.9995],
							"color": 1,
							"children": [
								15,
								16,
								{
									"name": "group",
									"origin": [9.40536, 4.63778, 7.4995],
									"color": 0,
									"children": [17, 18, 19]
								}
							]
						},
						{
							"name": "head",
							"origin": [5.59467, 11, 8.76853],
							"color": 1,
							"children": [20]
						}
					]
				}
			]
		}
	]
}