{
	"credit": "Made with Blockbench",
	"texture_size": [32, 32],
	"textures": {
		"0": "earthserver:figures/nm_figure_box_wandering_trader_texture",
		"3": "earthserver:figures/nm_figure_wandering_trader_texture",
		"particle": "earthserver:figures/nm_figure_box_wandering_trader_texture"
	},
	"elements": [
		{
			"name": "base",
			"from": [3, 0, 2.9995],
			"to": [13, 2, 12.9995],
			"rotation": {"angle": 0, "axis": "y", "origin": [1, 0, -0.0005]},
			"faces": {
				"north": {"uv": [0, 9, 2.5, 9.5], "texture": "#0"},
				"east": {"uv": [2.5, 9, 5, 9.5], "texture": "#0"},
				"south": {"uv": [0, 9.5, 2.5, 10], "texture": "#0"},
				"west": {"uv": [2.5, 9.5, 5, 10], "texture": "#0"},
				"up": {"uv": [7.5, 8.5, 5, 6], "texture": "#0"},
				"down": {"uv": [10, 0, 7.5, 2.5], "texture": "#0"}
			}
		},
		{
			"name": "back",
			"from": [3, 2, 12.9985],
			"to": [13, 14, 12.9985],
			"rotation": {"angle": 0, "axis": "y", "origin": [3, 0, -2.0015]},
			"faces": {
				"north": {"uv": [0, 0, 2.5, 3], "texture": "#0"},
				"east": {"uv": [0, 0, 0, 3], "texture": "#0"},
				"south": {"uv": [2.5, 0, 5, 3], "texture": "#0"},
				"west": {"uv": [0, 0, 0, 3], "texture": "#0"},
				"up": {"uv": [2.5, 0, 0, 0], "texture": "#0"},
				"down": {"uv": [2.5, 0, 0, 0], "texture": "#0"}
			}
		},
		{
			"name": "front",
			"from": [3, 2, 3.0005],
			"to": [13, 14, 3.0005],
			"rotation": {"angle": 0, "axis": "y", "origin": [3, 0, 18.0005]},
			"faces": {
				"north": {"uv": [0, 3, 2.5, 6], "texture": "#0"},
				"east": {"uv": [0, 0, 0, 3], "texture": "#0"},
				"south": {"uv": [2.5, 3, 5, 6], "texture": "#0"},
				"west": {"uv": [0, 0, 0, 3], "texture": "#0"},
				"up": {"uv": [2.5, 0, 0, 0], "texture": "#0"},
				"down": {"uv": [2.5, 0, 0, 0], "texture": "#0"}
			}
		},
		{
			"name": "clearside",
			"from": [3, 2, 2.9995],
			"to": [3, 14, 12.9995],
			"rotation": {"angle": 0, "axis": "y", "origin": [3, 0, -0.0005]},
			"faces": {
				"north": {"uv": [0, 0, 0, 3], "texture": "#0"},
				"east": {"uv": [5, 0, 7.5, 3], "texture": "#0"},
				"south": {"uv": [0, 0, 0, 3], "texture": "#0"},
				"west": {"uv": [5, 3, 7.5, 6], "texture": "#0"},
				"up": {"uv": [0, 2.5, 0, 0], "texture": "#0"},
				"down": {"uv": [0, 0, 0, 2.5], "texture": "#0"}
			}
		},
		{
			"name": "clearside",
			"from": [3, 14, 2.9995],
			"to": [13, 14, 12.9995],
			"rotation": {"angle": 0, "axis": "y", "origin": [3, 0, -0.0005]},
			"faces": {
				"north": {"uv": [0, 0, 2.5, 0], "texture": "#0"},
				"east": {"uv": [0, 0, 2.5, 0], "texture": "#0"},
				"south": {"uv": [0, 0, 2.5, 0], "texture": "#0"},
				"west": {"uv": [0, 0, 2.5, 0], "texture": "#0"},
				"up": {"uv": [10, 5, 7.5, 2.5], "texture": "#0"},
				"down": {"uv": [10, 5, 7.5, 7.5], "texture": "#0"}
			}
		},
		{
			"name": "clearside",
			"from": [13, 2, 2.9995],
			"to": [13, 14, 12.9995],
			"rotation": {"angle": 0, "axis": "y", "origin": [13, 0, -0.0005]},
			"faces": {
				"north": {"uv": [0, 0, 0, 3], "texture": "#0"},
				"east": {"uv": [0, 6, 2.5, 9], "texture": "#0"},
				"south": {"uv": [0, 0, 0, 3], "texture": "#0"},
				"west": {"uv": [2.5, 6, 5, 9], "texture": "#0"},
				"up": {"uv": [0, 2.5, 0, 0], "texture": "#0"},
				"down": {"uv": [0, 0, 0, 2.5], "texture": "#0"}
			}
		},
		{
			"name": "arm",
			"from": [4.5, 5.46789, 6.26029],
			"to": [5.5, 6.46789, 8.26029],
			"rotation": {"angle": -22.5, "axis": "x", "origin": [7, 6.29289, 7.58529]},
			"faces": {
				"north": {"uv": [8.5, 10, 9, 10.5], "texture": "#3"},
				"east": {"uv": [3, 12.5, 4, 13], "texture": "#3"},
				"south": {"uv": [12.5, 7, 13, 7.5], "texture": "#3"},
				"west": {"uv": [4, 12.5, 5, 13], "texture": "#3"},
				"up": {"uv": [9, 10, 8.5, 9], "texture": "#3"},
				"down": {"uv": [5.5, 12.5, 5, 13.5], "texture": "#3"}
			}
		},
		{
			"name": "arm",
			"from": [5.5, 5.46789, 6.26029],
			"to": [8.5, 6.46789, 7.26029],
			"rotation": {"angle": -22.5, "axis": "x", "origin": [7, 6.29289, 7.58529]},
			"faces": {
				"north": {"uv": [11.5, 10, 13, 10.5], "texture": "#3"},
				"east": {"uv": [12.5, 9.5, 13, 10], "texture": "#3"},
				"south": {"uv": [12, 2.5, 13.5, 3], "texture": "#3"},
				"west": {"uv": [13, 2, 13.5, 2.5], "texture": "#3"},
				"up": {"uv": [4.5, 12.5, 3, 12], "texture": "#3"},
				"down": {"uv": [6, 12, 4.5, 12.5], "texture": "#3"}
			}
		},
		{
			"name": "arm",
			"from": [8.5, 5.46789, 6.26029],
			"to": [9.5, 6.46789, 8.26029],
			"rotation": {"angle": -22.5, "axis": "x", "origin": [7, 6.29289, 7.58529]},
			"faces": {
				"north": {"uv": [13, 3, 13.5, 3.5], "texture": "#3"},
				"east": {"uv": [12.5, 6, 13.5, 6.5], "texture": "#3"},
				"south": {"uv": [3.5, 13, 4, 13.5], "texture": "#3"},
				"west": {"uv": [12.5, 6.5, 13.5, 7], "texture": "#3"},
				"up": {"uv": [6, 13.5, 5.5, 12.5], "texture": "#3"},
				"down": {"uv": [7.5, 12.5, 7, 13.5], "texture": "#3"}
			}
		},
		{
			"name": "torso",
			"from": [5.5, 4, 6.9995],
			"to": [8.5, 7, 8.9995],
			"rotation": {"angle": 0, "axis": "y", "origin": [0.5, -1, -0.0005]},
			"faces": {
				"north": {"uv": [11.5, 3, 13, 4.5], "texture": "#3"},
				"east": {"uv": [6, 11.5, 7, 13], "texture": "#3"},
				"south": {"uv": [11.5, 4.5, 13, 6], "texture": "#3"},
				"west": {"uv": [11.5, 6, 12.5, 7.5], "texture": "#3"},
				"up": {"uv": [8.5, 12.5, 7, 11.5], "texture": "#3"},
				"down": {"uv": [13, 7.5, 11.5, 8.5], "texture": "#3"}
			}
		},
		{
			"name": "head",
			"from": [4.5, 7, 5.4995],
			"to": [9.5, 12, 10.4995],
			"rotation": {"angle": 0, "axis": "y", "origin": [7.09567, 10, 7.9995]},
			"faces": {
				"north": {"uv": [9, 3, 11.5, 5.5], "texture": "#3"},
				"east": {"uv": [9, 5.5, 11.5, 8], "texture": "#3"},
				"south": {"uv": [6, 9, 8.5, 11.5], "texture": "#3"},
				"west": {"uv": [9, 8, 11.5, 10.5], "texture": "#3"},
				"up": {"uv": [11, 13, 8.5, 10.5], "texture": "#3"},
				"down": {"uv": [13.5, 10.5, 11, 13], "texture": "#3"}
			}
		},
		{
			"name": "head",
			"from": [6, 6, 4.4995],
			"to": [8, 9, 6.4995],
			"rotation": {"angle": 0, "axis": "y", "origin": [7.09567, 10, 7.9995]},
			"faces": {
				"north": {"uv": [11.5, 8.5, 12.5, 10], "texture": "#3"},
				"east": {"uv": [0, 12, 1, 13.5], "texture": "#3"},
				"south": {"uv": [12, 0, 13, 1.5], "texture": "#3"},
				"west": {"uv": [1, 12, 2, 13.5], "texture": "#3"},
				"up": {"uv": [13, 2.5, 12, 1.5], "texture": "#3"},
				"down": {"uv": [3, 12, 2, 13], "texture": "#3"}
			}
		},
		{
			"name": "head",
			"from": [4, 12.5, 4.9995],
			"to": [10, 12.5, 10.9995],
			"rotation": {"angle": 0, "axis": "y", "origin": [6.90433, 10, 7.9995]},
			"faces": {
				"north": {"uv": [0, 0, 3, 0], "texture": "#3"},
				"east": {"uv": [0, 0, 3, 0], "texture": "#3"},
				"south": {"uv": [0, 0, 3, 0], "texture": "#3"},
				"west": {"uv": [0, 0, 3, 0], "texture": "#3"},
				"up": {"uv": [9, 9, 6, 6], "texture": "#3"},
				"down": {"uv": [3, 9, 0, 12], "texture": "#3"}
			}
		},
		{
			"name": "head",
			"from": [4, 6.5, 4.9995],
			"to": [10, 12.5, 4.9995],
			"rotation": {"angle": 0, "axis": "y", "origin": [6.90433, 10, 7.9995]},
			"faces": {
				"north": {"uv": [3, 6, 6, 9], "texture": "#3"},
				"east": {"uv": [0, 0, 0, 3], "texture": "#3"},
				"south": {"uv": [6, 3, 9, 6], "texture": "#3"},
				"west": {"uv": [0, 0, 0, 3], "texture": "#3"},
				"up": {"uv": [3, 0, 0, 0], "texture": "#3"},
				"down": {"uv": [3, 0, 0, 0], "texture": "#3"}
			}
		},
		{
			"name": "head",
			"from": [4, 6.5, 4.9995],
			"to": [4, 12.5, 10.9995],
			"rotation": {"angle": 0, "axis": "y", "origin": [7.09567, 10, 7.9995]},
			"faces": {
				"north": {"uv": [0, 0, 0, 3], "texture": "#3"},
				"east": {"uv": [0, 0, 3, 3], "texture": "#3"},
				"south": {"uv": [0, 0, 0, 3], "texture": "#3"},
				"west": {"uv": [0, 3, 3, 6], "texture": "#3"},
				"up": {"uv": [0, 3, 0, 0], "texture": "#3"},
				"down": {"uv": [0, 0, 0, 3], "texture": "#3"}
			}
		},
		{
			"name": "head",
			"from": [4, 6.5, 10.9995],
			"to": [10, 12.5, 10.9995],
			"rotation": {"angle": 0, "axis": "y", "origin": [6.90433, 10, 7.9995]},
			"faces": {
				"north": {"uv": [0, 6, 3, 9], "texture": "#3"},
				"east": {"uv": [0, 0, 0, 3], "texture": "#3"},
				"south": {"uv": [6, 0, 9, 3], "texture": "#3"},
				"west": {"uv": [0, 0, 0, 3], "texture": "#3"},
				"up": {"uv": [3, 0, 0, 0], "texture": "#3"},
				"down": {"uv": [3, 0, 0, 0], "texture": "#3"}
			}
		},
		{
			"name": "head",
			"from": [10, 6.5, 4.9995],
			"to": [10, 12.5, 10.9995],
			"rotation": {"angle": 0, "axis": "y", "origin": [6.90433, 10, 7.9995]},
			"faces": {
				"north": {"uv": [0, 0, 0, 3], "texture": "#3"},
				"east": {"uv": [3, 0, 6, 3], "texture": "#3"},
				"south": {"uv": [0, 0, 0, 3], "texture": "#3"},
				"west": {"uv": [3, 3, 6, 6], "texture": "#3"},
				"up": {"uv": [0, 3, 0, 0], "texture": "#3"},
				"down": {"uv": [0, 0, 0, 3], "texture": "#3"}
			}
		},
		{
			"name": "head",
			"from": [4, 6.5, 4.9995],
			"to": [10, 6.5, 10.9995],
			"rotation": {"angle": 0, "axis": "y", "origin": [6.90433, 10, 7.9995]},
			"faces": {
				"north": {"uv": [0, 0, 3, 0], "texture": "#3"},
				"east": {"uv": [0, 0, 3, 0], "texture": "#3"},
				"south": {"uv": [0, 0, 3, 0], "texture": "#3"},
				"west": {"uv": [0, 0, 3, 0], "texture": "#3"},
				"up": {"uv": [12, 3, 9, 0], "texture": "#3"},
				"down": {"uv": [6, 9, 3, 12], "texture": "#3"}
			}
		},
		{
			"from": [5.75, 2, 7.4995],
			"to": [6.75, 4, 8.4995],
			"rotation": {"angle": 0, "axis": "y", "origin": [2.5, -1, 0.4995]},
			"faces": {
				"north": {"uv": [7.5, 12.5, 8, 13.5], "texture": "#3"},
				"east": {"uv": [8, 12.5, 8.5, 13.5], "texture": "#3"},
				"south": {"uv": [12.5, 8.5, 13, 9.5], "texture": "#3"},
				"west": {"uv": [13, 0, 13.5, 1], "texture": "#3"},
				"up": {"uv": [13.5, 4, 13, 3.5], "texture": "#3"},
				"down": {"uv": [4.5, 13, 4, 13.5], "texture": "#3"}
			}
		},
		{
			"from": [7.25, 2, 7.4995],
			"to": [8.25, 4, 8.4995],
			"rotation": {"angle": 0, "axis": "y", "origin": [11.5, -1, 0.4995]},
			"faces": {
				"north": {"uv": [13, 1, 13.5, 2], "texture": "#3"},
				"east": {"uv": [2, 13, 2.5, 14], "texture": "#3"},
				"south": {"uv": [2.5, 13, 3, 14], "texture": "#3"},
				"west": {"uv": [3, 13, 3.5, 14], "texture": "#3"},
				"up": {"uv": [13.5, 4.5, 13, 4], "texture": "#3"},
				"down": {"uv": [5, 13, 4.5, 13.5], "texture": "#3"}
			}
		}
	],
	"gui_light": "front",
	"display": {
		"thirdperson_righthand": {
			"translation": [0, -1.25, -2.75],
			"scale": [0.55, 0.55, 0.55]
		},
		"thirdperson_lefthand": {
			"translation": [0, -1.25, -2.75],
			"scale": [0.55, 0.55, 0.55]
		},
		"firstperson_righthand": {
			"rotation": [0, 113, 5],
			"translation": [3.5, 5, 0],
			"scale": [0.73, 0.73, 0.73]
		},
		"firstperson_lefthand": {
			"rotation": [0, 113, 5],
			"translation": [3.5, 5, 0],
			"scale": [0.73, 0.73, 0.73]
		},
		"ground": {
			"translation": [0, 3, 0],
			"scale": [0.7, 0.7, 0.7]
		},
		"gui": {
			"rotation": [25, 151, 0],
			"translation": [0.25, 0.25, 0],
			"scale": [0.74, 0.74, 0.74]
		},
		"head": {
			"translation": [0, 13.5, 0],
			"scale": [0.89, 0.89, 0.89]
		},
		"fixed": {
			"rotation": [-90, 0, 0],
			"translation": [0, 0, -16],
			"scale": [2, 2, 2]
		}
	},
	"groups": [
		{
			"name": "base",
			"origin": [7, 8, 7.9995],
			"color": 0,
			"children": [
				{
					"name": "box",
					"origin": [-1, 0, -0.0005],
					"color": 0,
					"children": [0, 1, 2, 3, 4, 5]
				},
				{
					"name": "figure",
					"origin": [-1, 0, -0.0005],
					"color": 1,
					"children": [
						{
							"name": "arms",
							"origin": [2.59253, 8.72887, 8.9995],
							"color": 1,
							"children": [6, 7, 8]
						},
						9,
						{
							"name": "head",
							"origin": [5.59467, 11, 8.76853],
							"color": 1,
							"children": [
								10,
								11,
								{
									"name": "group",
									"origin": [6.90433, 10, 7.9995],
									"color": 0,
									"children": [12, 13, 14, 15, 16, 17]
								}
							]
						},
						{
							"name": "legs",
							"origin": [-1, 0, -0.0005],
							"color": 1,
							"children": [18, 19]
						}
					]
				}
			]
		}
	]
}