{
	"credit": "Made by Nog's Menagerie",
	"texture_size": [32, 32],
	"textures": {
		"0": "earthserver:figures/nm_figure_box_warden_texture",
		"2": "earthserver:figures/nm_figure_warden_texture",
		"particle": "earthserver:figures/nm_figure_box_warden_texture"
	},
	"elements": [
		{
			"name": "base",
			"from": [3, 0, 2.9995],
			"to": [13, 2, 12.9995],
			"rotation": {"angle": 0, "axis": "y", "origin": [1, 0, -0.0005]},
			"faces": {
				"north": {"uv": [0, 9, 2.5, 9.5], "texture": "#0"},
				"east": {"uv": [2.5, 9, 5, 9.5], "texture": "#0"},
				"south": {"uv": [0, 9.5, 2.5, 10], "texture": "#0"},
				"west": {"uv": [2.5, 9.5, 5, 10], "texture": "#0"},
				"up": {"uv": [7.5, 8.5, 5, 6], "texture": "#0"},
				"down": {"uv": [10, 0, 7.5, 2.5], "texture": "#0"}
			}
		},
		{
			"name": "back",
			"from": [3, 2, 12.9985],
			"to": [13, 14, 12.9985],
			"rotation": {"angle": 0, "axis": "y", "origin": [3, 0, -2.0015]},
			"faces": {
				"north": {"uv": [0, 0, 2.5, 3], "texture": "#0"},
				"east": {"uv": [0, 0, 0, 3], "texture": "#0"},
				"south": {"uv": [2.5, 0, 5, 3], "texture": "#0"},
				"west": {"uv": [0, 0, 0, 3], "texture": "#0"},
				"up": {"uv": [2.5, 0, 0, 0], "texture": "#0"},
				"down": {"uv": [2.5, 0, 0, 0], "texture": "#0"}
			}
		},
		{
			"name": "front",
			"from": [3, 2, 3.0005],
			"to": [13, 14, 3.0005],
			"rotation": {"angle": 0, "axis": "y", "origin": [3, 0, 18.0005]},
			"faces": {
				"north": {"uv": [0, 3, 2.5, 6], "texture": "#0"},
				"east": {"uv": [0, 0, 0, 3], "texture": "#0"},
				"south": {"uv": [2.5, 3, 5, 6], "texture": "#0"},
				"west": {"uv": [0, 0, 0, 3], "texture": "#0"},
				"up": {"uv": [2.5, 0, 0, 0], "texture": "#0"},
				"down": {"uv": [2.5, 0, 0, 0], "texture": "#0"}
			}
		},
		{
			"name": "clearside",
			"from": [3, 2, 2.9995],
			"to": [3, 14, 12.9995],
			"rotation": {"angle": 0, "axis": "y", "origin": [3, 0, -0.0005]},
			"faces": {
				"north": {"uv": [0, 0, 0, 3], "texture": "#0"},
				"east": {"uv": [5, 0, 7.5, 3], "texture": "#0"},
				"south": {"uv": [0, 0, 0, 3], "texture": "#0"},
				"west": {"uv": [5, 3, 7.5, 6], "texture": "#0"},
				"up": {"uv": [0, 2.5, 0, 0], "texture": "#0"},
				"down": {"uv": [0, 0, 0, 2.5], "texture": "#0"}
			}
		},
		{
			"name": "clearside",
			"from": [3, 14, 2.9995],
			"to": [13, 14, 12.9995],
			"rotation": {"angle": 0, "axis": "y", "origin": [3, 0, -0.0005]},
			"faces": {
				"north": {"uv": [0, 0, 2.5, 0], "texture": "#0"},
				"east": {"uv": [0, 0, 2.5, 0], "texture": "#0"},
				"south": {"uv": [0, 0, 2.5, 0], "texture": "#0"},
				"west": {"uv": [0, 0, 2.5, 0], "texture": "#0"},
				"up": {"uv": [10, 5, 7.5, 2.5], "texture": "#0"},
				"down": {"uv": [10, 5, 7.5, 7.5], "texture": "#0"}
			}
		},
		{
			"name": "clearside",
			"from": [13, 2, 2.9995],
			"to": [13, 14, 12.9995],
			"rotation": {"angle": 0, "axis": "y", "origin": [13, 0, -0.0005]},
			"faces": {
				"north": {"uv": [0, 0, 0, 3], "texture": "#0"},
				"east": {"uv": [0, 6, 2.5, 9], "texture": "#0"},
				"south": {"uv": [0, 0, 0, 3], "texture": "#0"},
				"west": {"uv": [2.5, 6, 5, 9], "texture": "#0"},
				"up": {"uv": [0, 2.5, 0, 0], "texture": "#0"},
				"down": {"uv": [0, 0, 0, 2.5], "texture": "#0"}
			}
		},
		{
			"name": "torso",
			"from": [6, 4, 6.4995],
			"to": [10, 8, 9.4995],
			"rotation": {"angle": 0, "axis": "y", "origin": [1, -1, -0.0005]},
			"faces": {
				"north": {"uv": [6, 5, 8, 7], "texture": "#2"},
				"east": {"uv": [7, 2.5, 8.5, 4.5], "texture": "#2"},
				"south": {"uv": [7, 0, 9, 2], "texture": "#2"},
				"west": {"uv": [6, 7.5, 7.5, 9.5], "texture": "#2"},
				"up": {"uv": [4.5, 9.5, 2.5, 8], "texture": "#2"},
				"down": {"uv": [10, 7.5, 8, 9], "texture": "#2"}
			}
		},
		{
			"name": "head",
			"from": [5, 8, 5.9995],
			"to": [11, 13, 9.9995],
			"rotation": {"angle": 0, "axis": "y", "origin": [8.09567, 11, 7.9995]},
			"faces": {
				"north": {"uv": [0, 0, 3, 2.5], "texture": "#2"},
				"east": {"uv": [3.5, 5, 5.5, 7.5], "texture": "#2"},
				"south": {"uv": [0, 3, 3, 5.5], "texture": "#2"},
				"west": {"uv": [0, 6, 2, 8.5], "texture": "#2"},
				"up": {"uv": [6.5, 2, 3.5, 0], "texture": "#2"},
				"down": {"uv": [6.5, 2.5, 3.5, 4.5], "texture": "#2"}
			}
		},
		{
			"name": "head",
			"from": [3.025, 8.95, 7.9995],
			"to": [5, 13.95, 7.9995],
			"rotation": {"angle": 0, "axis": "y", "origin": [7.09567, 10.95, 7.9995]},
			"faces": {
				"north": {"uv": [0, 9, 1, 11.5], "texture": "#2"},
				"east": {"uv": [8.5, 12.5, 8.5, 15], "texture": "#2"},
				"south": {"uv": [1, 9, 0, 11.5], "texture": "#2"},
				"west": {"uv": [9, 12.5, 9, 15], "texture": "#2"},
				"up": {"uv": [9.5, 7, 8.5, 7], "texture": "#2"},
				"down": {"uv": [13.5, 9, 12.5, 9], "texture": "#2"}
			}
		},
		{
			"name": "head",
			"from": [11, 8.95, 7.9995],
			"to": [12.975, 13.95, 7.9995],
			"rotation": {"angle": 0, "axis": "y", "origin": [8.90433, 10.95, 7.9995]},
			"faces": {
				"north": {"uv": [1, 9, 0, 11.5], "texture": "#2"},
				"east": {"uv": [9, 12.5, 9, 15], "texture": "#2"},
				"south": {"uv": [0, 9, 1, 11.5], "texture": "#2"},
				"west": {"uv": [8.5, 12.5, 8.5, 15], "texture": "#2"},
				"up": {"uv": [8.5, 7, 9.5, 7], "texture": "#2"},
				"down": {"uv": [12.5, 9, 13.5, 9], "texture": "#2"}
			}
		},
		{
			"from": [8.75, 2, 7.4995],
			"to": [9.75, 4, 8.4995],
			"rotation": {"angle": 0, "axis": "y", "origin": [13, -1, 0.4995]},
			"faces": {
				"north": {"uv": [12, 4.5, 12.5, 5.5], "texture": "#2"},
				"east": {"uv": [12, 6, 12.5, 7], "texture": "#2"},
				"south": {"uv": [12, 7.5, 12.5, 8.5], "texture": "#2"},
				"west": {"uv": [11, 12, 11.5, 13], "texture": "#2"},
				"up": {"uv": [12.5, 12.5, 12, 12], "texture": "#2"},
				"down": {"uv": [8, 12.5, 7.5, 13], "texture": "#2"}
			}
		},
		{
			"from": [6.25, 2, 7.4995],
			"to": [7.25, 4, 8.4995],
			"rotation": {"angle": 0, "axis": "y", "origin": [3, -1, 0.4995]},
			"faces": {
				"north": {"uv": [12.5, 4.5, 12, 5.5], "texture": "#2"},
				"east": {"uv": [11.5, 12, 11, 13], "texture": "#2"},
				"south": {"uv": [12.5, 7.5, 12, 8.5], "texture": "#2"},
				"west": {"uv": [12.5, 6, 12, 7], "texture": "#2"},
				"up": {"uv": [12, 12.5, 12.5, 12], "texture": "#2"},
				"down": {"uv": [7.5, 12.5, 8, 13], "texture": "#2"}
			}
		},
		{
			"name": "arm",
			"from": [9.61757, 2.95621, 6.9995],
			"to": [11.61757, 7.95621, 8.9995],
			"rotation": {"angle": 22.5, "axis": "z", "origin": [10.11757, 6.20621, 7.9995]},
			"faces": {
				"north": {"uv": [10.5, 0, 11.5, 2.5], "texture": "#2"},
				"east": {"uv": [10.5, 3, 11.5, 5.5], "texture": "#2"},
				"south": {"uv": [10.5, 6, 11.5, 8.5], "texture": "#2"},
				"west": {"uv": [11, 9, 12, 11.5], "texture": "#2"},
				"up": {"uv": [13, 1, 12, 0], "texture": "#2"},
				"down": {"uv": [13, 1.5, 12, 2.5], "texture": "#2"}
			}
		},
		{
			"name": "arm",
			"from": [4.38243, 2.95621, 6.9995],
			"to": [6.38243, 7.95621, 8.9995],
			"rotation": {"angle": -22.5, "axis": "z", "origin": [5.88243, 6.20621, 7.9995]},
			"faces": {
				"north": {"uv": [11.5, 0, 10.5, 2.5], "texture": "#2"},
				"east": {"uv": [12, 9, 11, 11.5], "texture": "#2"},
				"south": {"uv": [11.5, 6, 10.5, 8.5], "texture": "#2"},
				"west": {"uv": [11.5, 3, 10.5, 5.5], "texture": "#2"},
				"up": {"uv": [12, 1, 13, 0], "texture": "#2"},
				"down": {"uv": [12, 1.5, 13, 2.5], "texture": "#2"}
			}
		}
	],
	"gui_light": "front",
	"display": {
		"thirdperson_righthand": {
			"translation": [0, -1.25, -2.75],
			"scale": [0.55, 0.55, 0.55]
		},
		"thirdperson_lefthand": {
			"translation": [0, -1.25, -2.75],
			"scale": [0.55, 0.55, 0.55]
		},
		"firstperson_righthand": {
			"rotation": [0, 113, 5],
			"translation": [3.5, 5, 0],
			"scale": [0.73, 0.73, 0.73]
		},
		"firstperson_lefthand": {
			"rotation": [0, 113, 5],
			"translation": [3.5, 5, 0],
			"scale": [0.73, 0.73, 0.73]
		},
		"ground": {
			"translation": [0, 3, 0],
			"scale": [0.7, 0.7, 0.7]
		},
		"gui": {
			"rotation": [25, 151, 0],
			"translation": [0.25, 0.25, 0],
			"scale": [0.74, 0.74, 0.74]
		},
		"head": {
			"translation": [0, 13.5, 0],
			"scale": [0.89, 0.89, 0.89]
		},
		"fixed": {
			"rotation": [-90, 0, 0],
			"translation": [0, 0, -16],
			"scale": [2, 2, 2]
		}
	},
	"groups": [
		{
			"name": "base",
			"origin": [7, 8, 7.9995],
			"color": 0,
			"children": [
				{
					"name": "box",
					"origin": [-1, 0, -0.0005],
					"color": 0,
					"children": [0, 1, 2, 3, 4, 5]
				},
				{
					"name": "figure",
					"origin": [-1, 0, -0.0005],
					"color": 1,
					"children": [
						6,
						{
							"name": "head",
							"origin": [5.59467, 11, 8.76853],
							"color": 1,
							"children": [7, 8, 9]
						},
						{
							"name": "legs",
							"origin": [-1, 0, -0.0005],
							"color": 1,
							"children": [10, 11]
						},
						{
							"name": "arms",
							"origin": [2.59253, 8.72887, 8.9995],
							"color": 1,
							"children": [12, 13]
						}
					]
				}
			]
		}
	]
}