{
	"credit": "Made by Nog's Menagerie",
	"texture_size": [32, 32],
	"textures": {
		"0": "earthserver:figures/nm_figure_box_witch_texture",
		"2": "earthserver:figures/nm_figure_witch_texture",
		"particle": "earthserver:figures/nm_figure_box_witch_texture"
	},
	"elements": [
		{
			"name": "base",
			"from": [3, 0, 2.9995],
			"to": [13, 2, 12.9995],
			"rotation": {"angle": 0, "axis": "y", "origin": [1, 0, -0.0005]},
			"faces": {
				"north": {"uv": [0, 9, 2.5, 9.5], "texture": "#0"},
				"east": {"uv": [2.5, 9, 5, 9.5], "texture": "#0"},
				"south": {"uv": [0, 9.5, 2.5, 10], "texture": "#0"},
				"west": {"uv": [2.5, 9.5, 5, 10], "texture": "#0"},
				"up": {"uv": [7.5, 8.5, 5, 6], "texture": "#0"},
				"down": {"uv": [10, 0, 7.5, 2.5], "texture": "#0"}
			}
		},
		{
			"name": "back",
			"from": [3, 2, 12.9985],
			"to": [13, 14, 12.9985],
			"rotation": {"angle": 0, "axis": "y", "origin": [3, 0, -2.0015]},
			"faces": {
				"north": {"uv": [0, 0, 2.5, 3], "texture": "#0"},
				"east": {"uv": [0, 0, 0, 3], "texture": "#0"},
				"south": {"uv": [2.5, 0, 5, 3], "texture": "#0"},
				"west": {"uv": [0, 0, 0, 3], "texture": "#0"},
				"up": {"uv": [2.5, 0, 0, 0], "texture": "#0"},
				"down": {"uv": [2.5, 0, 0, 0], "texture": "#0"}
			}
		},
		{
			"name": "front",
			"from": [3, 2, 3.0005],
			"to": [13, 14, 3.0005],
			"rotation": {"angle": 0, "axis": "y", "origin": [3, 0, 18.0005]},
			"faces": {
				"north": {"uv": [0, 3, 2.5, 6], "texture": "#0"},
				"east": {"uv": [0, 0, 0, 3], "texture": "#0"},
				"south": {"uv": [2.5, 3, 5, 6], "texture": "#0"},
				"west": {"uv": [0, 0, 0, 3], "texture": "#0"},
				"up": {"uv": [2.5, 0, 0, 0], "texture": "#0"},
				"down": {"uv": [2.5, 0, 0, 0], "texture": "#0"}
			}
		},
		{
			"name": "clearside",
			"from": [3, 2, 2.9995],
			"to": [3, 14, 12.9995],
			"rotation": {"angle": 0, "axis": "y", "origin": [3, 0, -0.0005]},
			"faces": {
				"north": {"uv": [0, 0, 0, 3], "texture": "#0"},
				"east": {"uv": [5, 0, 7.5, 3], "texture": "#0"},
				"south": {"uv": [0, 0, 0, 3], "texture": "#0"},
				"west": {"uv": [5, 3, 7.5, 6], "texture": "#0"},
				"up": {"uv": [0, 2.5, 0, 0], "texture": "#0"},
				"down": {"uv": [0, 0, 0, 2.5], "texture": "#0"}
			}
		},
		{
			"name": "clearside",
			"from": [3, 14, 2.9995],
			"to": [13, 14, 12.9995],
			"rotation": {"angle": 0, "axis": "y", "origin": [3, 0, -0.0005]},
			"faces": {
				"north": {"uv": [0, 0, 2.5, 0], "texture": "#0"},
				"east": {"uv": [0, 0, 2.5, 0], "texture": "#0"},
				"south": {"uv": [0, 0, 2.5, 0], "texture": "#0"},
				"west": {"uv": [0, 0, 2.5, 0], "texture": "#0"},
				"up": {"uv": [10, 5, 7.5, 2.5], "texture": "#0"},
				"down": {"uv": [10, 5, 7.5, 7.5], "texture": "#0"}
			}
		},
		{
			"name": "clearside",
			"from": [13, 2, 2.9995],
			"to": [13, 14, 12.9995],
			"rotation": {"angle": 0, "axis": "y", "origin": [13, 0, -0.0005]},
			"faces": {
				"north": {"uv": [0, 0, 0, 3], "texture": "#0"},
				"east": {"uv": [0, 6, 2.5, 9], "texture": "#0"},
				"south": {"uv": [0, 0, 0, 3], "texture": "#0"},
				"west": {"uv": [2.5, 6, 5, 9], "texture": "#0"},
				"up": {"uv": [0, 2.5, 0, 0], "texture": "#0"},
				"down": {"uv": [0, 0, 0, 2.5], "texture": "#0"}
			}
		},
		{
			"name": "arm",
			"from": [4.5, 5.46789, 6.26029],
			"to": [5.5, 6.46789, 8.26029],
			"rotation": {"angle": -22.5, "axis": "x", "origin": [7, 6.29289, 7.58529]},
			"faces": {
				"north": {"uv": [3, 8, 3.5, 8.5], "texture": "#2"},
				"east": {"uv": [13, 11.5, 14, 12], "texture": "#2"},
				"south": {"uv": [4, 14.5, 4.5, 15], "texture": "#2"},
				"west": {"uv": [13, 12.5, 14, 13], "texture": "#2"},
				"up": {"uv": [6.5, 10, 6, 9], "texture": "#2"},
				"down": {"uv": [0.5, 13.5, 0, 14.5], "texture": "#2"}
			}
		},
		{
			"name": "arm",
			"from": [5.5, 5.46789, 6.26029],
			"to": [8.5, 6.46789, 7.26029],
			"rotation": {"angle": -22.5, "axis": "x", "origin": [7, 6.29289, 7.58529]},
			"faces": {
				"north": {"uv": [13, 6, 14.5, 6.5], "texture": "#2"},
				"east": {"uv": [14.5, 4.5, 15, 5], "texture": "#2"},
				"south": {"uv": [13, 8.5, 14.5, 9], "texture": "#2"},
				"west": {"uv": [5, 14.5, 5.5, 15], "texture": "#2"},
				"up": {"uv": [14.5, 10, 13, 9.5], "texture": "#2"},
				"down": {"uv": [12.5, 13, 11, 13.5], "texture": "#2"}
			}
		},
		{
			"name": "arm",
			"from": [8.5, 5.46789, 6.26029],
			"to": [9.5, 6.46789, 8.26029],
			"rotation": {"angle": -22.5, "axis": "x", "origin": [7, 6.29289, 7.58529]},
			"faces": {
				"north": {"uv": [6, 14.5, 6.5, 15], "texture": "#2"},
				"east": {"uv": [9.5, 13.5, 10.5, 14], "texture": "#2"},
				"south": {"uv": [7, 14.5, 7.5, 15], "texture": "#2"},
				"west": {"uv": [13.5, 10.5, 14.5, 11], "texture": "#2"},
				"up": {"uv": [13.5, 14.5, 13, 13.5], "texture": "#2"},
				"down": {"uv": [1.5, 14, 1, 15], "texture": "#2"}
			}
		},
		{
			"name": "torso",
			"from": [5.5, 4, 6.9995],
			"to": [8.5, 7, 8.9995],
			"rotation": {"angle": 0, "axis": "y", "origin": [0.5, -1, -0.0005]},
			"faces": {
				"north": {"uv": [1.5, 10.5, 3, 12], "texture": "#2"},
				"east": {"uv": [11.5, 8.5, 12.5, 10], "texture": "#2"},
				"south": {"uv": [3.5, 10.5, 5, 12], "texture": "#2"},
				"west": {"uv": [9.5, 11.5, 10.5, 13], "texture": "#2"},
				"up": {"uv": [12.5, 12.5, 11, 11.5], "texture": "#2"},
				"down": {"uv": [3, 12.5, 1.5, 13.5], "texture": "#2"}
			}
		},
		{
			"name": "head",
			"from": [4.5, 7, 5.4995],
			"to": [9.5, 11, 10.4995],
			"rotation": {"angle": 0, "axis": "y", "origin": [7.09567, 10, 7.9995]},
			"faces": {
				"north": {"uv": [7, 3, 9.5, 5], "texture": "#2"},
				"east": {"uv": [7, 5.5, 9.5, 7.5], "texture": "#2"},
				"south": {"uv": [0, 8, 2.5, 10], "texture": "#2"},
				"west": {"uv": [7, 8, 9.5, 10], "texture": "#2"},
				"up": {"uv": [6.5, 2.5, 4, 0], "texture": "#2"},
				"down": {"uv": [6.5, 3, 4, 5.5], "texture": "#2"}
			}
		},
		{
			"name": "head",
			"from": [3.5, 11, 4.4995],
			"to": [10.5, 12, 11.4995],
			"rotation": {"angle": 0, "axis": "y", "origin": [7.09567, 12, 7.9995]},
			"faces": {
				"north": {"uv": [5.5, 10.5, 9, 11], "texture": "#2"},
				"east": {"uv": [9.5, 10.5, 13, 11], "texture": "#2"},
				"south": {"uv": [5.5, 11.5, 9, 12], "texture": "#2"},
				"west": {"uv": [11.5, 7.5, 15, 8], "texture": "#2"},
				"up": {"uv": [3.5, 3.5, 0, 0], "texture": "#2"},
				"down": {"uv": [3.5, 4, 0, 7.5], "texture": "#2"}
			}
		},
		{
			"name": "head",
			"from": [4.525, 10.75, 5.7495],
			"to": [9.475, 12.75, 9.7495],
			"rotation": {"angle": 22.5, "axis": "x", "origin": [7, 11.75, 8.2495]},
			"faces": {
				"north": {"uv": [3, 9, 5.5, 10], "texture": "#2"},
				"east": {"uv": [10.5, 0, 12.5, 1], "texture": "#2"},
				"south": {"uv": [10, 1.5, 12.5, 2.5], "texture": "#2"},
				"west": {"uv": [10, 3, 12, 4], "texture": "#2"},
				"up": {"uv": [6.5, 8.5, 4, 6.5], "texture": "#2"},
				"down": {"uv": [9.5, 0, 7, 2.5], "texture": "#2"}
			}
		},
		{
			"name": "head",
			"from": [6.025, 11.63059, 6.32248],
			"to": [7.975, 13.63059, 11.32248],
			"rotation": {"angle": 0, "axis": "x", "origin": [7, 12.63059, 7.82248]},
			"faces": {
				"north": {"uv": [13, 0, 14, 1], "texture": "#2"},
				"east": {"uv": [10, 4.5, 12.5, 5.5], "texture": "#2"},
				"south": {"uv": [13, 1.5, 14, 2.5], "texture": "#2"},
				"west": {"uv": [10, 6, 12.5, 7], "texture": "#2"},
				"up": {"uv": [11, 10, 10, 7.5], "texture": "#2"},
				"down": {"uv": [1, 10.5, 0, 13], "texture": "#2"}
			}
		},
		{
			"name": "head",
			"from": [6, 6, 4.4995],
			"to": [8, 9, 6.4995],
			"rotation": {"angle": 0, "axis": "y", "origin": [7.09567, 10, 7.9995]},
			"faces": {
				"north": {"uv": [3.5, 12.5, 4.5, 14], "texture": "#2"},
				"east": {"uv": [5, 12.5, 6, 14], "texture": "#2"},
				"south": {"uv": [6.5, 12.5, 7.5, 14], "texture": "#2"},
				"west": {"uv": [8, 12.5, 9, 14], "texture": "#2"},
				"up": {"uv": [14, 4, 13, 3], "texture": "#2"},
				"down": {"uv": [14, 4.5, 13, 5.5], "texture": "#2"}
			}
		},
		{
			"from": [5.75, 2, 7.4995],
			"to": [6.75, 4, 8.4995],
			"rotation": {"angle": 0, "axis": "y", "origin": [2.5, -1, 0.4995]},
			"faces": {
				"north": {"uv": [2, 14, 2.5, 15], "texture": "#2"},
				"east": {"uv": [11, 14, 11.5, 15], "texture": "#2"},
				"south": {"uv": [12, 14, 12.5, 15], "texture": "#2"},
				"west": {"uv": [14, 13.5, 14.5, 14.5], "texture": "#2"},
				"up": {"uv": [8.5, 15, 8, 14.5], "texture": "#2"},
				"down": {"uv": [9.5, 14.5, 9, 15], "texture": "#2"}
			}
		},
		{
			"from": [7.25, 2, 7.4995],
			"to": [8.25, 4, 8.4995],
			"rotation": {"angle": 0, "axis": "y", "origin": [11.5, -1, 0.4995]},
			"faces": {
				"north": {"uv": [14.5, 0, 15, 1], "texture": "#2"},
				"east": {"uv": [14.5, 1.5, 15, 2.5], "texture": "#2"},
				"south": {"uv": [3, 14.5, 3.5, 15.5], "texture": "#2"},
				"west": {"uv": [14.5, 3, 15, 4], "texture": "#2"},
				"up": {"uv": [10.5, 15, 10, 14.5], "texture": "#2"},
				"down": {"uv": [15, 11.5, 14.5, 12], "texture": "#2"}
			}
		}
	],
	"gui_light": "front",
	"display": {
		"thirdperson_righthand": {
			"translation": [0, -1.25, -2.75],
			"scale": [0.55, 0.55, 0.55]
		},
		"thirdperson_lefthand": {
			"translation": [0, -1.25, -2.75],
			"scale": [0.55, 0.55, 0.55]
		},
		"firstperson_righthand": {
			"rotation": [0, 113, 5],
			"translation": [3.5, 5, 0],
			"scale": [0.73, 0.73, 0.73]
		},
		"firstperson_lefthand": {
			"rotation": [0, 113, 5],
			"translation": [3.5, 5, 0],
			"scale": [0.73, 0.73, 0.73]
		},
		"ground": {
			"translation": [0, 3, 0],
			"scale": [0.7, 0.7, 0.7]
		},
		"gui": {
			"rotation": [25, 151, 0],
			"translation": [0.25, 0.25, 0],
			"scale": [0.74, 0.74, 0.74]
		},
		"head": {
			"translation": [0, 13.5, 0],
			"scale": [0.89, 0.89, 0.89]
		},
		"fixed": {
			"rotation": [-90, 0, 0],
			"translation": [0, 0, -16],
			"scale": [2, 2, 2]
		}
	},
	"groups": [
		{
			"name": "base",
			"origin": [7, 8, 7.9995],
			"color": 0,
			"children": [
				{
					"name": "box",
					"origin": [-1, 0, -0.0005],
					"color": 0,
					"children": [0, 1, 2, 3, 4, 5]
				},
				{
					"name": "figure",
					"origin": [-1, 0, -0.0005],
					"color": 1,
					"children": [
						{
							"name": "arms",
							"origin": [2.59253, 8.72887, 8.9995],
							"color": 1,
							"children": [6, 7, 8]
						},
						9,
						{
							"name": "head",
							"origin": [5.59467, 11, 8.76853],
							"color": 1,
							"children": [10, 11, 12, 13, 14]
						},
						{
							"name": "legs",
							"origin": [-1, 0, -0.0005],
							"color": 1,
							"children": [15, 16]
						}
					]
				}
			]
		}
	]
}