{
	"credit": "Made by Nog's Menagerie",
	"texture_size": [32, 32],
	"textures": {
		"2": "earthserver:figures/nm_figure_box_wither_texture",
		"3": "earthserver:figures/nm_figure_wither_texture",
		"particle": "earthserver:figures/nm_figure_box_wither_texture"
	},
	"elements": [
		{
			"name": "base",
			"from": [3, 0, 2.9995],
			"to": [13, 2, 12.9995],
			"rotation": {"angle": 0, "axis": "y", "origin": [1, 0, -0.0005]},
			"faces": {
				"north": {"uv": [0, 9, 2.5, 9.5], "texture": "#2"},
				"east": {"uv": [2.5, 9, 5, 9.5], "texture": "#2"},
				"south": {"uv": [0, 9.5, 2.5, 10], "texture": "#2"},
				"west": {"uv": [2.5, 9.5, 5, 10], "texture": "#2"},
				"up": {"uv": [7.5, 8.5, 5, 6], "texture": "#2"},
				"down": {"uv": [10, 0, 7.5, 2.5], "texture": "#2"}
			}
		},
		{
			"name": "back",
			"from": [3, 2, 12.9985],
			"to": [13, 14, 12.9985],
			"rotation": {"angle": 0, "axis": "y", "origin": [3, 0, -2.0015]},
			"faces": {
				"north": {"uv": [0, 0, 2.5, 3], "texture": "#2"},
				"east": {"uv": [0, 0, 0, 3], "texture": "#2"},
				"south": {"uv": [2.5, 0, 5, 3], "texture": "#2"},
				"west": {"uv": [0, 0, 0, 3], "texture": "#2"},
				"up": {"uv": [2.5, 0, 0, 0], "texture": "#2"},
				"down": {"uv": [2.5, 0, 0, 0], "texture": "#2"}
			}
		},
		{
			"name": "front",
			"from": [3, 2, 3.0005],
			"to": [13, 14, 3.0005],
			"rotation": {"angle": 0, "axis": "y", "origin": [3, 0, 18.0005]},
			"faces": {
				"north": {"uv": [0, 3, 2.5, 6], "texture": "#2"},
				"east": {"uv": [0, 0, 0, 3], "texture": "#2"},
				"south": {"uv": [2.5, 3, 5, 6], "texture": "#2"},
				"west": {"uv": [0, 0, 0, 3], "texture": "#2"},
				"up": {"uv": [2.5, 0, 0, 0], "texture": "#2"},
				"down": {"uv": [2.5, 0, 0, 0], "texture": "#2"}
			}
		},
		{
			"name": "clearside",
			"from": [3, 2, 2.9995],
			"to": [3, 14, 12.9995],
			"rotation": {"angle": 0, "axis": "y", "origin": [3, 0, -0.0005]},
			"faces": {
				"north": {"uv": [0, 0, 0, 3], "texture": "#2"},
				"east": {"uv": [5, 0, 7.5, 3], "texture": "#2"},
				"south": {"uv": [0, 0, 0, 3], "texture": "#2"},
				"west": {"uv": [5, 3, 7.5, 6], "texture": "#2"},
				"up": {"uv": [0, 2.5, 0, 0], "texture": "#2"},
				"down": {"uv": [0, 0, 0, 2.5], "texture": "#2"}
			}
		},
		{
			"name": "clearside",
			"from": [3, 14, 2.9995],
			"to": [13, 14, 12.9995],
			"rotation": {"angle": 0, "axis": "y", "origin": [3, 0, -0.0005]},
			"faces": {
				"north": {"uv": [0, 0, 2.5, 0], "texture": "#2"},
				"east": {"uv": [0, 0, 2.5, 0], "texture": "#2"},
				"south": {"uv": [0, 0, 2.5, 0], "texture": "#2"},
				"west": {"uv": [0, 0, 2.5, 0], "texture": "#2"},
				"up": {"uv": [10, 5, 7.5, 2.5], "texture": "#2"},
				"down": {"uv": [10, 5, 7.5, 7.5], "texture": "#2"}
			}
		},
		{
			"name": "clearside",
			"from": [13, 2, 2.9995],
			"to": [13, 14, 12.9995],
			"rotation": {"angle": 0, "axis": "y", "origin": [13, 0, -0.0005]},
			"faces": {
				"north": {"uv": [0, 0, 0, 3], "texture": "#2"},
				"east": {"uv": [0, 6, 2.5, 9], "texture": "#2"},
				"south": {"uv": [0, 0, 0, 3], "texture": "#2"},
				"west": {"uv": [2.5, 6, 5, 9], "texture": "#2"},
				"up": {"uv": [0, 2.5, 0, 0], "texture": "#2"},
				"down": {"uv": [0, 0, 0, 2.5], "texture": "#2"}
			}
		},
		{
			"name": "torso",
			"from": [7, 4, 6.9995],
			"to": [9, 8, 8.9995],
			"rotation": {"angle": 0, "axis": "y", "origin": [1.5, -1, -0.0005]},
			"faces": {
				"north": {"uv": [4.5, 6, 5.5, 8], "texture": "#3"},
				"east": {"uv": [6, 4.5, 7, 6.5], "texture": "#3"},
				"south": {"uv": [6.5, 0, 7.5, 2], "texture": "#3"},
				"west": {"uv": [6.5, 2, 7.5, 4], "texture": "#3"},
				"up": {"uv": [8, 6.5, 7, 5.5], "texture": "#3"},
				"down": {"uv": [1, 7.5, 0, 8.5], "texture": "#3"}
			}
		},
		{
			"name": "torso",
			"from": [5, 6, 7.4995],
			"to": [7, 7, 8.4995],
			"rotation": {"angle": 0, "axis": "y", "origin": [-0.5, -1, -0.0005]},
			"faces": {
				"north": {"uv": [7.5, 2, 8.5, 2.5], "texture": "#3"},
				"east": {"uv": [1.5, 3, 2, 3.5], "texture": "#3"},
				"south": {"uv": [2.5, 7.5, 3.5, 8], "texture": "#3"},
				"west": {"uv": [1.5, 3.5, 2, 4], "texture": "#3"},
				"up": {"uv": [8.5, 3, 7.5, 2.5], "texture": "#3"},
				"down": {"uv": [8.5, 3, 7.5, 3.5], "texture": "#3"}
			}
		},
		{
			"name": "torso",
			"from": [5, 4, 7.4995],
			"to": [7, 5, 8.4995],
			"rotation": {"angle": 0, "axis": "y", "origin": [-0.5, -3, -0.0005]},
			"faces": {
				"north": {"uv": [3.5, 7.5, 4.5, 8], "texture": "#3"},
				"east": {"uv": [3, 4, 3.5, 4.5], "texture": "#3"},
				"south": {"uv": [7.5, 3.5, 8.5, 4], "texture": "#3"},
				"west": {"uv": [5.5, 6, 6, 6.5], "texture": "#3"},
				"up": {"uv": [8.5, 7, 7.5, 6.5], "texture": "#3"},
				"down": {"uv": [8.5, 7, 7.5, 7.5], "texture": "#3"}
			}
		},
		{
			"name": "torso",
			"from": [9, 4, 7.4995],
			"to": [11, 5, 8.4995],
			"rotation": {"angle": 0, "axis": "y", "origin": [3.5, -3, -0.0005]},
			"faces": {
				"north": {"uv": [7.5, 7.5, 8.5, 8], "texture": "#3"},
				"east": {"uv": [6.5, 4, 7, 4.5], "texture": "#3"},
				"south": {"uv": [2.5, 8, 3.5, 8.5], "texture": "#3"},
				"west": {"uv": [2.5, 7, 3, 7.5], "texture": "#3"},
				"up": {"uv": [4.5, 8.5, 3.5, 8], "texture": "#3"},
				"down": {"uv": [9, 4, 8, 4.5], "texture": "#3"}
			}
		},
		{
			"name": "torso",
			"from": [9, 6, 7.4995],
			"to": [11, 7, 8.4995],
			"rotation": {"angle": 0, "axis": "y", "origin": [3.5, -1, -0.0005]},
			"faces": {
				"north": {"uv": [4.5, 8, 5.5, 8.5], "texture": "#3"},
				"east": {"uv": [1, 7.5, 1.5, 8], "texture": "#3"},
				"south": {"uv": [8, 4.5, 9, 5], "texture": "#3"},
				"west": {"uv": [1, 8, 1.5, 8.5], "texture": "#3"},
				"up": {"uv": [9, 5.5, 8, 5], "texture": "#3"},
				"down": {"uv": [6.5, 8, 5.5, 8.5], "texture": "#3"}
			}
		},
		{
			"name": "torso",
			"from": [7.025, 2.14645, 7.76727],
			"to": [8.975, 5.14645, 9.76727],
			"rotation": {"angle": -45, "axis": "x", "origin": [8, 3.64645, 8.76727]},
			"faces": {
				"north": {"uv": [5.5, 6.5, 6.5, 8], "texture": "#3"},
				"east": {"uv": [6.5, 6.5, 7.5, 8], "texture": "#3"},
				"south": {"uv": [1.5, 7, 2.5, 8.5], "texture": "#3"},
				"west": {"uv": [7, 4, 8, 5.5], "texture": "#3"},
				"up": {"uv": [8.5, 1, 7.5, 0], "texture": "#3"},
				"down": {"uv": [8.5, 1, 7.5, 2], "texture": "#3"}
			}
		},
		{
			"name": "head",
			"from": [6.5, 8, 5.4995],
			"to": [9.5, 11, 9.4995],
			"rotation": {"angle": 0, "axis": "y", "origin": [8.09567, 11, 7.9995]},
			"faces": {
				"north": {"uv": [0, 3, 1.5, 4.5], "texture": "#3"},
				"east": {"uv": [0, 0, 2, 1.5], "texture": "#3"},
				"south": {"uv": [3.5, 0, 5, 1.5], "texture": "#3"},
				"west": {"uv": [0, 1.5, 2, 3], "texture": "#3"},
				"up": {"uv": [3.5, 2, 2, 0], "texture": "#3"},
				"down": {"uv": [3.5, 2, 2, 4], "texture": "#3"}
			}
		},
		{
			"name": "head",
			"from": [3.525, 7.5, 5.9995],
			"to": [6.525, 10.5, 8.9995],
			"rotation": {"angle": 22.5, "axis": "z", "origin": [5.025, 9, 7.4995]},
			"faces": {
				"north": {"uv": [3.5, 1.5, 5, 3], "texture": "#3"},
				"east": {"uv": [3.5, 3, 5, 4.5], "texture": "#3"},
				"south": {"uv": [1.5, 4, 3, 5.5], "texture": "#3"},
				"west": {"uv": [0, 4.5, 1.5, 6], "texture": "#3"},
				"up": {"uv": [4.5, 6, 3, 4.5], "texture": "#3"},
				"down": {"uv": [6, 4.5, 4.5, 6], "texture": "#3"}
			}
		},
		{
			"name": "head",
			"from": [9.475, 7.5, 5.9995],
			"to": [12.475, 10.5, 8.9995],
			"rotation": {"angle": -22.5, "axis": "z", "origin": [10.975, 9, 7.4995]},
			"faces": {
				"north": {"uv": [5, 0, 6.5, 1.5], "texture": "#3"},
				"east": {"uv": [5, 1.5, 6.5, 3], "texture": "#3"},
				"south": {"uv": [5, 3, 6.5, 4.5], "texture": "#3"},
				"west": {"uv": [1.5, 5.5, 3, 7], "texture": "#3"},
				"up": {"uv": [1.5, 7.5, 0, 6], "texture": "#3"},
				"down": {"uv": [4.5, 6, 3, 7.5], "texture": "#3"}
			}
		}
	],
	"gui_light": "front",
	"display": {
		"thirdperson_righthand": {
			"translation": [0, -1.25, -2.75],
			"scale": [0.55, 0.55, 0.55]
		},
		"thirdperson_lefthand": {
			"translation": [0, -1.25, -2.75],
			"scale": [0.55, 0.55, 0.55]
		},
		"firstperson_righthand": {
			"rotation": [0, 113, 5],
			"translation": [3.5, 5, 0],
			"scale": [0.73, 0.73, 0.73]
		},
		"firstperson_lefthand": {
			"rotation": [0, 113, 5],
			"translation": [3.5, 5, 0],
			"scale": [0.73, 0.73, 0.73]
		},
		"ground": {
			"translation": [0, 3, 0],
			"scale": [0.7, 0.7, 0.7]
		},
		"gui": {
			"rotation": [25, 151, 0],
			"translation": [0.25, 0.25, 0],
			"scale": [0.74, 0.74, 0.74]
		},
		"head": {
			"translation": [0, 13.5, 0],
			"scale": [0.89, 0.89, 0.89]
		},
		"fixed": {
			"rotation": [-90, 0, 0],
			"translation": [0, 0, -16],
			"scale": [2, 2, 2]
		}
	},
	"groups": [
		{
			"name": "base",
			"origin": [7, 8, 7.9995],
			"color": 0,
			"children": [
				{
					"name": "box",
					"origin": [-1, 0, -0.0005],
					"color": 0,
					"children": [0, 1, 2, 3, 4, 5]
				},
				{
					"name": "figure",
					"origin": [-1, 0, -0.0005],
					"color": 1,
					"children": [
						6,
						7,
						8,
						9,
						10,
						11,
						{
							"name": "head",
							"origin": [5.59467, 11, 8.76853],
							"color": 1,
							"children": [12, 13, 14]
						}
					]
				}
			]
		}
	]
}