{"credit":"MadewithBlockbench","texture_size":[64,64],"textures":{"0":"elitecreatures:stone_graveyer_weapon_set/stinegraveyer_01texture","2":"elitecreatures:stone_graveyer_weapon_set/stonegraveyer_animation_03_texture","particle":"elitecreatures:stone_graveyer_weapon_set/stinegraveyer_01texture"},"elements":[{"from":[7,22.2,9],"to":[9,30.2,11],"rotation":{"angle":45,"axis":"x","origin":[0,18,0]},"faces":{"north":{"uv":[6,3.5,6.5,5.5],"texture":"#0"},"east":{"uv":[6.25,0,6.75,2],"texture":"#0"},"south":{"uv":[6,3.5,6.5,5.5],"texture":"#0"},"west":{"uv":[6.25,0,6.75,2],"texture":"#0"},"up":{"uv":[7.75,0.5,7.25,1],"texture":"#0"},"down":{"uv":[7.75,0.5,7.25,1],"texture":"#0"}}},{"from":[7,-0.5,8],"to":[9,7.5,10],"rotation":{"angle":0,"axis":"y","origin":[0,-16,0]},"faces":{"north":{"uv":[6,3.5,6.5,5.5],"texture":"#0"},"east":{"uv":[6.25,0,6.75,2],"texture":"#0"},"south":{"uv":[6,3.5,6.5,5.5],"texture":"#0"},"west":{"uv":[6.25,0,6.75,2],"texture":"#0"},"up":{"uv":[7.75,0.5,7.25,1],"texture":"#0"},"down":{"uv":[7.75,0.5,7.25,1],"texture":"#0"}}},{"from":[7,-8.4,19],"to":[9,-0.4,21],"rotation":{"angle":-45,"axis":"x","origin":[0,-16,23]},"faces":{"north":{"uv":[6,3.5,6.5,5.5],"texture":"#0"},"east":{"uv":[6.25,2,6.75,0],"texture":"#0"},"south":{"uv":[6,3.5,6.5,5.5],"texture":"#0"},"west":{"uv":[6.25,2,6.75,0],"texture":"#0"},"up":{"uv":[7.75,0.5,7.25,1],"texture":"#0"},"down":{"uv":[7.75,0.5,7.25,1],"texture":"#0"}}},{"from":[8,11,3],"to":[8,15,8],"rotation":{"angle":-22.5,"axis":"x","origin":[0,6,16]},"faces":{"east":{"uv":[6.75,3,8,2],"texture":"#0"},"west":{"uv":[8,3,6.75,2],"texture":"#0"}}},{"from":[8,6,3.6],"to":[8,10,8.6],"rotation":{"angle":45,"axis":"x","origin":[0,6,16]},"faces":{"east":{"uv":[6.75,3,8,2],"texture":"#0"},"west":{"uv":[8,3,6.75,2],"texture":"#0"}}},{"from":[8,-0.5,-3],"to":[8,3.5,2],"rotation":{"angle":-45,"axis":"x","origin":[0,10,16]},"faces":{"east":{"uv":[6.75,2,8,3],"texture":"#0"},"west":{"uv":[8,2,6.75,3],"texture":"#0"}}},{"from":[8,12,2],"to":[8,16,7],"rotation":{"angle":45,"axis":"x","origin":[0,6,16]},"faces":{"east":{"uv":[6.75,3,8,2],"texture":"#0"},"west":{"uv":[8,3,6.75,2],"texture":"#0"}}},{"from":[8,-6,-4.8],"to":[8,-2,0.2],"rotation":{"angle":-45,"axis":"x","origin":[0,10,16]},"faces":{"east":{"uv":[6.75,2,8,3],"texture":"#0"},"west":{"uv":[8,2,6.75,3],"texture":"#0"}}},{"from":[7.5,17.5,7.45],"to":[8.5,19.5,8.45],"rotation":{"angle":22.5,"axis":"x","origin":[0,0,0]},"faces":{"north":{"uv":[10,6,10.25,6.5],"texture":"#0"},"east":{"uv":[10,6,10.25,6.5],"texture":"#0"},"south":{"uv":[10,6,10.25,6.5],"texture":"#0"},"west":{"uv":[10,6,10.25,6.5],"texture":"#0"},"up":{"uv":[10,6.5,10.25,6.75],"texture":"#0"},"down":{"uv":[10,6.5,10.25,6.75],"texture":"#0"}}},{"from":[7.5,-11.5,3.85],"to":[8.5,-9.5,4.85],"rotation":{"angle":-22.5,"axis":"x","origin":[0,16,0]},"faces":{"north":{"uv":[10,6.5,10.25,6],"texture":"#0"},"east":{"uv":[10,6.5,10.25,6],"texture":"#0"},"south":{"uv":[10,6.5,10.25,6],"texture":"#0"},"west":{"uv":[10,6.5,10.25,6],"texture":"#0"},"up":{"uv":[10,6.75,10.25,6.5],"texture":"#0"},"down":{"uv":[10,6.75,10.25,6.5],"texture":"#0"}}},{"from":[8,-7,8.5],"to":[8,-3,13.5],"rotation":{"angle":22.5,"axis":"x","origin":[0,16,16]},"faces":{"east":{"uv":[6.75,2,8,3],"texture":"#0"},"west":{"uv":[8,2,6.75,3],"texture":"#0"}}},{"from":[6,-2,4],"to":[10,0,12],"rotation":{"angle":45,"axis":"x","origin":[0,-4,8]},"faces":{"north":{"uv":[6.75,3,7.75,3.5],"texture":"#0"},"east":{"uv":[4.5,6.25,6.5,6.75],"texture":"#0"},"south":{"uv":[6.75,3,7.75,3.5],"texture":"#0"},"west":{"uv":[4.5,6.25,6.5,6.75],"texture":"#0"},"up":{"uv":[5.5,5.5,4.5,3.5],"texture":"#0"},"down":{"uv":[6.25,0,5.25,2],"texture":"#0"}}},{"from":[6,-8,4],"to":[10,-6,12],"rotation":{"angle":45,"axis":"x","origin":[0,-4,8]},"faces":{"north":{"uv":[6.75,3.5,7.75,3],"texture":"#0"},"east":{"uv":[4.5,6.75,6.5,6.25],"texture":"#0"},"south":{"uv":[6.75,3.5,7.75,3],"texture":"#0"},"west":{"uv":[4.5,6.75,6.5,6.25],"texture":"#0"},"up":{"uv":[6.25,2,5.25,0],"texture":"#0"},"down":{"uv":[5.5,3.5,4.5,5.5],"texture":"#0"}}},{"from":[7,9.5,2],"to":[9,12.5,5],"rotation":{"angle":0,"axis":"y","origin":[0,6,0]},"faces":{"north":{"uv":[2.5,7,3,7.75],"texture":"#0"},"east":{"uv":[0,7,0.75,7.75],"texture":"#0"},"south":{"uv":[2.5,7,3,7.75],"texture":"#0"},"west":{"uv":[0,7.75,0.75,7],"texture":"#0"},"up":{"uv":[3.5,7.75,3,7],"texture":"#0"},"down":{"uv":[3.5,7.75,3,7],"texture":"#0"}}},{"from":[7,13.5,-4.9],"to":[9,16.5,-1.9],"rotation":{"angle":45,"axis":"x","origin":[0,6,0]},"faces":{"north":{"uv":[2.5,7,3,7.75],"texture":"#0"},"east":{"uv":[0,7,0.75,7.75],"texture":"#0"},"south":{"uv":[2.5,7,3,7.75],"texture":"#0"},"west":{"uv":[0,7.75,0.75,7],"texture":"#0"},"up":{"uv":[3.5,7.75,3,7],"texture":"#0"},"down":{"uv":[3.5,7.75,3,7],"texture":"#0"}}},{"from":[7,-7,-11.3],"to":[9,-4,-8.3],"rotation":{"angle":-45,"axis":"x","origin":[0,10,0]},"faces":{"north":{"uv":[2.5,7.75,3,7],"texture":"#0"},"east":{"uv":[0,7.75,0.75,7],"texture":"#0"},"south":{"uv":[2.5,7.75,3,7],"texture":"#0"},"west":{"uv":[0,7,0.75,7.75],"texture":"#0"},"up":{"uv":[3.5,7,3,7.75],"texture":"#0"},"down":{"uv":[3.5,7,3,7.75],"texture":"#0"}}},{"from":[7,-5.5,2],"to":[9,-2.5,5],"rotation":{"angle":0,"axis":"y","origin":[0,16,0]},"faces":{"north":{"uv":[2.5,7.75,3,7],"texture":"#0"},"east":{"uv":[0,7.75,0.75,7],"texture":"#0"},"south":{"uv":[2.5,7.75,3,7],"texture":"#0"},"west":{"uv":[0,7,0.75,7.75],"texture":"#0"},"up":{"uv":[3.5,7,3,7.75],"texture":"#0"},"down":{"uv":[3.5,7,3,7.75],"texture":"#0"}}},{"from":[6,-6,4],"to":[10,-2,6],"rotation":{"angle":45,"axis":"x","origin":[0,-4,8]},"faces":{"north":{"uv":[6.5,3.5,7.5,4.5],"texture":"#0"},"east":{"uv":[1.5,7,2,8],"texture":"#0"},"south":{"uv":[6.5,4.5,7.5,5.5],"texture":"#0"},"west":{"uv":[1.5,7,2,8],"texture":"#0"}}},{"from":[6,-6,10],"to":[10,-2,12],"rotation":{"angle":45,"axis":"x","origin":[0,-4,8]},"faces":{"north":{"uv":[7.5,4.5,6.5,5.5],"texture":"#0"},"east":{"uv":[2,7,1.5,8],"texture":"#0"},"south":{"uv":[7.5,3.5,6.5,4.5],"texture":"#0"},"west":{"uv":[2,7,1.5,8],"texture":"#0"}}},{"from":[8,-6,6],"to":[8,-2,10],"rotation":{"angle":0,"axis":"y","origin":[0,-3,0]},"faces":{"east":{"uv":[16,0,0,16],"texture":"#2"},"west":{"uv":[0,0,16,16],"texture":"#2"}}},{"from":[6,13,4],"to":[10,15,12],"rotation":{"angle":45,"axis":"x","origin":[0,11,8]},"faces":{"north":{"uv":[6.75,3,7.75,3.5],"texture":"#0"},"east":{"uv":[4.5,6.25,6.5,6.75],"texture":"#0"},"south":{"uv":[6.75,3,7.75,3.5],"texture":"#0"},"west":{"uv":[4.5,6.25,6.5,6.75],"texture":"#0"},"up":{"uv":[5.5,5.5,4.5,3.5],"texture":"#0"},"down":{"uv":[6.25,0,5.25,2],"texture":"#0"}}},{"from":[6,9,4],"to":[10,13,6],"rotation":{"angle":45,"axis":"x","origin":[0,11,8]},"faces":{"north":{"uv":[6.5,3.5,7.5,4.5],"texture":"#0"},"east":{"uv":[1.5,7,2,8],"texture":"#0"},"south":{"uv":[6.5,4.5,7.5,5.5],"texture":"#0"},"west":{"uv":[1.5,7,2,8],"texture":"#0"}}},{"from":[6,7,4],"to":[10,9,12],"rotation":{"angle":45,"axis":"x","origin":[0,11,8]},"faces":{"north":{"uv":[6.75,3.5,7.75,3],"texture":"#0"},"east":{"uv":[4.5,6.75,6.5,6.25],"texture":"#0"},"south":{"uv":[6.75,3.5,7.75,3],"texture":"#0"},"west":{"uv":[4.5,6.75,6.5,6.25],"texture":"#0"},"up":{"uv":[6.25,2,5.25,0],"texture":"#0"},"down":{"uv":[5.5,3.5,4.5,5.5],"texture":"#0"}}},{"from":[8,9,6],"to":[8,13,10],"rotation":{"angle":0,"axis":"y","origin":[0,12,0]},"faces":{"east":{"uv":[16,0,0,16],"texture":"#2"},"west":{"uv":[0,0,16,16],"texture":"#2"}}},{"from":[6,9,10],"to":[10,13,12],"rotation":{"angle":45,"axis":"x","origin":[0,11,8]},"faces":{"north":{"uv":[7.5,4.5,6.5,5.5],"texture":"#0"},"east":{"uv":[2,7,1.5,8],"texture":"#0"},"south":{"uv":[7.5,3.5,6.5,4.5],"texture":"#0"},"west":{"uv":[2,7,1.5,8],"texture":"#0"}}},{"from":[7.1,19.5,15.7],"to":[8.9,22.5,18.7],"rotation":{"angle":0,"axis":"y","origin":[7,25.5,8]},"faces":{"north":{"uv":[8.25,6.25,8.7,7],"rotation":180,"texture":"#0"},"east":{"uv":[8.25,6.25,7.5,7],"rotation":270,"texture":"#0"},"south":{"uv":[8.25,6.25,8.7,7],"texture":"#0"},"west":{"uv":[7.5,6.25,8.25,7],"rotation":90,"texture":"#0"},"up":{"uv":[8.25,6.25,8.7,7],"rotation":180,"texture":"#0"},"down":{"uv":[8.25,6.25,8.7,7],"texture":"#0"}}},{"from":[7.1,18.5,17.7],"to":[8.9,21.5,20.7],"rotation":{"angle":45,"axis":"x","origin":[7,25.5,8]},"faces":{"north":{"uv":[8.25,6.25,8.7,7],"rotation":180,"texture":"#0"},"east":{"uv":[8.25,6.25,7.5,7],"rotation":270,"texture":"#0"},"south":{"uv":[8.25,6.25,8.7,7],"texture":"#0"},"west":{"uv":[7.5,6.25,8.25,7],"rotation":90,"texture":"#0"},"up":{"uv":[8.25,6.25,8.7,7],"rotation":180,"texture":"#0"},"down":{"uv":[8.25,6.25,8.7,7],"texture":"#0"}}},{"from":[7.1,-14.5,17.7],"to":[8.9,-11.5,20.7],"rotation":{"angle":-45,"axis":"x","origin":[7,-18.5,8]},"faces":{"north":{"uv":[8.25,7,8.7,6.25],"rotation":180,"texture":"#0"},"east":{"uv":[7.5,6.25,8.25,7],"rotation":270,"texture":"#0"},"south":{"uv":[8.25,7,8.7,6.25],"texture":"#0"},"west":{"uv":[8.25,6.25,7.5,7],"rotation":90,"texture":"#0"},"up":{"uv":[8.25,7,8.7,6.25],"texture":"#0"},"down":{"uv":[8.25,7,8.7,6.25],"rotation":180,"texture":"#0"}}},{"from":[6.5,30,8.5],"to":[9.5,32,11.5],"rotation":{"angle":45,"axis":"x","origin":[0,18,0]},"faces":{"north":{"uv":[7,7,7.75,7.5],"texture":"#0"},"east":{"uv":[7.25,0,8,0.5],"texture":"#0"},"south":{"uv":[7,7,7.75,7.5],"texture":"#0"},"west":{"uv":[7.25,0,8,0.5],"texture":"#0"},"up":{"uv":[1.5,7,0.75,7.75],"texture":"#0"},"down":{"uv":[1.5,7,0.75,7.75],"texture":"#0"}}},{"from":[5.5,30.5,9.5],"to":[6.5,31.5,10.5],"rotation":{"angle":45,"axis":"x","origin":[0,18,0]},"faces":{"north":{"uv":[5.25,2,5.5,2.25],"texture":"#0"},"east":{"uv":[5.25,2.25,5.5,2.5],"texture":"#0"},"south":{"uv":[5.5,2,5.25,2.25],"texture":"#0"},"west":{"uv":[5.25,2.25,5.5,2.5],"texture":"#0"},"up":{"uv":[5.5,2.5,5.25,2.75],"texture":"#0"},"down":{"uv":[5.5,2.5,5.25,2.75],"texture":"#0"}}},{"from":[7.5,30.5,7.5],"to":[8.5,31.5,8.5],"rotation":{"angle":45,"axis":"x","origin":[0,18,0]},"faces":{"north":{"uv":[5.5,2.75,5.25,3],"texture":"#0"},"east":{"uv":[5.25,3,5.5,3.25],"texture":"#0"},"south":{"uv":[5.5,2.75,5.25,3],"texture":"#0"},"west":{"uv":[5.5,3,5.25,3.25],"texture":"#0"},"up":{"uv":[5.5,3.5,5.25,3.25],"texture":"#0"},"down":{"uv":[5.5,3.5,5.25,3.25],"texture":"#0"}}},{"from":[9.5,30.5,9.5],"to":[10.5,31.5,10.5],"rotation":{"angle":45,"axis":"x","origin":[0,18,0]},"faces":{"north":{"uv":[5.5,2,5.25,2.25],"texture":"#0"},"east":{"uv":[5.5,2.25,5.25,2.5],"texture":"#0"},"south":{"uv":[5.25,2,5.5,2.25],"texture":"#0"},"west":{"uv":[5.5,2.25,5.25,2.5],"texture":"#0"},"up":{"uv":[5.25,2.5,5.5,2.75],"texture":"#0"},"down":{"uv":[5.25,2.5,5.5,2.75],"texture":"#0"}}},{"from":[7.1,-15.8,15.6],"to":[8.9,-12.8,18.6],"rotation":{"angle":0,"axis":"y","origin":[7,-9.5,8]},"faces":{"north":{"uv":[8.25,7,8.7,6.25],"rotation":180,"texture":"#0"},"east":{"uv":[7.5,6.25,8.25,7],"rotation":270,"texture":"#0"},"south":{"uv":[8.25,7,8.7,6.25],"texture":"#0"},"west":{"uv":[8.25,6.25,7.5,7],"rotation":90,"texture":"#0"},"up":{"uv":[8.25,7,8.7,6.25],"texture":"#0"},"down":{"uv":[8.25,7,8.7,6.25],"rotation":180,"texture":"#0"}}},{"from":[7.5,-14.5,14.7],"to":[8.5,-13.5,15.7],"rotation":{"angle":45,"axis":"x","origin":[0,-14,14]},"faces":{"north":{"uv":[5.5,3.25,5.25,3.5],"rotation":180,"texture":"#0"},"east":{"uv":[5.25,3.25,5.5,3],"rotation":90,"texture":"#0"},"south":{"uv":[5.5,3.25,5.25,3.5],"texture":"#0"},"west":{"uv":[5.5,3.25,5.25,3],"rotation":270,"texture":"#0"},"up":{"uv":[5.5,3,5.25,2.75],"texture":"#0"},"down":{"uv":[5.5,3,5.25,2.75],"rotation":180,"texture":"#0"}}},{"from":[5.5,-12.5,14.7],"to":[6.5,-11.5,15.7],"rotation":{"angle":45,"axis":"x","origin":[0,-14,14]},"faces":{"north":{"uv":[5.5,2.75,5.25,2.5],"rotation":180,"texture":"#0"},"east":{"uv":[5.25,2.5,5.5,2.25],"rotation":90,"texture":"#0"},"south":{"uv":[5.5,2.75,5.25,2.5],"texture":"#0"},"west":{"uv":[5.25,2.5,5.5,2.25],"rotation":270,"texture":"#0"},"up":{"uv":[5.5,2.25,5.25,2],"texture":"#0"},"down":{"uv":[5.25,2.25,5.5,2],"rotation":180,"texture":"#0"}}},{"from":[6.5,-13.5,14.2],"to":[9.5,-10.5,16.2],"rotation":{"angle":45,"axis":"x","origin":[0,-14,14]},"faces":{"north":{"uv":[1.5,7.75,0.75,7],"rotation":180,"texture":"#0"},"east":{"uv":[7.25,0.5,8,0],"rotation":90,"texture":"#0"},"south":{"uv":[1.5,7.75,0.75,7],"texture":"#0"},"west":{"uv":[7.25,0.5,8,0],"rotation":270,"texture":"#0"},"up":{"uv":[7,7.5,7.75,7],"texture":"#0"},"down":{"uv":[7,7.5,7.75,7],"rotation":180,"texture":"#0"}}},{"from":[9.5,-12.5,14.7],"to":[10.5,-11.5,15.7],"rotation":{"angle":45,"axis":"x","origin":[0,-14,14]},"faces":{"north":{"uv":[5.25,2.75,5.5,2.5],"rotation":180,"texture":"#0"},"east":{"uv":[5.5,2.5,5.25,2.25],"rotation":90,"texture":"#0"},"south":{"uv":[5.25,2.75,5.5,2.5],"texture":"#0"},"west":{"uv":[5.5,2.5,5.25,2.25],"rotation":270,"texture":"#0"},"up":{"uv":[5.25,2.25,5.5,2],"texture":"#0"},"down":{"uv":[5.5,2.25,5.25,2],"rotation":180,"texture":"#0"}}},{"from":[8,15.5,8.5],"to":[8,26.5,9],"rotation":{"angle":22.5,"axis":"x","origin":[0,2,0]},"faces":{"north":{"uv":[0,0,0,5],"texture":"#0"},"east":{"uv":[7,9.375,7.125,12.125],"texture":"#0"},"south":{"uv":[0,0,0,5],"texture":"#0"},"west":{"uv":[7,9.375,7.125,12.125],"texture":"#0"},"up":{"uv":[0,0,0,0.125],"texture":"#0"},"down":{"uv":[0,0,0,0.125],"texture":"#0"}}},{"from":[8,-14.5,16.5],"to":[8,-3.5,17],"rotation":{"angle":-22.5,"axis":"x","origin":[0,-13,17]},"faces":{"north":{"uv":[0,0,0,5],"texture":"#0"},"east":{"uv":[7,12.125,7.125,9.375],"texture":"#0"},"south":{"uv":[0,0,0,5],"texture":"#0"},"west":{"uv":[7,12.125,7.125,9.375],"texture":"#0"},"up":{"uv":[0,0,0,0.125],"texture":"#0"},"down":{"uv":[0,0,0,0.125],"texture":"#0"}}},{"from":[7.75,-15.5,17.5],"to":[8.25,3.5,18],"rotation":{"angle":0,"axis":"y","origin":[0,-14,19]},"faces":{"north":{"uv":[7.125,7.625,7.25,12.375],"texture":"#0"},"east":{"uv":[7.125,7.625,7.25,12.375],"texture":"#0"},"south":{"uv":[7.125,7.625,7.25,12.375],"texture":"#0"},"west":{"uv":[7.125,7.625,7.25,12.375],"texture":"#0"},"up":{"uv":[7.125,7.5,7.25,7.625],"texture":"#0"},"down":{"uv":[7.125,7.5,7.25,7.625],"texture":"#0"}}},{"from":[7.75,3.5,17.5],"to":[8.25,22.5,18],"rotation":{"angle":0,"axis":"y","origin":[0,30,19]},"faces":{"north":{"uv":[7.125,12.375,7.25,7.625],"texture":"#0"},"east":{"uv":[7.125,12.375,7.25,7.625],"texture":"#0"},"south":{"uv":[7.125,12.375,7.25,7.625],"texture":"#0"},"west":{"uv":[7.125,12.375,7.25,7.625],"texture":"#0"},"up":{"uv":[7.125,7.625,7.25,7.5],"texture":"#0"},"down":{"uv":[7.125,7.625,7.25,7.5],"texture":"#0"}}}],"gui_light":"front","display":{"thirdperson_righthand":{"translation":[0,1.5,1],"scale":[0.65,0.65,0.65]},"thirdperson_lefthand":{"translation":[0,1.5,1],"scale":[0.65,0.65,0.65]},"firstperson_righthand":{"translation":[-1,9.25,1],"scale":[0.35938,0.35938,0.35938]},"firstperson_lefthand":{"translation":[-1,9.25,1],"scale":[0.35938,0.35938,0.35938]},"ground":{"rotation":[-45,0,0],"translation":[0,11,0],"scale":[0.5,0.5,0.5]},"gui":{"rotation":[-90,135,-90],"translation":[-3.25,0.5,0],"scale":[0.44883,0.44883,0.44883]},"head":{"scale":[0,0,0]},"fixed":{"rotation":[0,90,0],"translation":[-2.5,10,-0.25],"scale":[1.8,1.8,1.8]}}}