{"credit":"MadewithBlockbench","texture_size":[64,64],"textures":{"0":"elitecreatures:stone_graveyer_weapon_set/stinegraveyer_01texture","2":"elitecreatures:stone_graveyer_weapon_set/stonegraveyer_animation_03_texture","particle":"elitecreatures:stone_graveyer_weapon_set/stinegraveyer_01texture"},"elements":[{"from":[7,-14,7],"to":[9,-6,9],"faces":{"north":{"uv":[6,3.5,6.5,5.5],"texture":"#0"},"east":{"uv":[6.25,0,6.75,2],"texture":"#0"},"south":{"uv":[6,3.5,6.5,5.5],"texture":"#0"},"west":{"uv":[6.25,0,6.75,2],"texture":"#0"},"up":{"uv":[7.75,0.5,7.25,1],"texture":"#0"},"down":{"uv":[7.75,0.5,7.25,1],"texture":"#0"}}},{"from":[7,-6,7],"to":[9,2,9],"faces":{"north":{"uv":[6,3.5,6.5,5.5],"texture":"#0"},"east":{"uv":[6.25,0,6.75,2],"texture":"#0"},"south":{"uv":[6,3.5,6.5,5.5],"texture":"#0"},"west":{"uv":[6.25,0,6.75,2],"texture":"#0"},"up":{"uv":[7.75,0.5,7.25,1],"texture":"#0"},"down":{"uv":[7.75,0.5,7.25,1],"texture":"#0"}}},{"from":[7,2,7],"to":[9,10,9],"faces":{"north":{"uv":[6,3.5,6.5,5.5],"texture":"#0"},"east":{"uv":[6.25,0,6.75,2],"texture":"#0"},"south":{"uv":[6,3.5,6.5,5.5],"texture":"#0"},"west":{"uv":[6.25,0,6.75,2],"texture":"#0"},"up":{"uv":[7.75,0.5,7.25,1],"texture":"#0"},"down":{"uv":[7.75,0.5,7.25,1],"texture":"#0"}}},{"from":[8,-15.5,7.5],"to":[8,-11.5,12.5],"faces":{"east":{"uv":[7.75,2,6.75,3],"texture":"#0"},"west":{"uv":[6.75,2,8,3],"texture":"#0"}}},{"from":[6.5,10,6.5],"to":[9.5,12,9.5],"faces":{"north":{"uv":[7,7,7.75,7.5],"texture":"#0"},"east":{"uv":[7.25,0,8,0.5],"texture":"#0"},"south":{"uv":[7,7,7.75,7.5],"texture":"#0"},"west":{"uv":[7.25,0,8,0.5],"texture":"#0"},"up":{"uv":[1.5,7,0.75,7.75],"texture":"#0"},"down":{"uv":[1.5,7,0.75,7.75],"texture":"#0"}}},{"from":[5.5,10.5,7.5],"to":[6.5,11.5,8.5],"faces":{"north":{"uv":[5.25,2,5.5,2.25],"texture":"#0"},"east":{"uv":[5.25,2.25,5.5,2.5],"texture":"#0"},"south":{"uv":[5.25,2,5.5,2.25],"texture":"#0"},"west":{"uv":[5.25,2.25,5.5,2.5],"texture":"#0"},"up":{"uv":[5.5,2.5,5.25,2.75],"texture":"#0"},"down":{"uv":[5.5,2.5,5.25,2.75],"texture":"#0"}}},{"from":[9.5,10.5,7.5],"to":[10.5,11.5,8.5],"rotation":{"angle":0,"axis":"y","origin":[16,0,0]},"faces":{"north":{"uv":[5.5,2,5.25,2.25],"texture":"#0"},"east":{"uv":[5.5,2.25,5.25,2.5],"texture":"#0"},"south":{"uv":[5.5,2,5.25,2.25],"texture":"#0"},"west":{"uv":[5.5,2.25,5.25,2.5],"texture":"#0"},"up":{"uv":[5.25,2.5,5.5,2.75],"texture":"#0"},"down":{"uv":[5.25,2.5,5.5,2.75],"texture":"#0"}}},{"from":[7.5,10.5,9.5],"to":[8.5,11.5,10.5],"faces":{"north":{"uv":[5.25,2.75,5.5,3],"texture":"#0"},"east":{"uv":[5.25,3,5.5,3.25],"texture":"#0"},"south":{"uv":[5.25,2.75,5.5,3],"texture":"#0"},"west":{"uv":[5.25,3,5.5,3.25],"texture":"#0"},"up":{"uv":[5.5,3.25,5.25,3.5],"texture":"#0"},"down":{"uv":[5.5,3.25,5.25,3.5],"texture":"#0"}}},{"from":[7.5,10.5,5.5],"to":[8.5,11.5,6.5],"rotation":{"angle":0,"axis":"y","origin":[0,0,16]},"faces":{"north":{"uv":[5.5,2.75,5.25,3],"texture":"#0"},"east":{"uv":[5.5,3,5.25,3.25],"texture":"#0"},"south":{"uv":[5.5,2.75,5.25,3],"texture":"#0"},"west":{"uv":[5.5,3,5.25,3.25],"texture":"#0"},"up":{"uv":[5.5,3.5,5.25,3.25],"texture":"#0"},"down":{"uv":[5.5,3.5,5.25,3.25],"texture":"#0"}}},{"from":[6.5,-16,6.5],"to":[9.5,-14,9.5],"faces":{"north":{"uv":[7,7,7.75,7.5],"texture":"#0"},"east":{"uv":[7.25,0,8,0.5],"texture":"#0"},"south":{"uv":[7,7,7.75,7.5],"texture":"#0"},"west":{"uv":[7.25,0,8,0.5],"texture":"#0"},"up":{"uv":[1.5,7,0.75,7.75],"texture":"#0"},"down":{"uv":[1.5,7,0.75,7.75],"texture":"#0"}}},{"from":[5.5,-15.5,7.5],"to":[6.5,-14.5,8.5],"faces":{"north":{"uv":[5.25,2,5.5,2.25],"texture":"#0"},"east":{"uv":[5.25,2.25,5.5,2.5],"texture":"#0"},"south":{"uv":[5.5,2,5.25,2.25],"texture":"#0"},"west":{"uv":[5.25,2.25,5.5,2.5],"texture":"#0"},"up":{"uv":[5.5,2.5,5.25,2.75],"texture":"#0"},"down":{"uv":[5.5,2.5,5.25,2.75],"texture":"#0"}}},{"from":[7.5,-15.5,5.5],"to":[8.5,-14.5,6.5],"rotation":{"angle":0,"axis":"y","origin":[0,0,16]},"faces":{"north":{"uv":[5.5,2.75,5.25,3],"texture":"#0"},"east":{"uv":[5.25,3,5.5,3.25],"texture":"#0"},"south":{"uv":[5.5,2.75,5.25,3],"texture":"#0"},"west":{"uv":[5.5,3,5.25,3.25],"texture":"#0"},"up":{"uv":[5.5,3.5,5.25,3.25],"texture":"#0"},"down":{"uv":[5.5,3.5,5.25,3.25],"texture":"#0"}}},{"from":[7.5,-15.5,9.5],"to":[8.5,-14.5,10.5],"faces":{"north":{"uv":[5.25,2.75,5.5,3],"texture":"#0"},"east":{"uv":[5.5,3,5.25,3.25],"texture":"#0"},"south":{"uv":[5.25,2.75,5.5,3],"texture":"#0"},"west":{"uv":[5.25,3,5.5,3.25],"texture":"#0"},"up":{"uv":[5.5,3.25,5.25,3.5],"texture":"#0"},"down":{"uv":[5.5,3.25,5.25,3.5],"texture":"#0"}}},{"from":[9.5,-15.5,7.5],"to":[10.5,-14.5,8.5],"rotation":{"angle":0,"axis":"y","origin":[16,0,0]},"faces":{"north":{"uv":[5.5,2,5.25,2.25],"texture":"#0"},"east":{"uv":[5.5,2.25,5.25,2.5],"texture":"#0"},"south":{"uv":[5.25,2,5.5,2.25],"texture":"#0"},"west":{"uv":[5.5,2.25,5.25,2.5],"texture":"#0"},"up":{"uv":[5.25,2.5,5.5,2.75],"texture":"#0"},"down":{"uv":[5.25,2.5,5.5,2.75],"texture":"#0"}}},{"from":[6.5,-9,6.5],"to":[9.5,-7,9.5],"faces":{"north":{"uv":[7,7,7.75,7.5],"texture":"#0"},"east":{"uv":[7.25,0,8,0.5],"texture":"#0"},"south":{"uv":[7,7,7.75,7.5],"texture":"#0"},"west":{"uv":[7.25,0,8,0.5],"texture":"#0"},"up":{"uv":[1.5,7,0.75,7.75],"texture":"#0"},"down":{"uv":[1.5,7,0.75,7.75],"texture":"#0"}}},{"from":[5.5,-8.5,7.5],"to":[6.5,-7.5,8.5],"faces":{"north":{"uv":[5.25,2,5.5,2.25],"texture":"#0"},"east":{"uv":[5.25,2.25,5.5,2.5],"texture":"#0"},"south":{"uv":[5.5,2,5.25,2.25],"texture":"#0"},"west":{"uv":[5.25,2.25,5.5,2.5],"texture":"#0"},"up":{"uv":[5.5,2.5,5.25,2.75],"texture":"#0"},"down":{"uv":[5.5,2.5,5.25,2.75],"texture":"#0"}}},{"from":[7.5,-8.5,5.5],"to":[8.5,-7.5,6.5],"rotation":{"angle":0,"axis":"y","origin":[0,0,16]},"faces":{"north":{"uv":[5.5,2.75,5.25,3],"texture":"#0"},"east":{"uv":[5.25,3,5.5,3.25],"texture":"#0"},"south":{"uv":[5.5,2.75,5.25,3],"texture":"#0"},"west":{"uv":[5.5,3,5.25,3.25],"texture":"#0"},"up":{"uv":[5.5,3.5,5.25,3.25],"texture":"#0"},"down":{"uv":[5.5,3.5,5.25,3.25],"texture":"#0"}}},{"from":[7.5,-8.5,9.5],"to":[8.5,-7.5,10.5],"faces":{"north":{"uv":[5.25,2.75,5.5,3],"texture":"#0"},"east":{"uv":[5.5,3,5.25,3.25],"texture":"#0"},"south":{"uv":[5.25,2.75,5.5,3],"texture":"#0"},"west":{"uv":[5.25,3,5.5,3.25],"texture":"#0"},"up":{"uv":[5.5,3.25,5.25,3.5],"texture":"#0"},"down":{"uv":[5.5,3.25,5.25,3.5],"texture":"#0"}}},{"from":[9.5,-8.5,7.5],"to":[10.5,-7.5,8.5],"rotation":{"angle":0,"axis":"y","origin":[16,0,0]},"faces":{"north":{"uv":[5.5,2,5.25,2.25],"texture":"#0"},"east":{"uv":[5.5,2.25,5.25,2.5],"texture":"#0"},"south":{"uv":[5.25,2,5.5,2.25],"texture":"#0"},"west":{"uv":[5.5,2.25,5.25,2.5],"texture":"#0"},"up":{"uv":[5.25,2.5,5.5,2.75],"texture":"#0"},"down":{"uv":[5.25,2.5,5.5,2.75],"texture":"#0"}}},{"from":[7.5,6.5,9.5],"to":[8.5,7.5,10.5],"faces":{"north":{"uv":[5.25,2.75,5.5,3],"texture":"#0"},"east":{"uv":[5.5,3,5.25,3.25],"texture":"#0"},"south":{"uv":[5.25,2.75,5.5,3],"texture":"#0"},"west":{"uv":[5.25,3,5.5,3.25],"texture":"#0"},"up":{"uv":[5.5,3.25,5.25,3.5],"texture":"#0"},"down":{"uv":[5.5,3.25,5.25,3.5],"texture":"#0"}}},{"from":[7.5,6.5,5.5],"to":[8.5,7.5,6.5],"rotation":{"angle":0,"axis":"y","origin":[0,0,16]},"faces":{"north":{"uv":[5.5,2.75,5.25,3],"texture":"#0"},"east":{"uv":[5.25,3,5.5,3.25],"texture":"#0"},"south":{"uv":[5.5,2.75,5.25,3],"texture":"#0"},"west":{"uv":[5.5,3,5.25,3.25],"texture":"#0"},"up":{"uv":[5.5,3.5,5.25,3.25],"texture":"#0"},"down":{"uv":[5.5,3.5,5.25,3.25],"texture":"#0"}}},{"from":[5.5,6.5,7.5],"to":[6.5,7.5,8.5],"faces":{"north":{"uv":[5.25,2,5.5,2.25],"texture":"#0"},"east":{"uv":[5.25,2.25,5.5,2.5],"texture":"#0"},"south":{"uv":[5.5,2,5.25,2.25],"texture":"#0"},"west":{"uv":[5.25,2.25,5.5,2.5],"texture":"#0"},"up":{"uv":[5.5,2.5,5.25,2.75],"texture":"#0"},"down":{"uv":[5.5,2.5,5.25,2.75],"texture":"#0"}}},{"from":[6.5,6,6.5],"to":[9.5,8,9.5],"faces":{"north":{"uv":[7,7,7.75,7.5],"texture":"#0"},"east":{"uv":[7.25,0,8,0.5],"texture":"#0"},"south":{"uv":[7,7,7.75,7.5],"texture":"#0"},"west":{"uv":[7.25,0,8,0.5],"texture":"#0"},"up":{"uv":[1.5,7,0.75,7.75],"texture":"#0"},"down":{"uv":[1.5,7,0.75,7.75],"texture":"#0"}}},{"from":[9.5,6.5,7.5],"to":[10.5,7.5,8.5],"rotation":{"angle":0,"axis":"y","origin":[16,0,0]},"faces":{"north":{"uv":[5.5,2,5.25,2.25],"texture":"#0"},"east":{"uv":[5.5,2.25,5.25,2.5],"texture":"#0"},"south":{"uv":[5.25,2,5.5,2.25],"texture":"#0"},"west":{"uv":[5.5,2.25,5.25,2.5],"texture":"#0"},"up":{"uv":[5.25,2.5,5.5,2.75],"texture":"#0"},"down":{"uv":[5.25,2.5,5.5,2.75],"texture":"#0"}}},{"from":[6,17,4],"to":[10,19,12],"rotation":{"angle":-45,"axis":"x","origin":[0,15,8]},"faces":{"north":{"uv":[6.75,3,7.75,3.5],"texture":"#0"},"east":{"uv":[4.5,6.25,6.5,6.75],"texture":"#0"},"south":{"uv":[6.75,3,7.75,3.5],"texture":"#0"},"west":{"uv":[4.5,6.25,6.5,6.75],"texture":"#0"},"up":{"uv":[5.5,5.5,4.5,3.5],"texture":"#0"},"down":{"uv":[6.25,0,5.25,2],"texture":"#0"}}},{"from":[6,11,4],"to":[10,13,12],"rotation":{"angle":-45,"axis":"x","origin":[0,15,8]},"faces":{"north":{"uv":[6.75,3.5,7.75,3],"texture":"#0"},"east":{"uv":[4.5,6.75,6.5,6.25],"texture":"#0"},"south":{"uv":[6.75,3.5,7.75,3],"texture":"#0"},"west":{"uv":[4.5,6.75,6.5,6.25],"texture":"#0"},"up":{"uv":[6.25,2,5.25,0],"texture":"#0"},"down":{"uv":[5.5,3.5,4.5,5.5],"texture":"#0"}}},{"from":[7,19,5],"to":[9,20,11],"faces":{"north":{"uv":[7.25,1.5,7.75,1.75],"texture":"#0"},"east":{"uv":[7,6,8.5,6.25],"texture":"#0"},"south":{"uv":[7.25,1.5,7.75,1.75],"texture":"#0"},"west":{"uv":[7,6,8.5,6.25],"texture":"#0"},"up":{"uv":[6.5,8.25,6,6.75],"texture":"#0"},"down":{"uv":[6.5,8.25,6,6.75],"texture":"#0"}}},{"from":[7,18,5],"to":[9,19,11],"faces":{"north":{"uv":[7.25,1.5,7.75,1.75],"texture":"#0"},"east":{"uv":[7,6,8.5,6.25],"texture":"#0"},"south":{"uv":[7.25,1.5,7.75,1.75],"texture":"#0"},"west":{"uv":[7,6,8.5,6.25],"texture":"#0"},"up":{"uv":[6.5,8.25,6,6.75],"texture":"#0"},"down":{"uv":[6.5,8.25,6,6.75],"texture":"#0"}}},{"from":[7,20,4],"to":[9,22,12],"faces":{"north":{"uv":[7.25,1,7.75,1.5],"texture":"#0"},"east":{"uv":[6.5,5.5,8.5,6],"texture":"#0"},"south":{"uv":[7.25,1,7.75,1.5],"texture":"#0"},"west":{"uv":[6.5,5.5,8.5,6],"texture":"#0"},"up":{"uv":[7,8,6.5,6],"texture":"#0"},"down":{"uv":[7.25,0,6.75,2],"texture":"#0"}}},{"from":[7.1,20.5,7],"to":[8.9,23.5,10],"rotation":{"angle":45,"axis":"x","origin":[7,22.5,8]},"faces":{"north":{"uv":[8.25,6.25,8.7,7],"texture":"#0"},"east":{"uv":[7.5,6.25,8.25,7],"texture":"#0"},"south":{"uv":[8.25,6.25,8.7,7],"texture":"#0"},"west":{"uv":[7.5,6.25,8.25,7],"texture":"#0"},"up":{"uv":[8.25,6.25,8.7,7],"texture":"#0"},"down":{"uv":[8.25,6.25,8.7,7],"texture":"#0"}}},{"from":[6,13,4],"to":[10,17,6],"rotation":{"angle":-45,"axis":"x","origin":[0,15,8]},"faces":{"north":{"uv":[6.5,3.5,7.5,4.5],"texture":"#0"},"east":{"uv":[1.5,7,2,8],"texture":"#0"},"south":{"uv":[6.5,4.5,7.5,5.5],"texture":"#0"},"west":{"uv":[1.5,7,2,8],"texture":"#0"}}},{"from":[6,13,10],"to":[10,17,12],"rotation":{"angle":-45,"axis":"x","origin":[0,15,8]},"faces":{"north":{"uv":[7.5,4.5,6.5,5.5],"texture":"#0"},"east":{"uv":[2,7,1.5,8],"texture":"#0"},"south":{"uv":[7.5,3.5,6.5,4.5],"texture":"#0"},"west":{"uv":[2,7,1.5,8],"texture":"#0"}}},{"from":[8,13,6],"to":[8,17,10],"faces":{"east":{"uv":[16,0,0,16],"texture":"#2"},"west":{"uv":[0,0,16,16],"texture":"#2"}}},{"from":[8,12.5,12],"to":[8,17.5,16],"rotation":{"angle":-22.5,"axis":"x","origin":[0,16,0]},"faces":{"east":{"uv":[7.75,2,6.75,3],"rotation":90,"texture":"#0"},"west":{"uv":[6.75,2,8,3],"rotation":270,"texture":"#0"}}},{"from":[8,19,7.5],"to":[8,24,11.5],"rotation":{"angle":0,"axis":"y","origin":[0,16,0]},"faces":{"east":{"uv":[7.75,2,6.75,3],"rotation":90,"texture":"#0"},"west":{"uv":[6.75,3,8,2],"rotation":270,"texture":"#0"}}},{"from":[8,19,4.5],"to":[8,24,8.5],"rotation":{"angle":0,"axis":"y","origin":[0,16,16]},"faces":{"east":{"uv":[7.75,3,6.75,2],"rotation":90,"texture":"#0"},"west":{"uv":[6.75,2,8,3],"rotation":270,"texture":"#0"}}},{"from":[8,12.5,0],"to":[8,17.5,4],"rotation":{"angle":22.5,"axis":"x","origin":[0,16,16]},"faces":{"east":{"uv":[7.75,3,6.75,2],"rotation":90,"texture":"#0"},"west":{"uv":[6.75,3,8,2],"rotation":270,"texture":"#0"}}},{"from":[6.5,10,8.5],"to":[9.5,12,16.5],"rotation":{"angle":-22.5,"axis":"x","origin":[0,16,4]},"faces":{"north":{"uv":[9.25,4.5,10,4],"texture":"#0"},"east":{"uv":[7.5,5.5,9.5,5],"texture":"#0"},"south":{"uv":[9.25,4.5,10,4],"texture":"#0"},"west":{"uv":[7.5,5.5,9.5,5],"texture":"#0"},"up":{"uv":[9.75,4,10.5,2],"texture":"#0"},"down":{"uv":[9.75,2,10.5,0],"texture":"#0"}}},{"from":[6.5,10,-0.5],"to":[9.5,12,7.5],"rotation":{"angle":22.5,"axis":"x","origin":[0,16,12]},"faces":{"north":{"uv":[10,4.5,9.25,4],"texture":"#0"},"east":{"uv":[9.5,5.5,7.5,5],"texture":"#0"},"south":{"uv":[10,4.5,9.25,4],"texture":"#0"},"west":{"uv":[9.5,5.5,7.5,5],"texture":"#0"},"up":{"uv":[9.75,2,10.5,4],"texture":"#0"},"down":{"uv":[9.75,0,10.5,2],"texture":"#0"}}},{"from":[6.5,14,10.5],"to":[9.5,16,18.5],"rotation":{"angle":-22.5,"axis":"x","origin":[0,16,4]},"faces":{"north":{"uv":[9.25,4.5,10,4],"texture":"#0"},"east":{"uv":[7.5,5.5,9.5,5],"texture":"#0"},"south":{"uv":[9.25,4.5,10,4],"texture":"#0"},"west":{"uv":[7.5,5.5,9.5,5],"texture":"#0"},"up":{"uv":[9.75,4,10.5,2],"texture":"#0"},"down":{"uv":[9.75,2,10.5,0],"texture":"#0"}}},{"from":[7,15,18],"to":[9,18,21],"rotation":{"angle":-22.5,"axis":"x","origin":[0,0,16]},"faces":{"north":{"uv":[3,7,2.5,7.75],"texture":"#0"},"east":{"uv":[0.75,7,0,7.75],"texture":"#0"},"south":{"uv":[3,7,2.5,7.75],"texture":"#0"},"west":{"uv":[0.75,7.75,0,7],"texture":"#0"},"up":{"uv":[3.5,7,3,7.75],"texture":"#0"},"down":{"uv":[3.5,7,3,7.75],"texture":"#0"}}},{"from":[8,10.5,12.5],"to":[8,14.5,17.5],"rotation":{"angle":-22.5,"axis":"x","origin":[0,16,4]},"faces":{"east":{"uv":[8,3,6.75,2],"texture":"#0"},"west":{"uv":[6.75,3,8,2],"texture":"#0"}}},{"from":[7.5,9.5,12],"to":[8.5,10.5,13],"rotation":{"angle":-22.5,"axis":"x","origin":[0,16,4]},"faces":{"north":{"uv":[5.25,3,5.5,2.75],"texture":"#0"},"east":{"uv":[5.25,3.25,5.5,3],"texture":"#0"},"south":{"uv":[5.25,3,5.5,2.75],"texture":"#0"},"west":{"uv":[5.25,3.25,5.5,3],"texture":"#0"},"up":{"uv":[5.5,3.5,5.25,3.25],"texture":"#0"},"down":{"uv":[5.5,3.5,5.25,3.25],"texture":"#0"}}},{"from":[7.5,9.5,10.5],"to":[8.5,10.5,11.5],"rotation":{"angle":-22.5,"axis":"x","origin":[0,16,4]},"faces":{"north":{"uv":[5.25,3,5.5,2.75],"texture":"#0"},"east":{"uv":[5.25,3.25,5.5,3],"texture":"#0"},"south":{"uv":[5.25,3,5.5,2.75],"texture":"#0"},"west":{"uv":[5.25,3.25,5.5,3],"texture":"#0"},"up":{"uv":[5.5,3.5,5.25,3.25],"texture":"#0"},"down":{"uv":[5.5,3.5,5.25,3.25],"texture":"#0"}}},{"from":[7.5,9.5,9],"to":[8.5,10.5,10],"rotation":{"angle":-22.5,"axis":"x","origin":[0,16,4]},"faces":{"north":{"uv":[5.25,3,5.5,2.75],"texture":"#0"},"east":{"uv":[5.25,3.25,5.5,3],"texture":"#0"},"south":{"uv":[5.25,3,5.5,2.75],"texture":"#0"},"west":{"uv":[5.25,3.25,5.5,3],"texture":"#0"},"up":{"uv":[5.5,3.5,5.25,3.25],"texture":"#0"},"down":{"uv":[5.5,3.5,5.25,3.25],"texture":"#0"}}},{"from":[6.5,14,-2.5],"to":[9.5,16,5.5],"rotation":{"angle":22.5,"axis":"x","origin":[0,16,12]},"faces":{"north":{"uv":[10,4.5,9.25,4],"texture":"#0"},"east":{"uv":[9.5,5.5,7.5,5],"texture":"#0"},"south":{"uv":[10,4.5,9.25,4],"texture":"#0"},"west":{"uv":[9.5,5.5,7.5,5],"texture":"#0"},"up":{"uv":[9.75,2,10.5,4],"texture":"#0"},"down":{"uv":[9.75,0,10.5,2],"texture":"#0"}}},{"from":[7,15,-5],"to":[9,18,-2],"rotation":{"angle":22.5,"axis":"x","origin":[0,0,0]},"faces":{"north":{"uv":[2.5,7,3,7.75],"texture":"#0"},"east":{"uv":[0,7,0.75,7.75],"texture":"#0"},"south":{"uv":[2.5,7,3,7.75],"texture":"#0"},"west":{"uv":[0,7.75,0.75,7],"texture":"#0"},"up":{"uv":[3.5,7.75,3,7],"texture":"#0"},"down":{"uv":[3.5,7.75,3,7],"texture":"#0"}}},{"from":[8,10.5,-1.5],"to":[8,14.5,3.5],"rotation":{"angle":22.5,"axis":"x","origin":[0,16,12]},"faces":{"east":{"uv":[6.75,3,8,2],"texture":"#0"},"west":{"uv":[8,3,6.75,2],"texture":"#0"}}},{"from":[7.5,9.5,3],"to":[8.5,10.5,4],"rotation":{"angle":22.5,"axis":"x","origin":[0,16,12]},"faces":{"north":{"uv":[5.5,3,5.25,2.75],"texture":"#0"},"east":{"uv":[5.5,3.25,5.25,3],"texture":"#0"},"south":{"uv":[5.5,3,5.25,2.75],"texture":"#0"},"west":{"uv":[5.5,3.25,5.25,3],"texture":"#0"},"up":{"uv":[5.5,3.25,5.25,3.5],"texture":"#0"},"down":{"uv":[5.5,3.25,5.25,3.5],"texture":"#0"}}},{"from":[7.5,9.5,4.5],"to":[8.5,10.5,5.5],"rotation":{"angle":22.5,"axis":"x","origin":[0,16,12]},"faces":{"north":{"uv":[5.5,3,5.25,2.75],"texture":"#0"},"east":{"uv":[5.5,3.25,5.25,3],"texture":"#0"},"south":{"uv":[5.5,3,5.25,2.75],"texture":"#0"},"west":{"uv":[5.5,3.25,5.25,3],"texture":"#0"},"up":{"uv":[5.5,3.25,5.25,3.5],"texture":"#0"},"down":{"uv":[5.5,3.25,5.25,3.5],"texture":"#0"}}},{"from":[7.5,9.5,6],"to":[8.5,10.5,7],"rotation":{"angle":22.5,"axis":"x","origin":[0,16,12]},"faces":{"north":{"uv":[5.5,3,5.25,2.75],"texture":"#0"},"east":{"uv":[5.5,3.25,5.25,3],"texture":"#0"},"south":{"uv":[5.5,3,5.25,2.75],"texture":"#0"},"west":{"uv":[5.5,3.25,5.25,3],"texture":"#0"},"up":{"uv":[5.5,3.25,5.25,3.5],"texture":"#0"},"down":{"uv":[5.5,3.25,5.25,3.5],"texture":"#0"}}},{"from":[7,25,7],"to":[9,32,9],"faces":{"north":{"uv":[9.5,4.5,10,6.25],"texture":"#0"},"east":{"uv":[9.5,4.5,10,6.25],"texture":"#0"},"south":{"uv":[9.5,4.5,10,6.25],"texture":"#0"},"west":{"uv":[9.5,4.5,10,6.25],"texture":"#0"},"up":{"uv":[8.75,6.25,9.25,6.75],"texture":"#0"},"down":{"uv":[8.75,6.25,9.25,6.75],"texture":"#0"}}},{"from":[6.5,27,6.5],"to":[9.5,30,9.5],"rotation":{"angle":0,"axis":"y","origin":[0,0.5,0]},"faces":{"north":{"uv":[8.5,5.5,9.25,6.25],"texture":"#0"},"east":{"uv":[8.5,5.5,9.25,6.25],"texture":"#0"},"south":{"uv":[8.5,5.5,9.25,6.25],"texture":"#0"},"west":{"uv":[8.5,5.5,9.25,6.25],"texture":"#0"},"up":{"uv":[8.5,5.5,9.25,6.25],"texture":"#0"},"down":{"uv":[8.5,5.5,9.25,6.25],"texture":"#0"}}}],"gui_light":"front","display":{"thirdperson_righthand":{"translation":[0,11.5,1.75],"scale":[0.7,0.7,0.7]},"thirdperson_lefthand":{"translation":[0,11.5,1.75],"scale":[0.7,0.7,0.7]},"firstperson_righthand":{"translation":[-1,4.75,1],"scale":[0.38086,0.38086,0.38086]},"firstperson_lefthand":{"translation":[-1,4.75,1],"scale":[0.38086,0.38086,0.38086]},"ground":{"rotation":[-45,0,0],"translation":[0,11,0],"scale":[0.5,0.5,0.5]},"gui":{"rotation":[-90,-45,-90],"translation":[0.5,0,0],"scale":[0.40977,0.40977,0.40977]},"head":{"scale":[0,0,0]},"fixed":{"rotation":[0,90,0],"translation":[-0.25,19.25,-0.25],"scale":[1.8,1.8,1.8]}}}