{"credit":"MadewithBlockbench","texture_size":[64,64],"textures":{"0":"elitecreatures:stone_graveyer_weapon_set/stinegraveyer_01texture","2":"elitecreatures:stone_graveyer_weapon_set/stonegraveyer_animation_03_texture","particle":"elitecreatures:stone_graveyer_weapon_set/stinegraveyer_01texture"},"elements":[{"from":[7,-14,7],"to":[9,-6,9],"faces":{"north":{"uv":[6,3.5,6.5,5.5],"texture":"#0"},"east":{"uv":[6.25,0,6.75,2],"texture":"#0"},"south":{"uv":[6,3.5,6.5,5.5],"texture":"#0"},"west":{"uv":[6.25,0,6.75,2],"texture":"#0"},"up":{"uv":[7.75,0.5,7.25,1],"texture":"#0"},"down":{"uv":[7.75,0.5,7.25,1],"texture":"#0"}}},{"from":[7,-6,7],"to":[9,2,9],"faces":{"north":{"uv":[6,3.5,6.5,5.5],"texture":"#0"},"east":{"uv":[6.25,0,6.75,2],"texture":"#0"},"south":{"uv":[6,3.5,6.5,5.5],"texture":"#0"},"west":{"uv":[6.25,0,6.75,2],"texture":"#0"},"up":{"uv":[7.75,0.5,7.25,1],"texture":"#0"},"down":{"uv":[7.75,0.5,7.25,1],"texture":"#0"}}},{"from":[8,-15.5,7.5],"to":[8,-11.5,12.5],"faces":{"east":{"uv":[7.75,2,6.75,3],"texture":"#0"},"west":{"uv":[6.75,2,8,3],"texture":"#0"}}},{"from":[6.5,-16,6.5],"to":[9.5,-14,9.5],"faces":{"north":{"uv":[7,7,7.75,7.5],"texture":"#0"},"east":{"uv":[7.25,0,8,0.5],"texture":"#0"},"south":{"uv":[7,7,7.75,7.5],"texture":"#0"},"west":{"uv":[7.25,0,8,0.5],"texture":"#0"},"up":{"uv":[1.5,7,0.75,7.75],"texture":"#0"},"down":{"uv":[1.5,7,0.75,7.75],"texture":"#0"}}},{"from":[5.5,-15.5,7.5],"to":[6.5,-14.5,8.5],"faces":{"north":{"uv":[5.25,2,5.5,2.25],"texture":"#0"},"east":{"uv":[5.25,2.25,5.5,2.5],"texture":"#0"},"south":{"uv":[5.5,2,5.25,2.25],"texture":"#0"},"west":{"uv":[5.25,2.25,5.5,2.5],"texture":"#0"},"up":{"uv":[5.5,2.5,5.25,2.75],"texture":"#0"},"down":{"uv":[5.5,2.5,5.25,2.75],"texture":"#0"}}},{"from":[7.5,-15.5,5.5],"to":[8.5,-14.5,6.5],"rotation":{"angle":0,"axis":"y","origin":[0,0,16]},"faces":{"north":{"uv":[5.5,2.75,5.25,3],"texture":"#0"},"east":{"uv":[5.25,3,5.5,3.25],"texture":"#0"},"south":{"uv":[5.5,2.75,5.25,3],"texture":"#0"},"west":{"uv":[5.5,3,5.25,3.25],"texture":"#0"},"up":{"uv":[5.5,3.5,5.25,3.25],"texture":"#0"},"down":{"uv":[5.5,3.5,5.25,3.25],"texture":"#0"}}},{"from":[7.5,-15.5,9.5],"to":[8.5,-14.5,10.5],"faces":{"north":{"uv":[5.25,2.75,5.5,3],"texture":"#0"},"east":{"uv":[5.5,3,5.25,3.25],"texture":"#0"},"south":{"uv":[5.25,2.75,5.5,3],"texture":"#0"},"west":{"uv":[5.25,3,5.5,3.25],"texture":"#0"},"up":{"uv":[5.5,3.25,5.25,3.5],"texture":"#0"},"down":{"uv":[5.5,3.25,5.25,3.5],"texture":"#0"}}},{"from":[9.5,-15.5,7.5],"to":[10.5,-14.5,8.5],"rotation":{"angle":0,"axis":"y","origin":[16,0,0]},"faces":{"north":{"uv":[5.5,2,5.25,2.25],"texture":"#0"},"east":{"uv":[5.5,2.25,5.25,2.5],"texture":"#0"},"south":{"uv":[5.25,2,5.5,2.25],"texture":"#0"},"west":{"uv":[5.5,2.25,5.25,2.5],"texture":"#0"},"up":{"uv":[5.25,2.5,5.5,2.75],"texture":"#0"},"down":{"uv":[5.25,2.5,5.5,2.75],"texture":"#0"}}},{"from":[6.5,0,6.5],"to":[9.5,2,9.5],"faces":{"north":{"uv":[7,7,7.75,7.5],"texture":"#0"},"east":{"uv":[7.25,0,8,0.5],"texture":"#0"},"south":{"uv":[7,7,7.75,7.5],"texture":"#0"},"west":{"uv":[7.25,0,8,0.5],"texture":"#0"},"up":{"uv":[1.5,7,0.75,7.75],"texture":"#0"},"down":{"uv":[1.5,7,0.75,7.75],"texture":"#0"}}},{"from":[7.5,0.5,9.5],"to":[8.5,1.5,10.5],"faces":{"north":{"uv":[5.25,2.75,5.5,3],"texture":"#0"},"east":{"uv":[5.5,3,5.25,3.25],"texture":"#0"},"south":{"uv":[5.25,2.75,5.5,3],"texture":"#0"},"west":{"uv":[5.25,3,5.5,3.25],"texture":"#0"},"up":{"uv":[5.5,3.25,5.25,3.5],"texture":"#0"},"down":{"uv":[5.5,3.25,5.25,3.5],"texture":"#0"}}},{"from":[5.5,0.5,7.5],"to":[6.5,1.5,8.5],"faces":{"north":{"uv":[5.25,2,5.5,2.25],"texture":"#0"},"east":{"uv":[5.25,2.25,5.5,2.5],"texture":"#0"},"south":{"uv":[5.5,2,5.25,2.25],"texture":"#0"},"west":{"uv":[5.25,2.25,5.5,2.5],"texture":"#0"},"up":{"uv":[5.5,2.5,5.25,2.75],"texture":"#0"},"down":{"uv":[5.5,2.5,5.25,2.75],"texture":"#0"}}},{"from":[7.5,0.5,5.5],"to":[8.5,1.5,6.5],"rotation":{"angle":0,"axis":"y","origin":[0,0,16]},"faces":{"north":{"uv":[5.5,2.75,5.25,3],"texture":"#0"},"east":{"uv":[5.25,3,5.5,3.25],"texture":"#0"},"south":{"uv":[5.5,2.75,5.25,3],"texture":"#0"},"west":{"uv":[5.5,3,5.25,3.25],"texture":"#0"},"up":{"uv":[5.5,3.5,5.25,3.25],"texture":"#0"},"down":{"uv":[5.5,3.5,5.25,3.25],"texture":"#0"}}},{"from":[9.5,0.5,7.5],"to":[10.5,1.5,8.5],"rotation":{"angle":0,"axis":"y","origin":[16,0,0]},"faces":{"north":{"uv":[5.5,2,5.25,2.25],"texture":"#0"},"east":{"uv":[5.5,2.25,5.25,2.5],"texture":"#0"},"south":{"uv":[5.25,2,5.5,2.25],"texture":"#0"},"west":{"uv":[5.5,2.25,5.25,2.5],"texture":"#0"},"up":{"uv":[5.25,2.5,5.5,2.75],"texture":"#0"},"down":{"uv":[5.25,2.5,5.5,2.75],"texture":"#0"}}},{"from":[7.5,10.5,9.5],"to":[8.5,11.5,10.5],"faces":{"north":{"uv":[5.25,2.75,5.5,3],"texture":"#0"},"east":{"uv":[5.5,3,5.25,3.25],"texture":"#0"},"south":{"uv":[5.25,2.75,5.5,3],"texture":"#0"},"west":{"uv":[5.25,3,5.5,3.25],"texture":"#0"},"up":{"uv":[5.5,3.25,5.25,3.5],"texture":"#0"},"down":{"uv":[5.5,3.25,5.25,3.5],"texture":"#0"}}},{"from":[7.5,11.5,7.5],"to":[8.5,12.5,8.5],"faces":{"north":{"uv":[5.25,2,5.5,2.25],"texture":"#0"},"east":{"uv":[5.25,2.25,5.5,2.5],"texture":"#0"},"south":{"uv":[5.5,2,5.25,2.25],"texture":"#0"},"west":{"uv":[5.25,2.25,5.5,2.5],"texture":"#0"},"up":{"uv":[5.5,2.5,5.25,2.75],"texture":"#0"},"down":{"uv":[5.5,2.5,5.25,2.75],"texture":"#0"}}},{"from":[7.5,10.5,5.5],"to":[8.5,11.5,6.5],"rotation":{"angle":0,"axis":"y","origin":[0,0,16]},"faces":{"north":{"uv":[5.5,2.75,5.25,3],"texture":"#0"},"east":{"uv":[5.25,3,5.5,3.25],"texture":"#0"},"south":{"uv":[5.5,2.75,5.25,3],"texture":"#0"},"west":{"uv":[5.5,3,5.25,3.25],"texture":"#0"},"up":{"uv":[5.5,3.5,5.25,3.25],"texture":"#0"},"down":{"uv":[5.5,3.5,5.25,3.25],"texture":"#0"}}},{"from":[9.5,10.5,7.5],"to":[10.5,11.5,8.5],"rotation":{"angle":0,"axis":"y","origin":[16,0,0]},"faces":{"north":{"uv":[5.5,2,5.25,2.25],"texture":"#0"},"east":{"uv":[5.5,2.25,5.25,2.5],"texture":"#0"},"south":{"uv":[5.25,2,5.5,2.25],"texture":"#0"},"west":{"uv":[5.5,2.25,5.25,2.5],"texture":"#0"},"up":{"uv":[5.25,2.5,5.5,2.75],"texture":"#0"},"down":{"uv":[5.25,2.5,5.5,2.75],"texture":"#0"}}},{"from":[6.5,10,6.5],"to":[9.5,12,9.5],"faces":{"north":{"uv":[7,7,7.75,7.5],"texture":"#0"},"east":{"uv":[7.25,0,8,0.5],"texture":"#0"},"south":{"uv":[7,7,7.75,7.5],"texture":"#0"},"west":{"uv":[7.25,0,8,0.5],"texture":"#0"},"up":{"uv":[1.5,7,0.75,7.75],"texture":"#0"},"down":{"uv":[1.5,7,0.75,7.75],"texture":"#0"}}},{"from":[6,8,4],"to":[10,10,12],"rotation":{"angle":45,"axis":"x","origin":[0,6,8]},"faces":{"north":{"uv":[6.75,3,7.75,3.5],"texture":"#0"},"east":{"uv":[4.5,6.25,6.5,6.75],"texture":"#0"},"south":{"uv":[6.75,3,7.75,3.5],"texture":"#0"},"west":{"uv":[4.5,6.25,6.5,6.75],"texture":"#0"},"up":{"uv":[5.5,5.5,4.5,3.5],"texture":"#0"},"down":{"uv":[6.25,0,5.25,2],"texture":"#0"}}},{"from":[6,2,4],"to":[10,4,12],"rotation":{"angle":45,"axis":"x","origin":[0,6,8]},"faces":{"north":{"uv":[6.75,3.5,7.75,3],"texture":"#0"},"east":{"uv":[4.5,6.75,6.5,6.25],"texture":"#0"},"south":{"uv":[6.75,3.5,7.75,3],"texture":"#0"},"west":{"uv":[4.5,6.75,6.5,6.25],"texture":"#0"},"up":{"uv":[6.25,2,5.25,0],"texture":"#0"},"down":{"uv":[5.5,3.5,4.5,5.5],"texture":"#0"}}},{"from":[7,3,4],"to":[9,9,5],"rotation":{"angle":0,"axis":"y","origin":[0,15,0]},"faces":{"north":{"uv":[6.5,8.25,6,6.75],"rotation":180,"texture":"#0"},"east":{"uv":[7,6,8.5,6.25],"rotation":90,"texture":"#0"},"south":{"uv":[6.5,8.25,6,6.75],"texture":"#0"},"west":{"uv":[7,6,8.5,6.25],"rotation":270,"texture":"#0"},"up":{"uv":[7.25,1.5,7.75,1.75],"texture":"#0"},"down":{"uv":[7.25,1.5,7.75,1.75],"rotation":180,"texture":"#0"}}},{"from":[7,2,2],"to":[9,10,4],"rotation":{"angle":0,"axis":"y","origin":[0,15,0]},"faces":{"north":{"uv":[7,8,6.5,6],"rotation":180,"texture":"#0"},"east":{"uv":[6.5,5.5,8.5,6],"rotation":90,"texture":"#0"},"south":{"uv":[7.25,0,6.75,2],"texture":"#0"},"west":{"uv":[6.5,5.5,8.5,6],"rotation":270,"texture":"#0"},"up":{"uv":[7.25,1,7.75,1.5],"texture":"#0"},"down":{"uv":[7.25,1,7.75,1.5],"rotation":180,"texture":"#0"}}},{"from":[6,4,4],"to":[10,8,6],"rotation":{"angle":45,"axis":"x","origin":[0,6,8]},"faces":{"north":{"uv":[6.5,3.5,7.5,4.5],"texture":"#0"},"east":{"uv":[1.5,7,2,8],"texture":"#0"},"south":{"uv":[6.5,4.5,7.5,5.5],"texture":"#0"},"west":{"uv":[1.5,7,2,8],"texture":"#0"}}},{"from":[6,4,10],"to":[10,8,12],"rotation":{"angle":45,"axis":"x","origin":[0,6,8]},"faces":{"north":{"uv":[7.5,4.5,6.5,5.5],"texture":"#0"},"east":{"uv":[2,7,1.5,8],"texture":"#0"},"south":{"uv":[7.5,3.5,6.5,4.5],"texture":"#0"},"west":{"uv":[2,7,1.5,8],"texture":"#0"}}},{"from":[8,4,6],"to":[8,8,10],"rotation":{"angle":0,"axis":"y","origin":[0,7,0]},"faces":{"east":{"uv":[16,0,0,16],"texture":"#2"},"west":{"uv":[0,0,16,16],"texture":"#2"}}},{"from":[7,3,11],"to":[9,9,12],"rotation":{"angle":0,"axis":"y","origin":[0,15,16]},"faces":{"north":{"uv":[6,8.25,6.5,6.75],"texture":"#0"},"east":{"uv":[7,6.25,8.5,6],"rotation":90,"texture":"#0"},"south":{"uv":[6,8.25,6.5,6.75],"rotation":180,"texture":"#0"},"west":{"uv":[7,6.25,8.5,6],"rotation":270,"texture":"#0"},"up":{"uv":[7.25,1.75,7.75,1.5],"texture":"#0"},"down":{"uv":[7.25,1.75,7.75,1.5],"rotation":180,"texture":"#0"}}},{"from":[8,2.5,-1.5],"to":[8,6.5,3.5],"rotation":{"angle":-45,"axis":"x","origin":[0,19,0]},"faces":{"east":{"uv":[8,2,6.75,3],"texture":"#0"},"west":{"uv":[6.75,2,8,3],"texture":"#0"}}},{"from":[8,2.5,12.5],"to":[8,6.5,17.5],"rotation":{"angle":45,"axis":"x","origin":[0,19,16]},"faces":{"east":{"uv":[6.75,2,8,3],"texture":"#0"},"west":{"uv":[8,2,6.75,3],"texture":"#0"}}},{"from":[7,2,12],"to":[9,10,14],"rotation":{"angle":0,"axis":"y","origin":[0,15,16]},"faces":{"north":{"uv":[6.75,0,7.25,2],"texture":"#0"},"east":{"uv":[6.5,6,8.5,5.5],"rotation":90,"texture":"#0"},"south":{"uv":[6.5,8,7,6],"rotation":180,"texture":"#0"},"west":{"uv":[6.5,6,8.5,5.5],"rotation":270,"texture":"#0"},"up":{"uv":[7.25,1.5,7.75,1],"texture":"#0"},"down":{"uv":[7.25,1.5,7.75,1],"rotation":180,"texture":"#0"}}},{"from":[5,1,-2],"to":[11,11,2],"faces":{"north":{"uv":[13,0,14.5,2.5],"texture":"#0"},"east":{"uv":[12,0,13,2.5],"texture":"#0"},"south":{"uv":[13,0,14.5,2.5],"texture":"#0"},"west":{"uv":[12,0,13,2.5],"texture":"#0"},"up":{"uv":[14.5,0,16,1],"texture":"#0"},"down":{"uv":[14.5,0,16,1],"texture":"#0"}}},{"from":[5,1,14],"to":[11,11,18],"rotation":{"angle":0,"axis":"y","origin":[0,0,16]},"faces":{"north":{"uv":[14.5,0,13,2.5],"texture":"#0"},"east":{"uv":[13,0,12,2.5],"texture":"#0"},"south":{"uv":[14.5,0,13,2.5],"texture":"#0"},"west":{"uv":[13,0,12,2.5],"texture":"#0"},"up":{"uv":[14.5,1,16,0],"texture":"#0"},"down":{"uv":[14.5,1,16,0],"texture":"#0"}}}],"gui_light":"front","display":{"thirdperson_righthand":{"translation":[0,11.25,1.5],"scale":[0.7,0.7,0.7]},"thirdperson_lefthand":{"translation":[0,11.25,1.5],"scale":[0.7,0.7,0.7]},"firstperson_righthand":{"translation":[-1,10,1],"scale":[0.47656,0.47656,0.47656]},"firstperson_lefthand":{"translation":[-1,10,1],"scale":[0.47656,0.47656,0.47656]},"ground":{"rotation":[-45,0,0],"translation":[0,11,0],"scale":[0.5,0.5,0.5]},"gui":{"rotation":[-90,-45,-90],"translation":[2.75,2.25,0],"scale":[0.525,0.525,0.525]},"head":{"scale":[0,0,0]},"fixed":{"rotation":[0,90,0],"translation":[-0.25,19.25,-0.25],"scale":[1.8,1.8,1.8]}}}