{"credit":"MadewithBlockbench","texture_size":[64,64],"textures":{"0":"elitecreatures:stone_graveyer_weapon_set/stinegraveyer_01texture","2":"elitecreatures:stone_graveyer_weapon_set/stonegraveyer_animation_03_texture","3":"elitecreatures:stone_graveyer_weapon_set/stonegraveyer_animation_01_texture","particle":"elitecreatures:stone_graveyer_weapon_set/stinegraveyer_01texture"},"elements":[{"from":[7,17,-1],"to":[9,25,1],"faces":{"north":{"uv":[6,3.5,6.5,5.5],"texture":"#0"},"east":{"uv":[6.25,0,6.75,2],"texture":"#0"},"south":{"uv":[6,3.5,6.5,5.5],"texture":"#0"},"west":{"uv":[6.25,0,6.75,2],"texture":"#0"},"up":{"uv":[7.75,0.5,7.25,1],"texture":"#0"},"down":{"uv":[7.75,0.5,7.25,1],"texture":"#0"}}},{"from":[7,17,15],"to":[9,25,17],"faces":{"north":{"uv":[6,3.5,6.5,5.5],"texture":"#0"},"east":{"uv":[6.25,0,6.75,2],"texture":"#0"},"south":{"uv":[6,3.5,6.5,5.5],"texture":"#0"},"west":{"uv":[6.25,0,6.75,2],"texture":"#0"},"up":{"uv":[7.75,0.5,7.25,1],"texture":"#0"},"down":{"uv":[7.75,0.5,7.25,1],"texture":"#0"}}},{"from":[8.2,19.5,11],"to":[8.2,24.5,15],"rotation":{"angle":0,"axis":"y","origin":[16,0,16]},"faces":{"east":{"uv":[6.75,2,8,3],"rotation":90,"texture":"#0"},"west":{"uv":[7.75,2,6.75,3],"rotation":270,"texture":"#0"}}},{"from":[8.2,19.5,1],"to":[8.2,24.5,5],"rotation":{"angle":0,"axis":"y","origin":[16,0,0]},"faces":{"east":{"uv":[6.75,3,8,2],"rotation":90,"texture":"#0"},"west":{"uv":[7.75,3,6.75,2],"rotation":270,"texture":"#0"}}},{"from":[7.8,19.5,1],"to":[7.8,24.5,5],"faces":{"east":{"uv":[7.75,2,6.75,3],"rotation":270,"texture":"#0"},"west":{"uv":[6.75,2,8,3],"rotation":90,"texture":"#0"}}},{"from":[7.8,19.5,11],"to":[7.8,24.5,15],"rotation":{"angle":0,"axis":"y","origin":[0,0,16]},"faces":{"east":{"uv":[7.75,3,6.75,2],"rotation":270,"texture":"#0"},"west":{"uv":[6.75,3,8,2],"rotation":90,"texture":"#0"}}},{"from":[8,18.5,-2.5],"to":[8,22.5,2.5],"rotation":{"angle":22.5,"axis":"x","origin":[0,26,16]},"faces":{"east":{"uv":[6.75,3,8,2],"texture":"#0"},"west":{"uv":[8,3,6.75,2],"texture":"#0"}}},{"from":[8,18.5,13.5],"to":[8,22.5,18.5],"rotation":{"angle":-22.5,"axis":"x","origin":[0,26,0]},"faces":{"east":{"uv":[8,3,6.75,2],"texture":"#0"},"west":{"uv":[6.75,3,8,2],"texture":"#0"}}},{"from":[8,21.5,9.5],"to":[8,25.5,14.5],"rotation":{"angle":-22.5,"axis":"x","origin":[0,26,0]},"faces":{"east":{"uv":[7.75,2,6.75,3],"texture":"#0"},"west":{"uv":[6.75,2,8,3],"texture":"#0"}}},{"from":[8,21.5,1.5],"to":[8,25.5,6.5],"rotation":{"angle":22.5,"axis":"x","origin":[0,26,16]},"faces":{"east":{"uv":[6.75,2,7.75,3],"texture":"#0"},"west":{"uv":[8,2,6.75,3],"texture":"#0"}}},{"from":[7.5,17.5,10],"to":[8.5,18.5,11],"rotation":{"angle":-22.5,"axis":"x","origin":[0,26,0]},"faces":{"north":{"uv":[5.25,2.75,5.5,3],"texture":"#0"},"east":{"uv":[5.25,3,5.5,3.25],"texture":"#0"},"south":{"uv":[5.25,2.75,5.5,3],"texture":"#0"},"west":{"uv":[5.25,3,5.5,3.25],"texture":"#0"},"up":{"uv":[5.5,3.25,5.25,3.5],"texture":"#0"},"down":{"uv":[5.5,3.25,5.25,3.5],"texture":"#0"}}},{"from":[7.5,16.5,15.5],"to":[8.5,17.5,16.5],"faces":{"north":{"uv":[5.25,2,5.5,2.25],"texture":"#0"},"east":{"uv":[5.25,2.25,5.5,2.5],"texture":"#0"},"south":{"uv":[5.5,2,5.25,2.25],"texture":"#0"},"west":{"uv":[5.25,2.25,5.5,2.5],"texture":"#0"},"up":{"uv":[5.5,2.5,5.25,2.75],"texture":"#0"},"down":{"uv":[5.5,2.5,5.25,2.75],"texture":"#0"}}},{"from":[7.5,16.5,-0.5],"to":[8.5,17.5,0.5],"rotation":{"angle":0,"axis":"y","origin":[0,0,16]},"faces":{"north":{"uv":[5.25,2,5.5,2.25],"texture":"#0"},"east":{"uv":[5.5,2.25,5.25,2.5],"texture":"#0"},"south":{"uv":[5.5,2,5.25,2.25],"texture":"#0"},"west":{"uv":[5.5,2.25,5.25,2.5],"texture":"#0"},"up":{"uv":[5.5,2.75,5.25,2.5],"texture":"#0"},"down":{"uv":[5.5,2.75,5.25,2.5],"texture":"#0"}}},{"from":[7.5,17.5,13],"to":[8.5,18.5,14],"rotation":{"angle":-22.5,"axis":"x","origin":[0,26,0]},"faces":{"north":{"uv":[5.25,2.75,5.5,3],"texture":"#0"},"east":{"uv":[5.25,3,5.5,3.25],"texture":"#0"},"south":{"uv":[5.25,2.75,5.5,3],"texture":"#0"},"west":{"uv":[5.25,3,5.5,3.25],"texture":"#0"},"up":{"uv":[5.5,3.25,5.25,3.5],"texture":"#0"},"down":{"uv":[5.5,3.25,5.25,3.5],"texture":"#0"}}},{"from":[7.5,17.5,11.5],"to":[8.5,18.5,12.5],"rotation":{"angle":-22.5,"axis":"x","origin":[0,26,0]},"faces":{"north":{"uv":[5.25,2.75,5.5,3],"texture":"#0"},"east":{"uv":[5.25,3,5.5,3.25],"texture":"#0"},"south":{"uv":[5.25,2.75,5.5,3],"texture":"#0"},"west":{"uv":[5.25,3,5.5,3.25],"texture":"#0"},"up":{"uv":[5.5,3.25,5.25,3.5],"texture":"#0"},"down":{"uv":[5.5,3.25,5.25,3.5],"texture":"#0"}}},{"from":[7.5,17.5,2],"to":[8.5,18.5,3],"rotation":{"angle":22.5,"axis":"x","origin":[0,26,16]},"faces":{"north":{"uv":[5.5,2.75,5.25,3],"texture":"#0"},"east":{"uv":[5.5,3,5.25,3.25],"texture":"#0"},"south":{"uv":[5.5,2.75,5.25,3],"texture":"#0"},"west":{"uv":[5.5,3,5.25,3.25],"texture":"#0"},"up":{"uv":[5.5,3.5,5.25,3.25],"texture":"#0"},"down":{"uv":[5.5,3.5,5.25,3.25],"texture":"#0"}}},{"from":[7.5,17.5,3.5],"to":[8.5,18.5,4.5],"rotation":{"angle":22.5,"axis":"x","origin":[0,26,16]},"faces":{"north":{"uv":[5.5,2.75,5.25,3],"texture":"#0"},"east":{"uv":[5.5,3,5.25,3.25],"texture":"#0"},"south":{"uv":[5.5,2.75,5.25,3],"texture":"#0"},"west":{"uv":[5.5,3,5.25,3.25],"texture":"#0"},"up":{"uv":[5.5,3.5,5.25,3.25],"texture":"#0"},"down":{"uv":[5.5,3.5,5.25,3.25],"texture":"#0"}}},{"from":[7.5,17.5,5],"to":[8.5,18.5,6],"rotation":{"angle":22.5,"axis":"x","origin":[0,26,16]},"faces":{"north":{"uv":[5.5,2.75,5.25,3],"texture":"#0"},"east":{"uv":[5.5,3,5.25,3.25],"texture":"#0"},"south":{"uv":[5.5,2.75,5.25,3],"texture":"#0"},"west":{"uv":[5.5,3,5.25,3.25],"texture":"#0"},"up":{"uv":[5.5,3.5,5.25,3.25],"texture":"#0"},"down":{"uv":[5.5,3.5,5.25,3.25],"texture":"#0"}}},{"from":[6,27,4],"to":[10,29,12],"rotation":{"angle":45,"axis":"x","origin":[0,25,8]},"faces":{"north":{"uv":[6.75,3,7.75,3.5],"texture":"#0"},"east":{"uv":[4.5,6.25,6.5,6.75],"texture":"#0"},"south":{"uv":[6.75,3,7.75,3.5],"texture":"#0"},"west":{"uv":[4.5,6.25,6.5,6.75],"texture":"#0"},"up":{"uv":[5.5,5.5,4.5,3.5],"texture":"#0"},"down":{"uv":[6.25,0,5.25,2],"texture":"#0"}}},{"from":[6,21,4],"to":[10,23,12],"rotation":{"angle":45,"axis":"x","origin":[0,25,8]},"faces":{"north":{"uv":[6.75,3.5,7.75,3],"texture":"#0"},"east":{"uv":[4.5,6.75,6.5,6.25],"texture":"#0"},"south":{"uv":[6.75,3.5,7.75,3],"texture":"#0"},"west":{"uv":[4.5,6.75,6.5,6.25],"texture":"#0"},"up":{"uv":[6.25,2,5.25,0],"texture":"#0"},"down":{"uv":[5.5,3.5,4.5,5.5],"texture":"#0"}}},{"from":[7,23.5,1],"to":[9,26.5,4],"rotation":{"angle":0,"axis":"y","origin":[0,26,0]},"faces":{"north":{"uv":[2.5,7,3,7.75],"texture":"#0"},"east":{"uv":[0,7,0.75,7.75],"texture":"#0"},"south":{"uv":[2.5,7,3,7.75],"texture":"#0"},"west":{"uv":[0,7.75,0.75,7],"texture":"#0"},"up":{"uv":[3.5,7.75,3,7],"texture":"#0"},"down":{"uv":[3.5,7.75,3,7],"texture":"#0"}}},{"from":[7,23.5,12],"to":[9,26.5,15],"rotation":{"angle":0,"axis":"y","origin":[0,26,16]},"faces":{"north":{"uv":[3,7,2.5,7.75],"texture":"#0"},"east":{"uv":[0.75,7,0,7.75],"texture":"#0"},"south":{"uv":[3,7,2.5,7.75],"texture":"#0"},"west":{"uv":[0.75,7.75,0,7],"texture":"#0"},"up":{"uv":[3.5,7,3,7.75],"texture":"#0"},"down":{"uv":[3.5,7,3,7.75],"texture":"#0"}}},{"from":[6,23,4],"to":[10,27,6],"rotation":{"angle":45,"axis":"x","origin":[0,25,8]},"faces":{"north":{"uv":[6.5,3.5,7.5,4.5],"texture":"#0"},"east":{"uv":[1.5,7,2,8],"texture":"#0"},"south":{"uv":[6.5,4.5,7.5,5.5],"texture":"#0"},"west":{"uv":[1.5,7,2,8],"texture":"#0"}}},{"from":[6,23,10],"to":[10,27,12],"rotation":{"angle":45,"axis":"x","origin":[0,25,8]},"faces":{"north":{"uv":[7.5,4.5,6.5,5.5],"texture":"#0"},"east":{"uv":[2,7,1.5,8],"texture":"#0"},"south":{"uv":[7.5,3.5,6.5,4.5],"texture":"#0"},"west":{"uv":[2,7,1.5,8],"texture":"#0"}}},{"from":[8,23,6],"to":[8,27,10],"rotation":{"angle":0,"axis":"y","origin":[0,26,0]},"faces":{"east":{"uv":[16,0,0,16],"texture":"#2"},"west":{"uv":[0,0,16,16],"texture":"#2"}}},{"from":[6.9,1,6],"to":[6.9,21,10],"faces":{"west":{"uv":[0,0,2,10],"texture":"#3"}}},{"from":[7.1,3,7],"to":[8.9,6,10],"rotation":{"angle":45,"axis":"x","origin":[7,5,8]},"faces":{"north":{"uv":[8.7,6.25,8.25,7],"texture":"#0"},"east":{"uv":[7.5,7,8.25,6.25],"texture":"#0"},"south":{"uv":[8.25,7,8.7,6.25],"texture":"#0"},"west":{"uv":[8.25,7,7.5,6.25],"texture":"#0"},"up":{"uv":[8.25,6.25,8.7,7],"texture":"#0"},"down":{"uv":[8.25,6.25,8.7,7],"texture":"#0"}}},{"from":[7.1,20,9],"to":[8.9,23,12],"rotation":{"angle":45,"axis":"x","origin":[7,22,10]},"faces":{"north":{"uv":[8.7,6.25,8.25,7],"texture":"#0"},"east":{"uv":[7.5,6.25,8.25,7],"texture":"#0"},"south":{"uv":[8.25,7,8.7,6.25],"texture":"#0"},"west":{"uv":[8.25,6.25,7.5,7],"texture":"#0"},"up":{"uv":[8.25,6.25,8.7,7],"texture":"#0"},"down":{"uv":[8.25,6.25,8.7,7],"texture":"#0"}}},{"from":[7.1,20,4],"to":[8.9,23,7],"rotation":{"angle":-45,"axis":"x","origin":[7,22,6]},"faces":{"north":{"uv":[8.7,7,8.25,6.25],"texture":"#0"},"east":{"uv":[8.25,6.25,7.5,7],"texture":"#0"},"south":{"uv":[8.25,6.25,8.7,7],"texture":"#0"},"west":{"uv":[7.5,6.25,8.25,7],"texture":"#0"},"up":{"uv":[8.25,7,8.7,6.25],"texture":"#0"},"down":{"uv":[8.25,7,8.7,6.25],"texture":"#0"}}},{"from":[9.1,2,6],"to":[9.1,22,10],"rotation":{"angle":0,"axis":"y","origin":[16,0,0]},"faces":{"east":{"uv":[2,0,0,10],"texture":"#3"}}},{"from":[6.5,18,8.5],"to":[9.5,20,16.5],"rotation":{"angle":-22.5,"axis":"x","origin":[0,26,0]},"faces":{"north":{"uv":[9.25,4,10,4.5],"texture":"#0"},"east":{"uv":[7.5,5,9.5,5.5],"texture":"#0"},"south":{"uv":[9.25,4,10,4.5],"texture":"#0"},"west":{"uv":[7.5,5,9.5,5.5],"texture":"#0"},"up":{"uv":[9.75,0,10.5,2],"texture":"#0"},"down":{"uv":[9.75,2,10.5,4],"texture":"#0"}}},{"from":[6.5,21,10.5],"to":[9.5,23,18.5],"rotation":{"angle":-22.5,"axis":"x","origin":[0,26,0]},"faces":{"north":{"uv":[9.25,4,10,4.5],"texture":"#0"},"east":{"uv":[7.5,5,9.5,5.5],"texture":"#0"},"south":{"uv":[9.25,4,10,4.5],"texture":"#0"},"west":{"uv":[7.5,5,9.5,5.5],"texture":"#0"},"up":{"uv":[9.75,0,10.5,2],"texture":"#0"},"down":{"uv":[9.75,2,10.5,4],"texture":"#0"}}},{"from":[6.5,21,-2.5],"to":[9.5,23,5.5],"rotation":{"angle":22.5,"axis":"x","origin":[0,26,16]},"faces":{"north":{"uv":[10,4,9.25,4.5],"texture":"#0"},"east":{"uv":[9.5,5,7.5,5.5],"texture":"#0"},"south":{"uv":[10,4,9.25,4.5],"texture":"#0"},"west":{"uv":[9.5,5,7.5,5.5],"texture":"#0"},"up":{"uv":[9.75,2,10.5,0],"texture":"#0"},"down":{"uv":[9.75,4,10.5,2],"texture":"#0"}}},{"from":[6.5,18,-0.5],"to":[9.5,20,7.5],"rotation":{"angle":22.5,"axis":"x","origin":[0,26,16]},"faces":{"north":{"uv":[10,4,9.25,4.5],"texture":"#0"},"east":{"uv":[9.5,5,7.5,5.5],"texture":"#0"},"south":{"uv":[10,4,9.25,4.5],"texture":"#0"},"west":{"uv":[9.5,5,7.5,5.5],"texture":"#0"},"up":{"uv":[9.75,2,10.5,0],"texture":"#0"},"down":{"uv":[9.75,4,10.5,2],"texture":"#0"}}},{"from":[7,4,6],"to":[9,20.4,10],"faces":{"north":{"uv":[11.5,0,11.75,4.1],"texture":"#0"},"east":{"uv":[10.5,0,11.5,4.1],"texture":"#0"},"south":{"uv":[11.5,0,12,4.1],"texture":"#0"},"west":{"uv":[10.5,0,11.5,4.1],"texture":"#0"},"up":{"uv":[10,4,10.5,5],"texture":"#0"},"down":{"uv":[10,4,10.5,5],"texture":"#0"}}},{"from":[8,3,0],"to":[8,23,16],"faces":{"north":{"uv":[0,0,0,5],"texture":"#missing"},"east":{"uv":[12,11,16,16],"texture":"#0"},"south":{"uv":[0,0,0,5],"texture":"#missing"},"west":{"uv":[12,11,16,16],"texture":"#0"},"up":{"uv":[0,0,0,4],"texture":"#missing"},"down":{"uv":[0,0,0,4],"texture":"#missing"}}}],"gui_light":"front","display":{"thirdperson_righthand":{"translation":[2.75,-8.75,2.25],"scale":[0.8,0.8,0.8]},"thirdperson_lefthand":{"translation":[2.75,-8.75,2.25],"scale":[0.8,0.8,0.8]},"firstperson_righthand":{"rotation":[0,90,0],"translation":[-3.5,-3.5,2.25],"scale":[0.50977,0.50977,0.50977]},"firstperson_lefthand":{"rotation":[0,90,0],"translation":[-3.5,-3.5,2.25],"scale":[0.50977,0.50977,0.50977]},"ground":{"translation":[0,11,0],"scale":[0.5,0.5,0.5]},"gui":{"rotation":[-90,-90,-90],"translation":[0,-4.75,0],"scale":[0.53477,0.53477,0.53477]},"head":{"scale":[0,0,0]},"fixed":{"rotation":[0,90,0],"translation":[-0.25,-21.25,-2],"scale":[2,2,2]}}}