{"credit":"MadewithBlockbench","texture_size":[64,64],"textures":{"0":"elitecreatures:stone_graveyer_weapon_set/stinegraveyer_01texture","2":"elitecreatures:stone_graveyer_weapon_set/stonegraveyer_animation_03_texture","4":"elitecreatures:stone_graveyer_weapon_set/stonegravever_02texture","particle":"elitecreatures:stone_graveyer_weapon_set/stinegraveyer_01texture"},"elements":[{"from":[0,0,0],"to":[16,4,16],"faces":{"north":{"uv":[1.25,9,5.25,10],"texture":"#4"},"east":{"uv":[9,2,13,3],"texture":"#4"},"south":{"uv":[1.25,9,5.25,10],"texture":"#4"},"west":{"uv":[9,2,13,3],"texture":"#4"},"up":{"uv":[9,4,5,0],"texture":"#4"},"down":{"uv":[9,4,5,0],"texture":"#4"}}},{"from":[13,4,0],"to":[16,8,16],"faces":{"north":{"uv":[2,10,2.75,11],"texture":"#4"},"east":{"uv":[9,3,13,4],"texture":"#4"},"south":{"uv":[2,10,2.75,11],"texture":"#4"},"west":{"uv":[9,3,13,4],"texture":"#4"}}},{"from":[0,4,0],"to":[3,8,16],"rotation":{"angle":0,"axis":"y","origin":[16,0,0]},"faces":{"north":{"uv":[2.75,10,2,11],"texture":"#4"},"east":{"uv":[13,3,9,4],"texture":"#4"},"south":{"uv":[2.75,10,2,11],"texture":"#4"},"west":{"uv":[13,3,9,4],"texture":"#4"}}},{"from":[3,3,1],"to":[13,17,15],"faces":{"north":{"uv":[10.75,4,13.25,7.5],"texture":"#4"},"south":{"uv":[10.75,4,13.25,7.5],"texture":"#4"},"up":{"uv":[7.5,7.5,5,4],"texture":"#4"},"down":{"uv":[7.5,7.5,5,4],"texture":"#4"}}},{"from":[-2,8,-1],"to":[18,12,17],"faces":{"north":{"uv":[9,0,14,1],"texture":"#4"},"east":{"uv":[9,1,13.5,2],"texture":"#4"},"south":{"uv":[9,0,14,1],"texture":"#4"},"west":{"uv":[9,1,13.5,2],"texture":"#4"},"up":{"uv":[5,4.5,0,0],"texture":"#4"},"down":{"uv":[5,4.5,0,9],"texture":"#4"}}},{"from":[12,12,-1],"to":[17,18,17],"faces":{"north":{"uv":[5.25,9,6.5,10.5],"texture":"#4"},"east":{"uv":[5,7.5,9.5,9],"texture":"#4"},"south":{"uv":[5.25,9,6.5,10.5],"texture":"#4"},"west":{"uv":[5,7.5,9.5,9],"texture":"#4"},"up":{"uv":[1.25,13.5,0,9],"texture":"#4"},"down":{"uv":[1.25,13.5,0,9],"texture":"#4"}}},{"from":[18,11,6],"to":[18,15,10],"rotation":{"angle":0,"axis":"y","origin":[9,14,0]},"faces":{"east":{"uv":[16,0,0,16],"texture":"#2"},"west":{"uv":[0,0,16,16],"texture":"#2"}}},{"from":[15,9,6],"to":[19,11,10],"rotation":{"angle":45,"axis":"x","origin":[9,13,8]},"faces":{"east":{"uv":[2,7,1.5,8],"rotation":270,"texture":"#0"},"west":{"uv":[2,7,1.5,8],"rotation":90,"texture":"#0"},"up":{"uv":[7.5,4.5,6.5,5.5],"rotation":180,"texture":"#0"},"down":{"uv":[7.5,3.5,6.5,4.5],"texture":"#0"}}},{"from":[15,9,4],"to":[19,17,6],"rotation":{"angle":45,"axis":"x","origin":[9,13,8]},"faces":{"north":{"uv":[5.5,3.5,4.5,5.5],"rotation":180,"texture":"#0"},"east":{"uv":[4.5,6.75,6.5,6.25],"rotation":270,"texture":"#0"},"south":{"uv":[6.25,2,5.25,0],"texture":"#0"},"west":{"uv":[4.5,6.75,6.5,6.25],"rotation":90,"texture":"#0"},"up":{"uv":[6.75,3.5,7.75,3],"rotation":180,"texture":"#0"},"down":{"uv":[6.75,3.5,7.75,3],"texture":"#0"}}},{"from":[15,15,6],"to":[19,17,10],"rotation":{"angle":45,"axis":"x","origin":[9,13,8]},"faces":{"east":{"uv":[1.5,7,2,8],"rotation":270,"texture":"#0"},"west":{"uv":[1.5,7,2,8],"rotation":90,"texture":"#0"},"up":{"uv":[6.5,3.5,7.5,4.5],"rotation":180,"texture":"#0"},"down":{"uv":[6.5,4.5,7.5,5.5],"texture":"#0"}}},{"from":[15,9,10],"to":[19,17,12],"rotation":{"angle":45,"axis":"x","origin":[9,13,8]},"faces":{"north":{"uv":[6.25,0,5.25,2],"rotation":180,"texture":"#0"},"east":{"uv":[4.5,6.25,6.5,6.75],"rotation":270,"texture":"#0"},"south":{"uv":[5.5,5.5,4.5,3.5],"texture":"#0"},"west":{"uv":[4.5,6.25,6.5,6.75],"rotation":90,"texture":"#0"},"up":{"uv":[6.75,3,7.75,3.5],"rotation":180,"texture":"#0"},"down":{"uv":[6.75,3,7.75,3.5],"texture":"#0"}}},{"from":[16,2,-6],"to":[18,5,-3],"rotation":{"angle":45,"axis":"x","origin":[0,0,16]},"faces":{"north":{"uv":[3,7,2.5,7.75],"texture":"#0"},"east":{"uv":[0.75,7.75,0,7],"texture":"#0"},"south":{"uv":[3,7,2.5,7.75],"texture":"#0"},"west":{"uv":[0.75,7.75,0,7],"texture":"#0"},"up":{"uv":[3.5,7,3,7.75],"texture":"#0"},"down":{"uv":[3.5,7,3,7.75],"texture":"#0"}}},{"from":[16,2,19],"to":[18,5,22],"rotation":{"angle":-45,"axis":"x","origin":[0,0,0]},"faces":{"north":{"uv":[2.5,7,3,7.75],"texture":"#0"},"east":{"uv":[0,7.75,0.75,7],"texture":"#0"},"south":{"uv":[2.5,7,3,7.75],"texture":"#0"},"west":{"uv":[0,7.75,0.75,7],"texture":"#0"},"up":{"uv":[3.5,7.75,3,7],"texture":"#0"},"down":{"uv":[3.5,7.75,3,7],"texture":"#0"}}},{"from":[-2,2,19],"to":[0,5,22],"rotation":{"angle":-45,"axis":"x","origin":[16,0,0]},"faces":{"north":{"uv":[3,7,2.5,7.75],"texture":"#0"},"east":{"uv":[0.75,7.75,0,7],"texture":"#0"},"south":{"uv":[3,7,2.5,7.75],"texture":"#0"},"west":{"uv":[0.75,7.75,0,7],"texture":"#0"},"up":{"uv":[3,7.75,3.5,7],"texture":"#0"},"down":{"uv":[3,7.75,3.5,7],"texture":"#0"}}},{"from":[10.5,9,-1.5],"to":[11.5,10,-0.5],"faces":{"north":{"uv":[5.25,2,5.5,2.25],"texture":"#0"},"east":{"uv":[5.25,2.25,5.5,2.5],"texture":"#0"},"south":{"uv":[5.25,2,5.5,2.25],"texture":"#0"},"west":{"uv":[5.25,2.25,5.5,2.5],"texture":"#0"},"up":{"uv":[5.5,2.5,5.25,2.75],"texture":"#0"},"down":{"uv":[5.5,2.5,5.25,2.75],"texture":"#0"}}},{"from":[16.5,9,-1.5],"to":[17.5,10,-0.5],"faces":{"north":{"uv":[5.25,2,5.5,2.25],"texture":"#0"},"east":{"uv":[5.25,2.25,5.5,2.5],"texture":"#0"},"south":{"uv":[5.25,2,5.5,2.25],"texture":"#0"},"west":{"uv":[5.25,2.25,5.5,2.5],"texture":"#0"},"up":{"uv":[5.5,2.5,5.25,2.75],"texture":"#0"},"down":{"uv":[5.5,2.5,5.25,2.75],"texture":"#0"}}},{"from":[13.5,9,-1.5],"to":[14.5,10,-0.5],"faces":{"north":{"uv":[5.25,2,5.5,2.25],"texture":"#0"},"east":{"uv":[5.25,2.25,5.5,2.5],"texture":"#0"},"south":{"uv":[5.25,2,5.5,2.25],"texture":"#0"},"west":{"uv":[5.25,2.25,5.5,2.5],"texture":"#0"},"up":{"uv":[5.5,2.5,5.25,2.75],"texture":"#0"},"down":{"uv":[5.5,2.5,5.25,2.75],"texture":"#0"}}},{"from":[-1.5,9,-1.5],"to":[-0.5,10,-0.5],"rotation":{"angle":0,"axis":"y","origin":[16,0,0]},"faces":{"north":{"uv":[5.5,2,5.25,2.25],"texture":"#0"},"east":{"uv":[5.5,2.25,5.25,2.5],"texture":"#0"},"south":{"uv":[5.5,2,5.25,2.25],"texture":"#0"},"west":{"uv":[5.5,2.25,5.25,2.5],"texture":"#0"},"up":{"uv":[5.25,2.5,5.5,2.75],"texture":"#0"},"down":{"uv":[5.25,2.5,5.5,2.75],"texture":"#0"}}},{"from":[1.5,9,-1.5],"to":[2.5,10,-0.5],"rotation":{"angle":0,"axis":"y","origin":[16,0,0]},"faces":{"north":{"uv":[5.5,2,5.25,2.25],"texture":"#0"},"east":{"uv":[5.5,2.25,5.25,2.5],"texture":"#0"},"south":{"uv":[5.5,2,5.25,2.25],"texture":"#0"},"west":{"uv":[5.5,2.25,5.25,2.5],"texture":"#0"},"up":{"uv":[5.25,2.5,5.5,2.75],"texture":"#0"},"down":{"uv":[5.25,2.5,5.5,2.75],"texture":"#0"}}},{"from":[4.5,9,-1.5],"to":[5.5,10,-0.5],"rotation":{"angle":0,"axis":"y","origin":[16,0,0]},"faces":{"north":{"uv":[5.5,2,5.25,2.25],"texture":"#0"},"east":{"uv":[5.5,2.25,5.25,2.5],"texture":"#0"},"south":{"uv":[5.5,2,5.25,2.25],"texture":"#0"},"west":{"uv":[5.5,2.25,5.25,2.5],"texture":"#0"},"up":{"uv":[5.25,2.5,5.5,2.75],"texture":"#0"},"down":{"uv":[5.25,2.5,5.5,2.75],"texture":"#0"}}},{"from":[-2,2,-6],"to":[0,5,-3],"rotation":{"angle":45,"axis":"x","origin":[16,0,16]},"faces":{"north":{"uv":[2.5,7,3,7.75],"texture":"#0"},"east":{"uv":[0,7.75,0.75,7],"texture":"#0"},"south":{"uv":[2.5,7,3,7.75],"texture":"#0"},"west":{"uv":[0,7.75,0.75,7],"texture":"#0"},"up":{"uv":[3,7,3.5,7.75],"texture":"#0"},"down":{"uv":[3,7,3.5,7.75],"texture":"#0"}}},{"from":[14.5,16.5,8],"to":[17.5,18.5,11],"rotation":{"angle":45,"axis":"y","origin":[16,0,16]},"faces":{"north":{"uv":[2.5,7,3,7.75],"rotation":90,"texture":"#0"},"east":{"uv":[3,7,3.5,7.75],"rotation":90,"texture":"#0"},"south":{"uv":[2.5,7,3,7.75],"rotation":270,"texture":"#0"},"west":{"uv":[3,7,3.5,7.75],"rotation":90,"texture":"#0"},"up":{"uv":[0,7.75,0.75,7],"rotation":270,"texture":"#0"},"down":{"uv":[0,7.75,0.75,7],"rotation":270,"texture":"#0"}}},{"from":[14.5,16.5,5],"to":[17.5,18.5,8],"rotation":{"angle":-45,"axis":"y","origin":[16,0,0]},"faces":{"north":{"uv":[2.5,7.75,3,7],"rotation":270,"texture":"#0"},"east":{"uv":[3,7.75,3.5,7],"rotation":90,"texture":"#0"},"south":{"uv":[2.5,7.75,3,7],"rotation":90,"texture":"#0"},"west":{"uv":[3,7.75,3.5,7],"rotation":90,"texture":"#0"},"up":{"uv":[0.75,7.75,0,7],"rotation":270,"texture":"#0"},"down":{"uv":[0.75,7.75,0,7],"rotation":270,"texture":"#0"}}},{"from":[-1.5,16.5,5],"to":[1.5,18.5,8],"rotation":{"angle":45,"axis":"y","origin":[0,0,0]},"faces":{"north":{"uv":[2.5,7,3,7.75],"rotation":270,"texture":"#0"},"east":{"uv":[3,7,3.5,7.75],"rotation":90,"texture":"#0"},"south":{"uv":[2.5,7,3,7.75],"rotation":90,"texture":"#0"},"west":{"uv":[3,7,3.5,7.75],"rotation":90,"texture":"#0"},"up":{"uv":[0.75,7,0,7.75],"rotation":270,"texture":"#0"},"down":{"uv":[0.75,7,0,7.75],"rotation":270,"texture":"#0"}}},{"from":[-1.5,16.5,8],"to":[1.5,18.5,11],"rotation":{"angle":-45,"axis":"y","origin":[0,0,16]},"faces":{"north":{"uv":[2.5,7.75,3,7],"rotation":90,"texture":"#0"},"east":{"uv":[3,7.75,3.5,7],"rotation":90,"texture":"#0"},"south":{"uv":[2.5,7.75,3,7],"rotation":270,"texture":"#0"},"west":{"uv":[3,7.75,3.5,7],"rotation":90,"texture":"#0"},"up":{"uv":[0,7,0.75,7.75],"rotation":270,"texture":"#0"},"down":{"uv":[0,7,0.75,7.75],"rotation":270,"texture":"#0"}}},{"from":[-4,9,6],"to":[0,11,10],"rotation":{"angle":-45,"axis":"x","origin":[-10,13,8]},"faces":{"east":{"uv":[2,7,1.5,8],"rotation":270,"texture":"#0"},"west":{"uv":[2,7,1.5,8],"rotation":90,"texture":"#0"},"up":{"uv":[7.5,4.5,6.5,5.5],"rotation":180,"texture":"#0"},"down":{"uv":[7.5,3.5,6.5,4.5],"texture":"#0"}}},{"from":[-4,9,10],"to":[0,17,12],"rotation":{"angle":-45,"axis":"x","origin":[-10,13,8]},"faces":{"north":{"uv":[6.25,2,5.25,0],"rotation":180,"texture":"#0"},"east":{"uv":[6.5,6.25,4.5,6.75],"rotation":270,"texture":"#0"},"south":{"uv":[5.5,3.5,4.5,5.5],"texture":"#0"},"west":{"uv":[6.5,6.25,4.5,6.75],"rotation":90,"texture":"#0"},"up":{"uv":[7.75,3,6.75,3.5],"rotation":180,"texture":"#0"},"down":{"uv":[7.75,3,6.75,3.5],"texture":"#0"}}},{"from":[-4,15,6],"to":[0,17,10],"rotation":{"angle":-45,"axis":"x","origin":[-10,13,8]},"faces":{"east":{"uv":[1.5,7,2,8],"rotation":270,"texture":"#0"},"west":{"uv":[1.5,7,2,8],"rotation":90,"texture":"#0"},"up":{"uv":[6.5,3.5,7.5,4.5],"rotation":180,"texture":"#0"},"down":{"uv":[6.5,4.5,7.5,5.5],"texture":"#0"}}},{"from":[-4,9,4],"to":[0,17,6],"rotation":{"angle":-45,"axis":"x","origin":[-10,13,8]},"faces":{"north":{"uv":[5.5,5.5,4.5,3.5],"rotation":180,"texture":"#0"},"east":{"uv":[6.5,6.75,4.5,6.25],"rotation":270,"texture":"#0"},"south":{"uv":[6.25,0,5.25,2],"texture":"#0"},"west":{"uv":[6.5,6.75,4.5,6.25],"rotation":90,"texture":"#0"},"up":{"uv":[7.75,3.5,6.75,3],"rotation":180,"texture":"#0"},"down":{"uv":[7.75,3.5,6.75,3],"texture":"#0"}}},{"from":[-3,11,6],"to":[-3,15,10],"rotation":{"angle":0,"axis":"y","origin":[-10,14,16]},"faces":{"east":{"uv":[0,0,16,16],"texture":"#2"},"west":{"uv":[16,0,0,16],"texture":"#2"}}},{"from":[-7,15,14],"to":[-5,19,22],"rotation":{"angle":45,"axis":"y","origin":[-10,22,0]},"faces":{"north":{"uv":[7.75,3,6.75,3.5],"rotation":90,"texture":"#0"},"east":{"uv":[6.25,2,5.25,0],"rotation":90,"texture":"#0"},"south":{"uv":[7.75,3,6.75,3.5],"rotation":270,"texture":"#0"},"west":{"uv":[5.5,3.5,4.5,5.5],"rotation":90,"texture":"#0"},"up":{"uv":[6.5,6.25,4.5,6.75],"rotation":270,"texture":"#0"},"down":{"uv":[6.5,6.25,4.5,6.75],"rotation":270,"texture":"#0"}}},{"from":[-5,15,14],"to":[-1,19,16],"rotation":{"angle":45,"axis":"y","origin":[-10,22,0]},"faces":{"north":{"uv":[7.5,3.5,6.5,4.5],"rotation":90,"texture":"#0"},"south":{"uv":[7.5,4.5,6.5,5.5],"rotation":270,"texture":"#0"},"up":{"uv":[2,7,1.5,8],"rotation":270,"texture":"#0"},"down":{"uv":[2,7,1.5,8],"rotation":270,"texture":"#0"}}},{"from":[-1,15,14],"to":[1,19,22],"rotation":{"angle":45,"axis":"y","origin":[-10,22,0]},"faces":{"north":{"uv":[7.75,3.5,6.75,3],"rotation":90,"texture":"#0"},"east":{"uv":[5.5,5.5,4.5,3.5],"rotation":90,"texture":"#0"},"south":{"uv":[7.75,3.5,6.75,3],"rotation":270,"texture":"#0"},"west":{"uv":[6.25,0,5.25,2],"rotation":90,"texture":"#0"},"up":{"uv":[6.5,6.75,4.5,6.25],"rotation":270,"texture":"#0"},"down":{"uv":[6.5,6.75,4.5,6.25],"rotation":270,"texture":"#0"}}},{"from":[-5,15,20],"to":[-1,19,22],"rotation":{"angle":45,"axis":"y","origin":[-10,22,0]},"faces":{"north":{"uv":[6.5,4.5,7.5,5.5],"rotation":90,"texture":"#0"},"south":{"uv":[6.5,3.5,7.5,4.5],"rotation":270,"texture":"#0"},"up":{"uv":[1.5,7,2,8],"rotation":270,"texture":"#0"},"down":{"uv":[1.5,7,2,8],"rotation":270,"texture":"#0"}}},{"from":[5.5,18,5.5],"to":[9.5,18,9.5],"rotation":{"angle":0,"axis":"y","origin":[-11,14,0]},"faces":{"up":{"uv":[16,0,0,16],"rotation":180,"texture":"#2"},"down":{"uv":[0,0,16,16],"texture":"#2"}}},{"from":[6,7,-2],"to":[10,13,1],"faces":{"north":{"uv":[7.75,9,8.75,10.5],"texture":"#4"},"east":{"uv":[1.25,10,2,11.5],"texture":"#4"},"south":{"uv":[7.75,9,8.75,10.5],"texture":"#4"},"west":{"uv":[1.25,10,2,11.5],"texture":"#4"},"up":{"uv":[10.5,9,9.5,8.25],"texture":"#4"},"down":{"uv":[10.5,9,9.5,8.25],"texture":"#4"}}},{"from":[12,0,-1],"to":[17,4.1,4],"faces":{"north":{"uv":[8.75,9,10,10],"texture":"#4"},"east":{"uv":[8.75,9,10,10],"texture":"#4"},"south":{"uv":[8.75,9,10,10],"texture":"#4"},"west":{"uv":[8.75,9,10,10],"texture":"#4"},"up":{"uv":[7.75,10.25,6.5,9],"texture":"#4"},"down":{"uv":[7.75,10.25,6.5,9],"texture":"#4"}}},{"from":[-1,12,-1],"to":[4,18,17],"rotation":{"angle":0,"axis":"y","origin":[16,0,0]},"faces":{"north":{"uv":[6.5,9,5.25,10.5],"texture":"#4"},"east":{"uv":[9.5,7.5,5,9],"texture":"#4"},"south":{"uv":[6.5,9,5.25,10.5],"texture":"#4"},"west":{"uv":[9.5,7.5,5,9],"texture":"#4"},"up":{"uv":[0,13.5,1.25,9],"texture":"#4"},"down":{"uv":[0,13.5,1.25,9],"texture":"#4"}}},{"from":[-1,0,-1],"to":[4,4.1,4],"rotation":{"angle":0,"axis":"y","origin":[16,0,0]},"faces":{"north":{"uv":[10,9,8.75,10],"texture":"#4"},"east":{"uv":[10,9,8.75,10],"texture":"#4"},"south":{"uv":[10,9,8.75,10],"texture":"#4"},"west":{"uv":[10,9,8.75,10],"texture":"#4"},"up":{"uv":[6.5,10.25,7.75,9],"texture":"#4"},"down":{"uv":[6.5,10.25,7.75,9],"texture":"#4"}}},{"from":[-1,0,12],"to":[4,4.1,17],"rotation":{"angle":0,"axis":"y","origin":[16,0,16]},"faces":{"north":{"uv":[8.75,9,10,10],"texture":"#4"},"east":{"uv":[8.75,9,10,10],"texture":"#4"},"south":{"uv":[8.75,9,10,10],"texture":"#4"},"west":{"uv":[8.75,9,10,10],"texture":"#4"},"up":{"uv":[6.5,9,7.75,10.25],"texture":"#4"},"down":{"uv":[6.5,9,7.75,10.25],"texture":"#4"}}},{"from":[12,0,12],"to":[17,4.1,17],"rotation":{"angle":0,"axis":"y","origin":[0,0,16]},"faces":{"north":{"uv":[10,9,8.75,10],"texture":"#4"},"east":{"uv":[10,9,8.75,10],"texture":"#4"},"south":{"uv":[10,9,8.75,10],"texture":"#4"},"west":{"uv":[10,9,8.75,10],"texture":"#4"},"up":{"uv":[7.75,9,6.5,10.25],"texture":"#4"},"down":{"uv":[7.75,9,6.5,10.25],"texture":"#4"}}}],"gui_light":"front","display":{"thirdperson_righthand":{"rotation":[67.5,0,0],"translation":[0,2.25,0.25],"scale":[0.3,0.3,0.3]},"thirdperson_lefthand":{"rotation":[67.5,0,0],"translation":[0,2.25,0.25],"scale":[0.3,0.3,0.3]},"firstperson_righthand":{"translation":[-3.75,4,2.25],"scale":[0.31055,0.31055,0.31055]},"firstperson_lefthand":{"translation":[-3.75,4,2.25],"scale":[0.31055,0.31055,0.31055]},"ground":{"translation":[0,6,0],"scale":[0.4,0.4,0.4]},"gui":{"rotation":[45,145,0],"translation":[0,-0.25,0],"scale":[0.48984,0.48984,0.48984]},"head":{"rotation":[0,-180,0],"translation":[0,-31.2,0],"scale":[1.5,1.5,1.5]},"fixed":{"rotation":[-90,0,0],"translation":[0,0,-14.25],"scale":[1.8,1.8,1.8]}}}