{"credit":"MadewithBlockbench","texture_size":[64,64],"textures":{"0":"elitecreatures:stone_graveyer_weapon_set/stinegraveyer_01texture","particle":"elitecreatures:stone_graveyer_weapon_set/stinegraveyer_01texture"},"elements":[{"from":[7,3,6],"to":[9,4,10],"faces":{"north":{"uv":[14.5,2.25,15,2.5],"texture":"#0"},"east":{"uv":[15,2.25,16,2.5],"texture":"#0"},"south":{"uv":[14.5,2.25,15,2.5],"texture":"#0"},"west":{"uv":[15,2.25,16,2.5],"texture":"#0"},"up":{"uv":[15.5,1.25,16,2.25],"texture":"#0"},"down":{"uv":[15.5,1.25,16,2.25],"texture":"#0"}}},{"from":[7,0,6],"to":[9,1,10],"rotation":{"angle":0,"axis":"y","origin":[0,16,0]},"faces":{"north":{"uv":[14.5,2.5,15,2.25],"texture":"#0"},"east":{"uv":[15,2.5,16,2.25],"texture":"#0"},"south":{"uv":[14.5,2.5,15,2.25],"texture":"#0"},"west":{"uv":[15,2.5,16,2.25],"texture":"#0"},"up":{"uv":[15.5,2.25,16,1.25],"texture":"#0"},"down":{"uv":[15.5,2.25,16,1.25],"texture":"#0"}}},{"from":[7,1,6],"to":[9,3,7],"faces":{"north":{"uv":[14.5,1,15,1.5],"texture":"#0"},"east":{"uv":[14.5,1.5,14.75,2],"texture":"#0"},"south":{"uv":[14.5,1,15,1.5],"texture":"#0"},"west":{"uv":[14.5,1.5,14.75,2],"texture":"#0"}}},{"from":[7,1,9],"to":[9,3,10],"rotation":{"angle":0,"axis":"y","origin":[0,0,16]},"faces":{"north":{"uv":[15,1,14.5,1.5],"texture":"#0"},"east":{"uv":[14.75,1.5,14.5,2],"texture":"#0"},"south":{"uv":[15,1,14.5,1.5],"texture":"#0"},"west":{"uv":[14.75,1.5,14.5,2],"texture":"#0"}}},{"from":[8,4,5],"to":[8,11,10],"faces":{"north":{"uv":[10,12.375,10,14.125],"texture":"#0"},"east":{"uv":[11.5,6.375,10.25,8.125],"texture":"#0"},"south":{"uv":[10,12.375,10,14.125],"texture":"#0"},"west":{"uv":[10.25,6.375,11.5,8.125],"texture":"#0"},"up":{"uv":[10,12.375,10,13.625],"texture":"#0"},"down":{"uv":[10,12.375,10,13.625],"texture":"#0"}}}],"gui_light":"front","display":{"thirdperson_righthand":{"rotation":[-24.5,0,0],"translation":[0,4.75,-1.5],"scale":[0.8,0.8,0.8]},"thirdperson_lefthand":{"rotation":[-24.5,0,0],"translation":[0,4.75,-1.5],"scale":[0.8,0.8,0.8]},"firstperson_righthand":{"rotation":[-90,0,0],"translation":[-3.5,5,2.25],"scale":[0.65234,0.65234,0.65234]},"firstperson_lefthand":{"rotation":[-90,0,0],"translation":[-3.5,5,2.25],"scale":[0.65234,0.65234,0.65234]},"ground":{"rotation":[-45,0,0],"translation":[0,11,0],"scale":[0.8,0.8,0.8]},"gui":{"rotation":[-90,-45,-90],"translation":[1.75,2.25,0],"scale":[1.2,1.2,1.2]},"head":{"scale":[0,0,0]},"fixed":{"rotation":[0,90,0],"translation":[-0.25,6,-2.25],"scale":[2.4,2.4,2.4]}}}