{"credit":"MadewithBlockbench","texture_size":[64,64],"textures":{"0":"elitecreatures:stone_graveyer_weapon_set/stinegraveyer_01texture","2":"elitecreatures:stone_graveyer_weapon_set/stonegraveyer_animation_03_texture","particle":"elitecreatures:stone_graveyer_weapon_set/stinegraveyer_01texture"},"elements":[{"from":[7,-14,7],"to":[9,-6,9],"faces":{"north":{"uv":[6,3.5,6.5,5.5],"texture":"#0"},"east":{"uv":[6.25,0,6.75,2],"texture":"#0"},"south":{"uv":[6,3.5,6.5,5.5],"texture":"#0"},"west":{"uv":[6.25,0,6.75,2],"texture":"#0"},"up":{"uv":[7.75,0.5,7.25,1],"texture":"#0"},"down":{"uv":[7.75,0.5,7.25,1],"texture":"#0"}}},{"from":[7,-6,7],"to":[9,2,9],"faces":{"north":{"uv":[6,3.5,6.5,5.5],"texture":"#0"},"east":{"uv":[6.25,0,6.75,2],"texture":"#0"},"south":{"uv":[6,3.5,6.5,5.5],"texture":"#0"},"west":{"uv":[6.25,0,6.75,2],"texture":"#0"},"up":{"uv":[7.75,0.5,7.25,1],"texture":"#0"},"down":{"uv":[7.75,0.5,7.25,1],"texture":"#0"}}},{"from":[8,-15.5,7.5],"to":[8,-11.5,12.5],"faces":{"east":{"uv":[7.75,2,6.75,3],"texture":"#0"},"west":{"uv":[6.75,2,8,3],"texture":"#0"}}},{"from":[6.5,-16,6.5],"to":[9.5,-14,9.5],"faces":{"north":{"uv":[7,7,7.75,7.5],"texture":"#0"},"east":{"uv":[7.25,0,8,0.5],"texture":"#0"},"south":{"uv":[7,7,7.75,7.5],"texture":"#0"},"west":{"uv":[7.25,0,8,0.5],"texture":"#0"},"up":{"uv":[1.5,7,0.75,7.75],"texture":"#0"},"down":{"uv":[1.5,7,0.75,7.75],"texture":"#0"}}},{"from":[5.5,-15.5,7.5],"to":[6.5,-14.5,8.5],"faces":{"north":{"uv":[5.25,2,5.5,2.25],"texture":"#0"},"east":{"uv":[5.25,2.25,5.5,2.5],"texture":"#0"},"south":{"uv":[5.5,2,5.25,2.25],"texture":"#0"},"west":{"uv":[5.25,2.25,5.5,2.5],"texture":"#0"},"up":{"uv":[5.5,2.5,5.25,2.75],"texture":"#0"},"down":{"uv":[5.5,2.5,5.25,2.75],"texture":"#0"}}},{"from":[7.5,-15.5,5.5],"to":[8.5,-14.5,6.5],"rotation":{"angle":0,"axis":"y","origin":[0,0,16]},"faces":{"north":{"uv":[5.5,2.75,5.25,3],"texture":"#0"},"east":{"uv":[5.25,3,5.5,3.25],"texture":"#0"},"south":{"uv":[5.5,2.75,5.25,3],"texture":"#0"},"west":{"uv":[5.5,3,5.25,3.25],"texture":"#0"},"up":{"uv":[5.5,3.5,5.25,3.25],"texture":"#0"},"down":{"uv":[5.5,3.5,5.25,3.25],"texture":"#0"}}},{"from":[7.5,-15.5,9.5],"to":[8.5,-14.5,10.5],"faces":{"north":{"uv":[5.25,2.75,5.5,3],"texture":"#0"},"east":{"uv":[5.5,3,5.25,3.25],"texture":"#0"},"south":{"uv":[5.25,2.75,5.5,3],"texture":"#0"},"west":{"uv":[5.25,3,5.5,3.25],"texture":"#0"},"up":{"uv":[5.5,3.25,5.25,3.5],"texture":"#0"},"down":{"uv":[5.5,3.25,5.25,3.5],"texture":"#0"}}},{"from":[9.5,-15.5,7.5],"to":[10.5,-14.5,8.5],"rotation":{"angle":0,"axis":"y","origin":[16,0,0]},"faces":{"north":{"uv":[5.5,2,5.25,2.25],"texture":"#0"},"east":{"uv":[5.5,2.25,5.25,2.5],"texture":"#0"},"south":{"uv":[5.25,2,5.5,2.25],"texture":"#0"},"west":{"uv":[5.5,2.25,5.25,2.5],"texture":"#0"},"up":{"uv":[5.25,2.5,5.5,2.75],"texture":"#0"},"down":{"uv":[5.25,2.5,5.5,2.75],"texture":"#0"}}},{"from":[6.5,0,6.5],"to":[9.5,2,9.5],"faces":{"north":{"uv":[7,7,7.75,7.5],"texture":"#0"},"east":{"uv":[7.25,0,8,0.5],"texture":"#0"},"south":{"uv":[7,7,7.75,7.5],"texture":"#0"},"west":{"uv":[7.25,0,8,0.5],"texture":"#0"},"up":{"uv":[1.5,7,0.75,7.75],"texture":"#0"},"down":{"uv":[1.5,7,0.75,7.75],"texture":"#0"}}},{"from":[7.5,0.5,9.5],"to":[8.5,1.5,10.5],"faces":{"north":{"uv":[5.25,2.75,5.5,3],"texture":"#0"},"east":{"uv":[5.5,3,5.25,3.25],"texture":"#0"},"south":{"uv":[5.25,2.75,5.5,3],"texture":"#0"},"west":{"uv":[5.25,3,5.5,3.25],"texture":"#0"},"up":{"uv":[5.5,3.25,5.25,3.5],"texture":"#0"},"down":{"uv":[5.5,3.25,5.25,3.5],"texture":"#0"}}},{"from":[5.5,0.5,7.5],"to":[6.5,1.5,8.5],"faces":{"north":{"uv":[5.25,2,5.5,2.25],"texture":"#0"},"east":{"uv":[5.25,2.25,5.5,2.5],"texture":"#0"},"south":{"uv":[5.5,2,5.25,2.25],"texture":"#0"},"west":{"uv":[5.25,2.25,5.5,2.5],"texture":"#0"},"up":{"uv":[5.5,2.5,5.25,2.75],"texture":"#0"},"down":{"uv":[5.5,2.5,5.25,2.75],"texture":"#0"}}},{"from":[7.5,0.5,5.5],"to":[8.5,1.5,6.5],"rotation":{"angle":0,"axis":"y","origin":[0,0,16]},"faces":{"north":{"uv":[5.5,2.75,5.25,3],"texture":"#0"},"east":{"uv":[5.25,3,5.5,3.25],"texture":"#0"},"south":{"uv":[5.5,2.75,5.25,3],"texture":"#0"},"west":{"uv":[5.5,3,5.25,3.25],"texture":"#0"},"up":{"uv":[5.5,3.5,5.25,3.25],"texture":"#0"},"down":{"uv":[5.5,3.5,5.25,3.25],"texture":"#0"}}},{"from":[9.5,0.5,7.5],"to":[10.5,1.5,8.5],"rotation":{"angle":0,"axis":"y","origin":[16,0,0]},"faces":{"north":{"uv":[5.5,2,5.25,2.25],"texture":"#0"},"east":{"uv":[5.5,2.25,5.25,2.5],"texture":"#0"},"south":{"uv":[5.25,2,5.5,2.25],"texture":"#0"},"west":{"uv":[5.5,2.25,5.25,2.5],"texture":"#0"},"up":{"uv":[5.25,2.5,5.5,2.75],"texture":"#0"},"down":{"uv":[5.25,2.5,5.5,2.75],"texture":"#0"}}},{"from":[6,8,4],"to":[10,10,12],"rotation":{"angle":45,"axis":"x","origin":[0,6,8]},"faces":{"north":{"uv":[6.75,3,7.75,3.5],"texture":"#0"},"east":{"uv":[4.5,6.25,6.5,6.75],"texture":"#0"},"south":{"uv":[6.75,3,7.75,3.5],"texture":"#0"},"west":{"uv":[4.5,6.25,6.5,6.75],"texture":"#0"},"up":{"uv":[5.5,5.5,4.5,3.5],"texture":"#0"},"down":{"uv":[6.25,0,5.25,2],"texture":"#0"}}},{"from":[6,2,4],"to":[10,4,12],"rotation":{"angle":45,"axis":"x","origin":[0,6,8]},"faces":{"north":{"uv":[6.75,3.5,7.75,3],"texture":"#0"},"east":{"uv":[4.5,6.75,6.5,6.25],"texture":"#0"},"south":{"uv":[6.75,3.5,7.75,3],"texture":"#0"},"west":{"uv":[4.5,6.75,6.5,6.25],"texture":"#0"},"up":{"uv":[6.25,2,5.25,0],"texture":"#0"},"down":{"uv":[5.5,3.5,4.5,5.5],"texture":"#0"}}},{"from":[7,7,10],"to":[9,8,16],"rotation":{"angle":0,"axis":"y","origin":[0,15,0]},"faces":{"north":{"uv":[7.25,1.5,7.75,1.75],"texture":"#0"},"east":{"uv":[7,6,8.5,6.25],"texture":"#0"},"south":{"uv":[7.25,1.5,7.75,1.75],"texture":"#0"},"west":{"uv":[7,6,8.5,6.25],"texture":"#0"},"up":{"uv":[6.5,8.25,6,6.75],"texture":"#0"},"down":{"uv":[6.5,8.25,6,6.75],"texture":"#0"}}},{"from":[7,8,9],"to":[9,10,17],"rotation":{"angle":0,"axis":"y","origin":[0,15,0]},"faces":{"north":{"uv":[7.25,1,7.75,1.5],"texture":"#0"},"east":{"uv":[6.5,5.5,8.5,6],"texture":"#0"},"south":{"uv":[7.25,1,7.75,1.5],"texture":"#0"},"west":{"uv":[6.5,5.5,8.5,6],"texture":"#0"},"up":{"uv":[7,8,6.5,6],"texture":"#0"},"down":{"uv":[7.25,0,6.75,2],"texture":"#0"}}},{"from":[7,8,-1],"to":[9,10,7],"rotation":{"angle":0,"axis":"y","origin":[0,15,16]},"faces":{"north":{"uv":[7.75,1,7.25,1.5],"texture":"#0"},"east":{"uv":[8.5,5.5,6.5,6],"texture":"#0"},"south":{"uv":[7.75,1,7.25,1.5],"texture":"#0"},"west":{"uv":[8.5,5.5,6.5,6],"texture":"#0"},"up":{"uv":[7,6,6.5,8],"texture":"#0"},"down":{"uv":[7.25,2,6.75,0],"texture":"#0"}}},{"from":[7,7,0],"to":[9,8,6],"rotation":{"angle":0,"axis":"y","origin":[0,15,16]},"faces":{"north":{"uv":[7.75,1.5,7.25,1.75],"texture":"#0"},"east":{"uv":[8.5,6,7,6.25],"texture":"#0"},"south":{"uv":[7.75,1.5,7.25,1.75],"texture":"#0"},"west":{"uv":[8.5,6,7,6.25],"texture":"#0"},"up":{"uv":[6.5,6.75,6,8.25],"texture":"#0"},"down":{"uv":[6.5,6.75,6,8.25],"texture":"#0"}}},{"from":[6,4,4],"to":[10,8,6],"rotation":{"angle":45,"axis":"x","origin":[0,6,8]},"faces":{"north":{"uv":[6.5,3.5,7.5,4.5],"texture":"#0"},"east":{"uv":[1.5,7,2,8],"texture":"#0"},"south":{"uv":[6.5,4.5,7.5,5.5],"texture":"#0"},"west":{"uv":[1.5,7,2,8],"texture":"#0"}}},{"from":[6,4,10],"to":[10,8,12],"rotation":{"angle":45,"axis":"x","origin":[0,6,8]},"faces":{"north":{"uv":[7.5,4.5,6.5,5.5],"texture":"#0"},"east":{"uv":[2,7,1.5,8],"texture":"#0"},"south":{"uv":[7.5,3.5,6.5,4.5],"texture":"#0"},"west":{"uv":[2,7,1.5,8],"texture":"#0"}}},{"from":[8,4,6],"to":[8,8,10],"rotation":{"angle":0,"axis":"y","origin":[0,7,0]},"faces":{"east":{"uv":[16,0,0,16],"texture":"#2"},"west":{"uv":[0,0,16,16],"texture":"#2"}}},{"from":[7.5,5,12],"to":[8.5,8,16],"faces":{"north":{"uv":[10.25,5,10.5,5.75],"texture":"#0"},"east":{"uv":[11.5,4.125,10.5,4.875],"texture":"#0"},"south":{"uv":[10.25,5,10.5,5.75],"texture":"#0"},"west":{"uv":[10.5,4.125,11.5,4.875],"texture":"#0"},"up":{"uv":[10,5,10.25,6],"texture":"#0"},"down":{"uv":[10,5,10.25,6],"texture":"#0"}}},{"from":[7.6,11.1,11.5],"to":[8.4,14.1,15],"rotation":{"angle":22.5,"axis":"x","origin":[0,0,-1]},"faces":{"north":{"uv":[11.75,4.125,11.95,4.875],"texture":"#0"},"east":{"uv":[11.375,4.875,10.5,5.625],"texture":"#0"},"south":{"uv":[11.75,4.125,11.95,4.875],"texture":"#0"},"west":{"uv":[10.5,4.875,11.375,5.625],"texture":"#0"},"up":{"uv":[11.5,4.125,11.7,5],"texture":"#0"},"down":{"uv":[11.5,4.125,11.7,5],"texture":"#0"}}},{"from":[8,16.4,8],"to":[8,19,12],"rotation":{"angle":45,"axis":"x","origin":[0,0,-1]},"faces":{"north":{"uv":[0,0,0,0.65],"texture":"#0"},"east":{"uv":[10.5,6.275,11.5,5.625],"texture":"#0"},"south":{"uv":[0,0,0,0.65],"texture":"#0"},"west":{"uv":[11.5,6.275,10.5,5.625],"texture":"#0"},"up":{"uv":[0,0,0,1],"texture":"#0"},"down":{"uv":[11.625,4.875,11.625,5.875],"texture":"#0"}}},{"from":[7,-2.5,10],"to":[9,0.5,13],"rotation":{"angle":45,"axis":"x","origin":[0,0,16]},"faces":{"north":{"uv":[3,7,2.5,7.75],"texture":"#0"},"east":{"uv":[0.75,7,0,7.75],"texture":"#0"},"south":{"uv":[3,7,2.5,7.75],"texture":"#0"},"west":{"uv":[0.75,7.75,0,7],"texture":"#0"},"up":{"uv":[3.5,7,3,7.75],"texture":"#0"},"down":{"uv":[3.5,7,3,7.75],"texture":"#0"}}},{"from":[7,-2.5,3],"to":[9,0.5,6],"rotation":{"angle":-45,"axis":"x","origin":[0,0,0]},"faces":{"north":{"uv":[2.5,7,3,7.75],"texture":"#0"},"east":{"uv":[0,7,0.75,7.75],"texture":"#0"},"south":{"uv":[2.5,7,3,7.75],"texture":"#0"},"west":{"uv":[0,7.75,0.75,7],"texture":"#0"},"up":{"uv":[3.5,7.75,3,7],"texture":"#0"},"down":{"uv":[3.5,7.75,3,7],"texture":"#0"}}},{"from":[7.5,5,0],"to":[8.5,8,4],"rotation":{"angle":0,"axis":"y","origin":[0,0,16]},"faces":{"north":{"uv":[10.5,5,10.25,5.75],"texture":"#0"},"east":{"uv":[10.5,4.125,11.5,4.875],"texture":"#0"},"south":{"uv":[10.5,5,10.25,5.75],"texture":"#0"},"west":{"uv":[11.5,4.125,10.5,4.875],"texture":"#0"},"up":{"uv":[10,6,10.25,5],"texture":"#0"},"down":{"uv":[10,6,10.25,5],"texture":"#0"}}},{"from":[7.6,11.1,1],"to":[8.4,14.1,4.5],"rotation":{"angle":-22.5,"axis":"x","origin":[0,0,17]},"faces":{"north":{"uv":[11.95,4.125,11.75,4.875],"texture":"#0"},"east":{"uv":[10.5,4.875,11.375,5.625],"texture":"#0"},"south":{"uv":[11.95,4.125,11.75,4.875],"texture":"#0"},"west":{"uv":[11.375,4.875,10.5,5.625],"texture":"#0"},"up":{"uv":[11.5,5,11.7,4.125],"texture":"#0"},"down":{"uv":[11.5,5,11.7,4.125],"texture":"#0"}}},{"from":[8,16.4,4],"to":[8,19,8],"rotation":{"angle":-45,"axis":"x","origin":[0,0,17]},"faces":{"north":{"uv":[0,0,0,0.65],"texture":"#0"},"east":{"uv":[11.5,6.275,10.5,5.625],"texture":"#0"},"south":{"uv":[0,0,0,0.65],"texture":"#0"},"west":{"uv":[10.5,6.275,11.5,5.625],"texture":"#0"},"up":{"uv":[0,1,0,0],"texture":"#0"},"down":{"uv":[11.625,5.875,11.625,4.875],"texture":"#0"}}},{"from":[7.1,16.1,22.5],"to":[8.9,19.1,25.5],"rotation":{"angle":45,"axis":"x","origin":[7,23,8]},"faces":{"north":{"uv":[8.7,6.25,8.25,7],"texture":"#0"},"east":{"uv":[7.5,6.25,8.25,7],"texture":"#0"},"south":{"uv":[8.25,6.25,8.7,7],"texture":"#0"},"west":{"uv":[8.25,6.25,7.5,7],"texture":"#0"},"up":{"uv":[8.25,6.25,8.7,7],"texture":"#0"},"down":{"uv":[8.25,6.25,8.7,7],"texture":"#0"}}},{"from":[7.1,16.1,-9.5],"to":[8.9,19.1,-6.5],"rotation":{"angle":-45,"axis":"x","origin":[7,23,8]},"faces":{"north":{"uv":[8.7,6.25,8.25,7],"texture":"#0"},"east":{"uv":[8.25,6.25,7.5,7],"texture":"#0"},"south":{"uv":[8.25,6.25,8.7,7],"texture":"#0"},"west":{"uv":[7.5,6.25,8.25,7],"texture":"#0"},"up":{"uv":[8.25,7,8.7,6.25],"texture":"#0"},"down":{"uv":[8.25,7,8.7,6.25],"texture":"#0"}}},{"from":[8,2.5,12.5],"to":[8,6.5,17.5],"rotation":{"angle":45,"axis":"x","origin":[0,19,16]},"faces":{"east":{"uv":[6.75,2,8,3],"texture":"#0"},"west":{"uv":[8,2,6.75,3],"texture":"#0"}}},{"from":[8,2.5,-1.5],"to":[8,6.5,3.5],"rotation":{"angle":-45,"axis":"x","origin":[0,19,0]},"faces":{"east":{"uv":[8,2,6.75,3],"texture":"#0"},"west":{"uv":[6.75,2,8,3],"texture":"#0"}}}],"gui_light":"front","display":{"thirdperson_righthand":{"translation":[0,11.25,1.5],"scale":[0.7,0.7,0.7]},"thirdperson_lefthand":{"translation":[0,11.25,1.5],"scale":[0.7,0.7,0.7]},"firstperson_righthand":{"translation":[-0.5,10.75,1],"scale":[0.5,0.5,0.5]},"firstperson_lefthand":{"translation":[-0.5,10.75,1],"scale":[0.5,0.5,0.5]},"ground":{"rotation":[-45,0,0],"translation":[0,11,0],"scale":[0.5,0.5,0.5]},"gui":{"rotation":[-90,-45,-90],"translation":[3.25,3,0],"scale":[0.54648,0.54648,0.54648]},"head":{"scale":[0,0,0]},"fixed":{"rotation":[0,90,0],"translation":[-0.25,19.25,-0.25],"scale":[1.8,1.8,1.8]}}}