{"credit":"MadewithBlockbench","texture_size":[64,64],"textures":{"0":"elitecreatures:stone_graveyer_weapon_set/stinegraveyer_01texture","2":"elitecreatures:stone_graveyer_weapon_set/stonegraveyer_animation_03_texture","particle":"elitecreatures:stone_graveyer_weapon_set/stinegraveyer_01texture"},"elements":[{"from":[8,3.5,9.5],"to":[8,7.5,14.5],"rotation":{"angle":-22.5,"axis":"x","origin":[0,8,0]},"faces":{"east":{"uv":[7.75,2,6.75,3],"texture":"#0"},"west":{"uv":[6.75,2,8,3],"texture":"#0"}}},{"from":[8,0.5,6.5],"to":[8,5.5,10.5],"rotation":{"angle":22.5,"axis":"x","origin":[0,8,0]},"faces":{"east":{"uv":[8,3,6.75,2],"rotation":270,"texture":"#0"},"west":{"uv":[8,2,6.75,3],"rotation":270,"texture":"#0"}}},{"from":[8,-5.5,4.5],"to":[8,-0.5,8.5],"rotation":{"angle":-22.5,"axis":"x","origin":[0,8,0]},"faces":{"east":{"uv":[8,2,6.75,3],"rotation":270,"texture":"#0"},"west":{"uv":[8,3,6.75,2],"rotation":270,"texture":"#0"}}},{"from":[8,-3.5,20.5],"to":[8,1.5,24.5],"rotation":{"angle":-45,"axis":"x","origin":[0,8,0]},"faces":{"east":{"uv":[7.75,2,6.75,3],"rotation":90,"texture":"#0"},"west":{"uv":[6.75,2,8,3],"rotation":270,"texture":"#0"}}},{"from":[6.5,2,6.5],"to":[9.5,4,9.5],"rotation":{"angle":0,"axis":"y","origin":[0,8,0]},"faces":{"north":{"uv":[7,7,7.75,7.5],"texture":"#0"},"east":{"uv":[7.25,0,8,0.5],"texture":"#0"},"south":{"uv":[7,7,7.75,7.5],"texture":"#0"},"west":{"uv":[7.25,0,8,0.5],"texture":"#0"},"up":{"uv":[1.5,7,0.75,7.75],"texture":"#0"},"down":{"uv":[1.5,7,0.75,7.75],"texture":"#0"}}},{"from":[5.5,2.5,7.5],"to":[6.5,3.5,8.5],"rotation":{"angle":0,"axis":"y","origin":[0,8,0]},"faces":{"north":{"uv":[5.25,2,5.5,2.25],"texture":"#0"},"east":{"uv":[5.25,2.25,5.5,2.5],"texture":"#0"},"south":{"uv":[5.25,2,5.5,2.25],"texture":"#0"},"west":{"uv":[5.25,2.25,5.5,2.5],"texture":"#0"},"up":{"uv":[5.5,2.5,5.25,2.75],"texture":"#0"},"down":{"uv":[5.5,2.5,5.25,2.75],"texture":"#0"}}},{"from":[9.5,2.5,7.5],"to":[10.5,3.5,8.5],"rotation":{"angle":0,"axis":"y","origin":[16,8,0]},"faces":{"north":{"uv":[5.5,2,5.25,2.25],"texture":"#0"},"east":{"uv":[5.5,2.25,5.25,2.5],"texture":"#0"},"south":{"uv":[5.5,2,5.25,2.25],"texture":"#0"},"west":{"uv":[5.5,2.25,5.25,2.5],"texture":"#0"},"up":{"uv":[5.25,2.5,5.5,2.75],"texture":"#0"},"down":{"uv":[5.25,2.5,5.5,2.75],"texture":"#0"}}},{"from":[6.5,2.5,9.5],"to":[7.5,3.5,10.5],"rotation":{"angle":0,"axis":"y","origin":[0,8,0]},"faces":{"north":{"uv":[5.25,2.75,5.5,3],"texture":"#0"},"east":{"uv":[5.25,3,5.5,3.25],"texture":"#0"},"south":{"uv":[5.25,2.75,5.5,3],"texture":"#0"},"west":{"uv":[5.25,3,5.5,3.25],"texture":"#0"},"up":{"uv":[5.5,3.25,5.25,3.5],"texture":"#0"},"down":{"uv":[5.5,3.25,5.25,3.5],"texture":"#0"}}},{"from":[7.5,-0.5,10],"to":[8.5,0.5,11],"rotation":{"angle":-22.5,"axis":"x","origin":[0,8,0]},"faces":{"north":{"uv":[5.25,2.75,5.5,3],"texture":"#0"},"east":{"uv":[5.25,3,5.5,3.25],"texture":"#0"},"south":{"uv":[5.25,2.75,5.5,3],"texture":"#0"},"west":{"uv":[5.25,3,5.5,3.25],"texture":"#0"},"up":{"uv":[5.5,3.25,5.25,3.5],"texture":"#0"},"down":{"uv":[5.5,3.25,5.25,3.5],"texture":"#0"}}},{"from":[6,9,4],"to":[10,11,12],"rotation":{"angle":45,"axis":"x","origin":[0,7,8]},"faces":{"north":{"uv":[6.75,3,7.75,3.5],"texture":"#0"},"east":{"uv":[4.5,6.25,6.5,6.75],"texture":"#0"},"south":{"uv":[6.75,3,7.75,3.5],"texture":"#0"},"west":{"uv":[4.5,6.25,6.5,6.75],"texture":"#0"},"up":{"uv":[5.5,5.5,4.5,3.5],"texture":"#0"},"down":{"uv":[6.25,0,5.25,2],"texture":"#0"}}},{"from":[6,3,4],"to":[10,5,12],"rotation":{"angle":45,"axis":"x","origin":[0,7,8]},"faces":{"north":{"uv":[6.75,3.5,7.75,3],"texture":"#0"},"east":{"uv":[4.5,6.75,6.5,6.25],"texture":"#0"},"south":{"uv":[6.75,3.5,7.75,3],"texture":"#0"},"west":{"uv":[4.5,6.75,6.5,6.25],"texture":"#0"},"up":{"uv":[6.25,2,5.25,0],"texture":"#0"},"down":{"uv":[5.5,3.5,4.5,5.5],"texture":"#0"}}},{"from":[7,7.5,13],"to":[9,10.5,16],"rotation":{"angle":-22.5,"axis":"x","origin":[0,8,16]},"faces":{"north":{"uv":[3,7,2.5,7.75],"texture":"#0"},"east":{"uv":[0.75,7,0,7.75],"texture":"#0"},"south":{"uv":[3,7,2.5,7.75],"texture":"#0"},"west":{"uv":[0.75,7.75,0,7],"texture":"#0"},"up":{"uv":[3.5,7,3,7.75],"texture":"#0"},"down":{"uv":[3.5,7,3,7.75],"texture":"#0"}}},{"from":[6,5,4],"to":[10,9,6],"rotation":{"angle":45,"axis":"x","origin":[0,7,8]},"faces":{"north":{"uv":[6.5,3.5,7.5,4.5],"texture":"#0"},"east":{"uv":[1.5,7,2,8],"texture":"#0"},"south":{"uv":[6.5,4.5,7.5,5.5],"texture":"#0"},"west":{"uv":[1.5,7,2,8],"texture":"#0"}}},{"from":[6,5,10],"to":[10,9,12],"rotation":{"angle":45,"axis":"x","origin":[0,7,8]},"faces":{"north":{"uv":[7.5,4.5,6.5,5.5],"texture":"#0"},"east":{"uv":[2,7,1.5,8],"texture":"#0"},"south":{"uv":[7.5,3.5,6.5,4.5],"texture":"#0"},"west":{"uv":[2,7,1.5,8],"texture":"#0"}}},{"from":[8,5,6],"to":[8,9,10],"rotation":{"angle":0,"axis":"y","origin":[0,8,0]},"faces":{"east":{"uv":[16,0,0,16],"texture":"#2"},"west":{"uv":[0,0,16,16],"texture":"#2"}}},{"from":[6.5,0,8.5],"to":[9.5,2,16.5],"rotation":{"angle":-22.5,"axis":"x","origin":[0,8,0]},"faces":{"north":{"uv":[9.25,4,10,4.5],"texture":"#0"},"east":{"uv":[7.5,5,9.5,5.5],"texture":"#0"},"south":{"uv":[9.25,4,10,4.5],"texture":"#0"},"west":{"uv":[7.5,5,9.5,5.5],"texture":"#0"},"up":{"uv":[9.75,0,10.5,2],"texture":"#0"},"down":{"uv":[9.75,2,10.5,4],"texture":"#0"}}},{"from":[6.6,4.5,12],"to":[9.4,12.5,14],"rotation":{"angle":22.5,"axis":"x","origin":[0,8,0]},"faces":{"north":{"uv":[9.75,0,10.5,2],"rotation":180,"texture":"#0"},"east":{"uv":[7.5,5,9.5,5.5],"rotation":90,"texture":"#0"},"south":{"uv":[9.75,2,10.45,4],"texture":"#0"},"west":{"uv":[7.5,5,9.5,5.5],"rotation":270,"texture":"#0"},"up":{"uv":[9.25,4,9.95,4.5],"texture":"#0"},"down":{"uv":[9.25,4,10,4.5],"rotation":180,"texture":"#0"}}},{"from":[6.6,13.5,16],"to":[9.4,15.5,24],"rotation":{"angle":22.5,"axis":"x","origin":[0,8,0]},"faces":{"north":{"uv":[9.25,4,10,4.5],"texture":"#0"},"east":{"uv":[7.5,5,9.5,5.5],"texture":"#0"},"south":{"uv":[9.25,4,10,4.5],"texture":"#0"},"west":{"uv":[7.5,5,9.5,5.5],"texture":"#0"},"up":{"uv":[9.75,0,10.45,2],"texture":"#0"},"down":{"uv":[9.75,2,10.5,4],"texture":"#0"}}},{"from":[6.7,15,19.5],"to":[9.3,17,27.5],"rotation":{"angle":22.5,"axis":"x","origin":[0,8,24]},"faces":{"north":{"uv":[9.25,4,10,4.5],"texture":"#0"},"east":{"uv":[7.5,5,9.5,5.5],"texture":"#0"},"south":{"uv":[9.25,4,10,4.5],"texture":"#0"},"west":{"uv":[7.5,5,9.5,5.5],"texture":"#0"},"up":{"uv":[9.75,0,10.4,2],"texture":"#0"},"down":{"uv":[9.75,2,10.4,4],"texture":"#0"}}},{"from":[6.8,15.5,23.5],"to":[9.2,17.5,31.5],"rotation":{"angle":45,"axis":"x","origin":[0,8,24]},"faces":{"north":{"uv":[9.25,4,10,4.5],"texture":"#0"},"east":{"uv":[7.5,5,9.5,5.5],"texture":"#0"},"south":{"uv":[9.25,4,10,4.5],"texture":"#0"},"west":{"uv":[7.5,5,9.5,5.5],"texture":"#0"},"up":{"uv":[9.75,0,10.35,2],"texture":"#0"},"down":{"uv":[9.75,2,10.35,4],"texture":"#0"}}},{"from":[6.5,3,10.5],"to":[9.5,5,18.5],"rotation":{"angle":-22.5,"axis":"x","origin":[0,8,0]},"faces":{"north":{"uv":[9.25,4,10,4.5],"texture":"#0"},"east":{"uv":[7.5,5,9.5,5.5],"texture":"#0"},"south":{"uv":[9.25,4,10,4.5],"texture":"#0"},"west":{"uv":[7.5,5,9.5,5.5],"texture":"#0"},"up":{"uv":[9.75,0,10.5,2],"texture":"#0"},"down":{"uv":[9.75,2,10.5,4],"texture":"#0"}}},{"from":[6.6,-3.7,15.2],"to":[9.4,-1.7,23.2],"rotation":{"angle":-45,"axis":"x","origin":[0,8,0]},"faces":{"north":{"uv":[9.25,4,10,4.5],"texture":"#0"},"east":{"uv":[7.5,5,9.5,5.5],"texture":"#0"},"south":{"uv":[9.25,4,10,4.5],"texture":"#0"},"west":{"uv":[7.5,5,9.5,5.5],"texture":"#0"},"up":{"uv":[9.75,0,10.45,2],"texture":"#0"},"down":{"uv":[9.75,2,10.45,4],"texture":"#0"}}},{"from":[7.1,-0.5,5],"to":[8.9,2.5,8],"rotation":{"angle":45,"axis":"x","origin":[7,-0.5,8]},"faces":{"north":{"uv":[8.25,6.25,8.7,7],"rotation":180,"texture":"#0"},"east":{"uv":[8.25,6.25,7.5,7],"rotation":270,"texture":"#0"},"south":{"uv":[8.25,6.25,8.7,7],"texture":"#0"},"west":{"uv":[8.25,6.25,7.5,7],"rotation":90,"texture":"#0"},"up":{"uv":[8.25,6.25,8.7,7],"rotation":180,"texture":"#0"},"down":{"uv":[8.25,6.25,8.7,7],"texture":"#0"}}},{"from":[7.1,2.5,5.5],"to":[8.9,5.5,8.5],"rotation":{"angle":45,"axis":"x","origin":[7,-0.5,8]},"faces":{"north":{"uv":[8.25,6.25,8.7,7],"rotation":180,"texture":"#0"},"east":{"uv":[8.25,6.25,7.5,7],"rotation":270,"texture":"#0"},"south":{"uv":[8.25,6.25,8.7,7],"texture":"#0"},"west":{"uv":[7.5,6.25,8.25,7],"rotation":90,"texture":"#0"},"up":{"uv":[8.25,6.25,8.7,7],"rotation":180,"texture":"#0"},"down":{"uv":[8.25,6.25,8.7,7],"texture":"#0"}}},{"from":[8,-3,11],"to":[8,7,24],"faces":{"north":{"uv":[0,0,0,2.5],"texture":"#missing"},"east":{"uv":[10.5,10,7.25,12.5],"texture":"#0"},"south":{"uv":[0,0,0,2.5],"texture":"#missing"},"west":{"uv":[7.25,10,10.5,12.5],"texture":"#0"},"up":{"uv":[0,0,0,3.25],"texture":"#missing"},"down":{"uv":[0,0,0,3.25],"texture":"#missing"}}},{"from":[8,-15,18],"to":[8,-1,32],"rotation":{"angle":-45,"axis":"x","origin":[0,0,5]},"faces":{"north":{"uv":[0,0,0,3.5],"texture":"#missing"},"east":{"uv":[10.5,12.5,7,16],"texture":"#0"},"south":{"uv":[0,0,0,3.5],"texture":"#missing"},"west":{"uv":[7,12.5,10.5,16],"texture":"#0"},"up":{"uv":[0,0,0,3.5],"texture":"#missing"},"down":{"uv":[0,0,0,3.5],"texture":"#missing"}}},{"from":[6.5,2.5,5.5],"to":[7.5,3.5,6.5],"rotation":{"angle":0,"axis":"y","origin":[0,8,16]},"faces":{"north":{"uv":[5.5,2.75,5.25,3],"texture":"#0"},"east":{"uv":[5.5,3,5.25,3.25],"texture":"#0"},"south":{"uv":[5.5,2.75,5.25,3],"texture":"#0"},"west":{"uv":[5.5,3,5.25,3.25],"texture":"#0"},"up":{"uv":[5.5,3.5,5.25,3.25],"texture":"#0"},"down":{"uv":[5.5,3.5,5.25,3.25],"texture":"#0"}}},{"from":[7.1,2.5,7.5],"to":[8.9,5.5,10.5],"rotation":{"angle":-45,"axis":"x","origin":[7,-0.5,8]},"faces":{"north":{"uv":[8.7,6.25,8.25,7],"texture":"#0"},"east":{"uv":[8.25,7,7.5,6.25],"rotation":270,"texture":"#0"},"south":{"uv":[8.7,6.25,8.25,7],"rotation":180,"texture":"#0"},"west":{"uv":[7.5,7,8.25,6.25],"rotation":90,"texture":"#0"},"up":{"uv":[8.25,7,8.7,6.25],"rotation":180,"texture":"#0"},"down":{"uv":[8.25,7,8.7,6.25],"texture":"#0"}}},{"from":[6.6,4.5,2],"to":[9.4,12.5,4],"rotation":{"angle":-22.5,"axis":"x","origin":[0,8,16]},"faces":{"north":{"uv":[10.45,2,9.75,4],"texture":"#0"},"east":{"uv":[7.5,5.5,9.5,5],"rotation":90,"texture":"#0"},"south":{"uv":[10.5,0,9.75,2],"rotation":180,"texture":"#0"},"west":{"uv":[7.5,5.5,9.5,5],"rotation":270,"texture":"#0"},"up":{"uv":[9.25,4.5,9.95,4],"texture":"#0"},"down":{"uv":[9.25,4.5,10,4],"rotation":180,"texture":"#0"}}},{"from":[6.5,0,-0.5],"to":[9.5,2,7.5],"rotation":{"angle":22.5,"axis":"x","origin":[0,8,16]},"faces":{"north":{"uv":[10,4,9.25,4.5],"texture":"#0"},"east":{"uv":[9.5,5,7.5,5.5],"texture":"#0"},"south":{"uv":[10,4,9.25,4.5],"texture":"#0"},"west":{"uv":[9.5,5,7.5,5.5],"texture":"#0"},"up":{"uv":[9.75,2,10.5,0],"texture":"#0"},"down":{"uv":[9.75,4,10.5,2],"texture":"#0"}}},{"from":[6.5,3,-2.5],"to":[9.5,5,5.5],"rotation":{"angle":22.5,"axis":"x","origin":[0,8,16]},"faces":{"north":{"uv":[10,4,9.25,4.5],"texture":"#0"},"east":{"uv":[9.5,5,7.5,5.5],"texture":"#0"},"south":{"uv":[10,4,9.25,4.5],"texture":"#0"},"west":{"uv":[9.5,5,7.5,5.5],"texture":"#0"},"up":{"uv":[9.75,2,10.5,0],"texture":"#0"},"down":{"uv":[9.75,4,10.5,2],"texture":"#0"}}},{"from":[7,7.5,0],"to":[9,10.5,3],"rotation":{"angle":22.5,"axis":"x","origin":[0,8,0]},"faces":{"north":{"uv":[2.5,7,3,7.75],"texture":"#0"},"east":{"uv":[0,7,0.75,7.75],"texture":"#0"},"south":{"uv":[2.5,7,3,7.75],"texture":"#0"},"west":{"uv":[0,7.75,0.75,7],"texture":"#0"},"up":{"uv":[3.5,7.75,3,7],"texture":"#0"},"down":{"uv":[3.5,7.75,3,7],"texture":"#0"}}},{"from":[8,3.5,1.5],"to":[8,7.5,6.5],"rotation":{"angle":22.5,"axis":"x","origin":[0,8,16]},"faces":{"east":{"uv":[6.75,2,7.75,3],"texture":"#0"},"west":{"uv":[8,2,6.75,3],"texture":"#0"}}},{"from":[8,-3.5,-8.5],"to":[8,1.5,-4.5],"rotation":{"angle":45,"axis":"x","origin":[0,8,16]},"faces":{"east":{"uv":[7.75,3,6.75,2],"rotation":90,"texture":"#0"},"west":{"uv":[6.75,3,8,2],"rotation":270,"texture":"#0"}}},{"from":[6.6,-3.7,-7.2],"to":[9.4,-1.7,0.8],"rotation":{"angle":45,"axis":"x","origin":[0,8,16]},"faces":{"north":{"uv":[10,4,9.25,4.5],"texture":"#0"},"east":{"uv":[9.5,5,7.5,5.5],"texture":"#0"},"south":{"uv":[10,4,9.25,4.5],"texture":"#0"},"west":{"uv":[9.5,5,7.5,5.5],"texture":"#0"},"up":{"uv":[9.75,2,10.45,0],"texture":"#0"},"down":{"uv":[9.75,4,10.45,2],"texture":"#0"}}},{"from":[6.8,15.5,-15.5],"to":[9.2,17.5,-7.5],"rotation":{"angle":-45,"axis":"x","origin":[0,8,-8]},"faces":{"north":{"uv":[10,4,9.25,4.5],"texture":"#0"},"east":{"uv":[9.5,5,7.5,5.5],"texture":"#0"},"south":{"uv":[10,4,9.25,4.5],"texture":"#0"},"west":{"uv":[9.5,5,7.5,5.5],"texture":"#0"},"up":{"uv":[9.75,2,10.35,0],"texture":"#0"},"down":{"uv":[9.75,4,10.35,2],"texture":"#0"}}},{"from":[6.7,15,-11.5],"to":[9.3,17,-3.5],"rotation":{"angle":-22.5,"axis":"x","origin":[0,8,-8]},"faces":{"north":{"uv":[10,4,9.25,4.5],"texture":"#0"},"east":{"uv":[9.5,5,7.5,5.5],"texture":"#0"},"south":{"uv":[10,4,9.25,4.5],"texture":"#0"},"west":{"uv":[9.5,5,7.5,5.5],"texture":"#0"},"up":{"uv":[9.75,2,10.4,0],"texture":"#0"},"down":{"uv":[9.75,4,10.4,2],"texture":"#0"}}},{"from":[8,-15,-16],"to":[8,-1,-2],"rotation":{"angle":45,"axis":"x","origin":[0,0,11]},"faces":{"north":{"uv":[0,0,0,3.5],"texture":"#missing"},"east":{"uv":[7,12.5,10.5,16],"texture":"#0"},"south":{"uv":[0,0,0,3.5],"texture":"#missing"},"west":{"uv":[10.5,12.5,7,16],"texture":"#0"},"up":{"uv":[0,3.5,0,0],"texture":"#missing"},"down":{"uv":[0,3.5,0,0],"texture":"#missing"}}},{"from":[6.6,13.5,-8],"to":[9.4,15.5,0],"rotation":{"angle":-22.5,"axis":"x","origin":[0,8,16]},"faces":{"north":{"uv":[10,4,9.25,4.5],"texture":"#0"},"east":{"uv":[9.5,5,7.5,5.5],"texture":"#0"},"south":{"uv":[10,4,9.25,4.5],"texture":"#0"},"west":{"uv":[9.5,5,7.5,5.5],"texture":"#0"},"up":{"uv":[9.75,2,10.45,0],"texture":"#0"},"down":{"uv":[9.75,4,10.5,2],"texture":"#0"}}},{"from":[8,-3,-8],"to":[8,7,5],"rotation":{"angle":0,"axis":"y","origin":[0,0,16]},"faces":{"north":{"uv":[0,0,0,2.5],"texture":"#missing"},"east":{"uv":[7.25,10,10.5,12.5],"texture":"#0"},"south":{"uv":[0,0,0,2.5],"texture":"#missing"},"west":{"uv":[10.5,10,7.25,12.5],"texture":"#0"},"up":{"uv":[0,3.25,0,0],"texture":"#missing"},"down":{"uv":[0,3.25,0,0],"texture":"#missing"}}},{"from":[7.5,-9,24],"to":[8.5,-4,25],"rotation":{"angle":-22.5,"axis":"x","origin":[0,0,0]},"faces":{"north":{"uv":[7.5,7.5,7.75,8.75],"texture":"#0"},"east":{"uv":[7.5,7.5,7.75,8.75],"texture":"#0"},"south":{"uv":[7.5,7.5,7.75,8.75],"texture":"#0"},"west":{"uv":[7.5,7.5,7.75,8.75],"texture":"#0"},"up":{"uv":[7.5,8.75,7.75,9],"texture":"#0"},"down":{"uv":[8.125,8.375,8.375,8.625],"texture":"#0"}}},{"from":[7.5,-6,4],"to":[8.5,-1,5],"rotation":{"angle":-22.5,"axis":"x","origin":[0,0,0]},"faces":{"north":{"uv":[7.5,7.5,7.75,8.75],"texture":"#0"},"east":{"uv":[7.5,7.5,7.75,8.75],"texture":"#0"},"south":{"uv":[7.5,7.5,7.75,8.75],"texture":"#0"},"west":{"uv":[7.5,7.5,7.75,8.75],"texture":"#0"},"up":{"uv":[7.5,8.75,7.75,9],"texture":"#0"},"down":{"uv":[8.125,8.375,8.375,8.625],"texture":"#0"}}},{"from":[7.5,-6,11],"to":[8.5,-1,12],"rotation":{"angle":22.5,"axis":"x","origin":[0,0,16]},"faces":{"north":{"uv":[7.75,7.5,7.5,8.75],"texture":"#0"},"east":{"uv":[7.75,7.5,7.5,8.75],"texture":"#0"},"south":{"uv":[7.75,7.5,7.5,8.75],"texture":"#0"},"west":{"uv":[7.75,7.5,7.5,8.75],"texture":"#0"},"up":{"uv":[7.5,9,7.75,8.75],"texture":"#0"},"down":{"uv":[8.125,8.625,8.375,8.375],"texture":"#0"}}},{"from":[7.5,13,18],"to":[8.5,14,23],"rotation":{"angle":45,"axis":"x","origin":[0,-9,21]},"faces":{"north":{"uv":[7.5,8.75,7.75,9],"rotation":180,"texture":"#0"},"east":{"uv":[7.5,7.5,7.75,8.75],"rotation":90,"texture":"#0"},"south":{"uv":[8.125,8.375,8.375,8.625],"texture":"#0"},"west":{"uv":[7.5,7.5,7.75,8.75],"rotation":270,"texture":"#0"},"up":{"uv":[7.5,7.5,7.75,8.75],"texture":"#0"},"down":{"uv":[7.5,7.5,7.75,8.75],"rotation":180,"texture":"#0"}}},{"from":[7.5,13,-7],"to":[8.5,14,-2],"rotation":{"angle":-45,"axis":"x","origin":[0,-9,-5]},"faces":{"north":{"uv":[8.375,8.375,8.125,8.625],"texture":"#0"},"east":{"uv":[7.5,8.75,7.75,7.5],"rotation":90,"texture":"#0"},"south":{"uv":[7.75,8.75,7.5,9],"rotation":180,"texture":"#0"},"west":{"uv":[7.5,8.75,7.75,7.5],"rotation":270,"texture":"#0"},"up":{"uv":[7.5,8.75,7.75,7.5],"texture":"#0"},"down":{"uv":[7.5,8.75,7.75,7.5],"rotation":180,"texture":"#0"}}},{"from":[7.5,-9,-9],"to":[8.5,-4,-8],"rotation":{"angle":22.5,"axis":"x","origin":[0,0,16]},"faces":{"north":{"uv":[7.75,7.5,7.5,8.75],"texture":"#0"},"east":{"uv":[7.75,7.5,7.5,8.75],"texture":"#0"},"south":{"uv":[7.75,7.5,7.5,8.75],"texture":"#0"},"west":{"uv":[7.75,7.5,7.5,8.75],"texture":"#0"},"up":{"uv":[7.5,9,7.75,8.75],"texture":"#0"},"down":{"uv":[8.125,8.625,8.375,8.375],"texture":"#0"}}},{"from":[7.5,13,-7],"to":[8.5,14,-2],"rotation":{"angle":-45,"axis":"x","origin":[16,-9,-5]},"faces":{"north":{"uv":[8.125,8.375,8.375,8.625],"texture":"#0"},"east":{"uv":[7.5,7.5,7.75,8.75],"rotation":270,"texture":"#0"},"south":{"uv":[7.5,8.75,7.75,9],"rotation":180,"texture":"#0"},"west":{"uv":[7.5,7.5,7.75,8.75],"rotation":90,"texture":"#0"},"up":{"uv":[7.75,8.75,7.5,7.5],"texture":"#0"},"down":{"uv":[7.75,8.75,7.5,7.5],"rotation":180,"texture":"#0"}}},{"from":[7.5,-9,-9],"to":[8.5,-4,-8],"rotation":{"angle":22.5,"axis":"x","origin":[16,0,16]},"faces":{"north":{"uv":[7.5,7.5,7.75,8.75],"texture":"#0"},"east":{"uv":[7.5,7.5,7.75,8.75],"texture":"#0"},"south":{"uv":[7.5,7.5,7.75,8.75],"texture":"#0"},"west":{"uv":[7.5,7.5,7.75,8.75],"texture":"#0"},"up":{"uv":[7.75,9,7.5,8.75],"texture":"#0"},"down":{"uv":[8.375,8.625,8.125,8.375],"texture":"#0"}}},{"from":[8.5,2.5,9.5],"to":[9.5,3.5,10.5],"rotation":{"angle":0,"axis":"y","origin":[16,8,0]},"faces":{"north":{"uv":[5.5,2.75,5.25,3],"texture":"#0"},"east":{"uv":[5.5,3,5.25,3.25],"texture":"#0"},"south":{"uv":[5.5,2.75,5.25,3],"texture":"#0"},"west":{"uv":[5.5,3,5.25,3.25],"texture":"#0"},"up":{"uv":[5.25,3.25,5.5,3.5],"texture":"#0"},"down":{"uv":[5.25,3.25,5.5,3.5],"texture":"#0"}}},{"from":[8.5,2.5,5.5],"to":[9.5,3.5,6.5],"rotation":{"angle":0,"axis":"y","origin":[16,8,16]},"faces":{"north":{"uv":[5.25,2.75,5.5,3],"texture":"#0"},"east":{"uv":[5.25,3,5.5,3.25],"texture":"#0"},"south":{"uv":[5.25,2.75,5.5,3],"texture":"#0"},"west":{"uv":[5.25,3,5.5,3.25],"texture":"#0"},"up":{"uv":[5.25,3.5,5.5,3.25],"texture":"#0"},"down":{"uv":[5.25,3.5,5.5,3.25],"texture":"#0"}}}],"gui_light":"front","display":{"thirdperson_righthand":{"rotation":[-112.5,90,180],"translation":[0,0.25,0.75],"scale":[0.35547,0.35547,0.35547]},"thirdperson_lefthand":{"rotation":[90,90,-20],"translation":[-6.25,-6.5,9.5]},"firstperson_righthand":{"rotation":[0,90,0],"translation":[-0.75,4,2.25],"scale":[0.36328,0.36328,0.36328]},"firstperson_lefthand":{"rotation":[-15,0,0],"translation":[0.5,5,2.25],"scale":[0,0,0]},"ground":{"translation":[0,11,0],"scale":[0.7,0.7,0.7]},"gui":{"rotation":[0,90,0],"translation":[0,0.25,0],"scale":[0.25352,0.25352,0.25352]},"head":{"scale":[0,0,0]},"fixed":{"rotation":[0,90,0],"translation":[-0.25,6.25,-0.25],"scale":[1.8,1.8,1.8]}}}