{
	"credit": "by w11shes",
	"texture_size": [32, 32],
	"textures": {
		"1": "elitecreatures:lunar_assortment/lunar_axe"
	},
	"elements": [
		{
			"from": [8.26974, -15.10437, 10.77606],
			"to": [8.31974, -4.10437, 13.77606],
			"rotation": {"angle": 22.5, "axis": "x", "origin": [8.28224, 4.32644, 8.0125]},
			"faces": {
				"east": {"uv": [4, 0, 5.5, 5.5], "texture": "#1"},
				"west": {"uv": [4, 0, 5.5, 5.5], "texture": "#1"}
			}
		},
		{
			"from": [6.26974, -4, 7.29473],
			"to": [10.26974, -1, 11.29474],
			"rotation": {"angle": 0, "axis": "y", "origin": [8.28224, 4.32644, 8.0125]},
			"faces": {
				"north": {"uv": [9.5, 8.5, 11.5, 10], "texture": "#1"},
				"east": {"uv": [7.5, 9.5, 9.5, 11], "texture": "#1"},
				"south": {"uv": [10, 0, 12, 1.5], "texture": "#1"},
				"west": {"uv": [7.5, 9.5, 9.5, 11], "texture": "#1"},
				"up": {"uv": [9.5, 9.5, 7.5, 7.5], "rotation": 270, "texture": "#1"}
			}
		},
		{
			"from": [6.24974, -2.06878, 13.39264],
			"to": [10.28974, 0.75965, 16.22107],
			"rotation": {"angle": 45, "axis": "x", "origin": [8.28224, 4.32644, 8.0125]},
			"faces": {
				"east": {"uv": [12.5, 4, 11, 5.5], "texture": "#1"},
				"south": {"uv": [10, 1.5, 12, 3], "texture": "#1"},
				"west": {"uv": [11, 4, 12.5, 5.5], "texture": "#1"},
				"down": {"uv": [5.5, 10, 4, 12], "rotation": 90, "texture": "#1"}
			}
		},
		{
			"from": [8.26974, -1.33849, 12.08323],
			"to": [8.31974, 2.66151, 15.08323],
			"rotation": {"angle": 22.5, "axis": "x", "origin": [8.28224, 4.32644, 8.0125]},
			"faces": {
				"east": {"uv": [11, 10, 9.5, 12], "texture": "#1"},
				"west": {"uv": [9.5, 10, 11, 12], "texture": "#1"}
			}
		},
		{
			"from": [8.26974, -2.31987, 3.31103],
			"to": [8.31974, 1.68013, 6.31103],
			"rotation": {"angle": -22.5, "axis": "x", "origin": [8.28224, 4.32644, 8.0125]},
			"faces": {
				"east": {"uv": [9.5, 10, 11, 12], "texture": "#1"},
				"west": {"uv": [11, 10, 9.5, 12], "texture": "#1"}
			}
		},
		{
			"from": [7.26974, -1, 8.29473],
			"to": [9.26974, 8, 10.29473],
			"rotation": {"angle": 0, "axis": "y", "origin": [8.28224, 4.32644, 8.0125]},
			"faces": {
				"north": {"uv": [7.5, 7.5, 6.5, 12], "texture": "#1"},
				"east": {"uv": [6.5, 7.5, 7.5, 12], "texture": "#1"},
				"south": {"uv": [7.5, 7.5, 6.5, 12], "texture": "#1"},
				"west": {"uv": [6.5, 7.5, 7.5, 12], "texture": "#1"}
			}
		},
		{
			"from": [4.86672, 8, 6.41034],
			"to": [9.86672, 10, 11.41034],
			"rotation": {"angle": 45, "axis": "y", "origin": [8.28224, 4.32644, 8.0125]},
			"faces": {
				"north": {"uv": [12.5, 3, 10, 4], "texture": "#1"},
				"east": {"uv": [10, 3, 12.5, 4], "texture": "#1"},
				"south": {"uv": [12.5, 3, 10, 4], "texture": "#1"},
				"west": {"uv": [10, 3, 12.5, 4], "texture": "#1"},
				"up": {"uv": [8, 2.5, 5.5, 0], "rotation": 270, "texture": "#1"},
				"down": {"uv": [8, 2.5, 5.5, 5], "rotation": 90, "texture": "#1"}
			}
		},
		{
			"from": [4.86672, 15, 6.41034],
			"to": [9.86672, 17, 11.41034],
			"rotation": {"angle": 45, "axis": "y", "origin": [8.28224, 4.32644, 8.0125]},
			"faces": {
				"north": {"uv": [4, 10.5, 1.5, 11.5], "texture": "#1"},
				"east": {"uv": [1.5, 10.5, 4, 11.5], "texture": "#1"},
				"south": {"uv": [4, 10.5, 1.5, 11.5], "texture": "#1"},
				"west": {"uv": [1.5, 10.5, 4, 11.5], "texture": "#1"},
				"up": {"uv": [6.5, 8, 4, 5.5], "rotation": 270, "texture": "#1"},
				"down": {"uv": [9, 5, 6.5, 7.5], "rotation": 90, "texture": "#1"}
			}
		},
		{
			"from": [5.86672, 10, 7.41034],
			"to": [8.86672, 15, 10.41034],
			"rotation": {"angle": 45, "axis": "y", "origin": [8.28224, 4.32644, 8.0125]},
			"faces": {
				"north": {"uv": [11, 6, 9.5, 8.5], "texture": "#1"},
				"east": {"uv": [9.5, 6, 11, 8.5], "texture": "#1"},
				"south": {"uv": [11, 6, 9.5, 8.5], "texture": "#1"},
				"west": {"uv": [9.5, 6, 11, 8.5], "texture": "#1"}
			}
		},
		{
			"from": [6.26974, 13.48757, -3.33528],
			"to": [10.26974, 17.48757, 0.66472],
			"rotation": {"angle": 45, "axis": "x", "origin": [8.28224, 4.32644, 8.0125]},
			"faces": {
				"north": {"uv": [8, 2, 10, 4], "texture": "#1"},
				"east": {"uv": [10, 0, 8, 2], "texture": "#1"},
				"south": {"uv": [4, 8, 6, 10], "texture": "#1"},
				"west": {"uv": [8, 0, 10, 2], "texture": "#1"},
				"up": {"uv": [2, 10.5, 0, 8.5], "rotation": 270, "texture": "#1"},
				"down": {"uv": [4, 8.5, 2, 10.5], "rotation": 90, "texture": "#1"}
			}
		},
		{
			"from": [7.76974, 11.15, -0.30527],
			"to": [8.76974, 14.15, 7.69474],
			"rotation": {"angle": 0, "axis": "y", "origin": [8.28224, 4.32644, 8.0125]},
			"faces": {
				"north": {"uv": [0, 7, 0.5, 8.5], "texture": "#1"},
				"east": {"uv": [4, 7, 0, 8.5], "texture": "#1"},
				"west": {"uv": [0, 7, 4, 8.5], "texture": "#1"},
				"up": {"uv": [4, 7, 0, 7.5], "rotation": 270, "texture": "#1"},
				"down": {"uv": [4, 8, 0, 8.5], "rotation": 90, "texture": "#1"}
			}
		},
		{
			"from": [7.76974, 7.15, -0.30527],
			"to": [8.76974, 11.15, 3.69473],
			"rotation": {"angle": 0, "axis": "y", "origin": [8.28224, 4.32644, 8.0125]},
			"faces": {
				"north": {"uv": [9, 4, 9.5, 6], "texture": "#1"},
				"east": {"uv": [11, 4, 9, 6], "texture": "#1"},
				"south": {"uv": [10.5, 4, 11, 6], "texture": "#1"},
				"west": {"uv": [9, 4, 11, 6], "texture": "#1"},
				"down": {"uv": [11, 5.5, 9, 6], "rotation": 90, "texture": "#1"}
			}
		},
		{
			"from": [8.26974, 4.15, -2.30527],
			"to": [8.26974, 18.15, 5.69474],
			"rotation": {"angle": 0, "axis": "y", "origin": [8.28224, 4.32644, 8.0125]},
			"faces": {
				"east": {"uv": [4, 0, 0, 7], "texture": "#1"},
				"west": {"uv": [0, 0, 4, 7], "texture": "#1"}
			}
		},
		{
			"from": [8.26974, 15, 12.83027],
			"to": [8.31974, 19, 15.83027],
			"rotation": {"angle": 0, "axis": "y", "origin": [8.28224, 4.32644, 8.0125]},
			"faces": {
				"east": {"uv": [1.5, 10.5, 0, 12.5], "texture": "#1"},
				"west": {"uv": [0, 10.5, 1.5, 12.5], "texture": "#1"}
			}
		},
		{
			"from": [8.26974, 15, 2.7592],
			"to": [8.31974, 19, 5.75921],
			"rotation": {"angle": 0, "axis": "y", "origin": [8.28224, 4.32644, 8.0125]},
			"faces": {
				"east": {"uv": [0, 10.5, 1.5, 12.5], "texture": "#1"},
				"west": {"uv": [1.5, 10.5, 0, 12.5], "texture": "#1"}
			}
		}
	],
	"gui_light": "front",
	"display": {
		"thirdperson_righthand": {
			"translation": [-0.25, 1.5, 0.25],
			"scale": [0.75, 0.75, 0.75]
		},
		"thirdperson_lefthand": {
			"translation": [-0.25, 1.5, 0.25],
			"scale": [0.75, 0.75, 0.75]
		},
		"firstperson_righthand": {
			"rotation": [0, 22, 0],
			"translation": [1.5, 4.5, 0],
			"scale": [0.54883, 0.54883, 0.54883]
		},
		"firstperson_lefthand": {
			"rotation": [0, 22, 0],
			"translation": [1.5, 4.5, 0],
			"scale": [0.54883, 0.54883, 0.54883]
		},
		"ground": {
			"rotation": [94, 85, 0],
			"translation": [0, 0.25, -0.75],
			"scale": [0.5, 0.5, 0.5]
		},
		"gui": {
			"rotation": [-90, 45, 88],
			"translation": [0, 0.5, 0],
			"scale": [0.515, 0.515, 0.515]
		},
		"head": {
			"rotation": [90, -171, 90],
			"translation": [2.75, 12.25, 0.25],
			"scale": [0.7, 0.7, 0.7]
		},
		"fixed": {
			"rotation": [0, 90, 0],
			"translation": [1.5, -1, -1.25],
			"scale": [1.42109, 1.42109, 1.42109]
		}
	}
}