{
	"credit": "by w11shes",
	"texture_size": [128, 128],
	"textures": {
		"1": "elitecreatures:lunar_assortment/lunar_chest",
		"particle": "elitecreatures:lunar_assortment/lunar_chest_e"
	},
	"elements": [
		{
			"from": [-4, 12, -1],
			"to": [20, 15, 17],
			"rotation": {"angle": 0, "axis": "y", "origin": [0, 4, 0]},
			"faces": {
				"north": {"uv": [6, 3.75, 9, 4.125], "texture": "#1"},
				"east": {"uv": [6.75, 6.5, 9, 6.875], "texture": "#1"},
				"south": {"uv": [6, 4.125, 9, 4.5], "texture": "#1"},
				"west": {"uv": [5, 6.875, 7.25, 7.25], "texture": "#1"},
				"up": {"uv": [6, 2.25, 3, 0], "texture": "#1"},
				"down": {"uv": [6, 2.25, 3, 4.5], "texture": "#1"}
			}
		},
		{
			"from": [-3, 15, -1],
			"to": [1, 22, 17],
			"rotation": {"angle": 0, "axis": "y", "origin": [1, 4, 0]},
			"faces": {
				"north": {"uv": [6.5, 7.25, 7, 8.125], "texture": "#1"},
				"east": {"uv": [4, 4.5, 6.25, 5.375], "texture": "#1"},
				"south": {"uv": [7, 7.25, 6.5, 8.125], "texture": "#1"},
				"west": {"uv": [4, 5.375, 6.25, 6.25], "texture": "#1"}
			}
		},
		{
			"from": [5, 12, -5],
			"to": [11, 16, 0],
			"rotation": {"angle": 0, "axis": "y", "origin": [0, 2, 0]},
			"faces": {
				"north": {"uv": [7, 7.5, 7.75, 8], "texture": "#1"},
				"east": {"uv": [8, 5.5, 8.625, 6], "texture": "#1"},
				"west": {"uv": [7, 8, 7.625, 8.5], "texture": "#1"},
				"up": {"uv": [5.75, 7.875, 5, 7.25], "texture": "#1"},
				"down": {"uv": [6.5, 7.25, 5.75, 7.875], "texture": "#1"}
			}
		},
		{
			"from": [5, 10, -5],
			"to": [11, 12, -3],
			"rotation": {"angle": 0, "axis": "y", "origin": [0, -2, 0]},
			"faces": {
				"north": {"uv": [2.25, 8.25, 3, 8.5], "texture": "#1"},
				"east": {"uv": [1.5, 7.25, 1.75, 7.5], "texture": "#1"},
				"west": {"uv": [7, 7.25, 7.25, 7.5], "texture": "#1"}
			}
		},
		{
			"from": [11, 12, -3],
			"to": [5, 10, -5],
			"rotation": {"angle": 0, "axis": "y", "origin": [16, 18, 16]},
			"faces": {
				"east": {"uv": [7, 7.5, 7.25, 7.25], "texture": "#1"},
				"south": {"uv": [2.25, 8.5, 3, 8.25], "texture": "#1"},
				"west": {"uv": [1.5, 7.5, 1.75, 7.25], "texture": "#1"}
			}
		},
		{
			"from": [1, 15, 0],
			"to": [15, 20, 16],
			"rotation": {"angle": 0, "axis": "y", "origin": [0, 4, 0]},
			"faces": {
				"north": {"uv": [5, 6.25, 6.75, 6.875], "texture": "#1"},
				"south": {"uv": [6.25, 5, 8, 5.625], "texture": "#1"},
				"up": {"uv": [1.75, 6.5, 0, 4.5], "texture": "#1"}
			}
		},
		{
			"from": [1.25, 17.5, -2],
			"to": [6.25, 19.5, 1],
			"rotation": {"angle": -22.5, "axis": "z", "origin": [6, 17, -1]},
			"faces": {
				"north": {"uv": [8.25, 8, 8.875, 8.25], "texture": "#1"},
				"east": {"uv": [3.5, 6, 3.875, 6.25], "texture": "#1"},
				"south": {"uv": [8.25, 8.25, 8.875, 8.5], "texture": "#1"},
				"west": {"uv": [0.75, 8.5, 1.125, 8.75], "texture": "#1"},
				"up": {"uv": [2.25, 8.625, 1.625, 8.25], "texture": "#1"},
				"down": {"uv": [8.875, 1.875, 8.25, 2.25], "texture": "#1"}
			}
		},
		{
			"from": [9.75, 17.5, -2],
			"to": [14.75, 19.5, 1],
			"rotation": {"angle": 22.5, "axis": "z", "origin": [10, 17, -1]},
			"faces": {
				"north": {"uv": [8.875, 8, 8.25, 8.25], "texture": "#1"},
				"east": {"uv": [1.125, 8.5, 0.75, 8.75], "texture": "#1"},
				"south": {"uv": [8.875, 8.25, 8.25, 8.5], "texture": "#1"},
				"west": {"uv": [3.875, 6, 3.5, 6.25], "texture": "#1"},
				"up": {"uv": [1.625, 8.625, 2.25, 8.25], "texture": "#1"},
				"down": {"uv": [8.25, 1.875, 8.875, 2.25], "texture": "#1"}
			}
		},
		{
			"from": [1, 20, 6],
			"to": [15, 22, 10],
			"rotation": {"angle": 0, "axis": "y", "origin": [0, 4, 0]},
			"faces": {
				"north": {"uv": [7.125, 3.125, 8.875, 3.375], "texture": "#1"},
				"south": {"uv": [7.125, 3.125, 8.875, 3.375], "texture": "#1"},
				"up": {"uv": [8, 6.125, 6.25, 5.625], "texture": "#1"}
			}
		},
		{
			"from": [8, 23, 6],
			"to": [14, 29, 10],
			"rotation": {"angle": 45, "axis": "z", "origin": [8, 23, 9]},
			"faces": {
				"north": {"uv": [0, 7.25, 0.75, 8], "texture": "#1"},
				"east": {"uv": [7.75, 1.5, 8.25, 2.25], "texture": "#1"},
				"south": {"uv": [0.75, 7.25, 0, 8], "texture": "#1"},
				"west": {"uv": [4.25, 7.75, 4.75, 8.5], "texture": "#1"},
				"up": {"uv": [8.5, 8, 7.75, 7.5], "texture": "#1"},
				"down": {"uv": [8.625, 2.25, 7.875, 2.75], "texture": "#1"}
			}
		},
		{
			"from": [5, 20, 5],
			"to": [11, 24, 11],
			"rotation": {"angle": 45, "axis": "y", "origin": [8, 23.5, 8]},
			"faces": {
				"north": {"uv": [4.75, 7.875, 5.5, 8.375], "texture": "#1"},
				"east": {"uv": [5.5, 7.875, 6.25, 8.375], "texture": "#1"},
				"south": {"uv": [6.25, 7.875, 5.5, 8.375], "texture": "#1"},
				"west": {"uv": [5.5, 7.875, 6.25, 8.375], "texture": "#1"},
				"up": {"uv": [1.5, 8, 0.75, 7.25], "texture": "#1"}
			}
		},
		{
			"from": [-7, 23, 8],
			"to": [7, 30, 8.05],
			"rotation": {"angle": 0, "axis": "y", "origin": [0, 1, 0]},
			"faces": {
				"north": {"uv": [6, 1.5, 7.75, 2.375], "texture": "#1"},
				"south": {"uv": [7.75, 1.5, 6, 2.375], "texture": "#1"}
			}
		},
		{
			"from": [9, 23, 8],
			"to": [23, 30, 8.05],
			"rotation": {"angle": 0, "axis": "y", "origin": [16, 1, 0]},
			"faces": {
				"north": {"uv": [7.75, 1.5, 6, 2.375], "texture": "#1"},
				"south": {"uv": [6, 1.5, 7.75, 2.375], "texture": "#1"}
			}
		},
		{
			"from": [-4, 18, -1.02],
			"to": [1, 22, 17.02],
			"rotation": {"angle": -45, "axis": "z", "origin": [1, 22, 0]},
			"faces": {
				"north": {"uv": [7.625, 8, 8.25, 8.5], "texture": "#1"},
				"south": {"uv": [8.25, 8, 7.625, 8.5], "texture": "#1"},
				"west": {"uv": [6.25, 4.5, 8.5, 5], "texture": "#1"},
				"up": {"uv": [2.375, 8.25, 1.75, 6], "texture": "#1"},
				"down": {"uv": [3, 6, 2.375, 8.25], "texture": "#1"}
			}
		},
		{
			"from": [-10, 12, 1],
			"to": [-7, 15, 15],
			"rotation": {"angle": -22.5, "axis": "z", "origin": [-4, 12, 3]},
			"faces": {
				"north": {"uv": [4.75, 8.375, 5.125, 8.75], "texture": "#1"},
				"east": {"uv": [0, 6.5, 1.75, 6.875], "texture": "#1"},
				"south": {"uv": [5.125, 8.375, 5.5, 8.75], "texture": "#1"},
				"west": {"uv": [0, 6.875, 1.75, 7.25], "texture": "#1"},
				"up": {"uv": [3.875, 8.75, 3.5, 7], "texture": "#1"},
				"down": {"uv": [4.25, 7, 3.875, 8.75], "texture": "#1"}
			}
		},
		{
			"from": [-7, 12, 3],
			"to": [-4, 15, 5],
			"rotation": {"angle": -22.5, "axis": "z", "origin": [-4, 12, 3]},
			"faces": {
				"north": {"uv": [5.5, 8.375, 5.875, 8.75], "texture": "#1"},
				"south": {"uv": [5.875, 8.375, 6.25, 8.75], "texture": "#1"},
				"up": {"uv": [2.625, 8.75, 2.25, 8.5], "texture": "#1"},
				"down": {"uv": [3, 8.5, 2.625, 8.75], "texture": "#1"}
			}
		},
		{
			"from": [20, 12, 3],
			"to": [23, 15, 5],
			"rotation": {"angle": 22.5, "axis": "z", "origin": [20, 12, 3]},
			"faces": {
				"north": {"uv": [5.875, 8.375, 5.5, 8.75], "texture": "#1"},
				"south": {"uv": [6.25, 8.375, 5.875, 8.75], "texture": "#1"},
				"up": {"uv": [2.25, 8.75, 2.625, 8.5], "texture": "#1"},
				"down": {"uv": [2.625, 8.5, 3, 8.75], "texture": "#1"}
			}
		},
		{
			"from": [23, 12, 1],
			"to": [26, 15, 15],
			"rotation": {"angle": 22.5, "axis": "z", "origin": [20, 12, 3]},
			"faces": {
				"north": {"uv": [5.125, 8.375, 4.75, 8.75], "texture": "#1"},
				"east": {"uv": [1.75, 6.875, 0, 7.25], "texture": "#1"},
				"south": {"uv": [5.5, 8.375, 5.125, 8.75], "texture": "#1"},
				"west": {"uv": [1.75, 6.5, 0, 6.875], "texture": "#1"},
				"up": {"uv": [3.5, 8.75, 3.875, 7], "texture": "#1"},
				"down": {"uv": [3.875, 7, 4.25, 8.75], "texture": "#1"}
			}
		},
		{
			"from": [-7, 12, 11],
			"to": [-4, 15, 13],
			"rotation": {"angle": -22.5, "axis": "z", "origin": [-4, 12, 3]},
			"faces": {
				"north": {"uv": [0, 8.5, 0.375, 8.875], "texture": "#1"},
				"south": {"uv": [0.375, 8.5, 0.75, 8.875], "texture": "#1"},
				"up": {"uv": [4.625, 8.75, 4.25, 8.5], "texture": "#1"},
				"down": {"uv": [8.875, 4.5, 8.5, 4.75], "texture": "#1"}
			}
		},
		{
			"from": [20, 12, 11],
			"to": [23, 15, 13],
			"rotation": {"angle": 22.5, "axis": "z", "origin": [20, 12, 3]},
			"faces": {
				"north": {"uv": [0.375, 8.5, 0, 8.875], "texture": "#1"},
				"south": {"uv": [0.75, 8.5, 0.375, 8.875], "texture": "#1"},
				"up": {"uv": [4.25, 8.75, 4.625, 8.5], "texture": "#1"},
				"down": {"uv": [8.5, 4.5, 8.875, 4.75], "texture": "#1"}
			}
		},
		{
			"from": [5, 16, -5],
			"to": [11, 17, -2],
			"rotation": {"angle": 0, "axis": "y", "origin": [0, 2, 0]},
			"faces": {
				"north": {"uv": [7.875, 7.375, 8.625, 7.5], "texture": "#1"},
				"east": {"uv": [8.5, 4.875, 8.875, 5], "texture": "#1"},
				"south": {"uv": [7, 8.625, 7.75, 8.75], "texture": "#1"},
				"west": {"uv": [8.5, 6.875, 8.875, 7], "texture": "#1"},
				"up": {"uv": [9, 1.875, 8.25, 1.5], "texture": "#1"}
			}
		},
		{
			"from": [-2, 21, 14],
			"to": [-3, 15, 2],
			"faces": {
				"north": {"uv": [5.875, 6.25, 6, 5.5], "texture": "#1"},
				"south": {"uv": [4.25, 6.25, 4.375, 5.5], "texture": "#1"},
				"west": {"uv": [8.625, 0, 10.125, 0.75], "texture": "#1"},
				"up": {"uv": [7, 8.5, 8.5, 8.625], "rotation": 90, "texture": "#1"}
			}
		},
		{
			"from": [19, 21, 14],
			"to": [18, 15, 2],
			"rotation": {"angle": 0, "axis": "y", "origin": [16, 0, 0]},
			"faces": {
				"north": {"uv": [6, 6.25, 5.875, 5.5], "texture": "#1"},
				"east": {"uv": [10.125, 0, 8.625, 0.75], "texture": "#1"},
				"south": {"uv": [4.375, 6.25, 4.25, 5.5], "texture": "#1"},
				"up": {"uv": [7, 8.625, 8.5, 8.5], "rotation": 90, "texture": "#1"}
			}
		},
		{
			"from": [15, 15, -1],
			"to": [19, 22, 17],
			"rotation": {"angle": 0, "axis": "y", "origin": [15, 4, 0]},
			"faces": {
				"north": {"uv": [7, 7.25, 6.5, 8.125], "texture": "#1"},
				"east": {"uv": [6.25, 5.375, 4, 6.25], "texture": "#1"},
				"south": {"uv": [6.5, 7.25, 7, 8.125], "texture": "#1"},
				"west": {"uv": [6.25, 4.5, 4, 5.375], "texture": "#1"}
			}
		},
		{
			"from": [15, 18, -1.02],
			"to": [20, 22, 17.02],
			"rotation": {"angle": 45, "axis": "z", "origin": [15, 22, 0]},
			"faces": {
				"north": {"uv": [8.25, 8, 7.625, 8.5], "texture": "#1"},
				"east": {"uv": [8.5, 4.5, 6.25, 5], "texture": "#1"},
				"south": {"uv": [7.625, 8, 8.25, 8.5], "texture": "#1"},
				"up": {"uv": [1.75, 8.25, 2.375, 6], "texture": "#1"},
				"down": {"uv": [2.375, 6, 3, 8.25], "texture": "#1"}
			}
		},
		{
			"from": [-4, -1, -1.02],
			"to": [1, 3, 3.98],
			"rotation": {"angle": -22.5, "axis": "z", "origin": [1, 3, 0]},
			"faces": {
				"north": {"uv": [7.875, 6.875, 8.5, 7.375], "texture": "#1"},
				"east": {"uv": [0, 8, 0.625, 8.5], "texture": "#1"},
				"south": {"uv": [0.625, 8, 1.25, 8.5], "texture": "#1"},
				"west": {"uv": [8, 5, 8.625, 5.5], "texture": "#1"},
				"down": {"uv": [7.875, 6.875, 7.25, 7.5], "texture": "#1"}
			}
		},
		{
			"from": [15, -1, -1.02],
			"to": [20, 3, 3.98],
			"rotation": {"angle": 22.5, "axis": "z", "origin": [15, 3, 0]},
			"faces": {
				"north": {"uv": [8.5, 6.875, 7.875, 7.375], "texture": "#1"},
				"east": {"uv": [8.625, 5, 8, 5.5], "texture": "#1"},
				"south": {"uv": [1.25, 8, 0.625, 8.5], "texture": "#1"},
				"west": {"uv": [0.625, 8, 0, 8.5], "texture": "#1"},
				"down": {"uv": [7.25, 6.875, 7.875, 7.5], "texture": "#1"}
			}
		},
		{
			"from": [15, -1, 12.02],
			"to": [20, 3, 17.02],
			"rotation": {"angle": 22.5, "axis": "z", "origin": [15, 3, 16]},
			"faces": {
				"north": {"uv": [0.625, 8, 1.25, 8.5], "texture": "#1"},
				"east": {"uv": [8, 5, 8.625, 5.5], "texture": "#1"},
				"south": {"uv": [7.875, 6.875, 8.5, 7.375], "texture": "#1"},
				"west": {"uv": [0, 8, 0.625, 8.5], "texture": "#1"},
				"down": {"uv": [7.25, 7.5, 7.875, 6.875], "texture": "#1"}
			}
		},
		{
			"from": [-4, -1, 12.02],
			"to": [1, 3, 17.02],
			"rotation": {"angle": -22.5, "axis": "z", "origin": [1, 3, 16]},
			"faces": {
				"north": {"uv": [1.25, 8, 0.625, 8.5], "texture": "#1"},
				"east": {"uv": [0.625, 8, 0, 8.5], "texture": "#1"},
				"south": {"uv": [8.5, 6.875, 7.875, 7.375], "texture": "#1"},
				"west": {"uv": [8.625, 5, 8, 5.5], "texture": "#1"},
				"down": {"uv": [7.875, 7.5, 7.25, 6.875], "texture": "#1"}
			}
		},
		{
			"from": [-4, 3, -1],
			"to": [20, 6, 17],
			"rotation": {"angle": 0, "axis": "y", "origin": [0, 4, 0]},
			"faces": {
				"north": {"uv": [6, 3.375, 9, 3.75], "texture": "#1"},
				"east": {"uv": [6.75, 6.125, 9, 6.5], "texture": "#1"},
				"south": {"uv": [6, 3.375, 9, 3.75], "texture": "#1"},
				"west": {"uv": [6.75, 6.125, 9, 6.5], "texture": "#1"},
				"up": {"uv": [3, 2.25, 0, 0], "texture": "#1"},
				"down": {"uv": [3, 2.25, 0, 4.5], "texture": "#1"}
			}
		},
		{
			"from": [-1, 6, 2],
			"to": [17, 12, 14],
			"rotation": {"angle": 0, "axis": "y", "origin": [0, 4, 0]},
			"faces": {
				"north": {"uv": [6, 0, 8.25, 0.75], "texture": "#1"},
				"east": {"uv": [3.5, 6.25, 5, 7], "texture": "#1"},
				"south": {"uv": [6, 0.75, 8.25, 1.5], "texture": "#1"},
				"west": {"uv": [3.5, 6.25, 5, 7], "texture": "#1"},
				"up": {"uv": [4, 6, 1.75, 4.5], "texture": "#1"}
			}
		},
		{
			"from": [-2, 6, 1],
			"to": [1, 12, 4],
			"rotation": {"angle": 0, "axis": "y", "origin": [0, 2, 0]},
			"faces": {
				"north": {"uv": [1.25, 8, 1.625, 8.75], "texture": "#1"},
				"east": {"uv": [6.25, 8.125, 6.625, 8.875], "texture": "#1"},
				"south": {"uv": [6.625, 8.125, 7, 8.875], "texture": "#1"},
				"west": {"uv": [8.25, 0, 8.625, 0.75], "texture": "#1"},
				"up": {"uv": [3.375, 8.625, 3, 8.25], "texture": "#1"}
			}
		},
		{
			"from": [15, 6, 1],
			"to": [18, 12, 4],
			"rotation": {"angle": 0, "axis": "y", "origin": [16, 2, 0]},
			"faces": {
				"north": {"uv": [1.625, 8, 1.25, 8.75], "texture": "#1"},
				"east": {"uv": [8.625, 0, 8.25, 0.75], "texture": "#1"},
				"south": {"uv": [7, 8.125, 6.625, 8.875], "texture": "#1"},
				"west": {"uv": [6.625, 8.125, 6.25, 8.875], "texture": "#1"},
				"up": {"uv": [3, 8.625, 3.375, 8.25], "texture": "#1"}
			}
		},
		{
			"from": [15, 6, 12],
			"to": [18, 12, 15],
			"rotation": {"angle": 0, "axis": "y", "origin": [16, 2, 16]},
			"faces": {
				"north": {"uv": [6.625, 8.125, 7, 8.875], "texture": "#1"},
				"east": {"uv": [8.25, 0, 8.625, 0.75], "texture": "#1"},
				"south": {"uv": [1.25, 8, 1.625, 8.75], "texture": "#1"},
				"west": {"uv": [6.25, 8.125, 6.625, 8.875], "texture": "#1"},
				"up": {"uv": [3, 8.25, 3.375, 8.625], "texture": "#1"}
			}
		},
		{
			"from": [-2, 6, 12],
			"to": [1, 12, 15],
			"rotation": {"angle": 0, "axis": "y", "origin": [0, 2, 16]},
			"faces": {
				"north": {"uv": [7, 8.125, 6.625, 8.875], "texture": "#1"},
				"east": {"uv": [6.625, 8.125, 6.25, 8.875], "texture": "#1"},
				"south": {"uv": [1.625, 8, 1.25, 8.75], "texture": "#1"},
				"west": {"uv": [8.625, 0, 8.25, 0.75], "texture": "#1"},
				"up": {"uv": [3.375, 8.25, 3, 8.625], "texture": "#1"}
			}
		},
		{
			"from": [5, 9, -4],
			"to": [11, 12, 2],
			"rotation": {"angle": -22.5, "axis": "x", "origin": [8, 12, 2]},
			"faces": {
				"north": {"uv": [7.875, 2.75, 8.625, 3.125], "texture": "#1"},
				"east": {"uv": [8.25, 0.75, 9, 1.125], "texture": "#1"},
				"west": {"uv": [8.25, 1.125, 9, 1.5], "texture": "#1"},
				"up": {"uv": [5, 7.75, 4.25, 7], "texture": "#1"},
				"down": {"uv": [7.875, 2.375, 7.125, 3.125], "texture": "#1"}
			}
		},
		{
			"from": [5, 12, -4],
			"to": [11, 13, 0],
			"rotation": {"angle": -22.5, "axis": "x", "origin": [8, 12, 2]},
			"faces": {
				"north": {"uv": [8, 6, 8.75, 6.125], "texture": "#1"},
				"east": {"uv": [6.25, 6.125, 6.75, 6.25], "texture": "#1"},
				"west": {"uv": [8.5, 4.75, 9, 4.875], "texture": "#1"}
			}
		},
		{
			"from": [11, 17, 4],
			"to": [5, 16, 0],
			"rotation": {"angle": -22.5, "axis": "x", "origin": [8, 4, 14]},
			"faces": {
				"east": {"uv": [8.5, 4.875, 9, 4.75], "texture": "#1"},
				"south": {"uv": [8, 6.125, 8.75, 6], "texture": "#1"},
				"west": {"uv": [6.25, 6.25, 6.75, 6.125], "texture": "#1"}
			}
		}
	],
	"gui_light": "front",
	"display": {
		"thirdperson_righthand": {
			"rotation": [60.75, 0, 0],
			"scale": [0.42773, 0.42773, 0.42773]
		},
		"thirdperson_lefthand": {
			"rotation": [60.75, 0, 0],
			"scale": [0.42773, 0.42773, 0.42773]
		},
		"firstperson_righthand": {
			"rotation": [-180, 41.75, -180],
			"translation": [12.25, -8, -18.5],
			"scale": [0.80469, 0.80469, 0.80469]
		},
		"firstperson_lefthand": {
			"rotation": [-180, 41.75, -180],
			"translation": [12.25, -8, -18.5],
			"scale": [0.80469, 0.80469, 0.80469]
		},
		"ground": {
			"translation": [0, 0.25, 0],
			"scale": [0.54492, 0.54492, 0.54492]
		},
		"gui": {
			"rotation": [16, 159, 0],
			"translation": [0, -2.5, 0],
			"scale": [0.39844, 0.39844, 0.39844]
		},
		"head": {
			"translation": [0, -34.25, -0.75],
			"scale": [1.06, 1.06, 1.06]
		},
		"fixed": {
			"rotation": [-90, 0, 0],
			"translation": [0, 0, -9.75],
			"scale": [1.36328, 1.36328, 1.36328]
		}
	},
	"groups": [
		{
			"name": "top",
			"origin": [0, 0, 0],
			"color": 0,
			"boneType": "",
			"children": [0, 1, 2, 3, 4, 5, 6, 7, 8, 9, 10, 11, 12, 13, 14, 15, 16, 17, 18, 19, 20, 21, 22, 23, 24]
		},
		{
			"name": "bottom",
			"origin": [8, 10, 2],
			"color": 0,
			"boneType": "",
			"children": [25, 26, 27, 28, 29, 30, 31, 32, 33, 34, 35, 36, 37]
		}
	]
}