{
	"credit": "by w11shes",
	"texture_size": [32, 32],
	"textures": {
		"1": "elitecreatures:lunar_assortment/lunar_shovel"
	},
	"elements": [
		{
			"from": [7.9625, -15.41726, 2.53971],
			"to": [8.0125, -4.41726, 5.53971],
			"rotation": {"angle": -22.5, "axis": "x", "origin": [8, 6.66223, 8.0125]},
			"faces": {
				"east": {"uv": [4, 0, 5.5, 5.5], "texture": "#1"},
				"west": {"uv": [4, 0, 5.5, 5.5], "texture": "#1"}
			}
		},
		{
			"from": [6.0125, -4, 6.0125],
			"to": [10.0125, -1, 10.0125],
			"rotation": {"angle": 0, "axis": "y", "origin": [8, 6.66223, 8.0125]},
			"faces": {
				"north": {"uv": [5.5, 9, 7.5, 10.5], "texture": "#1"},
				"east": {"uv": [8.5, 8.5, 10.5, 10], "texture": "#1"},
				"south": {"uv": [0, 9, 2, 10.5], "texture": "#1"},
				"west": {"uv": [8.5, 8.5, 10.5, 10], "texture": "#1"},
				"up": {"uv": [8.5, 7, 6.5, 5], "rotation": 90, "texture": "#1"}
			}
		},
		{
			"from": [5.9925, -2.29132, -0.94105],
			"to": [10.0325, 0.53711, 1.88738],
			"rotation": {"angle": -45, "axis": "x", "origin": [8, 6.66223, 8.0125]},
			"faces": {
				"north": {"uv": [10, 0, 12, 1.5], "texture": "#1"},
				"east": {"uv": [0, 10.5, 1.5, 12], "texture": "#1"},
				"west": {"uv": [1.5, 10.5, 0, 12], "texture": "#1"},
				"down": {"uv": [11.5, 1.5, 10, 3.5], "rotation": 270, "texture": "#1"}
			}
		},
		{
			"from": [7.9625, -1.65138, 1.23253],
			"to": [8.0125, 2.34862, 4.23253],
			"rotation": {"angle": -22.5, "axis": "x", "origin": [8, 6.66223, 8.0125]},
			"faces": {
				"east": {"uv": [3.5, 10, 5, 12], "texture": "#1"},
				"west": {"uv": [5, 10, 3.5, 12], "texture": "#1"}
			}
		},
		{
			"from": [7.9625, -1.65138, 11.79247],
			"to": [8.0125, 2.34862, 14.79247],
			"rotation": {"angle": 22.5, "axis": "x", "origin": [8, 6.66223, 8.0125]},
			"faces": {
				"east": {"uv": [5, 10, 3.5, 12], "texture": "#1"},
				"west": {"uv": [3.5, 10, 5, 12], "texture": "#1"}
			}
		},
		{
			"from": [7.0125, -1, 7.0125],
			"to": [9.0125, 8, 9.0125],
			"rotation": {"angle": 0, "axis": "y", "origin": [8, 6.66223, 8.0125]},
			"faces": {
				"north": {"uv": [3.5, 6.5, 2.5, 11], "texture": "#1"},
				"east": {"uv": [2.5, 6.5, 3.5, 11], "texture": "#1"},
				"south": {"uv": [3.5, 6.5, 2.5, 11], "texture": "#1"},
				"west": {"uv": [2.5, 6.5, 3.5, 11], "texture": "#1"}
			}
		},
		{
			"from": [5.50884, 8, 5.52134],
			"to": [10.50884, 10, 10.52134],
			"rotation": {"angle": 45, "axis": "y", "origin": [8, 6.66223, 8.0125]},
			"faces": {
				"north": {"uv": [10, 10, 7.5, 11], "texture": "#1"},
				"east": {"uv": [7.5, 10, 10, 11], "texture": "#1"},
				"south": {"uv": [10, 10, 7.5, 11], "texture": "#1"},
				"west": {"uv": [7.5, 10, 10, 11], "texture": "#1"},
				"up": {"uv": [8, 2.5, 5.5, 0], "rotation": 90, "texture": "#1"},
				"down": {"uv": [8, 2.5, 5.5, 5], "rotation": 270, "texture": "#1"}
			}
		},
		{
			"from": [5.50884, 15, 5.52134],
			"to": [10.50884, 17, 10.52134],
			"rotation": {"angle": 45, "axis": "y", "origin": [8, 6.66223, 8.0125]},
			"faces": {
				"north": {"uv": [12.5, 10, 10, 11], "texture": "#1"},
				"east": {"uv": [10, 10, 12.5, 11], "texture": "#1"},
				"south": {"uv": [12.5, 10, 10, 11], "texture": "#1"},
				"west": {"uv": [10, 10, 12.5, 11], "texture": "#1"},
				"up": {"uv": [6.5, 8, 4, 5.5], "rotation": 90, "texture": "#1"},
				"down": {"uv": [2.5, 6.5, 0, 9], "rotation": 270, "texture": "#1"}
			}
		},
		{
			"from": [6.50884, 10, 6.52134],
			"to": [9.50884, 15, 9.52134],
			"rotation": {"angle": 45, "axis": "y", "origin": [8, 6.66223, 8.0125]},
			"faces": {
				"north": {"uv": [10, 6, 8.5, 8.5], "texture": "#1"},
				"east": {"uv": [8.5, 6, 10, 8.5], "texture": "#1"},
				"south": {"uv": [10, 6, 8.5, 8.5], "texture": "#1"},
				"west": {"uv": [8.5, 6, 10, 8.5], "texture": "#1"}
			}
		},
		{
			"from": [6.0125, 13.26503, 14.6153],
			"to": [10.0125, 17.26503, 18.6153],
			"rotation": {"angle": -45, "axis": "x", "origin": [8, 6.66223, 8.0125]},
			"faces": {
				"north": {"uv": [8, 2, 10, 4], "texture": "#1"},
				"east": {"uv": [6.5, 7, 8.5, 9], "texture": "#1"},
				"south": {"uv": [8, 0, 10, 2], "texture": "#1"},
				"west": {"uv": [8.5, 7, 6.5, 9], "texture": "#1"},
				"up": {"uv": [5.5, 10, 3.5, 8], "rotation": 90, "texture": "#1"},
				"down": {"uv": [10.5, 4, 8.5, 6], "rotation": 270, "texture": "#1"}
			}
		},
		{
			"from": [7.9625, 15, 0.47697],
			"to": [8.0125, 19, 4.47697],
			"rotation": {"angle": 0, "axis": "y", "origin": [8, 6.66223, 8.0125]},
			"faces": {
				"east": {"uv": [10, 6, 12, 8], "texture": "#1"},
				"west": {"uv": [12, 6, 10, 8], "texture": "#1"}
			}
		},
		{
			"from": [7.9625, 15, 11.54803],
			"to": [8.0125, 19, 15.54803],
			"rotation": {"angle": 0, "axis": "y", "origin": [8, 6.66223, 8.0125]},
			"faces": {
				"east": {"uv": [12, 6, 10, 8], "texture": "#1"},
				"west": {"uv": [10, 6, 12, 8], "texture": "#1"}
			}
		},
		{
			"from": [7.5125, 17, 5.0125],
			"to": [8.5125, 25, 11.0125],
			"rotation": {"angle": 0, "axis": "y", "origin": [8, 6.66223, 8.0125]},
			"faces": {
				"north": {"uv": [3, 2.5, 3.5, 6.5], "texture": "#1"},
				"east": {"uv": [0.5, 2.5, 3.5, 6.5], "texture": "#1"},
				"south": {"uv": [0.5, 2.5, 1, 6.5], "texture": "#1"},
				"west": {"uv": [0.5, 2.5, 3.5, 6.5], "texture": "#1"},
				"up": {"uv": [0.5, 2.5, 3.5, 3], "rotation": 90, "texture": "#1"}
			}
		},
		{
			"from": [8.0125, 17, 4.0125],
			"to": [8.0125, 30, 12.0125],
			"rotation": {"angle": 0, "axis": "y", "origin": [8, 6.66223, 8.0125]},
			"faces": {
				"east": {"uv": [0, 0, 4, 6.5], "texture": "#1"},
				"west": {"uv": [0, 0, 4, 6.5], "texture": "#1"}
			}
		}
	],
	"gui_light": "front",
	"display": {
		"thirdperson_righthand": {
			"translation": [0.75, 1.25, 2],
			"scale": [0.75, 0.75, 0.75]
		},
		"thirdperson_lefthand": {
			"translation": [0.75, 1.25, 2],
			"scale": [0.75, 0.75, 0.75]
		},
		"firstperson_righthand": {
			"rotation": [0, 22, 0],
			"translation": [2.75, 0.25, -2.5],
			"scale": [0.54883, 0.54883, 0.54883]
		},
		"firstperson_lefthand": {
			"rotation": [0, 22, 0],
			"translation": [2.75, 0.25, -2.5],
			"scale": [0.54883, 0.54883, 0.54883]
		},
		"ground": {
			"rotation": [94, 85, 0],
			"translation": [0, 0.25, -0.75],
			"scale": [0.5, 0.5, 0.5]
		},
		"gui": {
			"rotation": [-90, 45, 88],
			"translation": [1.25, -1.5, 0],
			"scale": [0.515, 0.515, 0.515]
		},
		"head": {
			"rotation": [90, -171, 90],
			"translation": [-2.25, 9.25, 0.25],
			"scale": [0.7, 0.7, 0.7]
		},
		"fixed": {
			"rotation": [0, 90, 0],
			"translation": [0.75, -6.75, -1.25],
			"scale": [1.42109, 1.42109, 1.42109]
		}
	}
}