{
	"credit": "Made with Blockbench",
	"texture_size": [128, 128],
	"textures": {
		"0": "elitecreatures:wukong/wukong_texture_01",
		"2": "elitecreatures:wukong/wukong_animation_02",
		"3": "elitecreatures:wukong/wukong_animation_03",
		"4": "elitecreatures:wukong/wukong_animation_01",
		"particle": "elitecreatures:wukong/wukong_texture_01"
	},
	"elements": [
		{
			"from": [7, -7, 7],
			"to": [9, 14, 9],
			"rotation": {"angle": -45, "axis": "y", "origin": [8, -3.25, 8.05]},
			"faces": {
				"north": {"uv": [4.75, 1.1875, 5, 3.8125], "texture": "#0"},
				"east": {"uv": [4.75, 1.1875, 5, 3.8125], "texture": "#0"},
				"south": {"uv": [4.75, 1.1875, 5, 3.8125], "texture": "#0"},
				"west": {"uv": [4.75, 1.1875, 5, 3.8125], "texture": "#0"},
				"up": {"uv": [1.1875, 2.125, 1.4375, 2.375], "rotation": 90, "texture": "#0"},
				"down": {"uv": [1.1875, 2.125, 1.4375, 2.375], "rotation": 90, "texture": "#0"}
			}
		},
		{
			"from": [6.5, -11.55, 7.25],
			"to": [9.5, -9.45, 8.75],
			"rotation": {"angle": 0, "axis": "y", "origin": [0, -17.5, -9]},
			"faces": {
				"north": {"uv": [1.1875, 2.9375, 1.5625, 3.2], "texture": "#0"},
				"east": {"uv": [1, 3.2, 1.1875, 2.9375], "texture": "#0"},
				"south": {"uv": [1.1875, 2.9375, 1.5625, 3.2], "texture": "#0"},
				"west": {"uv": [1, 3.2, 1.1875, 2.9375], "texture": "#0"},
				"up": {"uv": [1.5625, 2.9375, 1.9375, 3.125], "texture": "#0"},
				"down": {"uv": [1.5625, 2.9375, 1.9375, 3.125], "texture": "#0"}
			}
		},
		{
			"from": [8, -15.6, 5.75],
			"to": [8, -11.5, 10.25],
			"rotation": {"angle": 0, "axis": "y", "origin": [0, -17.5, -9]},
			"faces": {
				"north": {"uv": [0.9375, 1.125, 0.9375, 1.6375], "texture": "#0"},
				"east": {"uv": [2.75, 0, 3.3125, 0.5125], "texture": "#0"},
				"south": {"uv": [0.9375, 1.125, 0.9375, 1.6375], "texture": "#0"},
				"west": {"uv": [2.75, 0, 3.3125, 0.5125], "texture": "#0"},
				"up": {"uv": [0.875, 0.9375, 0.875, 1.5], "texture": "#0"},
				"down": {"uv": [0.875, 0.9375, 0.875, 1.5], "texture": "#0"}
			}
		},
		{
			"from": [7, -11.55, 6.2],
			"to": [9.1, -9.45, 8.3],
			"rotation": {"angle": 45, "axis": "y", "origin": [8, -11.5, 7.3]},
			"faces": {
				"north": {"uv": [2.5, 2.875, 2.25, 3.125], "texture": "#0"},
				"east": {"uv": [2.1875, 2.9375, 1.9375, 3.1875], "texture": "#0"},
				"south": {"uv": [2.5, 2.875, 2.25, 3.125], "texture": "#0"},
				"west": {"uv": [1.9375, 2.9375, 2.1875, 3.1875], "texture": "#0"},
				"up": {"uv": [2.25, 2.875, 2.5, 2.625], "texture": "#0"},
				"down": {"uv": [2.25, 2.625, 2.5, 2.875], "texture": "#0"}
			}
		},
		{
			"from": [7, -11.55, 7.7],
			"to": [9.1, -9.45, 9.8],
			"rotation": {"angle": -45, "axis": "y", "origin": [8, -11.5, 8.7]},
			"faces": {
				"north": {"uv": [2.25, 2.875, 2.5, 3.125], "texture": "#0"},
				"east": {"uv": [1.9375, 2.9375, 2.1875, 3.1875], "texture": "#0"},
				"south": {"uv": [2.25, 2.875, 2.5, 3.125], "texture": "#0"},
				"west": {"uv": [2.1875, 2.9375, 1.9375, 3.1875], "texture": "#0"},
				"up": {"uv": [2.25, 2.625, 2.5, 2.875], "texture": "#0"},
				"down": {"uv": [2.25, 2.875, 2.5, 2.625], "texture": "#0"}
			}
		},
		{
			"from": [6.9, 24.45, 6.4],
			"to": [9, 26.55, 8.5],
			"rotation": {"angle": 45, "axis": "y", "origin": [7.9, 26.5, 7.5]},
			"faces": {
				"north": {"uv": [2.0625, 3.9375, 1.8125, 3.6875], "texture": "#0"},
				"east": {"uv": [1.8125, 3.9375, 2.0625, 3.6875], "texture": "#0"},
				"south": {"uv": [2.0625, 3.9375, 1.8125, 3.6875], "texture": "#0"},
				"west": {"uv": [1.9375, 3.1875, 2.1875, 2.9375], "texture": "#0"},
				"up": {"uv": [2.25, 2.875, 2.5, 2.625], "texture": "#0"},
				"down": {"uv": [2.25, 2.625, 2.5, 2.875], "texture": "#0"}
			}
		},
		{
			"from": [6.9, 24.45, 7.9],
			"to": [9, 26.55, 10],
			"rotation": {"angle": -45, "axis": "y", "origin": [7.9, 26.5, 8.9]},
			"faces": {
				"north": {"uv": [1.8125, 3.9375, 2.0625, 3.6875], "texture": "#0"},
				"east": {"uv": [2.0625, 3.9375, 1.8125, 3.6875], "texture": "#0"},
				"south": {"uv": [1.8125, 3.9375, 2.0625, 3.6875], "texture": "#0"},
				"west": {"uv": [2.1875, 3.1875, 1.9375, 2.9375], "texture": "#0"},
				"up": {"uv": [2.25, 2.625, 2.5, 2.875], "texture": "#0"},
				"down": {"uv": [2.25, 2.875, 2.5, 2.625], "texture": "#0"}
			}
		},
		{
			"from": [6.4, 24.45, 7.45],
			"to": [9.4, 26.55, 8.95],
			"rotation": {"angle": 0, "axis": "y", "origin": [-0.1, 32.5, -8.8]},
			"faces": {
				"north": {"uv": [1.1875, 3.2, 1.5625, 2.9375], "texture": "#0"},
				"east": {"uv": [1.8125, 3.625, 1.625, 3.8875], "texture": "#0"},
				"south": {"uv": [1.1875, 3.2, 1.5625, 2.9375], "texture": "#0"},
				"west": {"uv": [1.625, 3.625, 1.8125, 3.8875], "texture": "#0"},
				"up": {"uv": [1.5625, 3.125, 1.9375, 2.9375], "texture": "#0"},
				"down": {"uv": [1.5625, 3.125, 1.9375, 2.9375], "texture": "#0"}
			}
		},
		{
			"from": [7.8, 27, 5.95],
			"to": [7.8, 31.1, 10.45],
			"rotation": {"angle": 0, "axis": "y", "origin": [-0.1, 33, -8.8]},
			"faces": {
				"north": {"uv": [0.9375, 1.6375, 0.9375, 1.125], "texture": "#0"},
				"east": {"uv": [2.75, 0.5125, 3.3125, 0], "texture": "#0"},
				"south": {"uv": [0.9375, 1.6375, 0.9375, 1.125], "texture": "#0"},
				"west": {"uv": [2.75, 0.5125, 3.3125, 0], "texture": "#0"},
				"up": {"uv": [0.875, 1.5, 0.875, 0.9375], "texture": "#0"},
				"down": {"uv": [0.875, 1.5, 0.875, 0.9375], "texture": "#0"}
			}
		},
		{
			"from": [8, 27, 5.95],
			"to": [8, 31.1, 10.45],
			"rotation": {"angle": 0, "axis": "y", "origin": [15.9, 33, -8.8]},
			"faces": {
				"north": {"uv": [0.9375, 1.6375, 0.9375, 1.125], "texture": "#0"},
				"east": {"uv": [3.3125, 0.5125, 2.75, 0], "texture": "#0"},
				"south": {"uv": [0.9375, 1.6375, 0.9375, 1.125], "texture": "#0"},
				"west": {"uv": [3.3125, 0.5125, 2.75, 0], "texture": "#0"},
				"up": {"uv": [0.875, 1.5, 0.875, 0.9375], "texture": "#0"},
				"down": {"uv": [0.875, 1.5, 0.875, 0.9375], "texture": "#0"}
			}
		},
		{
			"from": [6.75, 1.5, 6.75],
			"to": [9.25, 4, 9.25],
			"rotation": {"angle": -45, "axis": "y", "origin": [8, 9.75, 8.05]},
			"faces": {
				"north": {"uv": [1.875, 1.625, 2.1875, 1.9375], "texture": "#0"},
				"east": {"uv": [1.875, 1.625, 2.1875, 1.9375], "texture": "#0"},
				"south": {"uv": [1.875, 1.625, 2.1875, 1.9375], "texture": "#0"},
				"west": {"uv": [1.875, 1.625, 2.1875, 1.9375], "texture": "#0"},
				"up": {"uv": [1.875, 1.9375, 2.1875, 2.25], "texture": "#0"},
				"down": {"uv": [1.875, 1.9375, 2.1875, 2.25], "texture": "#0"}
			}
		},
		{
			"from": [6.75, -9.5, 6.85],
			"to": [9.25, -7, 9.35],
			"rotation": {"angle": -45, "axis": "y", "origin": [8, -3.25, 8.05]},
			"faces": {
				"north": {"uv": [1.875, 1.625, 2.1875, 1.9375], "rotation": 180, "texture": "#0"},
				"east": {"uv": [1.875, 1.625, 2.1875, 1.9375], "rotation": 180, "texture": "#0"},
				"south": {"uv": [1.875, 1.625, 2.1875, 1.9375], "rotation": 180, "texture": "#0"},
				"west": {"uv": [1.875, 1.625, 2.1875, 1.9375], "rotation": 180, "texture": "#0"},
				"up": {"uv": [1.875, 1.9375, 2.1875, 2.25], "texture": "#0"},
				"down": {"uv": [1.875, 1.9375, 2.1875, 2.25], "texture": "#0"}
			}
		},
		{
			"from": [6.85, 25, 6.95],
			"to": [8.85, 27.5, 8.95],
			"rotation": {"angle": -45, "axis": "y", "origin": [7.6, 25.25, 8.15]},
			"faces": {
				"north": {"uv": [1.875, 1.9375, 2.1875, 1.625], "rotation": 180, "texture": "#0"},
				"east": {"uv": [1.875, 1.9375, 2.1875, 1.625], "rotation": 180, "texture": "#0"},
				"south": {"uv": [1.875, 1.9375, 2.1875, 1.625], "rotation": 180, "texture": "#0"},
				"west": {"uv": [1.875, 1.9375, 2.1875, 1.625], "rotation": 180, "texture": "#0"},
				"up": {"uv": [1.875, 2.25, 2.1875, 1.9375], "texture": "#0"},
				"down": {"uv": [1.875, 2.25, 2.1875, 1.9375], "texture": "#0"}
			}
		},
		{
			"from": [8, -10.4, 9],
			"to": [8, -2.4, 19],
			"rotation": {"angle": 0, "axis": "y", "origin": [8, -2.88909, 12.8099]},
			"faces": {
				"north": {"uv": [0, 0, 0, 5], "rotation": 180, "texture": "#2"},
				"east": {"uv": [6.5, 0, 0, 11], "rotation": 270, "texture": "#2"},
				"south": {"uv": [0, 5, 0, 0], "texture": "#2"},
				"west": {"uv": [0, 0, 6.5, 11], "rotation": 90, "texture": "#2"},
				"up": {"uv": [0, 0, 0, 10], "rotation": 180, "texture": "#2"},
				"down": {"uv": [0, 0, 0, 10], "texture": "#2"}
			}
		},
		{
			"from": [6.25, 4, 6.75],
			"to": [10.25, 9, 10.75],
			"rotation": {"angle": -45, "axis": "y", "origin": [9, 8.5, 8]},
			"faces": {
				"north": {"uv": [2.75, 6.125, 2.25, 6.75], "texture": "#0"},
				"east": {"uv": [1.75, 6.125, 2.25, 6.75], "texture": "#0"},
				"south": {"uv": [2.75, 6.125, 2.25, 6.75], "texture": "#0"},
				"west": {"uv": [1.75, 6.125, 2.25, 6.75], "texture": "#0"},
				"up": {"uv": [2.625, 5.4375, 3.125, 4.9375], "texture": "#0"},
				"down": {"uv": [2.625, 5.4375, 3.125, 4.9375], "texture": "#0"}
			}
		},
		{
			"from": [5.25, 9, 5.25],
			"to": [12.25, 25, 12.25],
			"rotation": {"angle": -45, "axis": "y", "origin": [9, 8.5, 7.5]},
			"faces": {
				"north": {"uv": [2.75, 5.4375, 3.625, 7.4375], "texture": "#0"},
				"east": {"uv": [2.75, 5.4375, 3.625, 7.4375], "texture": "#0"},
				"south": {"uv": [2.75, 5.4375, 3.625, 7.4375], "texture": "#0"},
				"west": {"uv": [2.75, 5.4375, 3.625, 7.4375], "texture": "#0"},
				"up": {"uv": [3.625, 5.625, 4.5, 6.5], "texture": "#0"},
				"down": {"uv": [3.625, 5.625, 4.5, 6.5], "texture": "#0"}
			}
		},
		{
			"from": [8, 16.5, 13.75],
			"to": [8, 24.5, 21.75],
			"rotation": {"angle": 0, "axis": "y", "origin": [0, 0, 23]},
			"faces": {
				"north": {"uv": [0, 0, 0, 16], "texture": "#3"},
				"east": {"uv": [16, 0, 0, 16], "texture": "#3"},
				"south": {"uv": [0, 0, 0, 16], "texture": "#3"},
				"west": {"uv": [0, 0, 16, 16], "texture": "#3"},
				"up": {"uv": [0, 16, 0, 0], "texture": "#3"},
				"down": {"uv": [0, 0, 0, 16], "texture": "#3"}
			}
		},
		{
			"from": [2.9, 0.5, 0],
			"to": [2.9, 14.5, 18],
			"rotation": {"angle": 0, "axis": "y", "origin": [0, 1, 8]},
			"faces": {
				"north": {"uv": [0, 0, 0, 4.5], "texture": "#missing"},
				"east": {"uv": [9, 0, 0, 7], "texture": "#4"},
				"south": {"uv": [0, 0, 0, 4.5], "texture": "#missing"},
				"west": {"uv": [0, 0, 9, 7], "texture": "#4"},
				"up": {"uv": [0, 8, 0, 0], "texture": "#missing"},
				"down": {"uv": [0, 0, 0, 8], "texture": "#missing"}
			}
		},
		{
			"from": [13.1, 0.5, 0],
			"to": [13.1, 14.5, 18],
			"rotation": {"angle": 0, "axis": "y", "origin": [16, 1, 8]},
			"faces": {
				"north": {"uv": [0, 0, 0, 4.5], "texture": "#missing"},
				"east": {"uv": [9, 0, 0, 7], "texture": "#4"},
				"south": {"uv": [0, 0, 0, 4.5], "texture": "#missing"},
				"west": {"uv": [0, 0, 9, 7], "texture": "#4"},
				"up": {"uv": [0, 8, 0, 0], "texture": "#missing"},
				"down": {"uv": [0, 0, 0, 8], "texture": "#missing"}
			}
		},
		{
			"from": [8.8, 18.5922, 9.91655],
			"to": [8.8, 31.5922, 31.91655],
			"rotation": {"angle": -22.5, "axis": "x", "origin": [8, 18.0922, 9.81655]},
			"faces": {
				"north": {"uv": [0, 0, 0, 5], "rotation": 180, "texture": "#2"},
				"east": {"uv": [6.5, 0, 0, 11], "rotation": 270, "texture": "#2"},
				"south": {"uv": [0, 5, 0, 0], "texture": "#2"},
				"west": {"uv": [0, 0, 6.5, 11], "rotation": 90, "texture": "#2"},
				"up": {"uv": [0, 0, 0, 10], "rotation": 180, "texture": "#2"},
				"down": {"uv": [0, 0, 0, 10], "texture": "#2"}
			}
		},
		{
			"from": [7.2, 18.5922, 9.91655],
			"to": [7.2, 31.5922, 31.91655],
			"rotation": {"angle": -22.5, "axis": "x", "origin": [8, 18.0922, 9.81655]},
			"faces": {
				"north": {"uv": [0, 0, 0, 5], "rotation": 180, "texture": "#2"},
				"east": {"uv": [6.5, 0, 0, 11], "rotation": 270, "texture": "#2"},
				"south": {"uv": [0, 5, 0, 0], "texture": "#2"},
				"west": {"uv": [0, 0, 6.5, 11], "rotation": 90, "texture": "#2"},
				"up": {"uv": [0, 0, 0, 10], "rotation": 180, "texture": "#2"},
				"down": {"uv": [0, 0, 0, 10], "texture": "#2"}
			}
		},
		{
			"from": [0.8, 12.5, 7.5],
			"to": [2.8, 14.5, 8],
			"rotation": {"angle": 45, "axis": "y", "origin": [0, 0, 0]},
			"faces": {
				"north": {"uv": [1.75, 5.8125, 2, 6.0625], "texture": "#0"},
				"east": {"uv": [1.75, 5.8125, 1.8125, 6.0625], "texture": "#0"},
				"south": {"uv": [1.75, 5.8125, 2, 6.0625], "texture": "#0"},
				"west": {"uv": [1.75, 5.8125, 1.8125, 6.0625], "texture": "#0"},
				"up": {"uv": [1.75, 6.0625, 2, 6.125], "texture": "#0"},
				"down": {"uv": [1.75, 6.0625, 2, 6.125], "texture": "#0"}
			}
		},
		{
			"from": [0.8, 19.5, 7.5],
			"to": [2.8, 21.5, 8],
			"rotation": {"angle": 45, "axis": "y", "origin": [0, 0, 0]},
			"faces": {
				"north": {"uv": [1.75, 5.8125, 2, 6.0625], "texture": "#0"},
				"east": {"uv": [1.75, 5.8125, 1.8125, 6.0625], "texture": "#0"},
				"south": {"uv": [1.75, 5.8125, 2, 6.0625], "texture": "#0"},
				"west": {"uv": [1.75, 5.8125, 1.8125, 6.0625], "texture": "#0"},
				"up": {"uv": [1.75, 6.0625, 2, 6.125], "texture": "#0"},
				"down": {"uv": [1.75, 6.0625, 2, 6.125], "texture": "#0"}
			}
		},
		{
			"from": [0.8, 16, 7.5],
			"to": [2.8, 18, 8],
			"rotation": {"angle": 45, "axis": "y", "origin": [0, 0, 0]},
			"faces": {
				"north": {"uv": [1.75, 5.8125, 2, 6.0625], "texture": "#0"},
				"east": {"uv": [1.75, 5.8125, 1.8125, 6.0625], "texture": "#0"},
				"south": {"uv": [1.75, 5.8125, 2, 6.0625], "texture": "#0"},
				"west": {"uv": [1.75, 5.8125, 1.8125, 6.0625], "texture": "#0"},
				"up": {"uv": [1.75, 6.0625, 2, 6.125], "texture": "#0"},
				"down": {"uv": [1.75, 6.0625, 2, 6.125], "texture": "#0"}
			}
		},
		{
			"from": [-3.2, 16, 7.5],
			"to": [-1.2, 18, 8],
			"rotation": {"angle": 45, "axis": "y", "origin": [0, 0, 0]},
			"faces": {
				"north": {"uv": [1.75, 5.8125, 2, 6.0625], "texture": "#0"},
				"east": {"uv": [1.75, 5.8125, 1.8125, 6.0625], "texture": "#0"},
				"south": {"uv": [1.75, 5.8125, 2, 6.0625], "texture": "#0"},
				"west": {"uv": [1.75, 5.8125, 1.8125, 6.0625], "texture": "#0"},
				"up": {"uv": [1.75, 6.0625, 2, 6.125], "texture": "#0"},
				"down": {"uv": [1.75, 6.0625, 2, 6.125], "texture": "#0"}
			}
		},
		{
			"from": [-3.2, 19.5, 7.5],
			"to": [-1.2, 21.5, 8],
			"rotation": {"angle": 45, "axis": "y", "origin": [0, 0, 0]},
			"faces": {
				"north": {"uv": [1.75, 5.8125, 2, 6.0625], "texture": "#0"},
				"east": {"uv": [2, 5.8125, 2.0625, 6.0625], "texture": "#0"},
				"south": {"uv": [1.75, 5.8125, 2, 6.0625], "texture": "#0"},
				"west": {"uv": [2, 5.8125, 2.0625, 6.0625], "texture": "#0"},
				"up": {"uv": [1.75, 6.0625, 2, 6.125], "texture": "#0"},
				"down": {"uv": [1.75, 6.0625, 2, 6.125], "texture": "#0"}
			}
		},
		{
			"from": [-3.2, 12.5, 7.5],
			"to": [-1.2, 14.5, 8],
			"rotation": {"angle": 45, "axis": "y", "origin": [0, 0, 0]},
			"faces": {
				"north": {"uv": [1.75, 5.8125, 2, 6.0625], "texture": "#0"},
				"east": {"uv": [2, 5.8125, 2.0625, 6.0625], "texture": "#0"},
				"south": {"uv": [1.75, 5.8125, 2, 6.0625], "texture": "#0"},
				"west": {"uv": [2, 5.8125, 2.0625, 6.0625], "texture": "#0"},
				"up": {"uv": [1.75, 6.0625, 2, 6.125], "texture": "#0"},
				"down": {"uv": [1.75, 6.0625, 2, 6.125], "texture": "#0"}
			}
		},
		{
			"from": [17.2, 19.5, 7.5],
			"to": [19.2, 21.5, 8],
			"rotation": {"angle": -45, "axis": "y", "origin": [16, 0, 0]},
			"faces": {
				"north": {"uv": [2, 5.8125, 1.75, 6.0625], "texture": "#0"},
				"east": {"uv": [2.0625, 5.8125, 2, 6.0625], "texture": "#0"},
				"south": {"uv": [2, 5.8125, 1.75, 6.0625], "texture": "#0"},
				"west": {"uv": [2.0625, 5.8125, 2, 6.0625], "texture": "#0"},
				"up": {"uv": [2, 6.0625, 1.75, 6.125], "texture": "#0"},
				"down": {"uv": [2, 6.0625, 1.75, 6.125], "texture": "#0"}
			}
		},
		{
			"from": [17.2, 16, 7.5],
			"to": [19.2, 18, 8],
			"rotation": {"angle": -45, "axis": "y", "origin": [16, 0, 0]},
			"faces": {
				"north": {"uv": [2, 5.8125, 1.75, 6.0625], "texture": "#0"},
				"east": {"uv": [1.8125, 5.8125, 1.75, 6.0625], "texture": "#0"},
				"south": {"uv": [2, 5.8125, 1.75, 6.0625], "texture": "#0"},
				"west": {"uv": [1.8125, 5.8125, 1.75, 6.0625], "texture": "#0"},
				"up": {"uv": [2, 6.0625, 1.75, 6.125], "texture": "#0"},
				"down": {"uv": [2, 6.0625, 1.75, 6.125], "texture": "#0"}
			}
		},
		{
			"from": [17.2, 12.5, 7.5],
			"to": [19.2, 14.5, 8],
			"rotation": {"angle": -45, "axis": "y", "origin": [16, 0, 0]},
			"faces": {
				"north": {"uv": [2, 5.8125, 1.75, 6.0625], "texture": "#0"},
				"east": {"uv": [2.0625, 5.8125, 2, 6.0625], "texture": "#0"},
				"south": {"uv": [2, 5.8125, 1.75, 6.0625], "texture": "#0"},
				"west": {"uv": [2.0625, 5.8125, 2, 6.0625], "texture": "#0"},
				"up": {"uv": [2, 6.0625, 1.75, 6.125], "texture": "#0"},
				"down": {"uv": [2, 6.0625, 1.75, 6.125], "texture": "#0"}
			}
		},
		{
			"from": [13.2, 12.5, 7.5],
			"to": [15.2, 14.5, 8],
			"rotation": {"angle": -45, "axis": "y", "origin": [16, 0, 0]},
			"faces": {
				"north": {"uv": [2, 5.8125, 1.75, 6.0625], "texture": "#0"},
				"east": {"uv": [1.8125, 5.8125, 1.75, 6.0625], "texture": "#0"},
				"south": {"uv": [2, 5.8125, 1.75, 6.0625], "texture": "#0"},
				"west": {"uv": [1.8125, 5.8125, 1.75, 6.0625], "texture": "#0"},
				"up": {"uv": [2, 6.0625, 1.75, 6.125], "texture": "#0"},
				"down": {"uv": [2, 6.0625, 1.75, 6.125], "texture": "#0"}
			}
		},
		{
			"from": [13.2, 16, 7.5],
			"to": [15.2, 18, 8],
			"rotation": {"angle": -45, "axis": "y", "origin": [16, 0, 0]},
			"faces": {
				"north": {"uv": [2, 5.8125, 1.75, 6.0625], "texture": "#0"},
				"east": {"uv": [1.8125, 5.8125, 1.75, 6.0625], "texture": "#0"},
				"south": {"uv": [2, 5.8125, 1.75, 6.0625], "texture": "#0"},
				"west": {"uv": [1.8125, 5.8125, 1.75, 6.0625], "texture": "#0"},
				"up": {"uv": [2, 6.0625, 1.75, 6.125], "texture": "#0"},
				"down": {"uv": [2, 6.0625, 1.75, 6.125], "texture": "#0"}
			}
		},
		{
			"from": [13.2, 19.5, 7.5],
			"to": [15.2, 21.5, 8],
			"rotation": {"angle": -45, "axis": "y", "origin": [16, 0, 0]},
			"faces": {
				"north": {"uv": [2, 5.8125, 1.75, 6.0625], "texture": "#0"},
				"east": {"uv": [1.8125, 5.8125, 1.75, 6.0625], "texture": "#0"},
				"south": {"uv": [2, 5.8125, 1.75, 6.0625], "texture": "#0"},
				"west": {"uv": [1.8125, 5.8125, 1.75, 6.0625], "texture": "#0"},
				"up": {"uv": [2, 6.0625, 1.75, 6.125], "texture": "#0"},
				"down": {"uv": [2, 6.0625, 1.75, 6.125], "texture": "#0"}
			}
		},
		{
			"from": [16.8, 19.5, 8.3],
			"to": [18.8, 21.5, 8.8],
			"rotation": {"angle": 45, "axis": "y", "origin": [16, 0, 16]},
			"faces": {
				"north": {"uv": [1.75, 5.8125, 2, 6.0625], "texture": "#0"},
				"east": {"uv": [2, 5.8125, 2.0625, 6.0625], "texture": "#0"},
				"south": {"uv": [1.75, 5.8125, 2, 6.0625], "texture": "#0"},
				"west": {"uv": [2, 5.8125, 2.0625, 6.0625], "texture": "#0"},
				"up": {"uv": [2, 6.125, 1.75, 6.0625], "texture": "#0"},
				"down": {"uv": [2, 6.125, 1.75, 6.0625], "texture": "#0"}
			}
		},
		{
			"from": [16.8, 16, 8.3],
			"to": [18.8, 18, 8.8],
			"rotation": {"angle": 45, "axis": "y", "origin": [16, 0, 16]},
			"faces": {
				"north": {"uv": [1.75, 5.8125, 2, 6.0625], "texture": "#0"},
				"east": {"uv": [1.75, 5.8125, 1.8125, 6.0625], "texture": "#0"},
				"south": {"uv": [1.75, 5.8125, 2, 6.0625], "texture": "#0"},
				"west": {"uv": [1.75, 5.8125, 1.8125, 6.0625], "texture": "#0"},
				"up": {"uv": [2, 6.125, 1.75, 6.0625], "texture": "#0"},
				"down": {"uv": [2, 6.125, 1.75, 6.0625], "texture": "#0"}
			}
		},
		{
			"from": [16.8, 12.5, 8.3],
			"to": [18.8, 14.5, 8.8],
			"rotation": {"angle": 45, "axis": "y", "origin": [16, 0, 16]},
			"faces": {
				"north": {"uv": [1.75, 5.8125, 2, 6.0625], "texture": "#0"},
				"east": {"uv": [2, 5.8125, 2.0625, 6.0625], "texture": "#0"},
				"south": {"uv": [1.75, 5.8125, 2, 6.0625], "texture": "#0"},
				"west": {"uv": [2, 5.8125, 2.0625, 6.0625], "texture": "#0"},
				"up": {"uv": [2, 6.125, 1.75, 6.0625], "texture": "#0"},
				"down": {"uv": [2, 6.125, 1.75, 6.0625], "texture": "#0"}
			}
		},
		{
			"from": [12.8, 12.5, 8.3],
			"to": [14.8, 14.5, 8.8],
			"rotation": {"angle": 45, "axis": "y", "origin": [16, 0, 16]},
			"faces": {
				"north": {"uv": [1.75, 5.8125, 2, 6.0625], "texture": "#0"},
				"east": {"uv": [1.75, 5.8125, 1.8125, 6.0625], "texture": "#0"},
				"south": {"uv": [1.75, 5.8125, 2, 6.0625], "texture": "#0"},
				"west": {"uv": [1.75, 5.8125, 1.8125, 6.0625], "texture": "#0"},
				"up": {"uv": [2, 6.125, 1.75, 6.0625], "texture": "#0"},
				"down": {"uv": [2, 6.125, 1.75, 6.0625], "texture": "#0"}
			}
		},
		{
			"from": [12.8, 16, 8.3],
			"to": [14.8, 18, 8.8],
			"rotation": {"angle": 45, "axis": "y", "origin": [16, 0, 16]},
			"faces": {
				"north": {"uv": [1.75, 5.8125, 2, 6.0625], "texture": "#0"},
				"east": {"uv": [1.75, 5.8125, 1.8125, 6.0625], "texture": "#0"},
				"south": {"uv": [1.75, 5.8125, 2, 6.0625], "texture": "#0"},
				"west": {"uv": [1.75, 5.8125, 1.8125, 6.0625], "texture": "#0"},
				"up": {"uv": [2, 6.125, 1.75, 6.0625], "texture": "#0"},
				"down": {"uv": [2, 6.125, 1.75, 6.0625], "texture": "#0"}
			}
		},
		{
			"from": [12.8, 19.5, 8.3],
			"to": [14.8, 21.5, 8.8],
			"rotation": {"angle": 45, "axis": "y", "origin": [16, 0, 16]},
			"faces": {
				"north": {"uv": [1.75, 5.8125, 2, 6.0625], "texture": "#0"},
				"east": {"uv": [1.75, 5.8125, 1.8125, 6.0625], "texture": "#0"},
				"south": {"uv": [1.75, 5.8125, 2, 6.0625], "texture": "#0"},
				"west": {"uv": [1.75, 5.8125, 1.8125, 6.0625], "texture": "#0"},
				"up": {"uv": [2, 6.125, 1.75, 6.0625], "texture": "#0"},
				"down": {"uv": [2, 6.125, 1.75, 6.0625], "texture": "#0"}
			}
		},
		{
			"from": [1.1, 19.5, 8.4],
			"to": [3.1, 21.5, 8.9],
			"rotation": {"angle": -45, "axis": "y", "origin": [0, 0, 16]},
			"faces": {
				"north": {"uv": [2, 5.8125, 1.75, 6.0625], "texture": "#0"},
				"east": {"uv": [1.8125, 5.8125, 1.75, 6.0625], "texture": "#0"},
				"south": {"uv": [2, 5.8125, 1.75, 6.0625], "texture": "#0"},
				"west": {"uv": [1.8125, 5.8125, 1.75, 6.0625], "texture": "#0"},
				"up": {"uv": [1.75, 6.125, 2, 6.0625], "texture": "#0"},
				"down": {"uv": [1.75, 6.125, 2, 6.0625], "texture": "#0"}
			}
		},
		{
			"from": [-2.9, 19.5, 8.4],
			"to": [-0.9, 21.5, 8.9],
			"rotation": {"angle": -45, "axis": "y", "origin": [0, 0, 16]},
			"faces": {
				"north": {"uv": [2, 5.8125, 1.75, 6.0625], "texture": "#0"},
				"east": {"uv": [2.0625, 5.8125, 2, 6.0625], "texture": "#0"},
				"south": {"uv": [2, 5.8125, 1.75, 6.0625], "texture": "#0"},
				"west": {"uv": [2.0625, 5.8125, 2, 6.0625], "texture": "#0"},
				"up": {"uv": [1.75, 6.125, 2, 6.0625], "texture": "#0"},
				"down": {"uv": [1.75, 6.125, 2, 6.0625], "texture": "#0"}
			}
		},
		{
			"from": [-2.9, 16, 8.4],
			"to": [-0.9, 18, 8.9],
			"rotation": {"angle": -45, "axis": "y", "origin": [0, 0, 16]},
			"faces": {
				"north": {"uv": [2, 5.8125, 1.75, 6.0625], "texture": "#0"},
				"east": {"uv": [1.8125, 5.8125, 1.75, 6.0625], "texture": "#0"},
				"south": {"uv": [2, 5.8125, 1.75, 6.0625], "texture": "#0"},
				"west": {"uv": [1.8125, 5.8125, 1.75, 6.0625], "texture": "#0"},
				"up": {"uv": [1.75, 6.125, 2, 6.0625], "texture": "#0"},
				"down": {"uv": [1.75, 6.125, 2, 6.0625], "texture": "#0"}
			}
		},
		{
			"from": [1.1, 16, 8.4],
			"to": [3.1, 18, 8.9],
			"rotation": {"angle": -45, "axis": "y", "origin": [0, 0, 16]},
			"faces": {
				"north": {"uv": [2, 5.8125, 1.75, 6.0625], "texture": "#0"},
				"east": {"uv": [1.8125, 5.8125, 1.75, 6.0625], "texture": "#0"},
				"south": {"uv": [2, 5.8125, 1.75, 6.0625], "texture": "#0"},
				"west": {"uv": [1.8125, 5.8125, 1.75, 6.0625], "texture": "#0"},
				"up": {"uv": [1.75, 6.125, 2, 6.0625], "texture": "#0"},
				"down": {"uv": [1.75, 6.125, 2, 6.0625], "texture": "#0"}
			}
		},
		{
			"from": [1.1, 12.5, 8.4],
			"to": [3.1, 14.5, 8.9],
			"rotation": {"angle": -45, "axis": "y", "origin": [0, 0, 16]},
			"faces": {
				"north": {"uv": [2, 5.8125, 1.75, 6.0625], "texture": "#0"},
				"east": {"uv": [1.8125, 5.8125, 1.75, 6.0625], "texture": "#0"},
				"south": {"uv": [2, 5.8125, 1.75, 6.0625], "texture": "#0"},
				"west": {"uv": [1.8125, 5.8125, 1.75, 6.0625], "texture": "#0"},
				"up": {"uv": [1.75, 6.125, 2, 6.0625], "texture": "#0"},
				"down": {"uv": [1.75, 6.125, 2, 6.0625], "texture": "#0"}
			}
		},
		{
			"from": [-2.9, 12.5, 8.4],
			"to": [-0.9, 14.5, 8.9],
			"rotation": {"angle": -45, "axis": "y", "origin": [0, 0, 16]},
			"faces": {
				"north": {"uv": [2, 5.8125, 1.75, 6.0625], "texture": "#0"},
				"east": {"uv": [2.0625, 5.8125, 2, 6.0625], "texture": "#0"},
				"south": {"uv": [2, 5.8125, 1.75, 6.0625], "texture": "#0"},
				"west": {"uv": [2.0625, 5.8125, 2, 6.0625], "texture": "#0"},
				"up": {"uv": [1.75, 6.125, 2, 6.0625], "texture": "#0"},
				"down": {"uv": [1.75, 6.125, 2, 6.0625], "texture": "#0"}
			}
		}
	],
	"gui_light": "front",
	"display": {
		"thirdperson_righthand": {
			"translation": [0, 5.25, 1],
			"scale": [0.7, 0.7, 0.7]
		},
		"thirdperson_lefthand": {
			"translation": [0, 5.25, 1],
			"scale": [0.7, 0.7, 0.7]
		},
		"firstperson_righthand": {
			"rotation": [-10, 22, 0],
			"translation": [1.25, 2.75, -1.75],
			"scale": [0.6, 0.6, 0.6]
		},
		"firstperson_lefthand": {
			"rotation": [-10, 22, 0],
			"translation": [1.25, 2.75, -1.75],
			"scale": [0.6, 0.6, 0.6]
		},
		"ground": {
			"rotation": [0, 0, 83],
			"translation": [-1.5, 1.5, 0],
			"scale": [0.5, 0.5, 0.5]
		},
		"gui": {
			"rotation": [-90, -131, -90],
			"translation": [-0.5, 0.5, -1.5],
			"scale": [0.5, 0.5, 0.5]
		},
		"head": {
			"rotation": [90, 167, 90],
			"translation": [2.5, 10.5, 1.75],
			"scale": [0.6, 0.6, 0.6]
		},
		"fixed": {
			"rotation": [-90, -90, -90],
			"translation": [0, 4.25, -3.75],
			"scale": [1.2, 1.2, 1.2]
		}
	}
}