{
	"credit": "Made with Blockbench",
	"texture_size": [128, 128],
	"textures": {
		"0": "elitecreatures:wukong/wukong_texture_01",
		"2": "elitecreatures:wukong/wukong_animation_02",
		"3": "elitecreatures:wukong/wukong_animation_03",
		"4": "elitecreatures:wukong/wukong_animation_01",
		"particle": "elitecreatures:wukong/wukong_texture_01"
	},
	"elements": [
		{
			"from": [7, -5.5, 9.4],
			"to": [9, 1.5, 11.4],
			"rotation": {"angle": -22.5, "axis": "x", "origin": [8, -3, 8]},
			"faces": {
				"north": {"uv": [2.5625, 1.1875, 2.8125, 2.0625], "texture": "#0"},
				"east": {"uv": [2.3125, 1.1875, 2.5625, 2.0625], "texture": "#0"},
				"south": {"uv": [2.5625, 1.1875, 2.8125, 2.0625], "texture": "#0"},
				"west": {"uv": [2.3125, 1.1875, 2.5625, 2.0625], "texture": "#0"},
				"up": {"uv": [1.1875, 2.125, 1.4375, 2.375], "rotation": 90, "texture": "#0"},
				"down": {"uv": [1.1875, 2.125, 1.4375, 2.375], "rotation": 90, "texture": "#0"}
			}
		},
		{
			"from": [6.95, -7.4, 10.1],
			"to": [9.05, -3.9, 12.1],
			"rotation": {"angle": 0, "axis": "y", "origin": [8, -3, 7.6]},
			"faces": {
				"north": {"uv": [2.3125, 2.0625, 2.5625, 2.5], "texture": "#0"},
				"east": {"uv": [2.3125, 2.0625, 2.5625, 2.5], "texture": "#0"},
				"south": {"uv": [2.3125, 2.0625, 2.5625, 2.5], "texture": "#0"},
				"west": {"uv": [2.3125, 2.0625, 2.5625, 2.5], "texture": "#0"},
				"up": {"uv": [2.3125, 2.375, 2.5625, 2.625], "rotation": 270, "texture": "#0"},
				"down": {"uv": [2.3125, 2.375, 2.5625, 2.625], "rotation": 270, "texture": "#0"}
			}
		},
		{
			"from": [6.5, -11.55, 10.35],
			"to": [9.5, -9.45, 11.85],
			"rotation": {"angle": 0, "axis": "y", "origin": [0, -17.5, -5.9]},
			"faces": {
				"north": {"uv": [1.1875, 2.9375, 1.5625, 3.2], "texture": "#0"},
				"east": {"uv": [1, 3.2, 1.1875, 2.9375], "texture": "#0"},
				"south": {"uv": [1.1875, 2.9375, 1.5625, 3.2], "texture": "#0"},
				"west": {"uv": [1, 3.2, 1.1875, 2.9375], "texture": "#0"},
				"up": {"uv": [1.5625, 2.9375, 1.9375, 3.125], "texture": "#0"},
				"down": {"uv": [1.5625, 2.9375, 1.9375, 3.125], "texture": "#0"}
			}
		},
		{
			"from": [8, -15.6, 8.85],
			"to": [8, -11.5, 13.35],
			"rotation": {"angle": 0, "axis": "y", "origin": [0, -17.5, -5.9]},
			"faces": {
				"north": {"uv": [0.9375, 1.125, 0.9375, 1.6375], "texture": "#0"},
				"east": {"uv": [2.75, 0, 3.3125, 0.5125], "texture": "#0"},
				"south": {"uv": [0.9375, 1.125, 0.9375, 1.6375], "texture": "#0"},
				"west": {"uv": [2.75, 0, 3.3125, 0.5125], "texture": "#0"},
				"up": {"uv": [0.875, 0.9375, 0.875, 1.5], "texture": "#0"},
				"down": {"uv": [0.875, 0.9375, 0.875, 1.5], "texture": "#0"}
			}
		},
		{
			"from": [5.95, 22.5, 11.9],
			"to": [10.05, 27, 11.9],
			"rotation": {"angle": -22.5, "axis": "x", "origin": [8, 22.45, 11.1]},
			"faces": {
				"north": {"uv": [3.3125, 0.5125, 2.75, 0], "rotation": 90, "texture": "#0"},
				"east": {"uv": [0.875, 0.9375, 0.875, 1.5], "rotation": 180, "texture": "#0"},
				"south": {"uv": [2.75, 0.5125, 3.3125, 0], "rotation": 270, "texture": "#0"},
				"west": {"uv": [0.875, 0.9375, 0.875, 1.5], "texture": "#0"},
				"up": {"uv": [0.9375, 1.125, 0.9375, 1.6375], "rotation": 270, "texture": "#0"},
				"down": {"uv": [0.9375, 1.125, 0.9375, 1.6375], "rotation": 270, "texture": "#0"}
			}
		},
		{
			"from": [5.95, 22.7, 12.1],
			"to": [10.05, 27.2, 12.1],
			"rotation": {"angle": -22.5, "axis": "x", "origin": [8, 22.45, 11.1]},
			"faces": {
				"north": {"uv": [3.3125, 0.5125, 2.75, 0], "rotation": 90, "texture": "#0"},
				"east": {"uv": [0.875, 0.9375, 0.875, 1.5], "rotation": 180, "texture": "#0"},
				"south": {"uv": [2.75, 0.5125, 3.3125, 0], "rotation": 270, "texture": "#0"},
				"west": {"uv": [0.875, 0.9375, 0.875, 1.5], "texture": "#0"},
				"up": {"uv": [0.9375, 1.125, 0.9375, 1.6375], "rotation": 270, "texture": "#0"},
				"down": {"uv": [0.9375, 1.125, 0.9375, 1.6375], "rotation": 270, "texture": "#0"}
			}
		},
		{
			"from": [7, -11.55, 9.3],
			"to": [9.1, -9.45, 11.4],
			"rotation": {"angle": 45, "axis": "y", "origin": [8, -11.5, 10.4]},
			"faces": {
				"north": {"uv": [2.5, 2.875, 2.25, 3.125], "texture": "#0"},
				"east": {"uv": [2.1875, 2.9375, 1.9375, 3.1875], "texture": "#0"},
				"south": {"uv": [2.5, 2.875, 2.25, 3.125], "texture": "#0"},
				"west": {"uv": [1.9375, 2.9375, 2.1875, 3.1875], "texture": "#0"},
				"up": {"uv": [2.25, 2.875, 2.5, 2.625], "texture": "#0"},
				"down": {"uv": [2.25, 2.625, 2.5, 2.875], "texture": "#0"}
			}
		},
		{
			"from": [7, -11.55, 10.8],
			"to": [9.1, -9.45, 12.9],
			"rotation": {"angle": -45, "axis": "y", "origin": [8, -11.5, 11.8]},
			"faces": {
				"north": {"uv": [2.25, 2.875, 2.5, 3.125], "texture": "#0"},
				"east": {"uv": [1.9375, 2.9375, 2.1875, 3.1875], "texture": "#0"},
				"south": {"uv": [2.25, 2.875, 2.5, 3.125], "texture": "#0"},
				"west": {"uv": [2.1875, 2.9375, 1.9375, 3.1875], "texture": "#0"},
				"up": {"uv": [2.25, 2.625, 2.5, 2.875], "texture": "#0"},
				"down": {"uv": [2.25, 2.875, 2.5, 2.625], "texture": "#0"}
			}
		},
		{
			"from": [8, 19.35334, 14.04482],
			"to": [8, 26.45334, 19.54482],
			"rotation": {"angle": -45, "axis": "x", "origin": [8, 15.27221, 7.42613]},
			"faces": {
				"north": {"uv": [0.75, 2.975, 0.75, 2], "texture": "#0"},
				"east": {"uv": [0, 3.1875, 0.8625, 2.5], "rotation": 270, "texture": "#0"},
				"south": {"uv": [0.75, 2.975, 0.75, 2], "texture": "#0"},
				"west": {"uv": [0, 2.5, 0.8875, 3.1875], "rotation": 270, "texture": "#0"},
				"up": {"uv": [0, 3.875, 0, 3.1875], "rotation": 180, "texture": "#0"},
				"down": {"uv": [0.625, 2.75, 0.625, 2.0625], "rotation": 180, "texture": "#0"}
			}
		},
		{
			"from": [7.75, 19.28115, -0.4136],
			"to": [8.25, 25.78115, 7.3864],
			"rotation": {"angle": 22.5, "axis": "x", "origin": [8, 15.27221, 7.42613]},
			"faces": {
				"north": {"uv": [1.125, 2.5, 1.1875, 1.6875], "texture": "#0"},
				"east": {"uv": [0, 2.5, 0.975, 1.6875], "texture": "#0"},
				"south": {"uv": [1.0625, 2.5, 1.125, 1.6875], "texture": "#0"},
				"west": {"uv": [0.975, 2.5, 0, 1.6875], "texture": "#0"},
				"up": {"uv": [3.0625, 3, 3.125, 1.9375], "texture": "#0"},
				"down": {"uv": [1.1875, 2.75, 1.25, 1.6875], "texture": "#0"}
			}
		},
		{
			"from": [7.5, 8.5, 1.7],
			"to": [8.5, 22, 10.1],
			"rotation": {"angle": 0, "axis": "y", "origin": [8, 15.27221, 7.42613]},
			"faces": {
				"north": {"uv": [1.1875, 1.6875, 1.3125, 0], "texture": "#0"},
				"east": {"uv": [1.0625, 1.6875, 0, 0], "texture": "#0"},
				"south": {"uv": [1.0625, 1.6875, 1.1875, 0], "texture": "#0"},
				"west": {"uv": [0, 1.6875, 1.0625, 0], "texture": "#0"},
				"up": {"uv": [1.3125, 1.0625, 1.4375, 0], "texture": "#0"},
				"down": {"uv": [1.3125, 1.0625, 1.4375, 0], "texture": "#0"}
			}
		},
		{
			"from": [7.2, 10, 5.6],
			"to": [8.8, 15.5, 10.2],
			"rotation": {"angle": 0, "axis": "y", "origin": [8, 15.27221, 7.42613]},
			"faces": {
				"north": {"uv": [2.5625, 3.0625, 2.6875, 2.375], "texture": "#0"},
				"east": {"uv": [1.0625, 0.875, 0.5, 0.1875], "texture": "#0"},
				"south": {"uv": [1.0625, 0.6875, 1.1875, 0], "texture": "#0"},
				"west": {"uv": [0.5, 0.875, 1.0625, 0.1875], "texture": "#0"},
				"up": {"uv": [2.6875, 1.1875, 2.8125, 0.625], "texture": "#0"},
				"down": {"uv": [1.3125, 0.5625, 1.4375, 0], "texture": "#0"}
			}
		},
		{
			"from": [7.45, 5.16853, -0.46335],
			"to": [8.55, 11.16853, 8.53665],
			"rotation": {"angle": -22.5, "axis": "x", "origin": [8, 15.27221, 7.42613]},
			"faces": {
				"north": {"uv": [2.9375, 2.6875, 3.0625, 1.9375], "texture": "#0"},
				"east": {"uv": [2.5625, 0.75, 1.4375, 0], "texture": "#0"},
				"south": {"uv": [2.5625, 0.75, 2.6875, 0], "texture": "#0"},
				"west": {"uv": [1.4375, 0.75, 2.5625, 0], "texture": "#0"},
				"up": {"uv": [2.8125, 2.3125, 2.9375, 1.1875], "texture": "#0"},
				"down": {"uv": [1.3125, 1.875, 1.4375, 0.75], "texture": "#0"}
			}
		},
		{
			"from": [7, 5.16853, 3.43665],
			"to": [9, 11.26853, 8.63665],
			"rotation": {"angle": -22.5, "axis": "x", "origin": [8, 15.27221, 7.42613]},
			"faces": {
				"north": {"uv": [3.0625, 1.9375, 3.3125, 1.1875], "texture": "#0"},
				"east": {"uv": [2.5625, 0.75, 1.9375, 0], "texture": "#0"},
				"south": {"uv": [3.3125, 1.9375, 3.5625, 1.1875], "texture": "#0"},
				"west": {"uv": [1.9375, 0.75, 2.5625, 0], "texture": "#0"},
				"up": {"uv": [2.8125, 1.8125, 3.0625, 1.1875], "texture": "#0"},
				"down": {"uv": [1.3125, 1.375, 1.5625, 0.75], "texture": "#0"}
			}
		},
		{
			"from": [6.25, 3.5, -1],
			"to": [9.75, 7, 9],
			"rotation": {"angle": -22.5, "axis": "x", "origin": [8, 15.27221, 11.42613]},
			"faces": {
				"north": {"uv": [2.3125, 1.1875, 1.875, 1.625], "rotation": 90, "texture": "#0"},
				"east": {"uv": [1.4375, 2.4375, 1.875, 1.1875], "rotation": 90, "texture": "#0"},
				"south": {"uv": [2.3125, 1.1875, 1.875, 1.625], "rotation": 90, "texture": "#0"},
				"west": {"uv": [1.4375, 2.4375, 1.875, 1.1875], "rotation": 90, "texture": "#0"},
				"up": {"uv": [1.4375, 0.75, 2.6875, 1.1875], "rotation": 90, "texture": "#0"},
				"down": {"uv": [1, 2.5, 2.25, 2.9375], "rotation": 90, "texture": "#0"}
			}
		},
		{
			"from": [6.75, -1.1, 7.75],
			"to": [9.25, 1.4, 10.25],
			"rotation": {"angle": -22.5, "axis": "x", "origin": [8, 0.75, 8]},
			"faces": {
				"north": {"uv": [1.875, 1.625, 2.1875, 1.9375], "texture": "#0"},
				"east": {"uv": [1.875, 1.625, 2.1875, 1.9375], "texture": "#0"},
				"south": {"uv": [1.875, 1.625, 2.1875, 1.9375], "texture": "#0"},
				"west": {"uv": [1.875, 1.625, 2.1875, 1.9375], "texture": "#0"},
				"up": {"uv": [1.875, 1.9375, 2.1875, 2.25], "texture": "#0"},
				"down": {"uv": [1.875, 1.9375, 2.1875, 2.25], "texture": "#0"}
			}
		},
		{
			"from": [6.75, -9.5, 9.85],
			"to": [9.25, -7, 12.35],
			"rotation": {"angle": 0, "axis": "y", "origin": [8, -0.25, 8]},
			"faces": {
				"north": {"uv": [1.875, 1.625, 2.1875, 1.9375], "rotation": 180, "texture": "#0"},
				"east": {"uv": [1.875, 1.625, 2.1875, 1.9375], "rotation": 180, "texture": "#0"},
				"south": {"uv": [1.875, 1.625, 2.1875, 1.9375], "rotation": 180, "texture": "#0"},
				"west": {"uv": [1.875, 1.625, 2.1875, 1.9375], "rotation": 180, "texture": "#0"},
				"up": {"uv": [1.875, 1.9375, 2.1875, 2.25], "texture": "#0"},
				"down": {"uv": [1.875, 1.9375, 2.1875, 2.25], "texture": "#0"}
			}
		},
		{
			"from": [6.5, 9.5, -2],
			"to": [6.5, 31.5, 11],
			"rotation": {"angle": 45, "axis": "x", "origin": [16, 0, 0]},
			"faces": {
				"north": {"uv": [0, 0, 0, 10], "texture": "#2"},
				"east": {"uv": [6.5, 0, 0, 11], "texture": "#2"},
				"south": {"uv": [0, 0, 0, 10], "texture": "#2"},
				"west": {"uv": [0, 0, 6.5, 11], "texture": "#2"},
				"up": {"uv": [0, 5, 0, 0], "texture": "#2"},
				"down": {"uv": [0, 0, 0, 5], "texture": "#2"}
			}
		},
		{
			"from": [8, -10.5, 11.9099],
			"to": [8, -2.5, 21.9099],
			"rotation": {"angle": 0, "axis": "y", "origin": [8, -2.88909, 15.9099]},
			"faces": {
				"north": {"uv": [0, 0, 0, 5], "rotation": 180, "texture": "#2"},
				"east": {"uv": [6.5, 0, 0, 11], "rotation": 270, "texture": "#2"},
				"south": {"uv": [0, 5, 0, 0], "texture": "#2"},
				"west": {"uv": [0, 0, 6.5, 11], "rotation": 90, "texture": "#2"},
				"up": {"uv": [0, 0, 0, 10], "rotation": 180, "texture": "#2"},
				"down": {"uv": [0, 0, 0, 10], "texture": "#2"}
			}
		},
		{
			"from": [9.5, 9.5, -2],
			"to": [9.5, 31.5, 11],
			"rotation": {"angle": 45, "axis": "x", "origin": [16, 0, 0]},
			"faces": {
				"north": {"uv": [0, 0, 0, 10], "texture": "#2"},
				"east": {"uv": [6.5, 0, 0, 11], "texture": "#2"},
				"south": {"uv": [0, 0, 0, 10], "texture": "#2"},
				"west": {"uv": [0, 0, 6.5, 11], "texture": "#2"},
				"up": {"uv": [0, 5, 0, 0], "texture": "#2"},
				"down": {"uv": [0, 0, 0, 5], "texture": "#2"}
			}
		},
		{
			"from": [6.2, 4.25, 8.75],
			"to": [6.2, 12.75, 13.75],
			"rotation": {"angle": 22.5, "axis": "x", "origin": [5.5, 4, 10.75]},
			"faces": {
				"north": {"uv": [0, 0, 0, 16], "rotation": 180, "texture": "#missing"},
				"east": {"uv": [4, 0, 3.375, 1.0625], "texture": "#0"},
				"south": {"uv": [0, 0, 0, 16], "texture": "#missing"},
				"west": {"uv": [3.375, 0, 4, 1.0625], "texture": "#0"},
				"up": {"uv": [0, 0, 0, 6], "rotation": 180, "texture": "#missing"},
				"down": {"uv": [0, 0, 0, 6], "texture": "#missing"}
			}
		},
		{
			"from": [6.9, 6.25, 3.75],
			"to": [6.9, 12.75, 7.75],
			"rotation": {"angle": 45, "axis": "x", "origin": [5.5, 4, 10.75]},
			"faces": {
				"north": {"uv": [0, 0, 0, 16], "rotation": 180, "texture": "#missing"},
				"east": {"uv": [4.5, 0.5625, 4, 1.375], "texture": "#0"},
				"south": {"uv": [0, 0, 0, 16], "texture": "#missing"},
				"west": {"uv": [4, 0.5625, 4.5, 1.375], "texture": "#0"},
				"up": {"uv": [0, 0, 0, 6], "rotation": 180, "texture": "#missing"},
				"down": {"uv": [0, 0, 0, 6], "texture": "#missing"}
			}
		},
		{
			"from": [7.1, 12.5, 13],
			"to": [7.1, 15.5, 17.5],
			"rotation": {"angle": -22.5, "axis": "x", "origin": [5.5, 4, 10.75]},
			"faces": {
				"north": {"uv": [0, 0, 0, 6], "rotation": 180, "texture": "#missing"},
				"east": {"uv": [4, 0.5625, 4.375, 0], "rotation": 90, "texture": "#0"},
				"south": {"uv": [0, 0, 0, 6], "rotation": 180, "texture": "#missing"},
				"west": {"uv": [4, 0, 4.375, 0.5625], "rotation": 90, "texture": "#0"},
				"up": {"uv": [0, 0, 0, 16], "texture": "#missing"},
				"down": {"uv": [0, 0, 0, 16], "texture": "#missing"}
			}
		},
		{
			"from": [9.1, 6.25, 3.75],
			"to": [9.1, 12.75, 7.75],
			"rotation": {"angle": 45, "axis": "x", "origin": [10.5, 4, 10.75]},
			"faces": {
				"north": {"uv": [0, 0, 0, 16], "rotation": 180, "texture": "#missing"},
				"east": {"uv": [4.5, 0.5625, 4, 1.375], "texture": "#0"},
				"south": {"uv": [0, 0, 0, 16], "texture": "#missing"},
				"west": {"uv": [4, 0.5625, 4.5, 1.375], "texture": "#0"},
				"up": {"uv": [0, 0, 0, 6], "rotation": 180, "texture": "#missing"},
				"down": {"uv": [0, 0, 0, 6], "texture": "#missing"}
			}
		},
		{
			"from": [9.8, 4.25, 8.75],
			"to": [9.8, 12.75, 13.75],
			"rotation": {"angle": 22.5, "axis": "x", "origin": [10.5, 4, 10.75]},
			"faces": {
				"north": {"uv": [0, 0, 0, 16], "rotation": 180, "texture": "#missing"},
				"east": {"uv": [4, 0, 3.375, 1.0625], "texture": "#0"},
				"south": {"uv": [0, 0, 0, 16], "texture": "#missing"},
				"west": {"uv": [3.375, 0, 4, 1.0625], "texture": "#0"},
				"up": {"uv": [0, 0, 0, 6], "rotation": 180, "texture": "#missing"},
				"down": {"uv": [0, 0, 0, 6], "texture": "#missing"}
			}
		},
		{
			"from": [8.9, 12.5, 13],
			"to": [8.9, 15.5, 17.5],
			"rotation": {"angle": -22.5, "axis": "x", "origin": [10.5, 4, 10.75]},
			"faces": {
				"north": {"uv": [0, 0, 0, 6], "rotation": 180, "texture": "#missing"},
				"east": {"uv": [4, 0.5625, 4.375, 0], "rotation": 90, "texture": "#0"},
				"south": {"uv": [0, 0, 0, 6], "rotation": 180, "texture": "#missing"},
				"west": {"uv": [4, 0, 4.375, 0.5625], "rotation": 90, "texture": "#0"},
				"up": {"uv": [0, 0, 0, 16], "texture": "#missing"},
				"down": {"uv": [0, 0, 0, 16], "texture": "#missing"}
			}
		},
		{
			"from": [8, 16, 12],
			"to": [8, 24, 20],
			"faces": {
				"north": {"uv": [0, 0, 0, 16], "texture": "#missing"},
				"east": {"uv": [16, 0, 0, 16], "texture": "#3"},
				"south": {"uv": [0, 0, 0, 16], "texture": "#missing"},
				"west": {"uv": [0, 0, 16, 16], "texture": "#3"},
				"up": {"uv": [0, 16, 0, 0], "texture": "#missing"},
				"down": {"uv": [0, 0, 0, 16], "texture": "#missing"}
			}
		},
		{
			"from": [6, -3.5, -1],
			"to": [6, 10.5, 17],
			"rotation": {"angle": 0, "axis": "y", "origin": [0, 1, 8]},
			"faces": {
				"north": {"uv": [0, 0, 0, 2.25], "texture": "#missing"},
				"east": {"uv": [9, 0, 0, 7], "texture": "#4"},
				"south": {"uv": [0, 0, 0, 2.25], "texture": "#missing"},
				"west": {"uv": [0, 0, 9, 7], "texture": "#4"},
				"up": {"uv": [0, 4, 0, 0], "texture": "#missing"},
				"down": {"uv": [0, 0, 0, 4], "texture": "#missing"}
			}
		},
		{
			"from": [8, 2, 9.5],
			"to": [8, 20, 23.5],
			"rotation": {"angle": -22.5, "axis": "x", "origin": [0, 1, 8]},
			"faces": {
				"north": {"uv": [0, 0, 0, 4], "rotation": 180, "texture": "#missing"},
				"east": {"uv": [9, 0, 0, 7], "rotation": 270, "texture": "#4"},
				"south": {"uv": [0, 4, 0, 0], "texture": "#missing"},
				"west": {"uv": [0, 0, 9, 7], "rotation": 90, "texture": "#4"},
				"up": {"uv": [0, 0, 0, 2.25], "rotation": 180, "texture": "#missing"},
				"down": {"uv": [0, 0, 0, 2.25], "texture": "#missing"}
			}
		},
		{
			"from": [10, -3.5, -1],
			"to": [10, 10.5, 17],
			"rotation": {"angle": 0, "axis": "y", "origin": [16, 1, 8]},
			"faces": {
				"north": {"uv": [0, 0, 0, 2.25], "texture": "#missing"},
				"east": {"uv": [9, 0, 0, 7], "texture": "#4"},
				"south": {"uv": [0, 0, 0, 2.25], "texture": "#missing"},
				"west": {"uv": [0, 0, 9, 7], "texture": "#4"},
				"up": {"uv": [0, 4, 0, 0], "texture": "#missing"},
				"down": {"uv": [0, 0, 0, 4], "texture": "#missing"}
			}
		}
	],
	"gui_light": "front",
	"display": {
		"thirdperson_righthand": {
			"translation": [0, 5.5, -1],
			"scale": [0.7, 0.7, 0.7]
		},
		"thirdperson_lefthand": {
			"translation": [0, 5.5, -1],
			"scale": [0.7, 0.7, 0.7]
		},
		"firstperson_righthand": {
			"rotation": [-10, 22, 0],
			"translation": [2.75, 3, -3.25],
			"scale": [0.6, 0.6, 0.6]
		},
		"firstperson_lefthand": {
			"rotation": [-10, 22, 0],
			"translation": [2.75, 3, -3.25],
			"scale": [0.6, 0.6, 0.6]
		},
		"ground": {
			"rotation": [0, 0, 83],
			"translation": [-1.5, 1.5, 0],
			"scale": [0.5, 0.5, 0.5]
		},
		"gui": {
			"rotation": [-90, -131, -90],
			"translation": [0.75, 0.5, -1.5],
			"scale": [0.5, 0.5, 0.5]
		},
		"head": {
			"rotation": [90, 167, 90],
			"translation": [0.25, 10.75, -0.25],
			"scale": [0.6, 0.6, 0.6]
		},
		"fixed": {
			"rotation": [-90, -90, -90],
			"translation": [0.75, 4.5, -2],
			"scale": [1.2, 1.2, 1.2]
		}
	}
}