{
	"credit": "Made with Blockbench",
	"texture_size": [128, 128],
	"textures": {
		"0": "elitecreatures:wukong/wukong_texture_01",
		"2": "elitecreatures:wukong/wukong_animation_02",
		"3": "elitecreatures:wukong/wukong_animation_03",
		"4": "elitecreatures:wukong/wukong_animation_01",
		"particle": "elitecreatures:wukong/wukong_texture_01"
	},
	"elements": [
		{
			"from": [7, -7, 7],
			"to": [9, 14, 9],
			"rotation": {"angle": -45, "axis": "y", "origin": [8, -3.25, 8.05]},
			"faces": {
				"north": {"uv": [4.75, 1.1875, 5, 3.8125], "texture": "#0"},
				"east": {"uv": [4.75, 1.1875, 5, 3.8125], "texture": "#0"},
				"south": {"uv": [4.75, 1.1875, 5, 3.8125], "texture": "#0"},
				"west": {"uv": [4.75, 1.1875, 5, 3.8125], "texture": "#0"},
				"up": {"uv": [1.1875, 2.125, 1.4375, 2.375], "rotation": 90, "texture": "#0"},
				"down": {"uv": [1.1875, 2.125, 1.4375, 2.375], "rotation": 90, "texture": "#0"}
			}
		},
		{
			"from": [8.8, -8.02189, -2.07466],
			"to": [8.8, 13.97811, 10.92534],
			"rotation": {"angle": 22.5, "axis": "x", "origin": [8, 12.87761, 6.42534]},
			"faces": {
				"north": {"uv": [0, 10, 0, 0], "texture": "#2"},
				"east": {"uv": [0, 11, 6.5, 0], "texture": "#2"},
				"south": {"uv": [0, 10, 0, 0], "texture": "#2"},
				"west": {"uv": [6.5, 11, 0, 0], "texture": "#2"},
				"up": {"uv": [0, 0, 0, 5], "texture": "#2"},
				"down": {"uv": [0, 5, 0, 0], "texture": "#2"}
			}
		},
		{
			"from": [7.2, -8.02189, -2.07466],
			"to": [7.2, 13.97811, 10.92534],
			"rotation": {"angle": 22.5, "axis": "x", "origin": [8, 12.87761, 6.42534]},
			"faces": {
				"north": {"uv": [0, 10, 0, 0], "texture": "#2"},
				"east": {"uv": [0, 11, 6.5, 0], "texture": "#2"},
				"south": {"uv": [0, 10, 0, 0], "texture": "#2"},
				"west": {"uv": [6.5, 11, 0, 0], "texture": "#2"},
				"up": {"uv": [0, 0, 0, 5], "texture": "#2"},
				"down": {"uv": [0, 5, 0, 0], "texture": "#2"}
			}
		},
		{
			"from": [6.5, -11.55, 7.25],
			"to": [9.5, -9.45, 8.75],
			"rotation": {"angle": 0, "axis": "y", "origin": [0, -17.5, -9]},
			"faces": {
				"north": {"uv": [1.1875, 2.9375, 1.5625, 3.2], "texture": "#0"},
				"east": {"uv": [1, 3.2, 1.1875, 2.9375], "texture": "#0"},
				"south": {"uv": [1.1875, 2.9375, 1.5625, 3.2], "texture": "#0"},
				"west": {"uv": [1, 3.2, 1.1875, 2.9375], "texture": "#0"},
				"up": {"uv": [1.5625, 2.9375, 1.9375, 3.125], "texture": "#0"},
				"down": {"uv": [1.5625, 2.9375, 1.9375, 3.125], "texture": "#0"}
			}
		},
		{
			"from": [8, -15.6, 5.75],
			"to": [8, -11.5, 10.25],
			"rotation": {"angle": 0, "axis": "y", "origin": [0, -17.5, -9]},
			"faces": {
				"north": {"uv": [0.9375, 1.125, 0.9375, 1.6375], "texture": "#0"},
				"east": {"uv": [2.75, 0, 3.3125, 0.5125], "texture": "#0"},
				"south": {"uv": [0.9375, 1.125, 0.9375, 1.6375], "texture": "#0"},
				"west": {"uv": [2.75, 0, 3.3125, 0.5125], "texture": "#0"},
				"up": {"uv": [0.875, 0.9375, 0.875, 1.5], "texture": "#0"},
				"down": {"uv": [0.875, 0.9375, 0.875, 1.5], "texture": "#0"}
			}
		},
		{
			"from": [7, -11.55, 6.2],
			"to": [9.1, -9.45, 8.3],
			"rotation": {"angle": 45, "axis": "y", "origin": [8, -11.5, 7.3]},
			"faces": {
				"north": {"uv": [2.5, 2.875, 2.25, 3.125], "texture": "#0"},
				"east": {"uv": [2.1875, 2.9375, 1.9375, 3.1875], "texture": "#0"},
				"south": {"uv": [2.5, 2.875, 2.25, 3.125], "texture": "#0"},
				"west": {"uv": [1.9375, 2.9375, 2.1875, 3.1875], "texture": "#0"},
				"up": {"uv": [2.25, 2.875, 2.5, 2.625], "texture": "#0"},
				"down": {"uv": [2.25, 2.625, 2.5, 2.875], "texture": "#0"}
			}
		},
		{
			"from": [7, -11.55, 7.7],
			"to": [9.1, -9.45, 9.8],
			"rotation": {"angle": -45, "axis": "y", "origin": [8, -11.5, 8.7]},
			"faces": {
				"north": {"uv": [2.25, 2.875, 2.5, 3.125], "texture": "#0"},
				"east": {"uv": [1.9375, 2.9375, 2.1875, 3.1875], "texture": "#0"},
				"south": {"uv": [2.25, 2.875, 2.5, 3.125], "texture": "#0"},
				"west": {"uv": [2.1875, 2.9375, 1.9375, 3.1875], "texture": "#0"},
				"up": {"uv": [2.25, 2.625, 2.5, 2.875], "texture": "#0"},
				"down": {"uv": [2.25, 2.875, 2.5, 2.625], "texture": "#0"}
			}
		},
		{
			"from": [7, 17.95, 6.2],
			"to": [9.1, 20.05, 8.3],
			"rotation": {"angle": 45, "axis": "y", "origin": [8, 20, 7.3]},
			"faces": {
				"north": {"uv": [2.0625, 3.9375, 1.8125, 3.6875], "texture": "#0"},
				"east": {"uv": [1.8125, 3.9375, 2.0625, 3.6875], "texture": "#0"},
				"south": {"uv": [2.0625, 3.9375, 1.8125, 3.6875], "texture": "#0"},
				"west": {"uv": [1.9375, 3.1875, 2.1875, 2.9375], "texture": "#0"},
				"up": {"uv": [2.25, 2.875, 2.5, 2.625], "texture": "#0"},
				"down": {"uv": [2.25, 2.625, 2.5, 2.875], "texture": "#0"}
			}
		},
		{
			"from": [7, 17.95, 7.7],
			"to": [9.1, 20.05, 9.8],
			"rotation": {"angle": -45, "axis": "y", "origin": [8, 20, 8.7]},
			"faces": {
				"north": {"uv": [1.8125, 3.9375, 2.0625, 3.6875], "texture": "#0"},
				"east": {"uv": [2.0625, 3.9375, 1.8125, 3.6875], "texture": "#0"},
				"south": {"uv": [1.8125, 3.9375, 2.0625, 3.6875], "texture": "#0"},
				"west": {"uv": [2.1875, 3.1875, 1.9375, 2.9375], "texture": "#0"},
				"up": {"uv": [2.25, 2.625, 2.5, 2.875], "texture": "#0"},
				"down": {"uv": [2.25, 2.875, 2.5, 2.625], "texture": "#0"}
			}
		},
		{
			"from": [6.5, 17.95, 7.25],
			"to": [9.5, 20.05, 8.75],
			"rotation": {"angle": 0, "axis": "y", "origin": [0, 26, -9]},
			"faces": {
				"north": {"uv": [1.1875, 3.2, 1.5625, 2.9375], "texture": "#0"},
				"east": {"uv": [1.8125, 3.625, 1.625, 3.8875], "texture": "#0"},
				"south": {"uv": [1.1875, 3.2, 1.5625, 2.9375], "texture": "#0"},
				"west": {"uv": [1.625, 3.625, 1.8125, 3.8875], "texture": "#0"},
				"up": {"uv": [1.5625, 3.125, 1.9375, 2.9375], "texture": "#0"},
				"down": {"uv": [1.5625, 3.125, 1.9375, 2.9375], "texture": "#0"}
			}
		},
		{
			"from": [8, 21, 3.75],
			"to": [8, 30.5, 12.25],
			"rotation": {"angle": 22.5, "axis": "y", "origin": [7.9, 25.75, 8]},
			"faces": {
				"north": {"uv": [0.9375, 1.6375, 0.9375, 1.125], "texture": "#0"},
				"east": {"uv": [8.8125, 1.1875, 7.75, 0], "texture": "#0"},
				"south": {"uv": [0.9375, 1.6375, 0.9375, 1.125], "texture": "#0"},
				"west": {"uv": [7.75, 1.1875, 8.8125, 0], "texture": "#0"},
				"up": {"uv": [0.875, 1.5, 0.875, 0.9375], "texture": "#0"},
				"down": {"uv": [0.875, 1.5, 0.875, 0.9375], "texture": "#0"}
			}
		},
		{
			"from": [8, 21, 3.75],
			"to": [8, 30.5, 12.25],
			"rotation": {"angle": -22.5, "axis": "y", "origin": [8, 25.75, 8]},
			"faces": {
				"north": {"uv": [0.9375, 1.6375, 0.9375, 1.125], "texture": "#0"},
				"east": {"uv": [8.8125, 1.1875, 7.75, 0], "texture": "#0"},
				"south": {"uv": [0.9375, 1.6375, 0.9375, 1.125], "texture": "#0"},
				"west": {"uv": [7.75, 1.1875, 8.8125, 0], "texture": "#0"},
				"up": {"uv": [0.875, 1.5, 0.875, 0.9375], "texture": "#0"},
				"down": {"uv": [0.875, 1.5, 0.875, 0.9375], "texture": "#0"}
			}
		},
		{
			"from": [8, 22.5, -3.25],
			"to": [8, 26.6, 1.25],
			"rotation": {"angle": 0, "axis": "y", "origin": [16, 26.5, -9]},
			"faces": {
				"north": {"uv": [0.9375, 1.6375, 0.9375, 1.125], "texture": "#0"},
				"east": {"uv": [3.3125, 0.5125, 2.75, 0], "texture": "#0"},
				"south": {"uv": [0.9375, 1.6375, 0.9375, 1.125], "texture": "#0"},
				"west": {"uv": [3.3125, 0.5125, 2.75, 0], "texture": "#0"},
				"up": {"uv": [0.875, 1.5, 0.875, 0.9375], "texture": "#0"},
				"down": {"uv": [0.875, 1.5, 0.875, 0.9375], "texture": "#0"}
			}
		},
		{
			"from": [8, 17.5, -0.25],
			"to": [8, 21.6, 4.25],
			"rotation": {"angle": 0, "axis": "y", "origin": [16, 26.5, -9]},
			"faces": {
				"north": {"uv": [0.9375, 1.6375, 0.9375, 1.125], "texture": "#0"},
				"east": {"uv": [3.3125, 0.5125, 2.75, 0], "texture": "#0"},
				"south": {"uv": [0.9375, 1.6375, 0.9375, 1.125], "texture": "#0"},
				"west": {"uv": [3.3125, 0.5125, 2.75, 0], "texture": "#0"},
				"up": {"uv": [0.875, 1.5, 0.875, 0.9375], "texture": "#0"},
				"down": {"uv": [0.875, 1.5, 0.875, 0.9375], "texture": "#0"}
			}
		},
		{
			"from": [8, 27.5, -0.25],
			"to": [8, 31.6, 4.25],
			"rotation": {"angle": 0, "axis": "y", "origin": [16, 26.5, -9]},
			"faces": {
				"north": {"uv": [0.9375, 1.6375, 0.9375, 1.125], "texture": "#0"},
				"east": {"uv": [3.3125, 0.5125, 2.75, 0], "texture": "#0"},
				"south": {"uv": [0.9375, 1.6375, 0.9375, 1.125], "texture": "#0"},
				"west": {"uv": [3.3125, 0.5125, 2.75, 0], "texture": "#0"},
				"up": {"uv": [0.875, 1.5, 0.875, 0.9375], "texture": "#0"},
				"down": {"uv": [0.875, 1.5, 0.875, 0.9375], "texture": "#0"}
			}
		},
		{
			"from": [8, 27.5, 11.75],
			"to": [8, 31.6, 16.25],
			"rotation": {"angle": 0, "axis": "y", "origin": [16, 26.5, 25]},
			"faces": {
				"north": {"uv": [0.9375, 1.6375, 0.9375, 1.125], "texture": "#0"},
				"east": {"uv": [2.75, 0.5125, 3.3125, 0], "texture": "#0"},
				"south": {"uv": [0.9375, 1.6375, 0.9375, 1.125], "texture": "#0"},
				"west": {"uv": [2.75, 0.5125, 3.3125, 0], "texture": "#0"},
				"up": {"uv": [0.875, 0.9375, 0.875, 1.5], "texture": "#0"},
				"down": {"uv": [0.875, 0.9375, 0.875, 1.5], "texture": "#0"}
			}
		},
		{
			"from": [8, 22.5, 14.75],
			"to": [8, 26.6, 19.25],
			"rotation": {"angle": 0, "axis": "y", "origin": [16, 26.5, 25]},
			"faces": {
				"north": {"uv": [0.9375, 1.6375, 0.9375, 1.125], "texture": "#0"},
				"east": {"uv": [2.75, 0.5125, 3.3125, 0], "texture": "#0"},
				"south": {"uv": [0.9375, 1.6375, 0.9375, 1.125], "texture": "#0"},
				"west": {"uv": [2.75, 0.5125, 3.3125, 0], "texture": "#0"},
				"up": {"uv": [0.875, 0.9375, 0.875, 1.5], "texture": "#0"},
				"down": {"uv": [0.875, 0.9375, 0.875, 1.5], "texture": "#0"}
			}
		},
		{
			"from": [8, 17.5, 11.75],
			"to": [8, 21.6, 16.25],
			"rotation": {"angle": 0, "axis": "y", "origin": [16, 26.5, 25]},
			"faces": {
				"north": {"uv": [0.9375, 1.6375, 0.9375, 1.125], "texture": "#0"},
				"east": {"uv": [2.75, 0.5125, 3.3125, 0], "texture": "#0"},
				"south": {"uv": [0.9375, 1.6375, 0.9375, 1.125], "texture": "#0"},
				"west": {"uv": [2.75, 0.5125, 3.3125, 0], "texture": "#0"},
				"up": {"uv": [0.875, 0.9375, 0.875, 1.5], "texture": "#0"},
				"down": {"uv": [0.875, 0.9375, 0.875, 1.5], "texture": "#0"}
			}
		},
		{
			"from": [7.6, 19.5, 9.75],
			"to": [7.6, 27.5, 17.75],
			"rotation": {"angle": 0, "axis": "y", "origin": [0, 0, 8]},
			"faces": {
				"north": {"uv": [0, 0, 0, 16], "texture": "#3"},
				"east": {"uv": [16, 0, 0, 16], "texture": "#3"},
				"south": {"uv": [0, 0, 0, 16], "texture": "#3"},
				"west": {"uv": [0, 0, 16, 16], "texture": "#3"},
				"up": {"uv": [0, 16, 0, 0], "texture": "#3"},
				"down": {"uv": [0, 0, 0, 16], "texture": "#3"}
			}
		},
		{
			"from": [10.1, 9.5, 0],
			"to": [10.1, 23.5, 18],
			"rotation": {"angle": 0, "axis": "y", "origin": [16, 1, 8]},
			"faces": {
				"north": {"uv": [0, 0, 0, 4.5], "texture": "#missing"},
				"east": {"uv": [9, 0, 0, 7], "texture": "#4"},
				"south": {"uv": [0, 0, 0, 4.5], "texture": "#missing"},
				"west": {"uv": [0, 0, 9, 7], "texture": "#4"},
				"up": {"uv": [0, 8, 0, 0], "texture": "#missing"},
				"down": {"uv": [0, 0, 0, 8], "texture": "#missing"}
			}
		},
		{
			"from": [5.9, 9.5, 0],
			"to": [5.9, 23.5, 18],
			"rotation": {"angle": 0, "axis": "y", "origin": [0, 1, 8]},
			"faces": {
				"north": {"uv": [0, 0, 0, 4.5], "texture": "#missing"},
				"east": {"uv": [9, 0, 0, 7], "texture": "#4"},
				"south": {"uv": [0, 0, 0, 4.5], "texture": "#missing"},
				"west": {"uv": [0, 0, 9, 7], "texture": "#4"},
				"up": {"uv": [0, 8, 0, 0], "texture": "#missing"},
				"down": {"uv": [0, 0, 0, 8], "texture": "#missing"}
			}
		},
		{
			"from": [6.75, 10.5, 6.75],
			"to": [9.25, 13, 9.25],
			"rotation": {"angle": -45, "axis": "y", "origin": [8, 9.75, 8.05]},
			"faces": {
				"north": {"uv": [1.875, 1.625, 2.1875, 1.9375], "texture": "#0"},
				"east": {"uv": [1.875, 1.625, 2.1875, 1.9375], "texture": "#0"},
				"south": {"uv": [1.875, 1.625, 2.1875, 1.9375], "texture": "#0"},
				"west": {"uv": [1.875, 1.625, 2.1875, 1.9375], "texture": "#0"},
				"up": {"uv": [1.875, 1.9375, 2.1875, 2.25], "texture": "#0"},
				"down": {"uv": [1.875, 1.9375, 2.1875, 2.25], "texture": "#0"}
			}
		},
		{
			"from": [6.75, -9.5, 6.85],
			"to": [9.25, -7, 9.35],
			"rotation": {"angle": -45, "axis": "y", "origin": [8, -3.25, 8.05]},
			"faces": {
				"north": {"uv": [1.875, 1.625, 2.1875, 1.9375], "rotation": 180, "texture": "#0"},
				"east": {"uv": [1.875, 1.625, 2.1875, 1.9375], "rotation": 180, "texture": "#0"},
				"south": {"uv": [1.875, 1.625, 2.1875, 1.9375], "rotation": 180, "texture": "#0"},
				"west": {"uv": [1.875, 1.625, 2.1875, 1.9375], "rotation": 180, "texture": "#0"},
				"up": {"uv": [1.875, 1.9375, 2.1875, 2.25], "texture": "#0"},
				"down": {"uv": [1.875, 1.9375, 2.1875, 2.25], "texture": "#0"}
			}
		},
		{
			"from": [6.95, 18.5, 6.75],
			"to": [8.95, 21, 8.75],
			"rotation": {"angle": -45, "axis": "y", "origin": [7.7, 18.75, 7.95]},
			"faces": {
				"north": {"uv": [1.875, 1.9375, 2.1875, 1.625], "rotation": 180, "texture": "#0"},
				"east": {"uv": [1.875, 1.9375, 2.1875, 1.625], "rotation": 180, "texture": "#0"},
				"south": {"uv": [1.875, 1.9375, 2.1875, 1.625], "rotation": 180, "texture": "#0"},
				"west": {"uv": [1.875, 1.9375, 2.1875, 1.625], "rotation": 180, "texture": "#0"},
				"up": {"uv": [1.875, 2.25, 2.1875, 1.9375], "texture": "#0"},
				"down": {"uv": [1.875, 2.25, 2.1875, 1.9375], "texture": "#0"}
			}
		},
		{
			"from": [8, -10.4, 9],
			"to": [8, -2.4, 19],
			"rotation": {"angle": 0, "axis": "y", "origin": [8, -2.88909, 12.8099]},
			"faces": {
				"north": {"uv": [0, 0, 0, 5], "rotation": 180, "texture": "#2"},
				"east": {"uv": [6.5, 0, 0, 11], "rotation": 270, "texture": "#2"},
				"south": {"uv": [0, 5, 0, 0], "texture": "#2"},
				"west": {"uv": [0, 0, 6.5, 11], "rotation": 90, "texture": "#2"},
				"up": {"uv": [0, 0, 0, 10], "rotation": 180, "texture": "#2"},
				"down": {"uv": [0, 0, 0, 10], "texture": "#2"}
			}
		},
		{
			"from": [6.75, 16, 4.7],
			"to": [9.35, 18.5, 7.3],
			"rotation": {"angle": 45, "axis": "y", "origin": [8, 20.5, 6.05]},
			"faces": {
				"north": {"uv": [3.875, 2.5, 3.5625, 2.8125], "texture": "#0"},
				"east": {"uv": [3.5625, 2.5, 3.875, 2.8125], "texture": "#0"},
				"south": {"uv": [3.875, 2.5, 3.5625, 2.8125], "texture": "#0"},
				"west": {"uv": [3.5625, 2.5, 3.875, 2.8125], "texture": "#0"},
				"up": {"uv": [3.5625, 3.125, 3.875, 2.8125], "texture": "#0"},
				"down": {"uv": [3.5625, 2.8125, 3.875, 3.125], "texture": "#0"}
			}
		},
		{
			"from": [6.75, 16, 8.7],
			"to": [9.35, 18.5, 11.3],
			"rotation": {"angle": -45, "axis": "y", "origin": [8, 20.5, 9.95]},
			"faces": {
				"north": {"uv": [3.5625, 2.5, 3.875, 2.8125], "texture": "#0"},
				"east": {"uv": [3.875, 2.5, 3.5625, 2.8125], "texture": "#0"},
				"south": {"uv": [3.5625, 2.5, 3.875, 2.8125], "texture": "#0"},
				"west": {"uv": [3.875, 2.5, 3.5625, 2.8125], "texture": "#0"},
				"up": {"uv": [3.5625, 2.8125, 3.875, 3.125], "texture": "#0"},
				"down": {"uv": [3.5625, 3.125, 3.875, 2.8125], "texture": "#0"}
			}
		},
		{
			"from": [6.15, 15.95, 6],
			"to": [9.85, 18.55, 10],
			"rotation": {"angle": 0, "axis": "y", "origin": [0, 10, -9.5]},
			"faces": {
				"north": {"uv": [3.625, 2.1875, 4.0625, 2.5], "texture": "#0"},
				"east": {"uv": [3.125, 2.1875, 3.625, 2.5], "texture": "#0"},
				"south": {"uv": [3.625, 2.1875, 4.0625, 2.5], "texture": "#0"},
				"west": {"uv": [3.125, 2.1875, 3.625, 2.5], "texture": "#0"},
				"up": {"uv": [3.125, 2.5, 3.5625, 3], "texture": "#0"},
				"down": {"uv": [3.125, 2.5, 3.5625, 3], "texture": "#0"}
			}
		},
		{
			"from": [6.2, 13, 4.3],
			"to": [7.2, 17.5, 8],
			"rotation": {"angle": -22.5, "axis": "y", "origin": [6.2, 15.75, 8]},
			"faces": {
				"north": {"uv": [8.625, 2.0625, 8.5, 2.625], "rotation": 180, "texture": "#0"},
				"east": {"uv": [1.625, 3.1875, 2.1875, 3.625], "rotation": 270, "texture": "#0"},
				"south": {"uv": [8.625, 2.0625, 8.5, 2.625], "rotation": 180, "texture": "#0"},
				"west": {"uv": [1.625, 3.1875, 2.1875, 3.625], "rotation": 270, "texture": "#0"},
				"up": {"uv": [0.8125, 2.6875, 0.6875, 3.125], "texture": "#0"},
				"down": {"uv": [2.3125, 3.1875, 2.1875, 3.625], "rotation": 180, "texture": "#0"}
			}
		},
		{
			"from": [6.2, 13, 8],
			"to": [7.2, 17.5, 11.7],
			"rotation": {"angle": 22.5, "axis": "y", "origin": [6.2, 15.75, 8]},
			"faces": {
				"north": {"uv": [8.625, 2.0625, 8.5, 2.625], "rotation": 180, "texture": "#0"},
				"east": {"uv": [1.625, 3.625, 2.1875, 3.1875], "rotation": 270, "texture": "#0"},
				"south": {"uv": [8.625, 2.0625, 8.5, 2.625], "rotation": 180, "texture": "#0"},
				"west": {"uv": [1.625, 3.625, 2.1875, 3.1875], "rotation": 270, "texture": "#0"},
				"up": {"uv": [0.8125, 3.125, 0.6875, 2.6875], "texture": "#0"},
				"down": {"uv": [2.3125, 3.625, 2.1875, 3.1875], "rotation": 180, "texture": "#0"}
			}
		},
		{
			"from": [8.8, 13, 4.3],
			"to": [9.8, 17.5, 8],
			"rotation": {"angle": 22.5, "axis": "y", "origin": [9.8, 15.75, 8]},
			"faces": {
				"north": {"uv": [8.625, 2.0625, 8.5, 2.625], "rotation": 180, "texture": "#0"},
				"east": {"uv": [1.625, 3.625, 2.1875, 3.1875], "rotation": 270, "texture": "#0"},
				"south": {"uv": [8.625, 2.0625, 8.5, 2.625], "rotation": 180, "texture": "#0"},
				"west": {"uv": [1.625, 3.625, 2.1875, 3.1875], "rotation": 270, "texture": "#0"},
				"up": {"uv": [0.6875, 2.6875, 0.8125, 3.125], "texture": "#0"},
				"down": {"uv": [2.1875, 3.1875, 2.3125, 3.625], "rotation": 180, "texture": "#0"}
			}
		},
		{
			"from": [8.8, 13, 8],
			"to": [9.8, 17.5, 11.7],
			"rotation": {"angle": -22.5, "axis": "y", "origin": [9.8, 15.75, 8]},
			"faces": {
				"north": {"uv": [8.625, 2.0625, 8.5, 2.625], "rotation": 180, "texture": "#0"},
				"east": {"uv": [1.625, 3.1875, 2.1875, 3.625], "rotation": 270, "texture": "#0"},
				"south": {"uv": [8.625, 2.0625, 8.5, 2.625], "rotation": 180, "texture": "#0"},
				"west": {"uv": [1.625, 3.1875, 2.1875, 3.625], "rotation": 270, "texture": "#0"},
				"up": {"uv": [0.6875, 3.125, 0.8125, 2.6875], "texture": "#0"},
				"down": {"uv": [2.1875, 3.625, 2.3125, 3.1875], "rotation": 180, "texture": "#0"}
			}
		},
		{
			"from": [4.5, 12.5, 4.5],
			"to": [11.5, 12.5, 11.5],
			"rotation": {"angle": -45, "axis": "y", "origin": [8, -6.8, 8]},
			"faces": {
				"north": {"uv": [0, 0, 0.875, 0], "texture": "#missing"},
				"east": {"uv": [0, 0, 0.875, 0], "texture": "#missing"},
				"south": {"uv": [0, 0, 0.875, 0], "texture": "#missing"},
				"west": {"uv": [0, 0, 0.875, 0], "texture": "#missing"},
				"up": {"uv": [4.625, 0, 5.5, 0.875], "texture": "#0"},
				"down": {"uv": [4.625, 0.875, 5.5, 0], "texture": "#0"}
			}
		},
		{
			"from": [4.5, 12.7, 4.5],
			"to": [11.5, 12.7, 11.5],
			"rotation": {"angle": -45, "axis": "y", "origin": [8, -6.8, 8]},
			"faces": {
				"north": {"uv": [0, 0, 0.875, 0], "texture": "#missing"},
				"east": {"uv": [0, 0, 0.875, 0], "texture": "#missing"},
				"south": {"uv": [0, 0, 0.875, 0], "texture": "#missing"},
				"west": {"uv": [0, 0, 0.875, 0], "texture": "#missing"},
				"up": {"uv": [4.625, 0, 5.5, 0.875], "texture": "#0"},
				"down": {"uv": [4.625, 0.875, 5.5, 0], "texture": "#0"}
			}
		}
	],
	"gui_light": "front",
	"display": {
		"thirdperson_righthand": {
			"rotation": [39.25, 42, 0],
			"translation": [0, 0.5, 2],
			"scale": [0.7, 0.7, 0.7]
		},
		"thirdperson_lefthand": {
			"rotation": [39.25, 42, 0],
			"translation": [0, 0.5, 2],
			"scale": [0.7, 0.7, 0.7]
		},
		"firstperson_righthand": {
			"rotation": [10, 38, 0],
			"translation": [-0.25, 2.5, -1.25],
			"scale": [0.54883, 0.54883, 0.54883]
		},
		"firstperson_lefthand": {
			"rotation": [10, 38, 0],
			"translation": [-0.25, 2.5, -1.25],
			"scale": [0.54883, 0.54883, 0.54883]
		},
		"ground": {
			"rotation": [94, 85, 0],
			"translation": [0, 0.25, -0.75],
			"scale": [0.5, 0.5, 0.5]
		},
		"gui": {
			"rotation": [-90, 45, 90],
			"translation": [-0.25, 0.25, 0],
			"scale": [0.515, 0.515, 0.515]
		},
		"head": {
			"rotation": [90, -171, 90],
			"translation": [2, 9.25, 0.25],
			"scale": [0.7, 0.7, 0.7]
		},
		"fixed": {
			"rotation": [0, 90, 0],
			"translation": [0, 0.25, -4.25],
			"scale": [1.3, 1.3, 1.3]
		}
	}
}