{
	"credit": "Made with Blockbench",
	"texture_size": [128, 128],
	"textures": {
		"0": "elitecreatures:wukong/wukong_texture_01",
		"2": "elitecreatures:wukong/wukong_animation_02",
		"3": "elitecreatures:wukong/wukong_animation_03",
		"4": "elitecreatures:wukong/wukong_animation_01",
		"particle": "elitecreatures:wukong/wukong_texture_01"
	},
	"elements": [
		{
			"from": [7, -7, 7],
			"to": [9, 1, 9],
			"rotation": {"angle": -45, "axis": "y", "origin": [8, -3.25, 8.05]},
			"faces": {
				"north": {"uv": [3.5625, 1.1875, 3.8125, 2.1875], "texture": "#0"},
				"east": {"uv": [3.5625, 1.1875, 3.8125, 2.1875], "texture": "#0"},
				"south": {"uv": [3.5625, 1.1875, 3.8125, 2.1875], "texture": "#0"},
				"west": {"uv": [3.5625, 1.1875, 3.8125, 2.1875], "texture": "#0"},
				"up": {"uv": [1.1875, 2.125, 1.4375, 2.375], "rotation": 90, "texture": "#0"},
				"down": {"uv": [1.1875, 2.125, 1.4375, 2.375], "rotation": 90, "texture": "#0"}
			}
		},
		{
			"from": [6.5, -11.55, 7.25],
			"to": [9.5, -9.45, 8.75],
			"rotation": {"angle": 0, "axis": "y", "origin": [0, -17.5, -9]},
			"faces": {
				"north": {"uv": [1.1875, 2.9375, 1.5625, 3.2], "texture": "#0"},
				"east": {"uv": [1, 3.2, 1.1875, 2.9375], "texture": "#0"},
				"south": {"uv": [1.1875, 2.9375, 1.5625, 3.2], "texture": "#0"},
				"west": {"uv": [1, 3.2, 1.1875, 2.9375], "texture": "#0"},
				"up": {"uv": [1.5625, 2.9375, 1.9375, 3.125], "texture": "#0"},
				"down": {"uv": [1.5625, 2.9375, 1.9375, 3.125], "texture": "#0"}
			}
		},
		{
			"from": [8, -15.6, 5.75],
			"to": [8, -11.5, 10.25],
			"rotation": {"angle": 0, "axis": "y", "origin": [0, -17.5, -9]},
			"faces": {
				"north": {"uv": [0.9375, 1.125, 0.9375, 1.6375], "texture": "#0"},
				"east": {"uv": [2.75, 0, 3.3125, 0.5125], "texture": "#0"},
				"south": {"uv": [0.9375, 1.125, 0.9375, 1.6375], "texture": "#0"},
				"west": {"uv": [2.75, 0, 3.3125, 0.5125], "texture": "#0"},
				"up": {"uv": [0.875, 0.9375, 0.875, 1.5], "texture": "#0"},
				"down": {"uv": [0.875, 0.9375, 0.875, 1.5], "texture": "#0"}
			}
		},
		{
			"from": [7, -11.55, 6.2],
			"to": [9.1, -9.45, 8.3],
			"rotation": {"angle": 45, "axis": "y", "origin": [8, -11.5, 7.3]},
			"faces": {
				"north": {"uv": [2.5, 2.875, 2.25, 3.125], "texture": "#0"},
				"east": {"uv": [2.1875, 2.9375, 1.9375, 3.1875], "texture": "#0"},
				"south": {"uv": [2.5, 2.875, 2.25, 3.125], "texture": "#0"},
				"west": {"uv": [1.9375, 2.9375, 2.1875, 3.1875], "texture": "#0"},
				"up": {"uv": [2.25, 2.875, 2.5, 2.625], "texture": "#0"},
				"down": {"uv": [2.25, 2.625, 2.5, 2.875], "texture": "#0"}
			}
		},
		{
			"from": [7, -11.55, 7.7],
			"to": [9.1, -9.45, 9.8],
			"rotation": {"angle": -45, "axis": "y", "origin": [8, -11.5, 8.7]},
			"faces": {
				"north": {"uv": [2.25, 2.875, 2.5, 3.125], "texture": "#0"},
				"east": {"uv": [1.9375, 2.9375, 2.1875, 3.1875], "texture": "#0"},
				"south": {"uv": [2.25, 2.875, 2.5, 3.125], "texture": "#0"},
				"west": {"uv": [2.1875, 2.9375, 1.9375, 3.1875], "texture": "#0"},
				"up": {"uv": [2.25, 2.625, 2.5, 2.875], "texture": "#0"},
				"down": {"uv": [2.25, 2.875, 2.5, 2.625], "texture": "#0"}
			}
		},
		{
			"from": [6.75, 0.5, 6.75],
			"to": [9.25, 3, 9.25],
			"rotation": {"angle": -45, "axis": "y", "origin": [8, -3.25, 8.05]},
			"faces": {
				"north": {"uv": [1.875, 1.625, 2.1875, 1.9375], "texture": "#0"},
				"east": {"uv": [1.875, 1.625, 2.1875, 1.9375], "texture": "#0"},
				"south": {"uv": [1.875, 1.625, 2.1875, 1.9375], "texture": "#0"},
				"west": {"uv": [1.875, 1.625, 2.1875, 1.9375], "texture": "#0"},
				"up": {"uv": [1.875, 1.9375, 2.1875, 2.25], "texture": "#0"},
				"down": {"uv": [1.875, 1.9375, 2.1875, 2.25], "texture": "#0"}
			}
		},
		{
			"from": [6.75, -9.5, 6.85],
			"to": [9.25, -7, 9.35],
			"rotation": {"angle": -45, "axis": "y", "origin": [8, -3.25, 8.05]},
			"faces": {
				"north": {"uv": [1.875, 1.625, 2.1875, 1.9375], "rotation": 180, "texture": "#0"},
				"east": {"uv": [1.875, 1.625, 2.1875, 1.9375], "rotation": 180, "texture": "#0"},
				"south": {"uv": [1.875, 1.625, 2.1875, 1.9375], "rotation": 180, "texture": "#0"},
				"west": {"uv": [1.875, 1.625, 2.1875, 1.9375], "rotation": 180, "texture": "#0"},
				"up": {"uv": [1.875, 1.9375, 2.1875, 2.25], "texture": "#0"},
				"down": {"uv": [1.875, 1.9375, 2.1875, 2.25], "texture": "#0"}
			}
		},
		{
			"from": [6, -2.5, -1],
			"to": [6, 11.5, 17],
			"rotation": {"angle": 0, "axis": "y", "origin": [0, 1, 8]},
			"faces": {
				"north": {"uv": [0, 0, 0, 4.5], "texture": "#missing"},
				"east": {"uv": [9, 0, 0, 7], "texture": "#4"},
				"south": {"uv": [0, 0, 0, 4.5], "texture": "#missing"},
				"west": {"uv": [0, 0, 9, 7], "texture": "#4"},
				"up": {"uv": [0, 8, 0, 0], "texture": "#missing"},
				"down": {"uv": [0, 0, 0, 8], "texture": "#missing"}
			}
		},
		{
			"from": [10, -2.5, -1],
			"to": [10, 11.5, 17],
			"rotation": {"angle": 0, "axis": "y", "origin": [16, 1, 8]},
			"faces": {
				"north": {"uv": [0, 0, 0, 4.5], "texture": "#missing"},
				"east": {"uv": [9, 0, 0, 7], "texture": "#4"},
				"south": {"uv": [0, 0, 0, 4.5], "texture": "#missing"},
				"west": {"uv": [0, 0, 9, 7], "texture": "#4"},
				"up": {"uv": [0, 8, 0, 0], "texture": "#missing"},
				"down": {"uv": [0, 0, 0, 8], "texture": "#missing"}
			}
		},
		{
			"from": [7.75, -15.62742, -0.1066],
			"to": [7.75, 6.37258, 12.8934],
			"rotation": {"angle": 22.5, "axis": "x", "origin": [8, 10.97918, 6.10051]},
			"faces": {
				"north": {"uv": [0, 10, 0, 0], "texture": "#2"},
				"east": {"uv": [0, 11, 6.5, 0], "texture": "#2"},
				"south": {"uv": [0, 10, 0, 0], "texture": "#2"},
				"west": {"uv": [6.5, 11, 0, 0], "texture": "#2"},
				"up": {"uv": [0, 0, 0, 5], "texture": "#2"},
				"down": {"uv": [0, 5, 0, 0], "texture": "#2"}
			}
		},
		{
			"from": [8, -10.4, 9],
			"to": [8, -2.4, 19],
			"rotation": {"angle": 0, "axis": "y", "origin": [8, -2.88909, 12.8099]},
			"faces": {
				"north": {"uv": [0, 0, 0, 5], "rotation": 180, "texture": "#2"},
				"east": {"uv": [6.5, 0, 0, 11], "rotation": 270, "texture": "#2"},
				"south": {"uv": [0, 5, 0, 0], "texture": "#2"},
				"west": {"uv": [0, 0, 6.5, 11], "rotation": 90, "texture": "#2"},
				"up": {"uv": [0, 0, 0, 10], "rotation": 180, "texture": "#2"},
				"down": {"uv": [0, 0, 0, 10], "texture": "#2"}
			}
		},
		{
			"from": [8, 5.5, 5],
			"to": [8, 29.5, 11],
			"rotation": {"angle": 0, "axis": "y", "origin": [0, 1.5, -0.5]},
			"faces": {
				"north": {"uv": [0.5, 0, 0.5, 3.375], "texture": "#missing"},
				"east": {"uv": [15.25, 0, 16, 3], "texture": "#0"},
				"south": {"uv": [0.5, 0, 0.5, 3.375], "texture": "#missing"},
				"west": {"uv": [15.25, 0, 16, 3], "texture": "#0"},
				"up": {"uv": [0.5, 0, 0.5, 0.625], "texture": "#missing"},
				"down": {"uv": [0.5, 0, 0.5, 0.625], "texture": "#missing"}
			}
		},
		{
			"from": [6.75, 3, 4.7],
			"to": [9.35, 5.5, 7.3],
			"rotation": {"angle": 45, "axis": "y", "origin": [8, 7.5, 6.05]},
			"faces": {
				"north": {"uv": [3.875, 2.5, 3.5625, 2.8125], "texture": "#0"},
				"east": {"uv": [3.5625, 2.5, 3.875, 2.8125], "texture": "#0"},
				"south": {"uv": [3.875, 2.5, 3.5625, 2.8125], "texture": "#0"},
				"west": {"uv": [3.5625, 2.5, 3.875, 2.8125], "texture": "#0"},
				"up": {"uv": [3.5625, 3.125, 3.875, 2.8125], "texture": "#0"},
				"down": {"uv": [3.5625, 3.125, 3.875, 2.8125], "texture": "#0"}
			}
		},
		{
			"from": [6.75, 3, 8.7],
			"to": [9.35, 5.5, 11.3],
			"rotation": {"angle": -45, "axis": "y", "origin": [8, 7.5, 9.95]},
			"faces": {
				"north": {"uv": [3.5625, 2.5, 3.875, 2.8125], "texture": "#0"},
				"east": {"uv": [3.875, 2.5, 3.5625, 2.8125], "texture": "#0"},
				"south": {"uv": [3.5625, 2.5, 3.875, 2.8125], "texture": "#0"},
				"west": {"uv": [3.875, 2.5, 3.5625, 2.8125], "texture": "#0"},
				"up": {"uv": [3.5625, 2.8125, 3.875, 3.125], "texture": "#0"},
				"down": {"uv": [3.5625, 2.8125, 3.875, 3.125], "texture": "#0"}
			}
		},
		{
			"from": [6.15, 2.95, 6],
			"to": [9.85, 5.55, 10],
			"rotation": {"angle": 0, "axis": "y", "origin": [0, -3, -9.5]},
			"faces": {
				"north": {"uv": [3.625, 2.1875, 4.0625, 2.5], "texture": "#0"},
				"east": {"uv": [3.125, 2.1875, 3.625, 2.5], "texture": "#0"},
				"south": {"uv": [3.625, 2.1875, 4.0625, 2.5], "texture": "#0"},
				"west": {"uv": [3.125, 2.1875, 3.625, 2.5], "texture": "#0"},
				"up": {"uv": [3.125, 2.5, 3.5625, 3], "texture": "#0"},
				"down": {"uv": [3.125, 2.5, 3.5625, 3], "texture": "#0"}
			}
		},
		{
			"from": [7.45, 23.3, 6.75],
			"to": [8.55, 25.8, 9.25],
			"rotation": {"angle": -45, "axis": "x", "origin": [8, 24.55, 8]},
			"faces": {
				"north": {"uv": [3.9375, 3.125, 4.075, 2.8125], "texture": "#0"},
				"east": {"uv": [2.6875, 2.6875, 3, 3], "texture": "#0"},
				"south": {"uv": [3.9375, 3.125, 4.075, 2.8125], "texture": "#0"},
				"west": {"uv": [3, 2.6875, 2.6875, 3], "texture": "#0"},
				"up": {"uv": [3.9375, 2.8125, 4.075, 2.5], "texture": "#0"},
				"down": {"uv": [3.9375, 2.8125, 4.075, 2.5], "texture": "#0"}
			}
		},
		{
			"from": [8.25, -15.62742, -0.1066],
			"to": [8.25, 6.37258, 12.8934],
			"rotation": {"angle": 22.5, "axis": "x", "origin": [8, 10.97918, 6.10051]},
			"faces": {
				"north": {"uv": [0, 10, 0, 0], "texture": "#2"},
				"east": {"uv": [0, 11, 6.5, 0], "texture": "#2"},
				"south": {"uv": [0, 10, 0, 0], "texture": "#2"},
				"west": {"uv": [6.5, 11, 0, 0], "texture": "#2"},
				"up": {"uv": [0, 0, 0, 5], "texture": "#2"},
				"down": {"uv": [0, 5, 0, 0], "texture": "#2"}
			}
		},
		{
			"from": [8, 14, 11],
			"to": [8, 22, 19],
			"rotation": {"angle": 0, "axis": "y", "origin": [0, 0, 8]},
			"faces": {
				"north": {"uv": [0, 0, 0, 16], "texture": "#3"},
				"east": {"uv": [16, 0, 0, 16], "texture": "#3"},
				"south": {"uv": [0, 0, 0, 16], "texture": "#3"},
				"west": {"uv": [0, 0, 16, 16], "texture": "#3"},
				"up": {"uv": [0, 16, 0, 0], "texture": "#3"},
				"down": {"uv": [0, 0, 0, 16], "texture": "#3"}
			}
		},
		{
			"from": [7.5, 5.5, 6.25],
			"to": [8.5, 24.5, 9.75],
			"rotation": {"angle": 0, "axis": "y", "origin": [0, -3.5, -0.5]},
			"faces": {
				"north": {"uv": [4.5, 1.4375, 4.625, 3.8125], "texture": "#0"},
				"east": {"uv": [4.5, 1.4375, 4.0625, 3.8125], "texture": "#0"},
				"south": {"uv": [4.75, 1.4375, 4.625, 3.8125], "texture": "#0"},
				"west": {"uv": [4.0625, 1.4375, 4.5, 3.8125], "texture": "#0"},
				"up": {"uv": [0.5625, 0, 0.4375, 0.4375], "texture": "#0"},
				"down": {"uv": [0.5625, 0, 0.4375, 0.4375], "texture": "#0"}
			}
		},
		{
			"from": [5.95, 10.5, 6.3],
			"to": [10.05, 15, 6.3],
			"rotation": {"angle": -22.5, "axis": "x", "origin": [8, 22.45, 11.1]},
			"faces": {
				"north": {"uv": [3.3125, 0.5125, 2.75, 0], "rotation": 90, "texture": "#0"},
				"east": {"uv": [0.875, 0.9375, 0.875, 1.5], "rotation": 180, "texture": "#0"},
				"south": {"uv": [2.75, 0.5125, 3.3125, 0], "rotation": 270, "texture": "#0"},
				"west": {"uv": [0.875, 0.9375, 0.875, 1.5], "texture": "#0"},
				"up": {"uv": [0.9375, 1.125, 0.9375, 1.6375], "rotation": 270, "texture": "#0"},
				"down": {"uv": [0.9375, 1.125, 0.9375, 1.6375], "rotation": 270, "texture": "#0"}
			}
		},
		{
			"from": [5.95, 10.7, 6.5],
			"to": [10.05, 15.2, 6.5],
			"rotation": {"angle": -22.5, "axis": "x", "origin": [8, 22.45, 11.1]},
			"faces": {
				"north": {"uv": [3.3125, 0.5125, 2.75, 0], "rotation": 90, "texture": "#0"},
				"east": {"uv": [0.875, 0.9375, 0.875, 1.5], "rotation": 180, "texture": "#0"},
				"south": {"uv": [2.75, 0.5125, 3.3125, 0], "rotation": 270, "texture": "#0"},
				"west": {"uv": [0.875, 0.9375, 0.875, 1.5], "texture": "#0"},
				"up": {"uv": [0.9375, 1.125, 0.9375, 1.6375], "rotation": 270, "texture": "#0"},
				"down": {"uv": [0.9375, 1.125, 0.9375, 1.6375], "rotation": 270, "texture": "#0"}
			}
		},
		{
			"from": [5.95, 12.5, 6.3],
			"to": [10.05, 17, 6.3],
			"rotation": {"angle": -22.5, "axis": "x", "origin": [8, 24.45, 11.1]},
			"faces": {
				"north": {"uv": [3.3125, 0.5125, 2.75, 0], "rotation": 90, "texture": "#0"},
				"east": {"uv": [0.875, 0.9375, 0.875, 1.5], "rotation": 180, "texture": "#0"},
				"south": {"uv": [2.75, 0.5125, 3.3125, 0], "rotation": 270, "texture": "#0"},
				"west": {"uv": [0.875, 0.9375, 0.875, 1.5], "texture": "#0"},
				"up": {"uv": [0.9375, 1.125, 0.9375, 1.6375], "rotation": 270, "texture": "#0"},
				"down": {"uv": [0.9375, 1.125, 0.9375, 1.6375], "rotation": 270, "texture": "#0"}
			}
		},
		{
			"from": [5.95, 12.7, 6.5],
			"to": [10.05, 17.2, 6.5],
			"rotation": {"angle": -22.5, "axis": "x", "origin": [8, 24.45, 11.1]},
			"faces": {
				"north": {"uv": [3.3125, 0.5125, 2.75, 0], "rotation": 90, "texture": "#0"},
				"east": {"uv": [0.875, 0.9375, 0.875, 1.5], "rotation": 180, "texture": "#0"},
				"south": {"uv": [2.75, 0.5125, 3.3125, 0], "rotation": 270, "texture": "#0"},
				"west": {"uv": [0.875, 0.9375, 0.875, 1.5], "texture": "#0"},
				"up": {"uv": [0.9375, 1.125, 0.9375, 1.6375], "rotation": 270, "texture": "#0"},
				"down": {"uv": [0.9375, 1.125, 0.9375, 1.6375], "rotation": 270, "texture": "#0"}
			}
		}
	],
	"gui_light": "front",
	"display": {
		"thirdperson_righthand": {
			"translation": [0, 5.75, 1],
			"scale": [0.7, 0.7, 0.7]
		},
		"thirdperson_lefthand": {
			"translation": [0, 5.75, 1],
			"scale": [0.7, 0.7, 0.7]
		},
		"firstperson_righthand": {
			"rotation": [-10, 22, 0],
			"translation": [0.75, 3.75, -1.75],
			"scale": [0.6, 0.6, 0.6]
		},
		"firstperson_lefthand": {
			"rotation": [-10, 22, 0],
			"translation": [0.75, 3.75, -1.75],
			"scale": [0.6, 0.6, 0.6]
		},
		"ground": {
			"rotation": [0, 0, 83],
			"translation": [-1.5, 1.5, 0],
			"scale": [0.5, 0.5, 0.5]
		},
		"gui": {
			"rotation": [-90, -135, -90],
			"translation": [-0.5, 0.5, -1.5],
			"scale": [0.5, 0.5, 0.5]
		},
		"head": {
			"rotation": [90, 167, 90],
			"translation": [2.5, 9, -0.75],
			"scale": [0.6, 0.6, 0.6]
		},
		"fixed": {
			"rotation": [-90, -90, -90],
			"translation": [0, 4.5, -1.5],
			"scale": [1.2, 1.2, 1.2]
		}
	}
}