{
	"credit": "Made with Blockbench",
	"texture_size": [128, 128],
	"textures": {
		"0": "elitecreatures:newyear_2024_animated/newyear_texture_01",
		"2": "elitecreatures:newyear_2024_animated/newyear_animation_02",
		"3": "elitecreatures:newyear_2024_animated/newyear_animation_03",
		"4": "elitecreatures:newyear_2024_animated/newyear_animation_04",
		"particle": "elitecreatures:newyear_2024_animated/newyear_texture_01"
	},
	"elements": [
		{
			"from": [6.15, 13.45, 4.5],
			"to": [9.85, 16.05, 8.5],
			"rotation": {"angle": 0, "axis": "y", "origin": [0, 7.5, -11]},
			"faces": {
				"north": {"uv": [1.0625, 0, 1.525, 0.325], "texture": "#0"},
				"east": {"uv": [1.0625, 0, 0.5625, 0.3125], "texture": "#0"},
				"south": {"uv": [1.0625, 0, 1.525, 0.325], "texture": "#0"},
				"west": {"uv": [0.5625, 0, 1.0625, 0.3125], "texture": "#0"},
				"up": {"uv": [0.5625, 0.3125, 1, 0.8125], "texture": "#0"},
				"down": {"uv": [1.5625, 0.625, 2.025, 1.125], "texture": "#0"}
			}
		},
		{
			"from": [6.75, 13.5, 3.2],
			"to": [9.35, 16, 5.8],
			"rotation": {"angle": 45, "axis": "y", "origin": [8, 18, 4.55]},
			"faces": {
				"north": {"uv": [1.3125, 0.625, 1, 0.9375], "texture": "#0"},
				"east": {"uv": [1, 0.625, 1.3125, 0.9375], "texture": "#0"},
				"south": {"uv": [1.3125, 0.625, 1, 0.9375], "texture": "#0"},
				"west": {"uv": [1.25, 0.3125, 0.9375, 0.625], "texture": "#0"},
				"up": {"uv": [1.5, 0.3125, 1.8125, 0], "texture": "#0"},
				"down": {"uv": [1.5625, 0.625, 1.875, 0.3125], "texture": "#0"}
			}
		},
		{
			"from": [6.75, 13.5, 7.2],
			"to": [9.35, 16, 9.8],
			"rotation": {"angle": -45, "axis": "y", "origin": [8, 18, 8.45]},
			"faces": {
				"north": {"uv": [1, 0.625, 1.3125, 0.9375], "texture": "#0"},
				"east": {"uv": [1.3125, 0.625, 1, 0.9375], "texture": "#0"},
				"south": {"uv": [1, 0.625, 1.3125, 0.9375], "texture": "#0"},
				"west": {"uv": [1, 0.3125, 1.3125, 0.625], "texture": "#0"},
				"up": {"uv": [1.5, 0, 1.8125, 0.3125], "texture": "#0"},
				"down": {"uv": [1.5625, 0.3125, 1.875, 0.625], "texture": "#0"}
			}
		},
		{
			"from": [6.5, -1.75, 4.45],
			"to": [9.5, -0.25, 6.55],
			"rotation": {"angle": 0, "axis": "y", "origin": [0, 16, -1.5]},
			"faces": {
				"north": {"uv": [0.875, 0.9375, 1.25, 1.125], "rotation": 180, "texture": "#0"},
				"east": {"uv": [0.9375, 1.125, 0.75, 1.375], "rotation": 270, "texture": "#0"},
				"south": {"uv": [0.875, 0.9375, 1.25, 1.125], "texture": "#0"},
				"west": {"uv": [0.75, 1.125, 0.9375, 1.375], "rotation": 90, "texture": "#0"},
				"up": {"uv": [0.9375, 1.125, 1.3125, 1.375], "rotation": 180, "texture": "#0"},
				"down": {"uv": [0.9375, 1.125, 1.3125, 1.375], "texture": "#0"}
			}
		},
		{
			"from": [7, -1.3, 4.5],
			"to": [9.1, 0.8, 6.5],
			"rotation": {"angle": 45, "axis": "z", "origin": [8, -0.3, 4.5]},
			"faces": {
				"north": {"uv": [1.3125, 0.8125, 1.5625, 0.5625], "rotation": 180, "texture": "#0"},
				"east": {"uv": [1.3125, 0.3125, 1.5625, 0.5625], "rotation": 270, "texture": "#0"},
				"south": {"uv": [1.3125, 0.8125, 1.5625, 0.5625], "texture": "#0"},
				"west": {"uv": [2.0625, 0, 1.8125, 0.25], "rotation": 90, "texture": "#0"},
				"up": {"uv": [1.5625, 0.3125, 1.3125, 0.5625], "rotation": 180, "texture": "#0"},
				"down": {"uv": [1.5625, 0.3125, 1.3125, 0.5625], "texture": "#0"}
			}
		},
		{
			"from": [7, -2.8, 4.5],
			"to": [9.1, -0.7, 6.5],
			"rotation": {"angle": -45, "axis": "z", "origin": [8, -1.7, 4.5]},
			"faces": {
				"north": {"uv": [1.3125, 0.5625, 1.5625, 0.8125], "rotation": 180, "texture": "#0"},
				"east": {"uv": [1.5625, 0.3125, 1.3125, 0.5625], "rotation": 270, "texture": "#0"},
				"south": {"uv": [1.3125, 0.5625, 1.5625, 0.8125], "texture": "#0"},
				"west": {"uv": [1.8125, 0, 2.0625, 0.25], "rotation": 90, "texture": "#0"},
				"up": {"uv": [1.3125, 0.3125, 1.5625, 0.5625], "rotation": 180, "texture": "#0"},
				"down": {"uv": [1.3125, 0.3125, 1.5625, 0.5625], "texture": "#0"}
			}
		},
		{
			"from": [6.75, 11.5, 5.25],
			"to": [9.25, 14, 7.75],
			"rotation": {"angle": -45, "axis": "y", "origin": [8, 16.75, 6.5]},
			"faces": {
				"north": {"uv": [0.8125, 1.375, 1.125, 1.6875], "texture": "#0"},
				"east": {"uv": [0.8125, 1.375, 1.125, 1.6875], "texture": "#0"},
				"south": {"uv": [0.8125, 1.375, 1.125, 1.6875], "texture": "#0"},
				"west": {"uv": [0.8125, 1.375, 1.125, 1.6875], "texture": "#0"},
				"up": {"uv": [0.8125, 1.6875, 1.125, 2], "texture": "#0"},
				"down": {"uv": [0.8125, 1.6875, 1.125, 2], "texture": "#0"}
			}
		},
		{
			"from": [6.75, 2, 5.25],
			"to": [9.25, 4.5, 7.75],
			"rotation": {"angle": -45, "axis": "y", "origin": [8, 5.25, 6.5]},
			"faces": {
				"north": {"uv": [0.8125, 1.6875, 1.125, 1.375], "texture": "#0"},
				"east": {"uv": [0.8125, 1.6875, 1.125, 1.375], "texture": "#0"},
				"south": {"uv": [0.8125, 1.6875, 1.125, 1.375], "texture": "#0"},
				"west": {"uv": [0.8125, 1.6875, 1.125, 1.375], "texture": "#0"},
				"up": {"uv": [0.8125, 2, 1.125, 1.6875], "texture": "#0"},
				"down": {"uv": [0.8125, 2, 1.125, 1.6875], "texture": "#0"}
			}
		},
		{
			"from": [7, -2, 2.6],
			"to": [9, 0, 4.6],
			"rotation": {"angle": -45, "axis": "z", "origin": [8, -1, 3.6]},
			"faces": {
				"north": {"uv": [1.3125, 1.0625, 1.5625, 1.3125], "rotation": 180, "texture": "#0"},
				"east": {"uv": [1.3125, 0.8125, 1.5625, 1.0625], "rotation": 270, "texture": "#0"},
				"south": {"uv": [1.3125, 1.0625, 1.5625, 1.3125], "texture": "#0"},
				"west": {"uv": [1.3125, 0.8125, 1.5625, 1.0625], "rotation": 90, "texture": "#0"},
				"up": {"uv": [1.3125, 0.8125, 1.5625, 1.0625], "rotation": 180, "texture": "#0"},
				"down": {"uv": [1.3125, 0.8125, 1.5625, 1.0625], "texture": "#0"}
			}
		},
		{
			"from": [7.25, -3, 3.5],
			"to": [8.75, -1, 6],
			"rotation": {"angle": -22.5, "axis": "x", "origin": [8, -2.5, 7]},
			"faces": {
				"north": {"uv": [2.0625, 0.25, 2.25, 0], "rotation": 180, "texture": "#0"},
				"east": {"uv": [1.875, 0.5625, 2.125, 0.25], "rotation": 270, "texture": "#0"},
				"south": {"uv": [2.0625, 0.25, 2.25, 0], "texture": "#0"},
				"west": {"uv": [1.875, 0.5625, 2.125, 0.25], "rotation": 90, "texture": "#0"},
				"up": {"uv": [2.125, 0.5625, 2.3125, 0.25], "rotation": 180, "texture": "#0"},
				"down": {"uv": [2.125, 0.5625, 2.3125, 0.25], "texture": "#0"}
			}
		},
		{
			"from": [6.5, 16.25, 4.45],
			"to": [9.5, 17.75, 6.55],
			"rotation": {"angle": 0, "axis": "y", "origin": [0, 0, -1.5]},
			"faces": {
				"north": {"uv": [0.875, 1.125, 1.25, 0.9375], "rotation": 180, "texture": "#0"},
				"east": {"uv": [0.75, 1.125, 0.9375, 1.375], "rotation": 270, "texture": "#0"},
				"south": {"uv": [0.875, 1.125, 1.25, 0.9375], "texture": "#0"},
				"west": {"uv": [0.9375, 1.125, 0.75, 1.375], "rotation": 90, "texture": "#0"},
				"up": {"uv": [0.9375, 1.375, 1.3125, 1.125], "texture": "#0"},
				"down": {"uv": [0.9375, 1.375, 1.3125, 1.125], "rotation": 180, "texture": "#0"}
			}
		},
		{
			"from": [7, 16.7, 4.5],
			"to": [9.1, 18.8, 6.5],
			"rotation": {"angle": 45, "axis": "z", "origin": [8, 17.7, 4.5]},
			"faces": {
				"north": {"uv": [1.3125, 0.8125, 1.5625, 0.5625], "rotation": 180, "texture": "#0"},
				"east": {"uv": [1.3125, 0.3125, 1.5625, 0.5625], "rotation": 270, "texture": "#0"},
				"south": {"uv": [1.3125, 0.8125, 1.5625, 0.5625], "texture": "#0"},
				"west": {"uv": [2.0625, 0, 1.8125, 0.25], "rotation": 90, "texture": "#0"},
				"up": {"uv": [1.3125, 0.5625, 1.5625, 0.3125], "texture": "#0"},
				"down": {"uv": [1.3125, 0.5625, 1.5625, 0.3125], "rotation": 180, "texture": "#0"}
			}
		},
		{
			"from": [7, 16, 2.6],
			"to": [9, 18, 4.6],
			"rotation": {"angle": 45, "axis": "z", "origin": [8, 17, 3.6]},
			"faces": {
				"north": {"uv": [1.3125, 1.3125, 1.5625, 1.0625], "rotation": 180, "texture": "#0"},
				"east": {"uv": [1.5625, 0.8125, 1.3125, 1.0625], "rotation": 270, "texture": "#0"},
				"south": {"uv": [1.3125, 1.3125, 1.5625, 1.0625], "texture": "#0"},
				"west": {"uv": [1.5625, 0.8125, 1.3125, 1.0625], "rotation": 90, "texture": "#0"},
				"up": {"uv": [1.3125, 1.0625, 1.5625, 0.8125], "texture": "#0"},
				"down": {"uv": [1.3125, 1.0625, 1.5625, 0.8125], "rotation": 180, "texture": "#0"}
			}
		},
		{
			"from": [7.25, 17, 3.5],
			"to": [8.75, 19, 6],
			"rotation": {"angle": 22.5, "axis": "x", "origin": [8, 18.5, 7]},
			"faces": {
				"north": {"uv": [2.0625, 0, 2.25, 0.25], "rotation": 180, "texture": "#0"},
				"east": {"uv": [2.125, 0.5625, 1.875, 0.25], "rotation": 270, "texture": "#0"},
				"south": {"uv": [2.0625, 0, 2.25, 0.25], "texture": "#0"},
				"west": {"uv": [2.125, 0.5625, 1.875, 0.25], "rotation": 90, "texture": "#0"},
				"up": {"uv": [2.125, 0.25, 2.3125, 0.5625], "texture": "#0"},
				"down": {"uv": [2.125, 0.25, 2.3125, 0.5625], "rotation": 180, "texture": "#0"}
			}
		},
		{
			"from": [7, 15.2, 4.5],
			"to": [9.1, 17.3, 6.5],
			"rotation": {"angle": -45, "axis": "z", "origin": [8, 16.3, 4.5]},
			"faces": {
				"north": {"uv": [1.3125, 0.5625, 1.5625, 0.8125], "rotation": 180, "texture": "#0"},
				"east": {"uv": [1.5625, 0.3125, 1.3125, 0.5625], "rotation": 270, "texture": "#0"},
				"south": {"uv": [1.3125, 0.5625, 1.5625, 0.8125], "texture": "#0"},
				"west": {"uv": [1.8125, 0, 2.0625, 0.25], "rotation": 90, "texture": "#0"},
				"up": {"uv": [1.5625, 0.5625, 1.3125, 0.3125], "texture": "#0"},
				"down": {"uv": [1.5625, 0.5625, 1.3125, 0.3125], "rotation": 180, "texture": "#0"}
			}
		},
		{
			"from": [5, 14.1, 7],
			"to": [11, 16.1, 9],
			"rotation": {"angle": -45, "axis": "x", "origin": [8, 13.6, 6.5]},
			"faces": {
				"north": {"uv": [2.3125, 1.125, 1.5625, 1.375], "texture": "#0"},
				"east": {"uv": [1.3125, 1.3125, 1.5625, 1.5625], "texture": "#0"},
				"south": {"uv": [2.3125, 1.125, 1.5625, 1.375], "texture": "#0"},
				"west": {"uv": [1.5625, 1.3125, 1.3125, 1.5625], "texture": "#0"},
				"up": {"uv": [2.3125, 1.125, 1.5625, 1.375], "texture": "#0"},
				"down": {"uv": [2.3125, 1.125, 1.5625, 1.375], "texture": "#0"}
			}
		},
		{
			"from": [5.75, 13.5, 7.5],
			"to": [10.25, 16.5, 10.5],
			"rotation": {"angle": -45, "axis": "x", "origin": [8, 12.5, 6.5]},
			"faces": {
				"north": {"uv": [1.1875, 2.375, 0.8125, 2.9375], "rotation": 90, "texture": "#0"},
				"east": {"uv": [0.8125, 2, 1.1875, 2.375], "rotation": 90, "texture": "#0"},
				"south": {"uv": [1.1875, 2.375, 0.8125, 2.9375], "rotation": 90, "texture": "#0"},
				"west": {"uv": [0.8125, 2.375, 1.1875, 2], "rotation": 90, "texture": "#0"},
				"up": {"uv": [0.8125, 2.375, 1.1875, 2.9375], "rotation": 90, "texture": "#0"},
				"down": {"uv": [0.8125, 2.375, 1.1875, 2.9375], "rotation": 90, "texture": "#0"}
			}
		},
		{
			"from": [6.75, 0, 7.2],
			"to": [9.35, 2.5, 9.8],
			"rotation": {"angle": -45, "axis": "y", "origin": [8, -2, 8.45]},
			"faces": {
				"north": {"uv": [1, 0.9375, 1.3125, 0.625], "texture": "#0"},
				"east": {"uv": [1.3125, 0.9375, 1, 0.625], "texture": "#0"},
				"south": {"uv": [1, 0.9375, 1.3125, 0.625], "texture": "#0"},
				"west": {"uv": [1, 0.625, 1.3125, 0.3125], "texture": "#0"},
				"up": {"uv": [1.5625, 0.625, 1.875, 0.3125], "texture": "#0"},
				"down": {"uv": [1.5, 0.3125, 1.8125, 0], "texture": "#0"}
			}
		},
		{
			"from": [6.15, -0.05, 4.5],
			"to": [9.85, 2.55, 8.5],
			"rotation": {"angle": 0, "axis": "y", "origin": [0, 8.5, -11]},
			"faces": {
				"north": {"uv": [1.0625, 0.325, 1.525, 0], "texture": "#0"},
				"east": {"uv": [1.0625, 0.3125, 0.5625, 0], "texture": "#0"},
				"south": {"uv": [1.0625, 0.325, 1.525, 0], "texture": "#0"},
				"west": {"uv": [0.5625, 0.3125, 1.0625, 0], "texture": "#0"},
				"up": {"uv": [1.5625, 1.125, 2.025, 0.625], "texture": "#0"},
				"down": {"uv": [0.5625, 0.8125, 1, 0.3125], "texture": "#0"}
			}
		},
		{
			"from": [6.75, 0, 3.2],
			"to": [9.35, 2.5, 5.8],
			"rotation": {"angle": 45, "axis": "y", "origin": [8, -2, 4.55]},
			"faces": {
				"north": {"uv": [1.3125, 0.9375, 1, 0.625], "texture": "#0"},
				"east": {"uv": [1, 0.9375, 1.3125, 0.625], "texture": "#0"},
				"south": {"uv": [1.3125, 0.9375, 1, 0.625], "texture": "#0"},
				"west": {"uv": [1.25, 0.625, 0.9375, 0.3125], "texture": "#0"},
				"up": {"uv": [1.5625, 0.3125, 1.875, 0.625], "texture": "#0"},
				"down": {"uv": [1.5, 0, 1.8125, 0.3125], "texture": "#0"}
			}
		},
		{
			"from": [5, -0.1, 7],
			"to": [11, 1.9, 9],
			"rotation": {"angle": 45, "axis": "x", "origin": [8, 2.4, 6.5]},
			"faces": {
				"north": {"uv": [2.3125, 1.375, 1.5625, 1.125], "texture": "#0"},
				"east": {"uv": [1.3125, 1.5625, 1.5625, 1.3125], "texture": "#0"},
				"south": {"uv": [2.3125, 1.375, 1.5625, 1.125], "texture": "#0"},
				"west": {"uv": [1.5625, 1.5625, 1.3125, 1.3125], "texture": "#0"},
				"up": {"uv": [2.3125, 1.375, 1.5625, 1.125], "texture": "#0"},
				"down": {"uv": [2.3125, 1.375, 1.5625, 1.125], "texture": "#0"}
			}
		},
		{
			"from": [5.75, -0.5, 7.5],
			"to": [10.25, 2.5, 10.5],
			"rotation": {"angle": 45, "axis": "x", "origin": [8, 3.5, 6.5]},
			"faces": {
				"north": {"uv": [0.8125, 2.375, 1.1875, 2.9375], "rotation": 90, "texture": "#0"},
				"east": {"uv": [1.1875, 2, 0.8125, 2.375], "rotation": 90, "texture": "#0"},
				"south": {"uv": [0.8125, 2.375, 1.1875, 2.9375], "rotation": 90, "texture": "#0"},
				"west": {"uv": [1.1875, 2.375, 0.8125, 2], "rotation": 90, "texture": "#0"},
				"up": {"uv": [1.1875, 2.375, 0.8125, 2.9375], "rotation": 90, "texture": "#0"},
				"down": {"uv": [1.1875, 2.375, 0.8125, 2.9375], "rotation": 90, "texture": "#0"}
			}
		},
		{
			"from": [6.25, -9.4, 5.8],
			"to": [9.75, -7.9, 11.3],
			"rotation": {"angle": -22.5, "axis": "x", "origin": [8, -7.79017, 3.02183]},
			"faces": {
				"north": {"uv": [4.125, 1.5625, 3.6875, 1.375], "texture": "#0"},
				"east": {"uv": [3.6875, 1.375, 3.5, 0.6875], "rotation": 270, "texture": "#0"},
				"south": {"uv": [4.125, 1.375, 3.6875, 1.5625], "rotation": 180, "texture": "#0"},
				"west": {"uv": [3.5, 1.375, 3.6875, 0.6875], "rotation": 90, "texture": "#0"},
				"up": {"uv": [5.0625, 1.625, 4.625, 0.9375], "rotation": 180, "texture": "#0"},
				"down": {"uv": [5.0625, 1.625, 4.625, 0.9375], "texture": "#0"}
			}
		},
		{
			"from": [6.25, 23.9, 5.8],
			"to": [9.75, 25.4, 11.3],
			"rotation": {"angle": 22.5, "axis": "x", "origin": [8, 23.79017, 3.02183]},
			"faces": {
				"north": {"uv": [4.125, 1.375, 3.6875, 1.5625], "texture": "#0"},
				"east": {"uv": [3.5, 1.375, 3.6875, 0.6875], "rotation": 270, "texture": "#0"},
				"south": {"uv": [4.125, 1.5625, 3.6875, 1.375], "rotation": 180, "texture": "#0"},
				"west": {"uv": [3.6875, 1.375, 3.5, 0.6875], "rotation": 90, "texture": "#0"},
				"up": {"uv": [5.0625, 0.9375, 4.625, 1.625], "texture": "#0"},
				"down": {"uv": [5.0625, 0.9375, 4.625, 1.625], "rotation": 180, "texture": "#0"}
			}
		},
		{
			"from": [7, 3, 5.5],
			"to": [9, 13, 7.5],
			"rotation": {"angle": -45, "axis": "y", "origin": [8, 8, 6.5]},
			"faces": {
				"north": {"uv": [0.5625, 1.4375, 0.8125, 2.6875], "texture": "#0"},
				"east": {"uv": [0.5625, 1.4375, 0.8125, 2.6875], "texture": "#0"},
				"south": {"uv": [0.5625, 1.4375, 0.8125, 2.6875], "texture": "#0"},
				"west": {"uv": [0.5625, 1.4375, 0.8125, 2.6875], "texture": "#0"},
				"up": {"uv": [0.5625, 1.4375, 0.8125, 1.6875], "texture": "#0"},
				"down": {"uv": [0.5625, 1.4375, 0.8125, 1.6875], "texture": "#0"}
			}
		},
		{
			"from": [6.9, 3, 5.4],
			"to": [9.1, 13, 5.4],
			"rotation": {"angle": 45, "axis": "y", "origin": [8, 8, 6.5]},
			"faces": {
				"north": {"uv": [16, 3.4375, 15.75, 4.6875], "texture": "#0"},
				"east": {"uv": [0.8125, 1.4375, 0.5625, 2.6875], "texture": "#0"},
				"south": {"uv": [15.75, 3.4375, 16, 4.6875], "texture": "#0"},
				"west": {"uv": [0.8125, 1.4375, 0.5625, 2.6875], "texture": "#0"},
				"up": {"uv": [0.5625, 1.6875, 0.8125, 1.4375], "texture": "#0"},
				"down": {"uv": [0.5625, 1.6875, 0.8125, 1.4375], "texture": "#0"}
			}
		},
		{
			"from": [6.9, 3, 5.4],
			"to": [9.1, 13, 5.4],
			"rotation": {"angle": -45, "axis": "y", "origin": [8, 8, 6.5]},
			"faces": {
				"north": {"uv": [15.75, 3.4375, 16, 4.6875], "texture": "#0"},
				"east": {"uv": [0.5625, 1.4375, 0.8125, 2.6875], "texture": "#0"},
				"south": {"uv": [16, 3.4375, 15.75, 4.6875], "texture": "#0"},
				"west": {"uv": [0.5625, 1.4375, 0.8125, 2.6875], "texture": "#0"},
				"up": {"uv": [0.8125, 1.6875, 0.5625, 1.4375], "texture": "#0"},
				"down": {"uv": [0.8125, 1.6875, 0.5625, 1.4375], "texture": "#0"}
			}
		},
		{
			"from": [6.9, 3, 7.6],
			"to": [9.1, 13, 7.6],
			"rotation": {"angle": -45, "axis": "y", "origin": [8, 8, 6.5]},
			"faces": {
				"north": {"uv": [16, 3.4375, 15.75, 4.6875], "texture": "#0"},
				"east": {"uv": [0.5625, 1.4375, 0.8125, 2.6875], "texture": "#0"},
				"south": {"uv": [15.75, 3.4375, 16, 4.6875], "texture": "#0"},
				"west": {"uv": [0.5625, 1.4375, 0.8125, 2.6875], "texture": "#0"},
				"up": {"uv": [0.5625, 1.4375, 0.8125, 1.6875], "texture": "#0"},
				"down": {"uv": [0.5625, 1.4375, 0.8125, 1.6875], "texture": "#0"}
			}
		},
		{
			"from": [6.9, 3, 7.6],
			"to": [9.1, 13, 7.6],
			"rotation": {"angle": 45, "axis": "y", "origin": [8, 8, 6.5]},
			"faces": {
				"north": {"uv": [15.75, 3.4375, 16, 4.6875], "texture": "#0"},
				"east": {"uv": [0.8125, 1.4375, 0.5625, 2.6875], "texture": "#0"},
				"south": {"uv": [16, 3.4375, 15.75, 4.6875], "texture": "#0"},
				"west": {"uv": [0.8125, 1.4375, 0.5625, 2.6875], "texture": "#0"},
				"up": {"uv": [0.8125, 1.4375, 0.5625, 1.6875], "texture": "#0"},
				"down": {"uv": [0.8125, 1.4375, 0.5625, 1.6875], "texture": "#0"}
			}
		},
		{
			"from": [6.75, -6.03417, 6.76583],
			"to": [9.25, 1.96583, 10.76583],
			"rotation": {"angle": -22.5, "axis": "x", "origin": [8, -6.06168, 10.28682]},
			"faces": {
				"north": {"uv": [4.75, 2.5625, 3.75, 2.875], "rotation": 90, "texture": "#0"},
				"east": {"uv": [3.75, 2.5625, 4.75, 2.0625], "rotation": 90, "texture": "#0"},
				"south": {"uv": [4.75, 2.875, 3.75, 3.1875], "rotation": 90, "texture": "#0"},
				"west": {"uv": [3.75, 2.5625, 4.75, 2.0625], "rotation": 90, "texture": "#0"},
				"up": {"uv": [4.75, 2.5625, 5.0625, 2.0625], "rotation": 180, "texture": "#0"},
				"down": {"uv": [4.75, 2.5625, 5.0625, 2.0625], "rotation": 180, "texture": "#0"}
			}
		},
		{
			"from": [7, -7, 6],
			"to": [9, 1, 8.5],
			"rotation": {"angle": -45, "axis": "x", "origin": [0, -1, 15.5]},
			"faces": {
				"north": {"uv": [1.9375, 4.125, 2.1875, 5.125], "texture": "#0"},
				"east": {"uv": [1.9375, 4.125, 1.625, 5.125], "texture": "#0"},
				"south": {"uv": [2.1875, 4.125, 2.4375, 5.125], "texture": "#0"},
				"west": {"uv": [1.625, 4.125, 1.9375, 5.125], "texture": "#0"},
				"up": {"uv": [1.375, 4.375, 1.625, 4.6875], "texture": "#0"},
				"down": {"uv": [1.375, 4.375, 1.625, 4.6875], "texture": "#0"}
			}
		},
		{
			"from": [6.5, -12.3, 16.5],
			"to": [9.5, -8.3, 19.5],
			"rotation": {"angle": 22.5, "axis": "x", "origin": [0, -1, 15.5]},
			"faces": {
				"north": {"uv": [2.5, 3.4375, 2.875, 3.9375], "texture": "#0"},
				"east": {"uv": [3.0625, 3.25, 3.5625, 2.875], "rotation": 270, "texture": "#0"},
				"south": {"uv": [3.4375, 3.25, 3.8125, 3.75], "texture": "#0"},
				"west": {"uv": [3.0625, 2.875, 3.5625, 3.25], "rotation": 270, "texture": "#0"},
				"up": {"uv": [3.0625, 3.25, 3.4375, 3.625], "rotation": 180, "texture": "#0"},
				"down": {"uv": [3.0625, 3.625, 3.4375, 4], "rotation": 180, "texture": "#0"}
			}
		},
		{
			"from": [7, -11.3, 19.5],
			"to": [9, -9.3, 21],
			"rotation": {"angle": 22.5, "axis": "x", "origin": [0, -1, 15.5]},
			"faces": {
				"north": {"uv": [0.875, 5.1875, 1.125, 5.4375], "texture": "#0"},
				"east": {"uv": [1.125, 5, 0.875, 4.8125], "rotation": 270, "texture": "#0"},
				"south": {"uv": [0.875, 5.1875, 1.125, 5.4375], "texture": "#0"},
				"west": {"uv": [0.875, 4.8125, 1.125, 5], "rotation": 270, "texture": "#0"},
				"up": {"uv": [0.875, 5, 1.125, 5.1875], "rotation": 180, "texture": "#0"},
				"down": {"uv": [0.875, 5.1875, 1.125, 5], "rotation": 180, "texture": "#0"}
			}
		},
		{
			"from": [6.75, 14.03417, 6.76583],
			"to": [9.25, 22.03417, 10.76583],
			"rotation": {"angle": 22.5, "axis": "x", "origin": [8, 22.06168, 10.28682]},
			"faces": {
				"north": {"uv": [3.75, 2.5625, 4.75, 2.875], "rotation": 90, "texture": "#0"},
				"east": {"uv": [4.75, 2.5625, 3.75, 2.0625], "rotation": 90, "texture": "#0"},
				"south": {"uv": [3.75, 2.875, 4.75, 3.1875], "rotation": 90, "texture": "#0"},
				"west": {"uv": [4.75, 2.5625, 3.75, 2.0625], "rotation": 90, "texture": "#0"},
				"up": {"uv": [4.75, 2.0625, 5.0625, 2.5625], "rotation": 180, "texture": "#0"},
				"down": {"uv": [4.75, 2.0625, 5.0625, 2.5625], "rotation": 180, "texture": "#0"}
			}
		},
		{
			"from": [7.9, 19.4, 1.5],
			"to": [7.9, 25.4, 6],
			"rotation": {"angle": 22.5, "axis": "x", "origin": [7.9, 21.1, 3.8]},
			"faces": {
				"north": {"uv": [0, 0, 0, 0.5], "rotation": 180, "texture": "#missing"},
				"east": {"uv": [1.625, 1.9375, 2.375, 2.5], "rotation": 90, "texture": "#0"},
				"south": {"uv": [0, 0, 0, 0.5], "texture": "#missing"},
				"west": {"uv": [2.375, 1.9375, 1.625, 2.5], "rotation": 270, "texture": "#0"},
				"up": {"uv": [0, 0, 0, 0.5], "texture": "#0"},
				"down": {"uv": [0, 0, 0, 0.5], "rotation": 180, "texture": "#missing"}
			}
		},
		{
			"from": [7.9, -8.9, -0.9],
			"to": [7.9, -2.9, 3.6],
			"rotation": {"angle": -22.5, "axis": "x", "origin": [7.9, 0.9, 3.8]},
			"faces": {
				"north": {"uv": [0, 0.5, 0, 0], "rotation": 180, "texture": "#missing"},
				"east": {"uv": [2.375, 1.9375, 1.625, 2.5], "rotation": 90, "texture": "#0"},
				"south": {"uv": [0, 0.5, 0, 0], "texture": "#missing"},
				"west": {"uv": [1.625, 1.9375, 2.375, 2.5], "rotation": 270, "texture": "#0"},
				"up": {"uv": [0, 0.5, 0, 0], "rotation": 180, "texture": "#missing"},
				"down": {"uv": [0, 0.5, 0, 0], "texture": "#0"}
			}
		},
		{
			"from": [6.5, 24.3, 16.5],
			"to": [9.5, 28.3, 19.5],
			"rotation": {"angle": -22.5, "axis": "x", "origin": [0, 17, 15.5]},
			"faces": {
				"north": {"uv": [2.5, 3.9375, 2.875, 3.4375], "texture": "#0"},
				"east": {"uv": [3.5625, 2.875, 3.0625, 3.25], "rotation": 270, "texture": "#0"},
				"south": {"uv": [3.4375, 3.75, 3.8125, 3.25], "texture": "#0"},
				"west": {"uv": [3.5625, 2.875, 3.0625, 3.25], "rotation": 270, "texture": "#0"},
				"up": {"uv": [3.0625, 3.625, 3.4375, 3.25], "rotation": 180, "texture": "#0"},
				"down": {"uv": [3.0625, 3.625, 3.4375, 3.25], "rotation": 180, "texture": "#0"}
			}
		},
		{
			"from": [7, 15, 6],
			"to": [9, 23, 8.5],
			"rotation": {"angle": 45, "axis": "x", "origin": [0, 17, 15.5]},
			"faces": {
				"north": {"uv": [1.9375, 5.125, 2.1875, 4.125], "texture": "#0"},
				"east": {"uv": [1.9375, 5.125, 1.625, 4.125], "texture": "#0"},
				"south": {"uv": [2.1875, 5.125, 2.4375, 4.125], "texture": "#0"},
				"west": {"uv": [1.625, 5.125, 1.9375, 4.125], "texture": "#0"},
				"up": {"uv": [1.375, 4.6875, 1.625, 4.375], "texture": "#0"},
				"down": {"uv": [1.375, 4.6875, 1.625, 4.375], "texture": "#0"}
			}
		},
		{
			"from": [7, 25.3, 19.5],
			"to": [9, 27.3, 21],
			"rotation": {"angle": -22.5, "axis": "x", "origin": [0, 17, 15.5]},
			"faces": {
				"north": {"uv": [0.875, 5.4375, 1.125, 5.1875], "texture": "#0"},
				"east": {"uv": [0.875, 5, 1.125, 4.8125], "rotation": 270, "texture": "#0"},
				"south": {"uv": [0.875, 5.4375, 1.125, 5.1875], "texture": "#0"},
				"west": {"uv": [1.125, 4.8125, 0.875, 5], "rotation": 270, "texture": "#0"},
				"up": {"uv": [0.875, 5, 1.125, 5.1875], "rotation": 180, "texture": "#0"},
				"down": {"uv": [0.875, 5.1875, 1.125, 5], "rotation": 180, "texture": "#0"}
			}
		},
		{
			"from": [7.75, 8, 15],
			"to": [8.25, 25.5, 15.5],
			"rotation": {"angle": 0, "axis": "y", "origin": [8, 24.75, 15.25]},
			"faces": {
				"north": {"uv": [0, 6.25, 0.0625, 8.4375], "texture": "#0"},
				"east": {"uv": [0, 6.25, 0.0625, 8.4375], "texture": "#0"},
				"south": {"uv": [0, 6.25, 0.0625, 8.4375], "texture": "#0"},
				"west": {"uv": [0, 6.25, 0.0625, 8.4375], "texture": "#0"},
				"up": {"uv": [0, 6.25, 0.0625, 6.3125], "texture": "#0"},
				"down": {"uv": [0, 6.25, 0.0625, 6.3125], "texture": "#0"}
			}
		},
		{
			"from": [7.75, -9.5, 15],
			"to": [8.25, 8, 15.5],
			"rotation": {"angle": 0, "axis": "y", "origin": [8, -8.75, 15.25]},
			"faces": {
				"north": {"uv": [0, 8.4375, 0.0625, 6.25], "texture": "#0"},
				"east": {"uv": [0, 8.4375, 0.0625, 6.25], "texture": "#0"},
				"south": {"uv": [0, 8.4375, 0.0625, 6.25], "texture": "#0"},
				"west": {"uv": [0, 8.4375, 0.0625, 6.25], "texture": "#0"},
				"up": {"uv": [0, 6.3125, 0.0625, 6.25], "texture": "#0"},
				"down": {"uv": [0, 6.3125, 0.0625, 6.25], "texture": "#0"}
			}
		},
		{
			"from": [3.9, 14, 1.4],
			"to": [7.1, 16.7, 1.4],
			"rotation": {"angle": 22.5, "axis": "y", "origin": [8, 15.5, 1.5]},
			"faces": {
				"north": {"uv": [0, 0, 6, 6], "texture": "#4"},
				"east": {"uv": [0, 0, 0, 6], "texture": "#4"},
				"south": {"uv": [0, 0, 6, 6], "texture": "#4"},
				"west": {"uv": [0, 0, 0, 6], "texture": "#4"},
				"up": {"uv": [0, 0, 0, 6], "rotation": 90, "texture": "#4"},
				"down": {"uv": [0, 6, 0, 0], "rotation": 270, "texture": "#4"}
			}
		},
		{
			"from": [8.9, 14, 1.4],
			"to": [12.1, 16.7, 1.4],
			"rotation": {"angle": -22.5, "axis": "y", "origin": [8, 15.5, 1.5]},
			"faces": {
				"north": {"uv": [6, 0, 0, 6], "texture": "#4"},
				"east": {"uv": [0, 0, 0, 6], "texture": "#4"},
				"south": {"uv": [0, 0, 6, 6], "texture": "#4"},
				"west": {"uv": [0, 0, 0, 6], "texture": "#4"},
				"up": {"uv": [0, 6, 0, 0], "rotation": 90, "texture": "#4"},
				"down": {"uv": [0, 0, 0, 6], "rotation": 270, "texture": "#4"}
			}
		},
		{
			"from": [8, 9, 1.5],
			"to": [14, 21, 1.5],
			"rotation": {"angle": -22.5, "axis": "y", "origin": [8, 15.5, 1.5]},
			"faces": {
				"north": {"uv": [15.25, 0, 14.5, 1.875], "texture": "#0"},
				"east": {"uv": [0, 0, 0, 120], "texture": "#missing"},
				"south": {"uv": [14.5, 0, 15.25, 1.875], "texture": "#0"},
				"west": {"uv": [0, 0, 0, 120], "texture": "#missing"},
				"up": {"uv": [0, 0, 0, 48], "rotation": 90, "texture": "#missing"},
				"down": {"uv": [0, 0, 0, 48], "rotation": 270, "texture": "#missing"}
			}
		},
		{
			"from": [2, 9, 1.5],
			"to": [8, 21, 1.5],
			"rotation": {"angle": 22.5, "axis": "y", "origin": [8, 15.5, 1.5]},
			"faces": {
				"north": {"uv": [14.5, 0, 13.75, 1.875], "texture": "#0"},
				"east": {"uv": [0, 0, 0, 120], "texture": "#missing"},
				"south": {"uv": [13.75, 0, 14.5, 1.875], "texture": "#0"},
				"west": {"uv": [0, 0, 0, 120], "texture": "#missing"},
				"up": {"uv": [0, 0, 0, 48], "rotation": 90, "texture": "#missing"},
				"down": {"uv": [0, 0, 0, 48], "rotation": 270, "texture": "#missing"}
			}
		},
		{
			"from": [7.9, 20, 10.2],
			"to": [7.9, 24.5, 16.2],
			"rotation": {"angle": 0, "axis": "y", "origin": [7.9, 21.1, 9.2]},
			"faces": {
				"north": {"uv": [0, 0, 0, 0.5], "texture": "#0"},
				"east": {"uv": [1.625, 1.9375, 2.375, 2.5], "texture": "#0"},
				"south": {"uv": [0, 0, 0, 0.5], "texture": "#missing"},
				"west": {"uv": [2.375, 1.9375, 1.625, 2.5], "texture": "#0"},
				"up": {"uv": [0, 0.5, 0, 0], "texture": "#missing"},
				"down": {"uv": [0, 0.5, 0, 0], "texture": "#missing"}
			}
		},
		{
			"from": [7.9, 15.5, 7.2],
			"to": [7.9, 20, 13.2],
			"rotation": {"angle": 0, "axis": "y", "origin": [7.9, 21.1, 9.2]},
			"faces": {
				"north": {"uv": [0, 0, 0, 0.5], "texture": "#0"},
				"east": {"uv": [1.625, 1.9375, 2.375, 2.5], "texture": "#0"},
				"south": {"uv": [0, 0, 0, 0.5], "texture": "#missing"},
				"west": {"uv": [2.375, 2.5, 1.625, 1.9375], "texture": "#0"},
				"up": {"uv": [0, 0.5, 0, 0], "texture": "#missing"},
				"down": {"uv": [0, 0.5, 0, 0], "texture": "#missing"}
			}
		},
		{
			"from": [7.9, -8.5, 10.2],
			"to": [7.9, -4, 16.2],
			"rotation": {"angle": 0, "axis": "y", "origin": [7.9, 0.9, 9.2]},
			"faces": {
				"north": {"uv": [0, 0.5, 0, 0], "texture": "#0"},
				"east": {"uv": [1.625, 2.5, 2.375, 1.9375], "texture": "#0"},
				"south": {"uv": [0, 0.5, 0, 0], "texture": "#missing"},
				"west": {"uv": [2.375, 2.5, 1.625, 1.9375], "texture": "#0"},
				"up": {"uv": [0, 0, 0, 0.5], "texture": "#missing"},
				"down": {"uv": [0, 0, 0, 0.5], "texture": "#missing"}
			}
		},
		{
			"from": [7.9, -4, 7.2],
			"to": [7.9, 0.5, 13.2],
			"rotation": {"angle": 0, "axis": "y", "origin": [7.9, 0.9, 9.2]},
			"faces": {
				"north": {"uv": [0, 0.5, 0, 0], "texture": "#0"},
				"east": {"uv": [1.625, 2.5, 2.375, 1.9375], "texture": "#0"},
				"south": {"uv": [0, 0.5, 0, 0], "texture": "#missing"},
				"west": {"uv": [2.375, 1.9375, 1.625, 2.5], "texture": "#0"},
				"up": {"uv": [0, 0, 0, 0.5], "texture": "#missing"},
				"down": {"uv": [0, 0, 0, 0.5], "texture": "#missing"}
			}
		},
		{
			"from": [8, 24, 17.5],
			"to": [8, 28, 21.5],
			"rotation": {"angle": -22.5, "axis": "x", "origin": [8, 22, 19.5]},
			"faces": {
				"north": {"uv": [0, 0.5, 0, 0], "rotation": 180, "texture": "#missing"},
				"east": {"uv": [1.625, 1.4375, 2.125, 1.9375], "rotation": 270, "texture": "#0"},
				"south": {"uv": [0, 0.5, 0, 0], "texture": "#missing"},
				"west": {"uv": [2.125, 1.4375, 1.625, 1.9375], "rotation": 90, "texture": "#0"},
				"up": {"uv": [0, 0, 0, 0.5], "rotation": 180, "texture": "#0"},
				"down": {"uv": [0, 0, 0, 0.5], "texture": "#missing"}
			}
		},
		{
			"from": [8, 28, 17.5],
			"to": [8, 32, 21.5],
			"rotation": {"angle": -22.5, "axis": "x", "origin": [8, 22, 19.5]},
			"faces": {
				"north": {"uv": [0, 0, 0, 0.5], "rotation": 180, "texture": "#missing"},
				"east": {"uv": [2.125, 1.4375, 1.625, 1.9375], "rotation": 270, "texture": "#0"},
				"south": {"uv": [0, 0, 0, 0.5], "texture": "#missing"},
				"west": {"uv": [1.625, 1.4375, 2.125, 1.9375], "rotation": 90, "texture": "#0"},
				"up": {"uv": [0, 0, 0, 0.5], "rotation": 180, "texture": "#missing"},
				"down": {"uv": [0, 0, 0, 0.5], "texture": "#0"}
			}
		},
		{
			"from": [8, -16, 17.5],
			"to": [8, -12, 21.5],
			"rotation": {"angle": 22.5, "axis": "x", "origin": [8, -6, 19.5]},
			"faces": {
				"north": {"uv": [0, 0.5, 0, 0], "rotation": 180, "texture": "#missing"},
				"east": {"uv": [1.625, 1.4375, 2.125, 1.9375], "rotation": 270, "texture": "#0"},
				"south": {"uv": [0, 0.5, 0, 0], "texture": "#missing"},
				"west": {"uv": [2.125, 1.4375, 1.625, 1.9375], "rotation": 90, "texture": "#0"},
				"up": {"uv": [0, 0.5, 0, 0], "texture": "#0"},
				"down": {"uv": [0, 0.5, 0, 0], "rotation": 180, "texture": "#missing"}
			}
		},
		{
			"from": [8, -12, 17.5],
			"to": [8, -8, 21.5],
			"rotation": {"angle": 22.5, "axis": "x", "origin": [8, -6, 19.5]},
			"faces": {
				"north": {"uv": [0, 0, 0, 0.5], "rotation": 180, "texture": "#missing"},
				"east": {"uv": [2.125, 1.4375, 1.625, 1.9375], "rotation": 270, "texture": "#0"},
				"south": {"uv": [0, 0, 0, 0.5], "texture": "#missing"},
				"west": {"uv": [1.625, 1.4375, 2.125, 1.9375], "rotation": 90, "texture": "#0"},
				"up": {"uv": [0, 0.5, 0, 0], "texture": "#missing"},
				"down": {"uv": [0, 0.5, 0, 0], "rotation": 180, "texture": "#0"}
			}
		},
		{
			"from": [11, -4, -4.5],
			"to": [11, 6, 5.5],
			"rotation": {"angle": 0, "axis": "y", "origin": [0, 1, -1.5]},
			"faces": {
				"north": {"uv": [0, 0, 0, 12], "texture": "#2"},
				"east": {"uv": [0.5, 1, 10.5, 11], "texture": "#2"},
				"south": {"uv": [0, 0, 0, 12], "texture": "#2"},
				"west": {"uv": [0.5, 1, 10.5, 11], "texture": "#2"},
				"up": {"uv": [0, 12, 0, 0], "texture": "#2"},
				"down": {"uv": [0, 0, 0, 12], "texture": "#2"}
			}
		},
		{
			"from": [7, -7, 7.5],
			"to": [7, 1, 15.5],
			"rotation": {"angle": 0, "axis": "y", "origin": [16, 1, -1.5]},
			"faces": {
				"north": {"uv": [0, 0, 0, 16], "texture": "#3"},
				"east": {"uv": [16, 0, 0, 16], "texture": "#3"},
				"south": {"uv": [0, 0, 0, 16], "texture": "#3"},
				"west": {"uv": [16, 0, 0, 16], "texture": "#3"},
				"up": {"uv": [0, 16, 0, 0], "texture": "#3"},
				"down": {"uv": [0, 0, 0, 16], "texture": "#3"}
			}
		},
		{
			"from": [6, 15, 8.5],
			"to": [6, 25, 18.5],
			"rotation": {"angle": 0, "axis": "y", "origin": [0, 1, -1.5]},
			"faces": {
				"north": {"uv": [0.5, 1, 0.5, 11], "texture": "#2"},
				"east": {"uv": [0.5, 1, 10.5, 11], "texture": "#2"},
				"south": {"uv": [0.5, 1, 0.5, 11], "texture": "#2"},
				"west": {"uv": [0.5, 1, 10.5, 11], "texture": "#2"},
				"up": {"uv": [0.5, 11, 0.5, 1], "texture": "#2"},
				"down": {"uv": [0.5, 1, 0.5, 11], "texture": "#2"}
			}
		}
	],
	"gui_light": "front",
	"display": {
		"thirdperson_righthand": {
			"rotation": [0, -1, 0],
			"translation": [-1.5, -1.5, 2.25],
			"scale": [0.55, 0.55, 0.55]
		},
		"thirdperson_lefthand": {
			"rotation": [0, -1, 0],
			"translation": [-1.5, -1.5, 2.25],
			"scale": [0.55, 0.55, 0.55]
		},
		"firstperson_righthand": {
			"rotation": [0, 15, 0],
			"translation": [5.5, 2.5, -4],
			"scale": [0.54883, 0.54883, 0.54883]
		},
		"firstperson_lefthand": {
			"rotation": [0, 15, 0],
			"translation": [5.5, 2.5, -4],
			"scale": [0.54883, 0.54883, 0.54883]
		},
		"ground": {
			"rotation": [94, 85, 0],
			"translation": [0, 0, 1.5],
			"scale": [0.5, 0.5, 0.5]
		},
		"gui": {
			"rotation": [-88, 139, 90],
			"translation": [-1.5, 2, 0],
			"scale": [0.41539, 0.41539, 0.41539]
		},
		"head": {
			"rotation": [90, 180, 90],
			"translation": [2.25, 12, 0.25],
			"scale": [0.7, 0.7, 0.7]
		},
		"fixed": {
			"rotation": [-3, 90, 0],
			"translation": [-1.75, 0.75, -3.5],
			"scale": [1.16, 1.16, 1.16]
		}
	},
	"groups": [
		0,
		1,
		2,
		3,
		4,
		5,
		6,
		7,
		8,
		9,
		10,
		11,
		12,
		13,
		14,
		15,
		16,
		17,
		18,
		19,
		20,
		21,
		{
			"name": "group",
			"origin": [4, 16.5, 8],
			"color": 0,
			"boneType": "",
			"children": []
		},
		22,
		23,
		24,
		25,
		26,
		27,
		28,
		29,
		30,
		31,
		32,
		33,
		34,
		35,
		36,
		37,
		38,
		39,
		40,
		41,
		42,
		43,
		44,
		45,
		46,
		47,
		48,
		49,
		50,
		51,
		52,
		53,
		54,
		55
	]
}