{"credit":"MadewithBlockbench","textures":{"0":"elitecreatures:pink_legacy_animated_weapon_set/texture","1":"elitecreatures:pink_legacy_animated_weapon_set/eff_01","2":"elitecreatures:pink_legacy_animated_weapon_set/eff_02","3":"elitecreatures:pink_legacy_animated_weapon_set/eff_03","particle":"elitecreatures:pink_legacy_animated_weapon_set/texture"},"elements":[{"from":[7.415,4.85,7.415],"to":[8.585,11.15,8.585],"rotation":{"angle":0,"axis":"y","origin":[8,6.44174,8.0025]},"faces":{"north":{"uv":[8.4,2.5,8.9,0],"rotation":180,"texture":"#0"},"east":{"uv":[8.4,10.9,8.9,8.4],"rotation":180,"texture":"#0"},"south":{"uv":[8.4,8.1,8.9,5.6],"rotation":180,"texture":"#0"},"west":{"uv":[8.4,5.3,8.9,2.8],"rotation":180,"texture":"#0"},"up":{"uv":[5.3,13.2,4.8,13.7],"rotation":180,"texture":"#0"},"down":{"uv":[6.1,13.7,5.6,13.2],"rotation":180,"texture":"#0"}}},{"name":"eff","from":[0.25749,11.6301,8.25],"to":[17.25749,28.6301,8.25],"rotation":{"angle":-45,"axis":"z","origin":[8.75749,20.1301,8]},"faces":{"north":{"uv":[16,0,0,16],"texture":"#1"},"east":{"uv":[0,0,0,3.6],"texture":"#1"},"south":{"uv":[0,0,16,16],"texture":"#1"},"west":{"uv":[0,0,0,3.6],"texture":"#1"},"up":{"uv":[0,0,3.8,0],"texture":"#1"},"down":{"uv":[0,0,3.8,0],"texture":"#1"}}},{"from":[6.065,10.44521,7.7575],"to":[9.935,17.64521,8.2525],"rotation":{"angle":0,"axis":"y","origin":[8,21.34336,8.0025]},"faces":{"north":{"uv":[5.2,3.6,6.7,6.5],"texture":"#0"},"east":{"uv":[10,10,10.2,12.9],"texture":"#0"},"south":{"uv":[6.8,0,8.3,2.9],"texture":"#0"},"west":{"uv":[10.4,10,10.6,12.9],"texture":"#0"},"up":{"uv":[14.3,2.2,12.8,2],"texture":"#0"},"down":{"uv":[14.3,7.2,12.8,7.4],"texture":"#0"}}},{"from":[7.32,13.19521,7.5075],"to":[8.69,17.64521,8.5025],"rotation":{"angle":0,"axis":"y","origin":[8,21.34336,8.0025]},"faces":{"north":{"uv":[6.8,8.8,7.3,10.6],"texture":"#0"},"east":{"uv":[9.2,4.4,9.6,6.2],"texture":"#0"},"south":{"uv":[9.2,2.4,9.7,4.2],"texture":"#0"},"west":{"uv":[9.2,6.4,9.6,8.2],"texture":"#0"},"up":{"uv":[14.1,5.2,13.6,4.8],"texture":"#0"},"down":{"uv":[14.1,5.2,13.6,5.6],"texture":"#0"}}},{"from":[10.89,10.14521,7.6275],"to":[12.61,24.04521,8.3725],"rotation":{"angle":-45,"axis":"z","origin":[16.06058,20.39654,8.0025]},"faces":{"north":{"uv":[6.8,3.2,7.5,8.8],"texture":"#0"},"east":{"uv":[6,6.8,6.3,12.4],"texture":"#0"},"south":{"uv":[5.2,6.8,5.9,12.4],"texture":"#0"},"west":{"uv":[6.4,6.8,6.7,12.4],"texture":"#0"},"up":{"uv":[14.3,1.5,13.6,1.2],"texture":"#0"},"down":{"uv":[14.3,1.6,13.6,1.9],"texture":"#0"}}},{"from":[16.95967,7.56669,8],"to":[18.57967,27.46669,8],"rotation":{"angle":0,"axis":"z","origin":[17.76967,18.51669,8]},"faces":{"north":{"uv":[15.5,9.2,16,14.8],"texture":"#0"},"east":{"uv":[4.5,11.1,4.8,11.4],"texture":"#0"},"south":{"uv":[16,9.2,15.5,14.8],"texture":"#0"},"west":{"uv":[4.5,11.1,4.8,11.4],"texture":"#0"},"up":{"uv":[14.3,1.5,13.6,1.2],"texture":"#0"},"down":{"uv":[14.3,1.6,13.6,1.9],"texture":"#0"}}},{"from":[14.98396,25.416,7.6],"to":[16.23396,26.666,8.4],"rotation":{"angle":0,"axis":"z","origin":[16.06058,20.39654,8.0025]},"faces":{"north":{"uv":[13.2,5.6,13.7,6.1],"rotation":270,"texture":"#0"},"east":{"uv":[7.3,14,6.8,13.6],"rotation":90,"texture":"#0"},"south":{"uv":[13.2,6.4,13.7,6.9],"rotation":90,"texture":"#0"},"west":{"uv":[8.1,13.6,7.6,14],"rotation":90,"texture":"#0"},"up":{"uv":[4.4,13.6,4.8,14.1],"rotation":90,"texture":"#0"},"down":{"uv":[6.4,13.2,6.8,13.7],"rotation":90,"texture":"#0"}}},{"from":[0.5,11.18521,7.75],"to":[9.5,20.18521,7.75],"rotation":{"angle":0,"axis":"y","origin":[8,21.34336,8.0025]},"faces":{"north":{"uv":[16,0,0,16],"texture":"#2"},"east":{"uv":[0,0,0,3.6],"texture":"#2"},"south":{"uv":[0,0,16,16],"texture":"#2"},"west":{"uv":[0,0,0,3.6],"texture":"#2"},"up":{"uv":[0,0,3.8,0],"texture":"#2"},"down":{"uv":[0,0,3.8,0],"texture":"#2"}}},{"from":[6.5,11.18521,7.75],"to":[15.5,20.18521,7.75],"rotation":{"angle":0,"axis":"y","origin":[8,21.34336,8.0025]},"faces":{"north":{"uv":[0,0,16,16],"texture":"#2"},"east":{"uv":[0,0,0,3.6],"texture":"#2"},"south":{"uv":[16,0,0,16],"texture":"#2"},"west":{"uv":[0,0,0,3.6],"texture":"#2"},"up":{"uv":[3.8,0,0,0],"texture":"#2"},"down":{"uv":[3.8,0,0,0],"texture":"#2"}}},{"from":[4.515,16.70521,8.45],"to":[11.515,23.70521,8.45],"rotation":{"angle":0,"axis":"y","origin":[7.9975,19.95271,8]},"faces":{"north":{"uv":[0,0,16,16],"texture":"#3"},"east":{"uv":[0,0,0,3.6],"texture":"#3"},"south":{"uv":[16,0,0,16],"texture":"#3"},"west":{"uv":[0,0,0,3.6],"texture":"#3"},"up":{"uv":[3.8,0,0,0],"texture":"#3"},"down":{"uv":[3.8,0,0,0],"texture":"#3"}}},{"from":[1.46393,14.80729,7.5525],"to":[2.78393,16.12729,8.4475],"rotation":{"angle":45,"axis":"z","origin":[8,21.34336,8.0025]},"faces":{"north":{"uv":[13.2,7.6,13.7,8.1],"texture":"#0"},"east":{"uv":[0,14,0.4,14.5],"texture":"#0"},"south":{"uv":[8.4,13.2,8.9,13.7],"texture":"#0"},"west":{"uv":[14,0,14.4,0.5],"texture":"#0"},"up":{"uv":[0.9,14.4,0.4,14],"texture":"#0"},"down":{"uv":[14.5,0.8,14,1.2],"texture":"#0"}}},{"from":[4.03177,17.36806,7.4625],"to":[6.73177,20.06806,8.5475],"rotation":{"angle":45,"axis":"z","origin":[8,21.34336,8.0025]},"faces":{"north":{"uv":[9.2,0,10.3,1.1],"texture":"#0"},"east":{"uv":[11.6,10,12,11.1],"texture":"#0"},"south":{"uv":[10.3,0,9.2,1.1],"texture":"#0"},"west":{"uv":[11.6,11.2,12,12.3],"texture":"#0"},"up":{"uv":[12.7,4.4,11.6,4],"texture":"#0"},"down":{"uv":[13.1,0,12,0.4],"texture":"#0"}}},{"from":[6.75,16.38562,7.4825],"to":[9.25,18.88562,8.5175],"rotation":{"angle":0,"axis":"y","origin":[8,21.34336,8.0025]},"faces":{"north":{"uv":[9.2,1.2,10.2,2.3],"texture":"#0"},"east":{"uv":[12.7,10.7,12.8,11.8],"texture":"#0"},"south":{"uv":[9.2,1.2,10.2,2.3],"texture":"#0"},"west":{"uv":[12.7,10.7,12.8,11.8],"texture":"#0"},"up":{"uv":[13.2,3.9,12.3,3.8],"texture":"#0"},"down":{"uv":[13.2,1,12.5,1.1],"texture":"#0"}}},{"from":[7.2125,10.64521,7.2125],"to":[8.7875,12.53521,8.7875],"rotation":{"angle":0,"axis":"y","origin":[8,23.34336,8.0025]},"faces":{"north":{"uv":[8.4,11.2,9,12],"texture":"#0"},"east":{"uv":[9.2,11.2,9.8,12],"texture":"#0"},"south":{"uv":[10.8,11.2,11.4,12],"texture":"#0"},"west":{"uv":[11.6,2.4,12.2,3.2],"texture":"#0"},"up":{"uv":[12.6,6.6,12,6],"texture":"#0"},"down":{"uv":[7.4,12,6.8,12.6],"texture":"#0"}}},{"from":[7.2125,9.66829,7.2125],"to":[8.7875,10.29829,8.7875],"rotation":{"angle":0,"axis":"y","origin":[8,5.55503,8.0025]},"faces":{"north":{"uv":[14,12.3,14.6,12],"rotation":180,"texture":"#0"},"east":{"uv":[14,13.1,14.6,12.8],"rotation":180,"texture":"#0"},"south":{"uv":[14,12.7,14.6,12.4],"rotation":180,"texture":"#0"},"west":{"uv":[12.4,14.3,13,14],"rotation":180,"texture":"#0"},"up":{"uv":[12.6,6.8,12,7.4],"rotation":180,"texture":"#0"},"down":{"uv":[8.2,12.6,7.6,12],"rotation":180,"texture":"#0"}}},{"from":[4.7462,14.06238,7.51],"to":[5.4212,15.41238,8.5],"rotation":{"angle":0,"axis":"y","origin":[5.1962,13.94988,8.005]},"faces":{"north":{"uv":[14.4,6.4,14.9,6.7],"rotation":270,"texture":"#0"},"east":{"uv":[6.1,14.4,5.6,14],"rotation":90,"texture":"#0"},"south":{"uv":[7.2,14.4,7.7,14.7],"rotation":90,"texture":"#0"},"west":{"uv":[14.5,5.6,14,6],"rotation":90,"texture":"#0"},"up":{"uv":[11.6,14.4,12,14.7],"rotation":90,"texture":"#0"},"down":{"uv":[11.2,14.4,11.6,14.7],"rotation":90,"texture":"#0"}}},{"from":[4.7462,12.26238,7.51],"to":[5.8712,14.06238,8.5],"rotation":{"angle":0,"axis":"y","origin":[5.1962,13.94988,8.005]},"faces":{"north":{"uv":[12.4,3.2,13.1,3.7],"rotation":270,"texture":"#0"},"east":{"uv":[13.5,11.6,12.8,11.2],"rotation":90,"texture":"#0"},"south":{"uv":[4.8,12.4,5.5,12.9],"rotation":90,"texture":"#0"},"west":{"uv":[13.5,11.6,12.8,12],"rotation":90,"texture":"#0"},"up":{"uv":[14,6,14.4,6.5],"rotation":90,"texture":"#0"},"down":{"uv":[4,14,4.4,14.5],"rotation":90,"texture":"#0"}}},{"from":[10.22464,10.10798,7.33],"to":[12.24964,11.90798,8.68],"rotation":{"angle":-22.5,"axis":"z","origin":[8,21.84336,8.0025]},"faces":{"north":{"uv":[10.4,6,11.2,6.7],"texture":"#0"},"east":{"uv":[5.6,12.4,6.1,13.1],"texture":"#0"},"south":{"uv":[10.4,6.8,11.2,7.5],"texture":"#0"},"west":{"uv":[12.4,7.6,12.9,8.3],"texture":"#0"},"up":{"uv":[12.8,4.9,12,4.4],"texture":"#0"},"down":{"uv":[12.8,5.2,12,5.7],"texture":"#0"}}},{"from":[1.52049,11.5789,7.555],"to":[2.87049,14.2789,8.455],"rotation":{"angle":22.5,"axis":"z","origin":[8,21.34336,8.0025]},"faces":{"north":{"uv":[7.6,10.8,8.1,11.9],"texture":"#0"},"east":{"uv":[3.2,12,3.6,13.1],"texture":"#0"},"south":{"uv":[10.8,7.6,11.3,8.7],"texture":"#0"},"west":{"uv":[3.6,12,4,13.1],"texture":"#0"},"up":{"uv":[14.5,7.2,14,6.8],"texture":"#0"},"down":{"uv":[7.7,14,7.2,14.4],"texture":"#0"}}},{"from":[16.02388,25.04387,7.325],"to":[17.14888,26.59387,8.675],"rotation":{"angle":-45,"axis":"z","origin":[16.16736,26.3346,8]},"faces":{"north":{"uv":[12.4,8.4,12.9,9.1],"rotation":180,"texture":"#0"},"east":{"uv":[12.4,12.4,12.9,13.1],"rotation":180,"texture":"#0"},"south":{"uv":[11.6,12.4,12.1,13.1],"rotation":180,"texture":"#0"},"west":{"uv":[12.4,9.2,12.9,9.9],"rotation":180,"texture":"#0"},"up":{"uv":[9.7,13.2,9.2,13.7],"rotation":180,"texture":"#0"},"down":{"uv":[13.7,8.9,13.2,8.4],"rotation":180,"texture":"#0"}}},{"from":[3.22663,8.95308,7.325],"to":[4.77663,10.07808,8.675],"rotation":{"angle":22.5,"axis":"z","origin":[4.51736,9.9346,8]},"faces":{"north":{"uv":[12.8,1.9,13.3,1.2],"rotation":270,"texture":"#0"},"east":{"uv":[10.5,13.7,10,13.2],"rotation":90,"texture":"#0"},"south":{"uv":[12.8,4.7,13.3,4],"rotation":90,"texture":"#0"},"west":{"uv":[13.7,9.2,13.2,9.7],"rotation":90,"texture":"#0"},"up":{"uv":[12.8,5.5,13.3,4.8],"rotation":90,"texture":"#0"},"down":{"uv":[4,13.5,4.5,12.8],"rotation":90,"texture":"#0"}}},{"from":[4.0339,9.52213,7.55],"to":[5.0689,10.87213,8.45],"rotation":{"angle":-22.5,"axis":"z","origin":[4.51736,9.9346,8]},"faces":{"north":{"uv":[14.4,7.6,14,8.1],"rotation":180,"texture":"#0"},"east":{"uv":[8.4,14,8,14.5],"rotation":180,"texture":"#0"},"south":{"uv":[8.8,14,8.4,14.5],"rotation":180,"texture":"#0"},"west":{"uv":[14.4,8.4,14,8.9],"rotation":180,"texture":"#0"},"up":{"uv":[2.4,14.4,2.8,14.8],"rotation":180,"texture":"#0"},"down":{"uv":[14.4,2.4,14.8,2],"rotation":180,"texture":"#0"}}},{"from":[15.6839,25.92213,7.55],"to":[16.7189,27.27213,8.45],"rotation":{"angle":0,"axis":"z","origin":[16.16736,26.3346,8]},"faces":{"north":{"uv":[8.8,14,9.2,14.5],"rotation":180,"texture":"#0"},"east":{"uv":[9.6,14,10,14.5],"rotation":180,"texture":"#0"},"south":{"uv":[14,9.2,14.4,9.7],"rotation":180,"texture":"#0"},"west":{"uv":[9.2,14,9.6,14.5],"rotation":180,"texture":"#0"},"up":{"uv":[14.8,2.8,14.4,3.2],"rotation":180,"texture":"#0"},"down":{"uv":[14.8,2.8,14.4,2.4],"rotation":180,"texture":"#0"}}},{"from":[14.73626,25.28436,7.505],"to":[15.86126,26.18436,8.495],"rotation":{"angle":22.5,"axis":"z","origin":[16.16736,26.3346,8]},"faces":{"north":{"uv":[10,14,10.5,14.4],"rotation":180,"texture":"#0"},"east":{"uv":[14.4,4,14.8,4.4],"rotation":180,"texture":"#0"},"south":{"uv":[14,10,14.5,10.4],"rotation":180,"texture":"#0"},"west":{"uv":[14.4,3.6,14.8,4],"rotation":180,"texture":"#0"},"up":{"uv":[11.3,14,10.8,14.4],"rotation":180,"texture":"#0"},"down":{"uv":[14.5,10.8,14,10.4],"rotation":180,"texture":"#0"}}},{"from":[15.88206,26.73874,7.505],"to":[17.68206,27.63874,8.495],"rotation":{"angle":22.5,"axis":"z","origin":[16.16736,26.3346,8]},"faces":{"north":{"uv":[12.8,12,13.5,12.4],"rotation":180,"texture":"#0"},"east":{"uv":[14.4,4.4,14.8,4.8],"rotation":180,"texture":"#0"},"south":{"uv":[13.2,0,13.9,0.4],"rotation":180,"texture":"#0"},"west":{"uv":[4.4,14.4,4.8,14.8],"rotation":180,"texture":"#0"},"up":{"uv":[13.9,0.8,13.2,1.2],"rotation":180,"texture":"#0"},"down":{"uv":[13.9,0.8,13.2,0.4],"rotation":180,"texture":"#0"}}},{"from":[4.23206,10.33874,7.505],"to":[6.03206,11.23874,8.495],"rotation":{"angle":0,"axis":"z","origin":[4.51736,9.9346,8]},"faces":{"north":{"uv":[13.9,2.4,13.2,2.8],"rotation":180,"texture":"#0"},"east":{"uv":[5.2,14.4,4.8,14.8],"rotation":180,"texture":"#0"},"south":{"uv":[3.5,13.2,2.8,13.6],"rotation":180,"texture":"#0"},"west":{"uv":[14.8,4.8,14.4,5.2],"rotation":180,"texture":"#0"},"up":{"uv":[13.2,3.2,13.9,3.6],"rotation":180,"texture":"#0"},"down":{"uv":[13.2,3.2,13.9,2.8],"rotation":180,"texture":"#0"}}},{"from":[3.08626,8.88436,7.505],"to":[4.21126,9.78436,8.495],"rotation":{"angle":0,"axis":"z","origin":[4.51736,9.9346,8]},"faces":{"north":{"uv":[14.5,10.8,14,11.2],"rotation":180,"texture":"#0"},"east":{"uv":[5.6,14.4,5.2,14.8],"rotation":180,"texture":"#0"},"south":{"uv":[14.5,11.2,14,11.6],"rotation":180,"texture":"#0"},"west":{"uv":[14.8,5.2,14.4,5.6],"rotation":180,"texture":"#0"},"up":{"uv":[14,11.6,14.5,12],"rotation":180,"texture":"#0"},"down":{"uv":[11.6,14.4,12.1,14],"rotation":180,"texture":"#0"}}},{"from":[9.35345,21.18495,7.555],"to":[11.15345,21.85995,8.445],"rotation":{"angle":0,"axis":"z","origin":[17.06058,22.14654,8.0025]},"faces":{"north":{"uv":[14.3,4.3,13.6,4],"texture":"#0"},"east":{"uv":[10.4,14.7,10,14.4],"texture":"#0"},"south":{"uv":[14.3,4.7,13.6,4.4],"texture":"#0"},"west":{"uv":[14.8,9.9,14.4,9.6],"texture":"#0"},"up":{"uv":[12.8,10.8,13.5,10.4],"texture":"#0"},"down":{"uv":[12.8,10,13.5,10.4],"texture":"#0"}}},{"from":[11.19616,12.87022,7.51],"to":[12.54616,16.47022,8.5],"rotation":{"angle":-45,"axis":"z","origin":[17.06058,22.14654,8.0025]},"faces":{"north":{"uv":[11,4.9,9.6,4.4],"rotation":90,"texture":"#0"},"east":{"uv":[10.4,1.6,11.8,2],"rotation":270,"texture":"#0"},"south":{"uv":[11,5.7,9.6,5.2],"rotation":270,"texture":"#0"},"west":{"uv":[10.4,2.4,11.8,2],"rotation":270,"texture":"#0"},"up":{"uv":[7.2,14.5,6.8,14],"rotation":270,"texture":"#0"},"down":{"uv":[6.8,14.5,6.4,14],"rotation":270,"texture":"#0"}}},{"from":[7.88128,19.0916,7.575],"to":[9.23128,20.4416,8.425],"rotation":{"angle":0,"axis":"z","origin":[17.06058,22.14654,8.0025]},"faces":{"north":{"uv":[12.9,13.2,12.4,13.7],"texture":"#0"},"east":{"uv":[15,1.2,14.8,1.7],"texture":"#0"},"south":{"uv":[13.7,12.4,13.2,12.9],"texture":"#0"},"west":{"uv":[15,0.4,14.8,0.9],"texture":"#0"},"up":{"uv":[14.8,2.2,15.3,2],"texture":"#0"},"down":{"uv":[2.4,14.8,2.9,15],"texture":"#0"}}},{"name":"eff","from":[0.25749,-12.6301,8.25],"to":[17.25749,4.3699,8.25],"rotation":{"angle":45,"axis":"z","origin":[8.75749,-4.1301,8]},"faces":{"north":{"uv":[16,16,0,0],"texture":"#1"},"east":{"uv":[0,3.6,0,0],"texture":"#1"},"south":{"uv":[0,16,16,0],"texture":"#1"},"west":{"uv":[0,3.6,0,0],"texture":"#1"},"up":{"uv":[0,0,3.8,0],"texture":"#1"},"down":{"uv":[0,0,3.8,0],"texture":"#1"}}},{"from":[6.065,-1.64521,7.7575],"to":[9.935,5.55479,8.2525],"rotation":{"angle":0,"axis":"y","origin":[8,-5.34336,8.0025]},"faces":{"north":{"uv":[5.2,6.5,6.7,3.6],"texture":"#0"},"east":{"uv":[10,12.9,10.2,10],"texture":"#0"},"south":{"uv":[6.8,2.9,8.3,0],"texture":"#0"},"west":{"uv":[10.4,12.9,10.6,10],"texture":"#0"},"up":{"uv":[14.3,7.4,12.8,7.2],"texture":"#0"},"down":{"uv":[14.3,2,12.8,2.2],"texture":"#0"}}},{"from":[7.32,-1.64521,7.5075],"to":[8.69,2.80479,8.5025],"rotation":{"angle":0,"axis":"y","origin":[8,-5.34336,8.0025]},"faces":{"north":{"uv":[6.8,10.6,7.3,8.8],"texture":"#0"},"east":{"uv":[9.2,6.2,9.6,4.4],"texture":"#0"},"south":{"uv":[9.2,4.2,9.7,2.4],"texture":"#0"},"west":{"uv":[9.2,8.2,9.6,6.4],"texture":"#0"},"up":{"uv":[14.1,5.6,13.6,5.2],"texture":"#0"},"down":{"uv":[14.1,4.8,13.6,5.2],"texture":"#0"}}},{"from":[16.95967,-11.46669,8],"to":[18.57967,8.43331,8],"rotation":{"angle":0,"axis":"z","origin":[17.76967,-2.51669,8]},"faces":{"north":{"uv":[15.5,14.8,16,9.2],"texture":"#0"},"east":{"uv":[4.5,11.4,4.8,11.1],"texture":"#0"},"south":{"uv":[16,14.8,15.5,9.2],"texture":"#0"},"west":{"uv":[4.5,11.4,4.8,11.1],"texture":"#0"},"up":{"uv":[14.3,1.9,13.6,1.6],"texture":"#0"},"down":{"uv":[14.3,1.2,13.6,1.5],"texture":"#0"}}},{"from":[10.89,-8.04521,7.6275],"to":[12.61,5.85479,8.3725],"rotation":{"angle":45,"axis":"z","origin":[16.06058,-4.39654,8.0025]},"faces":{"north":{"uv":[6.8,8.8,7.5,3.2],"texture":"#0"},"east":{"uv":[6,12.4,6.3,6.8],"texture":"#0"},"south":{"uv":[5.2,12.4,5.9,6.8],"texture":"#0"},"west":{"uv":[6.4,12.4,6.7,6.8],"texture":"#0"},"up":{"uv":[14.3,1.9,13.6,1.6],"texture":"#0"},"down":{"uv":[14.3,1.2,13.6,1.5],"texture":"#0"}}},{"from":[14.98396,-10.666,7.6],"to":[16.23396,-9.416,8.4],"rotation":{"angle":0,"axis":"z","origin":[16.06058,-4.39654,8.0025]},"faces":{"north":{"uv":[13.7,5.6,13.2,6.1],"rotation":270,"texture":"#0"},"east":{"uv":[6.8,14,7.3,13.6],"rotation":90,"texture":"#0"},"south":{"uv":[13.7,6.4,13.2,6.9],"rotation":90,"texture":"#0"},"west":{"uv":[7.6,13.6,8.1,14],"rotation":90,"texture":"#0"},"up":{"uv":[6.8,13.2,6.4,13.7],"rotation":90,"texture":"#0"},"down":{"uv":[4.8,13.6,4.4,14.1],"rotation":90,"texture":"#0"}}},{"from":[0.5,-4.18521,7.75],"to":[9.5,4.81479,7.75],"rotation":{"angle":0,"axis":"y","origin":[8,-5.34336,8.0025]},"faces":{"north":{"uv":[16,16,0,0],"texture":"#2"},"east":{"uv":[0,3.6,0,0],"texture":"#2"},"south":{"uv":[0,16,16,0],"texture":"#2"},"west":{"uv":[0,3.6,0,0],"texture":"#2"},"up":{"uv":[0,0,3.8,0],"texture":"#2"},"down":{"uv":[0,0,3.8,0],"texture":"#2"}}},{"from":[6.5,-4.18521,8.25],"to":[15.5,4.81479,8.25],"rotation":{"angle":0,"axis":"y","origin":[8,-5.34336,8.0025]},"faces":{"north":{"uv":[0,16,16,0],"texture":"#2"},"east":{"uv":[0,3.6,0,0],"texture":"#2"},"south":{"uv":[16,16,0,0],"texture":"#2"},"west":{"uv":[0,3.6,0,0],"texture":"#2"},"up":{"uv":[3.8,0,0,0],"texture":"#2"},"down":{"uv":[3.8,0,0,0],"texture":"#2"}}},{"from":[4.515,-7.70521,7.55],"to":[11.515,-0.70521,8.45],"rotation":{"angle":0,"axis":"y","origin":[7.9975,-3.95271,8]},"faces":{"north":{"uv":[0,16,16,0],"texture":"#3"},"east":{"uv":[0,3.6,0,0],"texture":"#3"},"south":{"uv":[16,16,0,0],"texture":"#3"},"west":{"uv":[0,3.6,0,0],"texture":"#3"},"up":{"uv":[3.8,0,0,0],"texture":"#3"},"down":{"uv":[3.8,0,0,0],"texture":"#3"}}},{"from":[1.46393,-0.12729,7.5525],"to":[2.78393,1.19271,8.4475],"rotation":{"angle":-45,"axis":"z","origin":[8,-5.34336,8.0025]},"faces":{"north":{"uv":[13.2,8.1,13.7,7.6],"texture":"#0"},"east":{"uv":[0,14.5,0.4,14],"texture":"#0"},"south":{"uv":[8.4,13.7,8.9,13.2],"texture":"#0"},"west":{"uv":[14,0.5,14.4,0],"texture":"#0"},"up":{"uv":[14.5,1.2,14,0.8],"texture":"#0"},"down":{"uv":[0.9,14,0.4,14.4],"texture":"#0"}}},{"from":[4.03177,-4.06806,7.4625],"to":[6.73177,-1.36806,8.5475],"rotation":{"angle":-45,"axis":"z","origin":[8,-5.34336,8.0025]},"faces":{"north":{"uv":[9.2,1.1,10.3,0],"texture":"#0"},"east":{"uv":[11.6,11.1,12,10],"texture":"#0"},"south":{"uv":[10.3,1.1,9.2,0],"texture":"#0"},"west":{"uv":[11.6,12.3,12,11.2],"texture":"#0"},"up":{"uv":[13.1,0.4,12,0],"texture":"#0"},"down":{"uv":[12.7,4,11.6,4.4],"texture":"#0"}}},{"from":[6.75,-2.88562,7.4825],"to":[9.25,-0.38562,8.5175],"rotation":{"angle":0,"axis":"y","origin":[8,-5.34336,8.0025]},"faces":{"north":{"uv":[9.2,2.3,10.2,1.2],"texture":"#0"},"east":{"uv":[12.7,11.8,12.8,10.7],"texture":"#0"},"south":{"uv":[9.2,2.3,10.2,1.2],"texture":"#0"},"west":{"uv":[12.7,11.8,12.8,10.7],"texture":"#0"},"up":{"uv":[13.2,1.1,12.5,1],"texture":"#0"},"down":{"uv":[13.2,3.8,12.3,3.9],"texture":"#0"}}},{"from":[7.2125,3.46479,7.2125],"to":[8.7875,5.35479,8.7875],"rotation":{"angle":0,"axis":"y","origin":[8,-7.34336,8.0025]},"faces":{"north":{"uv":[8.4,12,9,11.2],"texture":"#0"},"east":{"uv":[9.2,12,9.8,11.2],"texture":"#0"},"south":{"uv":[10.8,12,11.4,11.2],"texture":"#0"},"west":{"uv":[11.6,3.2,12.2,2.4],"texture":"#0"},"up":{"uv":[7.4,12.6,6.8,12],"texture":"#0"},"down":{"uv":[12.6,6,12,6.6],"texture":"#0"}}},{"from":[7.2125,5.70171,7.2125],"to":[8.7875,6.33171,8.7875],"rotation":{"angle":0,"axis":"y","origin":[8,10.44497,8.0025]},"faces":{"north":{"uv":[14,12,14.6,12.3],"rotation":180,"texture":"#0"},"east":{"uv":[14,12.8,14.6,13.1],"rotation":180,"texture":"#0"},"south":{"uv":[14,12.4,14.6,12.7],"rotation":180,"texture":"#0"},"west":{"uv":[12.4,14,13,14.3],"rotation":180,"texture":"#0"},"up":{"uv":[8.2,12,7.6,12.6],"rotation":180,"texture":"#0"},"down":{"uv":[12.6,7.4,12,6.8],"rotation":180,"texture":"#0"}}},{"from":[4.7462,0.58762,7.51],"to":[5.4212,1.93762,8.5],"rotation":{"angle":0,"axis":"y","origin":[5.1962,2.05012,8.005]},"faces":{"north":{"uv":[14.9,6.4,14.4,6.7],"rotation":270,"texture":"#0"},"east":{"uv":[5.6,14.4,6.1,14],"rotation":90,"texture":"#0"},"south":{"uv":[7.7,14.4,7.2,14.7],"rotation":90,"texture":"#0"},"west":{"uv":[14,5.6,14.5,6],"rotation":90,"texture":"#0"},"up":{"uv":[11.6,14.4,11.2,14.7],"rotation":90,"texture":"#0"},"down":{"uv":[12,14.4,11.6,14.7],"rotation":90,"texture":"#0"}}},{"from":[4.7462,1.93762,7.51],"to":[5.8712,3.73762,8.5],"rotation":{"angle":0,"axis":"y","origin":[5.1962,2.05012,8.005]},"faces":{"north":{"uv":[13.1,3.2,12.4,3.7],"rotation":270,"texture":"#0"},"east":{"uv":[12.8,11.6,13.5,11.2],"rotation":90,"texture":"#0"},"south":{"uv":[5.5,12.4,4.8,12.9],"rotation":90,"texture":"#0"},"west":{"uv":[12.8,11.6,13.5,12],"rotation":90,"texture":"#0"},"up":{"uv":[4.4,14,4,14.5],"rotation":90,"texture":"#0"},"down":{"uv":[14.4,6,14,6.5],"rotation":90,"texture":"#0"}}},{"from":[10.22464,4.09202,7.33],"to":[12.24964,5.89202,8.68],"rotation":{"angle":22.5,"axis":"z","origin":[8,-5.84336,8.0025]},"faces":{"north":{"uv":[10.4,6.7,11.2,6],"texture":"#0"},"east":{"uv":[5.6,13.1,6.1,12.4],"texture":"#0"},"south":{"uv":[10.4,7.5,11.2,6.8],"texture":"#0"},"west":{"uv":[12.4,8.3,12.9,7.6],"texture":"#0"},"up":{"uv":[12.8,5.7,12,5.2],"texture":"#0"},"down":{"uv":[12.8,4.4,12,4.9],"texture":"#0"}}},{"from":[1.52049,1.7211,7.555],"to":[2.87049,4.4211,8.455],"rotation":{"angle":-22.5,"axis":"z","origin":[8,-5.34336,8.0025]},"faces":{"north":{"uv":[7.6,11.9,8.1,10.8],"texture":"#0"},"east":{"uv":[3.2,13.1,3.6,12],"texture":"#0"},"south":{"uv":[10.8,8.7,11.3,7.6],"texture":"#0"},"west":{"uv":[3.6,13.1,4,12],"texture":"#0"},"up":{"uv":[7.7,14.4,7.2,14],"texture":"#0"},"down":{"uv":[14.5,6.8,14,7.2],"texture":"#0"}}},{"from":[16.02388,-10.59387,7.325],"to":[17.14888,-9.04387,8.675],"rotation":{"angle":45,"axis":"z","origin":[16.16736,-10.3346,8]},"faces":{"north":{"uv":[12.4,9.1,12.9,8.4],"rotation":180,"texture":"#0"},"east":{"uv":[12.4,13.1,12.9,12.4],"rotation":180,"texture":"#0"},"south":{"uv":[11.6,13.1,12.1,12.4],"rotation":180,"texture":"#0"},"west":{"uv":[12.4,9.9,12.9,9.2],"rotation":180,"texture":"#0"},"up":{"uv":[13.7,8.4,13.2,8.9],"rotation":180,"texture":"#0"},"down":{"uv":[9.7,13.7,9.2,13.2],"rotation":180,"texture":"#0"}}},{"from":[3.22663,5.92192,7.325],"to":[4.77663,7.04692,8.675],"rotation":{"angle":-22.5,"axis":"z","origin":[4.51736,6.0654,8]},"faces":{"north":{"uv":[13.3,1.9,12.8,1.2],"rotation":270,"texture":"#0"},"east":{"uv":[10,13.7,10.5,13.2],"rotation":90,"texture":"#0"},"south":{"uv":[13.3,4.7,12.8,4],"rotation":90,"texture":"#0"},"west":{"uv":[13.2,9.2,13.7,9.7],"rotation":90,"texture":"#0"},"up":{"uv":[4.5,13.5,4,12.8],"rotation":90,"texture":"#0"},"down":{"uv":[13.3,5.5,12.8,4.8],"rotation":90,"texture":"#0"}}},{"from":[4.0339,5.12787,7.55],"to":[5.0689,6.47787,8.45],"rotation":{"angle":22.5,"axis":"z","origin":[4.51736,6.0654,8]},"faces":{"north":{"uv":[14.4,8.1,14,7.6],"rotation":180,"texture":"#0"},"east":{"uv":[8.4,14.5,8,14],"rotation":180,"texture":"#0"},"south":{"uv":[8.8,14.5,8.4,14],"rotation":180,"texture":"#0"},"west":{"uv":[14.4,8.9,14,8.4],"rotation":180,"texture":"#0"},"up":{"uv":[14.4,2,14.8,2.4],"rotation":180,"texture":"#0"},"down":{"uv":[2.4,14.8,2.8,14.4],"rotation":180,"texture":"#0"}}},{"from":[15.6839,-11.27213,7.55],"to":[16.7189,-9.92213,8.45],"rotation":{"angle":0,"axis":"z","origin":[16.16736,-10.3346,8]},"faces":{"north":{"uv":[8.8,14.5,9.2,14],"rotation":180,"texture":"#0"},"east":{"uv":[9.6,14.5,10,14],"rotation":180,"texture":"#0"},"south":{"uv":[14,9.7,14.4,9.2],"rotation":180,"texture":"#0"},"west":{"uv":[9.2,14.5,9.6,14],"rotation":180,"texture":"#0"},"up":{"uv":[14.8,2.4,14.4,2.8],"rotation":180,"texture":"#0"},"down":{"uv":[14.8,3.2,14.4,2.8],"rotation":180,"texture":"#0"}}},{"from":[14.73626,-10.18436,7.505],"to":[15.86126,-9.28436,8.495],"rotation":{"angle":-22.5,"axis":"z","origin":[16.16736,-10.3346,8]},"faces":{"north":{"uv":[10,14.4,10.5,14],"rotation":180,"texture":"#0"},"east":{"uv":[14.4,4.4,14.8,4],"rotation":180,"texture":"#0"},"south":{"uv":[14,10.4,14.5,10],"rotation":180,"texture":"#0"},"west":{"uv":[14.4,4,14.8,3.6],"rotation":180,"texture":"#0"},"up":{"uv":[14.5,10.4,14,10.8],"rotation":180,"texture":"#0"},"down":{"uv":[11.3,14.4,10.8,14],"rotation":180,"texture":"#0"}}},{"from":[15.88206,-11.63874,7.505],"to":[17.68206,-10.73874,8.495],"rotation":{"angle":-22.5,"axis":"z","origin":[16.16736,-10.3346,8]},"faces":{"north":{"uv":[12.8,12.4,13.5,12],"rotation":180,"texture":"#0"},"east":{"uv":[14.4,4.8,14.8,4.4],"rotation":180,"texture":"#0"},"south":{"uv":[13.2,0.4,13.9,0],"rotation":180,"texture":"#0"},"west":{"uv":[4.4,14.8,4.8,14.4],"rotation":180,"texture":"#0"},"up":{"uv":[13.9,0.4,13.2,0.8],"rotation":180,"texture":"#0"},"down":{"uv":[13.9,1.2,13.2,0.8],"rotation":180,"texture":"#0"}}},{"from":[4.23206,4.76126,7.505],"to":[6.03206,5.66126,8.495],"rotation":{"angle":0,"axis":"z","origin":[4.51736,6.0654,8]},"faces":{"north":{"uv":[13.9,2.8,13.2,2.4],"rotation":180,"texture":"#0"},"east":{"uv":[5.2,14.8,4.8,14.4],"rotation":180,"texture":"#0"},"south":{"uv":[3.5,13.6,2.8,13.2],"rotation":180,"texture":"#0"},"west":{"uv":[14.8,5.2,14.4,4.8],"rotation":180,"texture":"#0"},"up":{"uv":[13.2,2.8,13.9,3.2],"rotation":180,"texture":"#0"},"down":{"uv":[13.2,3.6,13.9,3.2],"rotation":180,"texture":"#0"}}},{"from":[9.35345,-5.85995,7.555],"to":[11.15345,-5.18495,8.445],"rotation":{"angle":0,"axis":"z","origin":[17.06058,-6.14654,8.0025]},"faces":{"north":{"uv":[14.3,4,13.6,4.3],"texture":"#0"},"east":{"uv":[10.4,14.4,10,14.7],"texture":"#0"},"south":{"uv":[14.3,4.4,13.6,4.7],"texture":"#0"},"west":{"uv":[14.8,9.6,14.4,9.9],"texture":"#0"},"up":{"uv":[12.8,10.4,13.5,10],"texture":"#0"},"down":{"uv":[12.8,10.4,13.5,10.8],"texture":"#0"}}},{"from":[11.19616,-0.47022,7.51],"to":[12.54616,3.12978,8.5],"rotation":{"angle":45,"axis":"z","origin":[17.06058,-6.14654,8.0025]},"faces":{"north":{"uv":[9.6,4.9,11,4.4],"rotation":90,"texture":"#0"},"east":{"uv":[11.8,1.6,10.4,2],"rotation":270,"texture":"#0"},"south":{"uv":[9.6,5.7,11,5.2],"rotation":270,"texture":"#0"},"west":{"uv":[11.8,2.4,10.4,2],"rotation":270,"texture":"#0"},"up":{"uv":[6.4,14.5,6.8,14],"rotation":270,"texture":"#0"},"down":{"uv":[6.8,14.5,7.2,14],"rotation":270,"texture":"#0"}}},{"from":[7.88128,-4.4416,7.575],"to":[9.23128,-3.0916,8.425],"rotation":{"angle":0,"axis":"z","origin":[17.06058,-6.14654,8.0025]},"faces":{"north":{"uv":[12.9,13.7,12.4,13.2],"texture":"#0"},"east":{"uv":[15,1.7,14.8,1.2],"texture":"#0"},"south":{"uv":[13.7,12.9,13.2,12.4],"texture":"#0"},"west":{"uv":[15,0.9,14.8,0.4],"texture":"#0"},"up":{"uv":[2.4,15,2.9,14.8],"texture":"#0"},"down":{"uv":[14.8,2,15.3,2.2],"texture":"#0"}}},{"from":[3.08626,6.21564,7.505],"to":[4.21126,7.11564,8.495],"rotation":{"angle":0,"axis":"z","origin":[4.51736,6.0654,8]},"faces":{"north":{"uv":[14.5,11.2,14,10.8],"rotation":180,"texture":"#0"},"east":{"uv":[5.6,14.8,5.2,14.4],"rotation":180,"texture":"#0"},"south":{"uv":[14.5,11.6,14,11.2],"rotation":180,"texture":"#0"},"west":{"uv":[14.8,5.6,14.4,5.2],"rotation":180,"texture":"#0"},"up":{"uv":[11.6,14,12.1,14.4],"rotation":180,"texture":"#0"},"down":{"uv":[14,12,14.5,11.6],"rotation":180,"texture":"#0"}}}],"gui_light":"front","display":{"thirdperson_righthand":{"rotation":[0,-90,0],"translation":[0,-2,1.5],"scale":[0.79,0.79,0.79]},"thirdperson_lefthand":{"rotation":[0,90,0],"translation":[0,-2,1.5],"scale":[0.79,0.79,0.79]},"firstperson_righthand":{"rotation":[12,-90,0],"translation":[1,6.25,1],"scale":[0.45,0.45,0.45]},"firstperson_lefthand":{"rotation":[12,90,0],"translation":[1,6.25,1],"scale":[0.45,0.45,0.45]},"ground":{"rotation":[0,0,-45],"translation":[0,12,3],"scale":[0.5,0.5,0.5]},"gui":{"rotation":[0,0,-45],"translation":[-2.25,2.25,0],"scale":[0.47,0.47,0.47]},"head":{"rotation":[7.5,0,-149.5],"translation":[-0.25,-17.75,6.75],"scale":[0,0,0]},"fixed":{"rotation":[-180,0,-180],"translation":[4.25,2.75,-1.5],"scale":[1.8,1.8,1.8]}},"groups":[{"name":"bow","origin":[8,3.25,8],"color":0,"children":[0,{"name":"group","origin":[17.06058,18.64654,8.0025],"color":0,"children":[1,2,3,4,5,6,7,8,9,10,11,12,13,14,15,16,17,18,19,20,21,22,23,24,25,26,27,28,29]},{"name":"group","origin":[4.51736,7.4346,8],"color":0,"children":[30,31,32,33,34,35,36,37,38,39,40,41,42,43,44,45,46,47,48,49,50,51,52,53,54,55,56,57,58]}]}]}