{
	"credit": "Made with Blockbench",
	"texture_size": [64, 64],
	"textures": {
		"0": "earthserver:elemental_key/fire_key",
		"particle": "earthserver:elemental_key/fire_key"
	},
	"elements": [
		{
			"from": [2.25, 2.25, 10.7],
			"to": [4.75, 3.75, 12.7],
			"rotation": {"angle": -22.5, "axis": "x", "origin": [2.25, 3, 10]},
			"faces": {
				"north": {"uv": [0, 0, 0.625, 0.375], "texture": "#missing"},
				"east": {"uv": [1, 9.75, 2.25, 10.625], "texture": "#0"},
				"south": {"uv": [1, 9.75, 2.375, 10.625], "texture": "#0"},
				"west": {"uv": [1, 9.75, 2.5, 10.625], "texture": "#0"},
				"up": {"uv": [1, 8.5, 2.375, 9.75], "texture": "#0"},
				"down": {"uv": [1, 9.75, 2.375, 10.5], "texture": "#0"}
			}
		},
		{
			"from": [2.25, 2.25, 10.7],
			"to": [4.75, 3.75, 12.7],
			"rotation": {"angle": 22.5, "axis": "x", "origin": [4.25, 3, 10]},
			"faces": {
				"north": {"uv": [0, 0, 0.625, 0.375], "rotation": 180, "texture": "#missing"},
				"east": {"uv": [1, 9.75, 2.5, 10.625], "rotation": 180, "texture": "#0"},
				"south": {"uv": [1, 9.75, 2.375, 10.625], "rotation": 180, "texture": "#0"},
				"west": {"uv": [1, 9.75, 2.25, 10.625], "rotation": 180, "texture": "#0"},
				"up": {"uv": [1, 9.75, 2.375, 10.5], "rotation": 180, "texture": "#0"},
				"down": {"uv": [1, 8.5, 2.375, 9.75], "rotation": 180, "texture": "#0"}
			}
		},
		{
			"from": [3.15, 2.5, 6.5],
			"to": [7.15, 3.5, 10.5],
			"rotation": {"angle": 0, "axis": "y", "origin": [7.25, 0.5, 6.5]},
			"faces": {
				"north": {"uv": [0.25, 3.5, 2.75, 4.5], "texture": "#0"},
				"east": {"uv": [0.25, 4.5, 3.25, 5.5], "texture": "#0"},
				"south": {"uv": [0.75, 2.5, 3.25, 3.5], "texture": "#0"},
				"west": {"uv": [0, 0, 0.75, 0.75], "texture": "#0"},
				"up": {"uv": [0.25, 2.5, 3.25, 0], "rotation": 90, "texture": "#0"},
				"down": {"uv": [0.25, 0, 3.25, 2.5], "rotation": 270, "texture": "#0"}
			}
		},
		{
			"from": [7.15, 2.5, 7.87],
			"to": [13.55, 3.5, 9.14],
			"rotation": {"angle": 0, "axis": "y", "origin": [13.5, 0.5, 8.25]},
			"faces": {
				"north": {"uv": [0, 7.5, 3, 8.5], "texture": "#0"},
				"east": {"uv": [0, 8.5, 1, 9.75], "texture": "#0"},
				"south": {"uv": [0, 6.5, 3, 7.5], "texture": "#0"},
				"west": {"uv": [0, 0, 0.25, 0.75], "texture": "#missing"},
				"up": {"uv": [0, 6.5, 3, 5.5], "texture": "#0"},
				"down": {"uv": [0, 5.5, 3, 6.5], "texture": "#0"}
			}
		},
		{
			"from": [0, 2, 8.5],
			"to": [5, 4, 13.5],
			"rotation": {"angle": 45, "axis": "y", "origin": [0, 0, 8.5]},
			"faces": {
				"north": {"uv": [3.25, 0, 6.75, 1.5], "texture": "#0"},
				"east": {"uv": [3.25, 0, 6.75, 1.5], "texture": "#0"},
				"south": {"uv": [3.25, 0, 6.75, 1.5], "texture": "#0"},
				"west": {"uv": [3.25, 0, 6.75, 1.5], "texture": "#0"},
				"up": {"uv": [3.25, 1.5, 7, 5.25], "texture": "#0"},
				"down": {"uv": [3.25, 1.5, 7, 5.25], "texture": "#0"}
			}
		},
		{
			"from": [8, 2.75, 9.15],
			"to": [9, 3.25, 11.15],
			"rotation": {"angle": 0, "axis": "y", "origin": [8, 2, 9]},
			"faces": {
				"north": {"uv": [0, 0, 0.25, 0.125], "texture": "#missing"},
				"east": {"uv": [0, 10, 0.25, 10.875], "texture": "#0"},
				"south": {"uv": [0, 10.75, 1, 11.125], "texture": "#0"},
				"west": {"uv": [0, 10, 0.25, 11.125], "texture": "#0"},
				"up": {"uv": [0, 9.75, 1, 11.25], "texture": "#0"},
				"down": {"uv": [0, 9.75, 1, 11.25], "texture": "#0"}
			}
		},
		{
			"from": [10, 2.75, 9.15],
			"to": [11, 3.25, 10.65],
			"rotation": {"angle": 0, "axis": "y", "origin": [10, 2, 9]},
			"faces": {
				"north": {"uv": [0, 0, 0.25, 0.125], "texture": "#missing"},
				"east": {"uv": [0, 10, 0.1875, 10.875], "texture": "#0"},
				"south": {"uv": [0.5, 14.75, 1.5, 15.125], "texture": "#0"},
				"west": {"uv": [1.75, 13.75, 2.9375, 14.625], "texture": "#0"},
				"up": {"uv": [0, 9.75, 1, 11.1875], "texture": "#0"},
				"down": {"uv": [0, 9.75, 1, 11.1875], "texture": "#0"}
			}
		},
		{
			"from": [12, 2.75, 9.15],
			"to": [13, 3.25, 10.15],
			"rotation": {"angle": 0, "axis": "y", "origin": [12, 2, 9]},
			"faces": {
				"north": {"uv": [0, 0, 0.25, 0.125], "texture": "#missing"},
				"east": {"uv": [0, 10, 0.125, 10.875], "texture": "#0"},
				"south": {"uv": [0, 10.75, 1, 11.125], "texture": "#0"},
				"west": {"uv": [0, 10, 0.125, 10.875], "texture": "#0"},
				"up": {"uv": [0, 9.75, 1, 11.125], "texture": "#0"},
				"down": {"uv": [0, 9.75, 1, 11.125], "texture": "#0"}
			}
		},
		{
			"from": [2.25, 3.45, 4.5],
			"to": [4.75, 4.95, 6.5],
			"rotation": {"angle": 22.5, "axis": "x", "origin": [2.25, 4, 4]},
			"faces": {
				"north": {"uv": [1, 9.75, 2.375, 10.625], "texture": "#0"},
				"east": {"uv": [1, 9.75, 2.5, 10.625], "texture": "#0"},
				"south": {"uv": [0, 0, 0.625, 0.375], "texture": "#missing"},
				"west": {"uv": [1.25, 9.75, 2.5, 10.625], "texture": "#0"},
				"up": {"uv": [1, 8.5, 2.375, 9.75], "texture": "#0"},
				"down": {"uv": [1, 10, 2.375, 10.75], "texture": "#0"}
			}
		},
		{
			"from": [2.25, 1.05, 4.5],
			"to": [4.75, 2.55, 6.5],
			"rotation": {"angle": -22.5, "axis": "x", "origin": [4.25, 2, 4]},
			"faces": {
				"north": {"uv": [1, 9.75, 2.375, 10.625], "rotation": 180, "texture": "#0"},
				"east": {"uv": [1, 9.75, 2.25, 10.625], "rotation": 180, "texture": "#0"},
				"south": {"uv": [0, 0, 0.625, 0.375], "rotation": 180, "texture": "#missing"},
				"west": {"uv": [1, 9.75, 2.5, 10.625], "rotation": 180, "texture": "#0"},
				"up": {"uv": [1, 9.75, 2.375, 10.5], "rotation": 180, "texture": "#0"},
				"down": {"uv": [1, 8.5, 2.375, 9.75], "rotation": 180, "texture": "#0"}
			}
		},
		{
			"from": [1.25, 4, 6.7],
			"to": [5.75, 4.25, 10.2],
			"rotation": {"angle": 0, "axis": "y", "origin": [1.25, 4, 6]},
			"faces": {
				"north": {"uv": [6.5, 5.25, 4.125, 5.5625], "texture": "#0"},
				"east": {"uv": [4.25, 5.25, 6.625, 5.5625], "texture": "#0"},
				"south": {"uv": [3.75, 5.25, 6.625, 5.5625], "texture": "#0"},
				"west": {"uv": [4.1, 5.35, 6.725, 5.6625], "texture": "#0"},
				"up": {"uv": [3, 5.25, 6.875, 9.125], "rotation": 270, "texture": "#0"},
				"down": {"uv": [5.25, 5.25, 6.375, 5.625], "texture": "#0"}
			}
		},
		{
			"from": [10, 2.75, 9.15],
			"to": [11, 3.25, 10.9],
			"rotation": {"angle": 0, "axis": "y", "origin": [10, 2, 9]},
			"faces": {
				"north": {"uv": [0, 0, 0.25, 0.125], "texture": "#missing"},
				"east": {"uv": [0, 9.75, 0.1875, 11.125], "texture": "#0"},
				"south": {"uv": [0, 10.75, 1, 11.125], "texture": "#0"},
				"west": {"uv": [0, 10, 0.1875, 10.875], "texture": "#0"},
				"up": {"uv": [0, 9.75, 1, 11.1875], "texture": "#0"},
				"down": {"uv": [0, 0, 0.25, 0.4375], "texture": "#0"}
			}
		},
		{
			"from": [1.25, 4.5, 6.7],
			"to": [5.75, 4.75, 10.2],
			"rotation": {"angle": 0, "axis": "y", "origin": [1.25, 5, 6]},
			"faces": {
				"north": {"uv": [4, 10, 4.125, 12.5625], "texture": "#0"},
				"east": {"uv": [3.75, 11.25, 3.875, 13.8125], "texture": "#0"},
				"south": {"uv": [4, 9.75, 4.125, 12.3125], "texture": "#0"},
				"west": {"uv": [3.75, 9.75, 3.875, 12.3125], "texture": "#0"},
				"up": {"uv": [7.25, 0, 10.875, 2.375], "texture": "#0"},
				"down": {"uv": [3.5, 14, 4.625, 14.875], "texture": "#0"}
			}
		},
		{
			"from": [1.25, 1.25, 6.8],
			"to": [5.75, 1.5, 10.3],
			"rotation": {"angle": 0, "axis": "y", "origin": [1.25, 1, 11]},
			"faces": {
				"north": {"uv": [4.5, 9.5, 4.625, 12.0625], "rotation": 180, "texture": "#0"},
				"east": {"uv": [3.75, 9.5, 3.875, 12.0625], "rotation": 180, "texture": "#0"},
				"south": {"uv": [4.25, 9.5, 4.375, 12.0625], "rotation": 180, "texture": "#0"},
				"west": {"uv": [5.5, 9.5, 5.625, 12.0625], "rotation": 180, "texture": "#0"},
				"up": {"uv": [3.5, 14, 4.625, 14.875], "texture": "#0"},
				"down": {"uv": [7, 0, 10.625, 2.375], "texture": "#0"}
			}
		},
		{
			"from": [1.25, 1.75, 6.7],
			"to": [5.75, 2, 10.2],
			"rotation": {"angle": 0, "axis": "y", "origin": [1.25, 2, 11]},
			"faces": {
				"north": {"uv": [3.5, 5.25, 6.375, 5.5625], "rotation": 180, "texture": "#0"},
				"east": {"uv": [3.75, 5.25, 6.375, 5.5625], "rotation": 180, "texture": "#0"},
				"south": {"uv": [4, 5.25, 6.625, 5.5625], "rotation": 180, "texture": "#0"},
				"west": {"uv": [3.5, 5.5, 6.875, 5.8125], "rotation": 180, "texture": "#0"},
				"up": {"uv": [6.5, 8.25, 6.625, 8.875], "texture": "#0"},
				"down": {"uv": [3, 5.25, 6.875, 9.125], "rotation": 270, "texture": "#0"}
			}
		}
	],
	"gui_light": "front",
	"display": {
		"thirdperson_righthand": {
			"rotation": [133, -1, -87],
			"translation": [3, 1.75, -1.75],
			"scale": [0.5, 0.5, 0.5]
		},
		"firstperson_righthand": {
			"rotation": [90, 4, -90],
			"translation": [4.25, 3, 0],
			"scale": [0.5, 0.5, 0.5]
		},
		"ground": {
			"translation": [0, 3.75, 0]
		},
		"gui": {
			"rotation": [-90, -45, 7.5],
			"translation": [1.75, 0.5, 0],
			"scale": [1.4, 1.4, 1.4]
		},
		"fixed": {
			"rotation": [-90, 45, 180],
			"translation": [-2.25, 0.75, 7.25],
			"scale": [1.4, 1.4, 1.4]
		}
	}
}