{
	"credit": "by w11shes",
	"texture_size": [32, 32],
	"textures": {
		"0": "elitecreatures:lunar_assortment/lunar_bow",
		"particle": "elitecreatures:lunar_assortment/lunar_bow"
	},
	"elements": [
		{
			"from": [5.25, 14, 0],
			"to": [11.25, 18, 5],
			"rotation": {"angle": 22.5, "axis": "x", "origin": [8.25, 14, 4]},
			"faces": {
				"north": {"uv": [4, 2, 7, 4], "texture": "#0"},
				"east": {"uv": [4.5, 4, 7, 6], "texture": "#0"},
				"south": {"uv": [4, 0, 7, 2], "texture": "#0"},
				"west": {"uv": [7, 4, 4.5, 6], "texture": "#0"},
				"up": {"uv": [4, 3, 1.5, 0], "rotation": 90, "texture": "#0"},
				"down": {"uv": [4, 3, 1.5, 6], "rotation": 270, "texture": "#0"}
			}
		},
		{
			"from": [6.23, 12.25, 1],
			"to": [10.27, 14.25, 5],
			"rotation": {"angle": 0, "axis": "y", "origin": [16.25, 11.25, -5]},
			"faces": {
				"east": {"uv": [10.5, 3, 12.5, 4], "texture": "#0"},
				"south": {"uv": [10.5, 4, 12.5, 5], "texture": "#0"},
				"west": {"uv": [12.5, 3, 10.5, 4], "texture": "#0"},
				"up": {"uv": [6.5, 8, 4.5, 6], "rotation": 90, "texture": "#0"},
				"down": {"uv": [8.5, 6, 6.5, 8], "rotation": 270, "texture": "#0"}
			}
		},
		{
			"from": [6.25, 12.25, -2],
			"to": [10.25, 14.25, 1],
			"rotation": {"angle": -45, "axis": "x", "origin": [10.25, 14.25, 1]},
			"faces": {
				"north": {"uv": [10.5, 8, 12.5, 9], "texture": "#0"},
				"east": {"uv": [4.5, 11.5, 6, 12.5], "texture": "#0"},
				"west": {"uv": [6, 11.5, 4.5, 12.5], "texture": "#0"},
				"up": {"uv": [6, 10, 4.5, 8], "rotation": 90, "texture": "#0"},
				"down": {"uv": [7.5, 8, 6, 10], "rotation": 270, "texture": "#0"}
			}
		},
		{
			"from": [6.25, 14.25, -2],
			"to": [10.25, 15.25, 1],
			"rotation": {"angle": -45, "axis": "x", "origin": [10.25, 14.25, 1]},
			"faces": {
				"north": {"uv": [11.5, 7.5, 13.5, 8], "texture": "#0"},
				"east": {"uv": [12.5, 4.5, 14, 5], "texture": "#0"},
				"west": {"uv": [14, 4.5, 12.5, 5], "texture": "#0"}
			}
		},
		{
			"from": [10.25, 11.00736, 2.75736],
			"to": [6.25, 10.00736, -0.24264],
			"rotation": {"angle": -45, "axis": "x", "origin": [2.25, 10.00736, -3.24264]},
			"faces": {
				"east": {"uv": [14, 5, 12.5, 4.5], "texture": "#0"},
				"south": {"uv": [11.5, 8, 13.5, 7.5], "texture": "#0"},
				"west": {"uv": [12.5, 5, 14, 4.5], "texture": "#0"}
			}
		},
		{
			"from": [6.25, 12, -3],
			"to": [10.25, 14, 0],
			"rotation": {"angle": 22.5, "axis": "x", "origin": [8.25, 14, 4]},
			"faces": {
				"north": {"uv": [10.5, 9, 12.5, 10], "texture": "#0"},
				"east": {"uv": [11.5, 5, 13, 6], "texture": "#0"},
				"west": {"uv": [13, 5, 11.5, 6], "texture": "#0"}
			}
		},
		{
			"from": [10.25, 19.66205, -0.46505],
			"to": [6.25, 17.66205, -3.46505],
			"rotation": {"angle": 22.5, "axis": "x", "origin": [4.25, 15.66205, -10.46505]},
			"faces": {
				"east": {"uv": [13, 6, 11.5, 5], "texture": "#0"},
				"south": {"uv": [10.5, 10, 12.5, 9], "texture": "#0"},
				"west": {"uv": [11.5, 6, 13, 5], "texture": "#0"}
			}
		},
		{
			"from": [6.25, 14, -3],
			"to": [10.25, 16, 0],
			"rotation": {"angle": 22.5, "axis": "x", "origin": [8.25, 14, 4]},
			"faces": {
				"north": {"uv": [10.5, 10, 12.5, 11], "texture": "#0"},
				"east": {"uv": [6, 11.5, 7.5, 12.5], "texture": "#0"},
				"west": {"uv": [7.5, 11.5, 6, 12.5], "texture": "#0"},
				"up": {"uv": [9, 10, 7.5, 8], "rotation": 90, "texture": "#0"},
				"down": {"uv": [10, 6, 8.5, 8], "rotation": 270, "texture": "#0"}
			}
		},
		{
			"from": [6.25, 16, -3],
			"to": [10.25, 17, -1],
			"rotation": {"angle": 22.5, "axis": "x", "origin": [8.25, 14, 4]},
			"faces": {
				"north": {"uv": [4.5, 12.5, 6.5, 13], "texture": "#0"},
				"east": {"uv": [0, 10.5, 1, 11], "texture": "#0"},
				"south": {"uv": [12.5, 4, 14.5, 4.5], "texture": "#0"},
				"west": {"uv": [12.5, 7, 13.5, 7.5], "texture": "#0"},
				"up": {"uv": [4, 8, 3, 6], "rotation": 90, "texture": "#0"}
			}
		},
		{
			"from": [10.25, 17.25, 2],
			"to": [12.25, 19.25, 6],
			"rotation": {"angle": 0, "axis": "y", "origin": [0.25, 11.75, -5]},
			"faces": {
				"north": {"uv": [3, 10, 4, 11], "texture": "#0"},
				"east": {"uv": [0, 11, 2, 12], "texture": "#0"},
				"south": {"uv": [9, 5, 10, 6], "texture": "#0"},
				"west": {"uv": [11, 0, 13, 1], "texture": "#0"},
				"up": {"uv": [13, 2, 11, 1], "rotation": 90, "texture": "#0"},
				"down": {"uv": [4, 11, 2, 12], "rotation": 270, "texture": "#0"}
			}
		},
		{
			"from": [11.25, 18.25, 4],
			"to": [11.3, 21.25, 7],
			"rotation": {"angle": 0, "axis": "y", "origin": [0.25, 11.75, -5]},
			"faces": {
				"east": {"uv": [4.5, 10, 6, 11.5], "texture": "#0"},
				"west": {"uv": [6, 10, 4.5, 11.5], "texture": "#0"}
			}
		},
		{
			"from": [5.2, 18.25, 4],
			"to": [5.25, 21.25, 7],
			"rotation": {"angle": 0, "axis": "y", "origin": [16.25, 11.75, -5]},
			"faces": {
				"east": {"uv": [4.5, 10, 6, 11.5], "texture": "#0"},
				"west": {"uv": [6, 10, 4.5, 11.5], "texture": "#0"}
			}
		},
		{
			"from": [4.25, 17.25, 2],
			"to": [6.25, 19.25, 6],
			"rotation": {"angle": 0, "axis": "y", "origin": [16.25, 11.75, -5]},
			"faces": {
				"north": {"uv": [4, 10, 3, 11], "texture": "#0"},
				"east": {"uv": [13, 0, 11, 1], "texture": "#0"},
				"south": {"uv": [10, 5, 9, 6], "texture": "#0"},
				"west": {"uv": [2, 11, 0, 12], "texture": "#0"},
				"up": {"uv": [13, 1, 11, 2], "rotation": 90, "texture": "#0"},
				"down": {"uv": [4, 12, 2, 11], "rotation": 270, "texture": "#0"}
			}
		},
		{
			"from": [11.2, 14, 5],
			"to": [11.25, 18, 9],
			"rotation": {"angle": 22.5, "axis": "x", "origin": [8.25, 14, 4]},
			"faces": {
				"east": {"uv": [7, 0, 9, 2], "texture": "#0"},
				"west": {"uv": [9, 0, 7, 2], "texture": "#0"}
			}
		},
		{
			"from": [5.25, 14, 5],
			"to": [5.3, 18, 9],
			"rotation": {"angle": 22.5, "axis": "x", "origin": [8.25, 14, 4]},
			"faces": {
				"east": {"uv": [7, 0, 9, 2], "texture": "#0"},
				"west": {"uv": [9, 0, 7, 2], "texture": "#0"}
			}
		},
		{
			"from": [7.65, 12.5, -6],
			"to": [7.7, 17.5, 17],
			"rotation": {"angle": 0, "axis": "y", "origin": [1.15, 7.5, 1]},
			"faces": {
				"east": {"uv": [4.5, 13.5, 16, 16], "texture": "#0"},
				"west": {"uv": [16, 13.5, 4.5, 16], "texture": "#0"}
			}
		},
		{
			"from": [5.175, 14.975, -6],
			"to": [10.175, 15.025, 17],
			"rotation": {"angle": 0, "axis": "y", "origin": [1.15, 7.5, 1]},
			"faces": {
				"up": {"uv": [4.5, 13.5, 16, 16], "rotation": 270, "texture": "#0"},
				"down": {"uv": [16, 13.5, 4.5, 16], "rotation": 270, "texture": "#0"}
			}
		},
		{
			"from": [7.15, 14.5, -2],
			"to": [8.15, 15.5, 16],
			"rotation": {"angle": 0, "axis": "y", "origin": [1.15, 7.5, 1]},
			"faces": {
				"north": {"uv": [13.5, 14.5, 14, 15], "texture": "#0"},
				"east": {"uv": [5, 14.5, 14, 15], "texture": "#0"},
				"south": {"uv": [5, 14.5, 5.5, 15], "texture": "#0"},
				"west": {"uv": [14, 14.5, 5, 15], "texture": "#0"},
				"up": {"uv": [14, 14.5, 5, 15], "rotation": 90, "texture": "#0"},
				"down": {"uv": [5, 14.5, 14, 15], "rotation": 90, "texture": "#0"}
			}
		},
		{
			"from": [8.2, 15, 17.15],
			"to": [8.25, 30, 18.15],
			"rotation": {"angle": -22.5, "axis": "x", "origin": [8.25, 15, 18.15]},
			"faces": {
				"east": {"uv": [4, 15, 4.5, 7.5], "texture": "#0"},
				"west": {"uv": [4, 15, 4.5, 7.5], "texture": "#0"}
			}
		},
		{
			"from": [7.25, 17.75, 2],
			"to": [9.25, 20.75, 5],
			"rotation": {"angle": 0, "axis": "y", "origin": [16.25, 0, -4.25]},
			"faces": {
				"north": {"uv": [7.5, 11.5, 8.5, 13], "texture": "#0"},
				"east": {"uv": [10, 5, 11.5, 6.5], "texture": "#0"},
				"south": {"uv": [11.5, 6, 12.5, 7.5], "texture": "#0"},
				"west": {"uv": [11.5, 5, 10, 6.5], "texture": "#0"},
				"up": {"uv": [10, 12.5, 8.5, 11.5], "rotation": 90, "texture": "#0"}
			}
		},
		{
			"from": [7.23, 20.75, 3],
			"to": [9.27, 30.75, 5],
			"rotation": {"angle": 45, "axis": "x", "origin": [8.25, 20.75, 3]},
			"faces": {
				"north": {"uv": [2, 6, 3, 11], "texture": "#0"},
				"east": {"uv": [0, 5.5, 1, 10.5], "texture": "#0"},
				"south": {"uv": [1, 6, 2, 11], "texture": "#0"},
				"west": {"uv": [1, 5.5, 0, 10.5], "texture": "#0"}
			}
		},
		{
			"from": [6.25, 20.28553, 5.94975],
			"to": [10.25, 24.28553, 7.94975],
			"rotation": {"angle": 45, "axis": "x", "origin": [10.25, 24.28553, 7.94975]},
			"faces": {
				"north": {"uv": [7, 4, 9, 6], "texture": "#0"},
				"east": {"uv": [3, 8, 4, 10], "texture": "#0"},
				"south": {"uv": [7, 2, 9, 4], "texture": "#0"},
				"west": {"uv": [4, 8, 3, 10], "texture": "#0"}
			}
		},
		{
			"from": [6.23, 24.28553, 5.94975],
			"to": [10.27, 27.28553, 7.94975],
			"rotation": {"angle": 0, "axis": "y", "origin": [10.25, 24.28553, 7.94975]},
			"faces": {
				"north": {"uv": [9, 1.5, 11, 3], "texture": "#0"},
				"east": {"uv": [1, 12, 2, 13.5], "texture": "#0"},
				"south": {"uv": [9, 0, 11, 1.5], "texture": "#0"},
				"west": {"uv": [2, 12, 1, 13.5], "texture": "#0"},
				"up": {"uv": [11.5, 13, 10.5, 11], "rotation": 90, "texture": "#0"}
			}
		},
		{
			"from": [8.2, 26.28553, 3.94975],
			"to": [8.25, 28.28553, 6.94975],
			"rotation": {"angle": 0, "axis": "y", "origin": [10.25, 24.28553, 7.94975]},
			"faces": {
				"east": {"uv": [12.5, 3, 14, 4], "texture": "#0"},
				"west": {"uv": [14, 3, 12.5, 4], "texture": "#0"}
			}
		},
		{
			"from": [6.23, 21.45711, 2.12132],
			"to": [10.27, 23.45711, 5.12132],
			"rotation": {"angle": 0, "axis": "y", "origin": [10.25, 21.45711, 10.12132]},
			"faces": {
				"north": {"uv": [11, 2, 13, 3], "texture": "#0"},
				"east": {"uv": [2, 12, 3.5, 13], "texture": "#0"},
				"west": {"uv": [3.5, 12, 2, 13], "texture": "#0"},
				"up": {"uv": [10.5, 5, 9, 3], "rotation": 90, "texture": "#0"},
				"down": {"uv": [10.5, 8, 9, 10], "rotation": 270, "texture": "#0"}
			}
		},
		{
			"from": [8.2, 22.45711, 1.12132],
			"to": [8.25, 25.45711, 3.12132],
			"rotation": {"angle": 0, "axis": "y", "origin": [10.25, 21.45711, 10.12132]},
			"faces": {
				"east": {"uv": [11.5, 12, 12.5, 13.5], "texture": "#0"},
				"west": {"uv": [12.5, 12, 11.5, 13.5], "texture": "#0"}
			}
		},
		{
			"from": [7.25, 26.40685, 9.48528],
			"to": [9.25, 28.40685, 11.48528],
			"rotation": {"angle": 22.5, "axis": "x", "origin": [9.25, 26.40685, 11.48528]},
			"faces": {
				"north": {"uv": [12.5, 8, 13.5, 9], "texture": "#0"},
				"east": {"uv": [12.5, 6, 13.5, 7], "texture": "#0"},
				"south": {"uv": [6.5, 12.5, 7.5, 13.5], "texture": "#0"},
				"west": {"uv": [12.5, 6, 13.5, 7], "texture": "#0"}
			}
		},
		{
			"from": [6.75, 28.40685, 8.98528],
			"to": [9.75, 31.40685, 11.98528],
			"rotation": {"angle": 22.5, "axis": "x", "origin": [9.25, 26.40685, 11.48528]},
			"faces": {
				"north": {"uv": [7.5, 10, 9, 11.5], "texture": "#0"},
				"east": {"uv": [6, 10, 7.5, 11.5], "texture": "#0"},
				"south": {"uv": [10, 6.5, 11.5, 8], "texture": "#0"},
				"west": {"uv": [6, 10, 7.5, 11.5], "texture": "#0"},
				"down": {"uv": [10.5, 10, 9, 11.5], "rotation": 270, "texture": "#0"}
			}
		},
		{
			"from": [6.73, 29.58883, 13.25305],
			"to": [9.77, 31.71016, 15.37437],
			"rotation": {"angle": -22.5, "axis": "x", "origin": [9.25, 26.40685, 11.48528]},
			"faces": {
				"east": {"uv": [8.5, 12.5, 9.5, 13.5], "rotation": 270, "texture": "#0"},
				"south": {"uv": [1, 13.5, 0, 12], "rotation": 90, "texture": "#0"},
				"west": {"uv": [9.5, 12.5, 8.5, 13.5], "rotation": 90, "texture": "#0"},
				"up": {"uv": [11.5, 11, 13, 12], "rotation": 180, "texture": "#0"}
			}
		},
		{
			"from": [7.25, 9.25, 2],
			"to": [9.25, 12.25, 5],
			"rotation": {"angle": 0, "axis": "y", "origin": [16.25, 30, -4.25]},
			"faces": {
				"north": {"uv": [7.5, 13, 8.5, 11.5], "texture": "#0"},
				"east": {"uv": [10, 6.5, 11.5, 5], "texture": "#0"},
				"south": {"uv": [11.5, 7.5, 12.5, 6], "texture": "#0"},
				"west": {"uv": [11.5, 6.5, 10, 5], "texture": "#0"},
				"down": {"uv": [10, 11.5, 8.5, 12.5], "rotation": 270, "texture": "#0"}
			}
		},
		{
			"from": [7.23, -0.75, 3],
			"to": [9.27, 9.25, 5],
			"rotation": {"angle": -45, "axis": "x", "origin": [8.25, 9.25, 3]},
			"faces": {
				"north": {"uv": [2, 11, 3, 6], "texture": "#0"},
				"east": {"uv": [0, 10.5, 1, 5.5], "texture": "#0"},
				"south": {"uv": [1, 11, 2, 6], "texture": "#0"},
				"west": {"uv": [1, 10.5, 0, 5.5], "texture": "#0"}
			}
		},
		{
			"from": [6.25, 5.71447, 5.94975],
			"to": [10.25, 9.71447, 7.94975],
			"rotation": {"angle": -45, "axis": "x", "origin": [10.25, 5.71447, 7.94975]},
			"faces": {
				"north": {"uv": [7, 6, 9, 4], "texture": "#0"},
				"east": {"uv": [3, 10, 4, 8], "texture": "#0"},
				"south": {"uv": [7, 4, 9, 2], "texture": "#0"},
				"west": {"uv": [4, 10, 3, 8], "texture": "#0"}
			}
		},
		{
			"from": [6.23, 2.71447, 5.94975],
			"to": [10.27, 5.71447, 7.94975],
			"rotation": {"angle": 0, "axis": "y", "origin": [10.25, 5.71447, 7.94975]},
			"faces": {
				"north": {"uv": [9, 3, 11, 1.5], "texture": "#0"},
				"east": {"uv": [1, 13.5, 2, 12], "texture": "#0"},
				"south": {"uv": [9, 1.5, 11, 0], "texture": "#0"},
				"west": {"uv": [2, 13.5, 1, 12], "texture": "#0"},
				"down": {"uv": [11.5, 11, 10.5, 13], "rotation": 270, "texture": "#0"}
			}
		},
		{
			"from": [8.2, 1.71447, 3.94975],
			"to": [8.25, 3.71447, 6.94975],
			"rotation": {"angle": 0, "axis": "y", "origin": [10.25, 5.71447, 7.94975]},
			"faces": {
				"east": {"uv": [12.5, 4, 14, 3], "texture": "#0"},
				"west": {"uv": [14, 4, 12.5, 3], "texture": "#0"}
			}
		},
		{
			"from": [8.2, 4.54289, 1.12132],
			"to": [8.25, 7.54289, 3.12132],
			"rotation": {"angle": 0, "axis": "y", "origin": [10.25, 8.54289, 10.12132]},
			"faces": {
				"east": {"uv": [11.5, 13.5, 12.5, 12], "texture": "#0"},
				"west": {"uv": [12.5, 13.5, 11.5, 12], "texture": "#0"}
			}
		},
		{
			"from": [6.23, 6.54289, 2.12132],
			"to": [10.27, 8.54289, 5.12132],
			"rotation": {"angle": 0, "axis": "y", "origin": [10.25, 8.54289, 10.12132]},
			"faces": {
				"north": {"uv": [11, 3, 13, 2], "texture": "#0"},
				"east": {"uv": [2, 13, 3.5, 12], "texture": "#0"},
				"west": {"uv": [3.5, 13, 2, 12], "texture": "#0"},
				"up": {"uv": [10.5, 10, 9, 8], "rotation": 90, "texture": "#0"},
				"down": {"uv": [10.5, 3, 9, 5], "rotation": 270, "texture": "#0"}
			}
		},
		{
			"from": [7.25, 1.59315, 9.48528],
			"to": [9.25, 3.59315, 11.48528],
			"rotation": {"angle": -22.5, "axis": "x", "origin": [9.25, 3.59315, 11.48528]},
			"faces": {
				"north": {"uv": [12.5, 9, 13.5, 8], "texture": "#0"},
				"east": {"uv": [12.5, 7, 13.5, 6], "texture": "#0"},
				"south": {"uv": [6.5, 13.5, 7.5, 12.5], "texture": "#0"},
				"west": {"uv": [12.5, 7, 13.5, 6], "texture": "#0"}
			}
		},
		{
			"from": [6.75, -1.40685, 8.98528],
			"to": [9.75, 1.59315, 11.98528],
			"rotation": {"angle": -22.5, "axis": "x", "origin": [9.25, 3.59315, 11.48528]},
			"faces": {
				"north": {"uv": [7.5, 11.5, 9, 10], "texture": "#0"},
				"east": {"uv": [6, 11.5, 7.5, 10], "texture": "#0"},
				"south": {"uv": [10, 8, 11.5, 6.5], "texture": "#0"},
				"west": {"uv": [6, 11.5, 7.5, 10], "texture": "#0"},
				"up": {"uv": [10.5, 11.5, 9, 10], "rotation": 90, "texture": "#0"}
			}
		},
		{
			"from": [6.73, -1.71016, 13.25305],
			"to": [9.77, 0.41117, 15.37437],
			"rotation": {"angle": 22.5, "axis": "x", "origin": [9.25, 3.59315, 11.48528]},
			"faces": {
				"east": {"uv": [8.5, 13.5, 9.5, 12.5], "rotation": 90, "texture": "#0"},
				"south": {"uv": [1, 12, 0, 13.5], "rotation": 270, "texture": "#0"},
				"west": {"uv": [9.5, 13.5, 8.5, 12.5], "rotation": 270, "texture": "#0"},
				"down": {"uv": [11.5, 12, 13, 11], "rotation": 180, "texture": "#0"}
			}
		},
		{
			"from": [9.7, 17.67328, 8.64589],
			"to": [9.75, 28.67328, 11.64589],
			"rotation": {"angle": 22.5, "axis": "x", "origin": [0, 23.17328, 10.14589]},
			"faces": {
				"east": {"uv": [0, 0, 1.5, 5.5], "texture": "#0"},
				"west": {"uv": [0, 0, 1.5, 5.5], "texture": "#0"}
			}
		},
		{
			"from": [8.2, 0, 17.15],
			"to": [8.25, 15, 18.15],
			"rotation": {"angle": 22.5, "axis": "x", "origin": [8.25, 15, 18.15]},
			"faces": {
				"east": {"uv": [4, 7.5, 4.5, 15], "texture": "#0"},
				"west": {"uv": [4, 7.5, 4.5, 15], "texture": "#0"}
			}
		}
	],
	"gui_light": "front",
	"display": {
		"thirdperson_righthand": {
			"rotation": [0, -3, 0],
			"translation": [-1.25, -6.75, 2],
			"scale": [0.7, 0.7, 0.7]
		},
		"thirdperson_lefthand": {
			"rotation": [0, -3, 0],
			"translation": [-1.25, -6.75, 2],
			"scale": [0.7, 0.7, 0.7]
		},
		"firstperson_righthand": {
			"rotation": [21, 38, 3],
			"translation": [2.5, 1.5, -3],
			"scale": [0.54883, 0.54883, 0.54883]
		},
		"firstperson_lefthand": {
			"rotation": [21, 38, 3],
			"translation": [2.5, 1.5, -3],
			"scale": [0.54883, 0.54883, 0.54883]
		},
		"ground": {
			"rotation": [94, 85, 0],
			"translation": [0, 0, -2.75],
			"scale": [0.5, 0.5, 0.5]
		},
		"gui": {
			"rotation": [-90, 135, 90],
			"translation": [-4, -1.25, 0],
			"scale": [0.55, 0.55, 0.55]
		},
		"head": {
			"rotation": [91, -1, 90],
			"translation": [4.5, 8.5, 0.25],
			"scale": [0.7, 0.7, 0.7]
		},
		"fixed": {
			"rotation": [0, 90, 0],
			"translation": [3.75, -8.75, -2.25],
			"scale": [1.4, 1.4, 1.4]
		}
	},
	"groups": [
		{
			"name": "head",
			"origin": [8.75, 1.75, 8],
			"color": 0,
			"boneType": "",
			"children": [0, 1, 2, 3, 4, 5, 6, 7, 8, 9, 10, 11, 12, 13, 14]
		},
		{
			"name": "arrow",
			"origin": [0, 0, 0],
			"color": 0,
			"boneType": "",
			"children": [15, 16, 17]
		},
		18,
		19,
		20,
		21,
		22,
		23,
		24,
		25,
		26,
		27,
		28,
		29,
		30,
		31,
		32,
		33,
		34,
		35,
		36,
		37,
		38,
		39,
		40
	]
}