{
	"credit": "by w11shes",
	"texture_size": [32, 32],
	"textures": {
		"0": "elitecreatures:lunar_assortment/lunar_pickaxe",
		"particle": "elitecreatures:lunar_assortment/lunar_pickaxe"
	},
	"elements": [
		{
			"from": [7.9625, -15.59506, 3.43357],
			"to": [8.0125, -4.59506, 6.43357],
			"rotation": {"angle": -22.5, "axis": "x", "origin": [8, 4.32644, 8.0125]},
			"faces": {
				"east": {"uv": [0, 0, 1.5, 5.5], "texture": "#0"},
				"west": {"uv": [0, 0, 1.5, 5.5], "texture": "#0"}
			}
		},
		{
			"from": [6.0125, -4, 6.0125],
			"to": [10.0125, -1, 10.0125],
			"rotation": {"angle": 0, "axis": "y", "origin": [8, 4.32644, 8.0125]},
			"faces": {
				"north": {"uv": [5, 8.5, 7, 10], "texture": "#0"},
				"east": {"uv": [8.5, 0, 10.5, 1.5], "texture": "#0"},
				"south": {"uv": [8.5, 1.5, 10.5, 3], "texture": "#0"},
				"west": {"uv": [8.5, 0, 10.5, 1.5], "texture": "#0"},
				"up": {"uv": [8.5, 2, 6.5, 0], "rotation": 90, "texture": "#0"}
			}
		},
		{
			"from": [5.9925, -2.97546, 0.7106],
			"to": [10.0325, -0.14703, 3.53903],
			"rotation": {"angle": -45, "axis": "x", "origin": [8, 4.32644, 8.0125]},
			"faces": {
				"north": {"uv": [7, 8.5, 9, 10], "texture": "#0"},
				"east": {"uv": [0, 5.5, 1.5, 7], "texture": "#0"},
				"west": {"uv": [1.5, 5.5, 0, 7], "texture": "#0"},
				"down": {"uv": [1.5, 9, 0, 11], "rotation": 270, "texture": "#0"}
			}
		},
		{
			"from": [7.9625, -1.82918, 2.1264],
			"to": [8.0125, 2.17082, 5.1264],
			"rotation": {"angle": -22.5, "axis": "x", "origin": [8, 4.32644, 8.0125]},
			"faces": {
				"east": {"uv": [1.5, 9, 3, 11], "texture": "#0"},
				"west": {"uv": [3, 9, 1.5, 11], "texture": "#0"}
			}
		},
		{
			"from": [7.9625, -1.82918, 10.8986],
			"to": [8.0125, 2.17082, 13.8986],
			"rotation": {"angle": 22.5, "axis": "x", "origin": [8, 4.32644, 8.0125]},
			"faces": {
				"east": {"uv": [3, 9, 1.5, 11], "texture": "#0"},
				"west": {"uv": [1.5, 9, 3, 11], "texture": "#0"}
			}
		},
		{
			"from": [7.0125, -1, 7.0125],
			"to": [9.0125, 8, 9.0125],
			"rotation": {"angle": 0, "axis": "y", "origin": [8, 4.32644, 8.0125]},
			"faces": {
				"north": {"uv": [5, 5, 4, 9.5], "texture": "#0"},
				"east": {"uv": [4, 5, 5, 9.5], "texture": "#0"},
				"south": {"uv": [5, 5, 4, 9.5], "texture": "#0"},
				"west": {"uv": [4, 5, 5, 9.5], "texture": "#0"}
			}
		},
		{
			"from": [5.50884, 8, 5.52134],
			"to": [10.50884, 10, 10.52134],
			"rotation": {"angle": 45, "axis": "y", "origin": [8, 4.32644, 8.0125]},
			"faces": {
				"north": {"uv": [11, 3, 8.5, 4], "texture": "#0"},
				"east": {"uv": [8.5, 3, 11, 4], "texture": "#0"},
				"south": {"uv": [11, 3, 8.5, 4], "texture": "#0"},
				"west": {"uv": [8.5, 3, 11, 4], "texture": "#0"},
				"up": {"uv": [4, 2.5, 1.5, 0], "rotation": 90, "texture": "#0"},
				"down": {"uv": [4, 2.5, 1.5, 5], "rotation": 270, "texture": "#0"}
			}
		},
		{
			"from": [5.50884, 15, 5.52134],
			"to": [10.50884, 17, 10.52134],
			"rotation": {"angle": 45, "axis": "y", "origin": [8, 4.32644, 8.0125]},
			"faces": {
				"north": {"uv": [11.5, 8.5, 9, 9.5], "texture": "#0"},
				"east": {"uv": [9, 8.5, 11.5, 9.5], "texture": "#0"},
				"south": {"uv": [11.5, 8.5, 9, 9.5], "texture": "#0"},
				"west": {"uv": [9, 8.5, 11.5, 9.5], "texture": "#0"},
				"up": {"uv": [6.5, 2.5, 4, 0], "rotation": 90, "texture": "#0"},
				"down": {"uv": [6.5, 2.5, 4, 5], "rotation": 270, "texture": "#0"}
			}
		},
		{
			"from": [6.50884, 10, 6.52134],
			"to": [9.50884, 15, 9.52134],
			"rotation": {"angle": 45, "axis": "y", "origin": [8, 4.32644, 8.0125]},
			"faces": {
				"north": {"uv": [9.5, 4, 8, 6.5], "texture": "#0"},
				"east": {"uv": [8, 4, 9.5, 6.5], "texture": "#0"},
				"south": {"uv": [9.5, 4, 8, 6.5], "texture": "#0"},
				"west": {"uv": [8, 4, 9.5, 6.5], "texture": "#0"}
			}
		},
		{
			"from": [6.0125, 12.58089, 16.26695],
			"to": [10.0125, 16.58089, 20.26695],
			"rotation": {"angle": -45, "axis": "x", "origin": [8, 4.32644, 8.0125]},
			"faces": {
				"north": {"uv": [0, 7, 2, 9], "texture": "#0"},
				"east": {"uv": [6.5, 2, 8.5, 4], "texture": "#0"},
				"south": {"uv": [5, 6.5, 7, 8.5], "texture": "#0"},
				"west": {"uv": [8.5, 2, 6.5, 4], "texture": "#0"},
				"up": {"uv": [4, 9, 2, 7], "rotation": 90, "texture": "#0"},
				"down": {"uv": [9, 6.5, 7, 8.5], "rotation": 270, "texture": "#0"}
			}
		},
		{
			"from": [7.5125, 11.15, 0.4125],
			"to": [8.5125, 14.15, 6.4125],
			"rotation": {"angle": 0, "axis": "y", "origin": [8, 4.32644, 8.0125]},
			"faces": {
				"north": {"uv": [7.5, 5, 8, 6.5], "texture": "#0"},
				"east": {"uv": [5, 5, 8, 6.5], "texture": "#0"},
				"west": {"uv": [8, 5, 5, 6.5], "texture": "#0"},
				"up": {"uv": [8, 5, 5, 5.5], "rotation": 90, "texture": "#0"},
				"down": {"uv": [8, 6, 5, 6.5], "rotation": 270, "texture": "#0"}
			}
		},
		{
			"from": [7.9625, 12.31062, -0.24967],
			"to": [8.0125, 16.31062, 4.75033],
			"rotation": {"angle": -22.5, "axis": "x", "origin": [8, 4.32644, 8.0125]},
			"faces": {
				"east": {"uv": [1.5, 5, 4, 7], "texture": "#0"},
				"west": {"uv": [4, 5, 1.5, 7], "texture": "#0"}
			}
		},
		{
			"from": [7.9625, 12.31062, 11.27467],
			"to": [8.0125, 16.31062, 16.27467],
			"rotation": {"angle": 22.5, "axis": "x", "origin": [8, 4.32644, 8.0125]},
			"faces": {
				"east": {"uv": [4, 5, 1.5, 7], "texture": "#0"},
				"west": {"uv": [1.5, 5, 4, 7], "texture": "#0"}
			}
		},
		{
			"from": [7.5125, 11.15, 9.6125],
			"to": [8.5125, 14.15, 15.6125],
			"rotation": {"angle": 0, "axis": "y", "origin": [8, 4.32644, 8.0125]},
			"faces": {
				"east": {"uv": [8, 5, 5, 6.5], "texture": "#0"},
				"south": {"uv": [8, 5, 7.5, 6.5], "texture": "#0"},
				"west": {"uv": [5, 5, 8, 6.5], "texture": "#0"},
				"up": {"uv": [5, 5, 8, 5.5], "rotation": 90, "texture": "#0"},
				"down": {"uv": [5, 6, 8, 6.5], "rotation": 270, "texture": "#0"}
			}
		},
		{
			"from": [7.9625, 15, 1.47697],
			"to": [8.0125, 19, 4.47697],
			"rotation": {"angle": 0, "axis": "y", "origin": [8, 4.32644, 8.0125]},
			"faces": {
				"east": {"uv": [9, 6.5, 10.5, 8.5], "texture": "#0"},
				"west": {"uv": [10.5, 6.5, 9, 8.5], "texture": "#0"}
			}
		},
		{
			"from": [7.9625, 15, 11.54803],
			"to": [8.0125, 19, 14.54803],
			"rotation": {"angle": 0, "axis": "y", "origin": [8, 4.32644, 8.0125]},
			"faces": {
				"east": {"uv": [10.5, 6.5, 9, 8.5], "texture": "#0"},
				"west": {"uv": [9, 6.5, 10.5, 8.5], "texture": "#0"}
			}
		}
	],
	"gui_light": "front",
	"display": {
		"thirdperson_righthand": {
			"translation": [0.25, 1.5, 2],
			"scale": [0.75, 0.75, 0.75]
		},
		"thirdperson_lefthand": {
			"translation": [0.25, 1.5, 2],
			"scale": [0.75, 0.75, 0.75]
		},
		"firstperson_righthand": {
			"rotation": [0, 22, 0],
			"translation": [1.75, 4, -0.75],
			"scale": [0.54883, 0.54883, 0.54883]
		},
		"firstperson_lefthand": {
			"rotation": [0, 22, 0],
			"translation": [1.75, 4, -0.75],
			"scale": [0.54883, 0.54883, 0.54883]
		},
		"ground": {
			"rotation": [94, 85, 0],
			"translation": [0, 0.25, -0.75],
			"scale": [0.5, 0.5, 0.5]
		},
		"gui": {
			"rotation": [-90, 45, 88],
			"translation": [-1, -0.5, 0],
			"scale": [0.515, 0.515, 0.515]
		},
		"head": {
			"rotation": [90, -171, 90],
			"translation": [0.75, 11.25, 0.25],
			"scale": [0.7, 0.7, 0.7]
		},
		"fixed": {
			"rotation": [0, 90, 0],
			"translation": [-0.5, -1, -1.25],
			"scale": [1.42109, 1.42109, 1.42109]
		}
	}
}