{
	"credit": "by w11shes",
	"texture_size": [8, 8],
	"textures": {
		"0": "elitecreatures:lunar_assortment/lunar_staff",
		"1": "elitecreatures:lunar_assortment/lunar_staff_particle",
		"particle": "elitecreatures:lunar_assortment/lunar_staff_e"
	},
	"elements": [
		{
			"from": [6, -4, 6],
			"to": [10, -1, 10],
			"rotation": {"angle": 0, "axis": "y", "origin": [8, 10.53723, 8]},
			"faces": {
				"north": {"uv": [9, 1.5, 11, 3], "texture": "#0"},
				"east": {"uv": [9, 0, 11, 1.5], "texture": "#0"},
				"south": {"uv": [9, 3, 11, 4.5], "texture": "#0"},
				"west": {"uv": [9, 0, 11, 1.5], "texture": "#0"},
				"up": {"uv": [9, 5, 7, 3], "rotation": 270, "texture": "#0"}
			}
		},
		{
			"from": [5.98, -1.15636, 16.86516],
			"to": [10.02, 1.67207, 19.69359],
			"rotation": {"angle": 45, "axis": "x", "origin": [8, 10.53723, 8]},
			"faces": {
				"east": {"uv": [8.5, 10, 7, 11.5], "texture": "#0"},
				"south": {"uv": [9, 7.5, 11, 9], "texture": "#0"},
				"west": {"uv": [7, 10, 8.5, 11.5], "texture": "#0"},
				"down": {"uv": [10.5, 9, 9, 11], "rotation": 90, "texture": "#0"}
			}
		},
		{
			"from": [8, -15.12229, 11.95569],
			"to": [8.05, -4.12229, 14.95569],
			"rotation": {"angle": 22.5, "axis": "x", "origin": [8, 10.53723, 8]},
			"faces": {
				"east": {"uv": [0, 0, 1.5, 5.5], "texture": "#0"},
				"west": {"uv": [0, 0, 1.5, 5.5], "texture": "#0"}
			}
		},
		{
			"from": [7, -1, 7],
			"to": [9, 12, 9],
			"rotation": {"angle": 0, "axis": "y", "origin": [8, 10.53723, 8]},
			"faces": {
				"north": {"uv": [1, 5.5, 0, 12], "texture": "#0"},
				"east": {"uv": [0, 5.5, 1, 12], "texture": "#0"},
				"south": {"uv": [1, 5.5, 0, 12], "texture": "#0"},
				"west": {"uv": [0, 5.5, 1, 12], "texture": "#0"}
			}
		},
		{
			"from": [5.5, 12, 5.5],
			"to": [10.5, 14, 10.5],
			"rotation": {"angle": 45, "axis": "y", "origin": [8, 10.53723, 8]},
			"faces": {
				"north": {"uv": [10, 6, 12.5, 7], "texture": "#0"},
				"east": {"uv": [12.5, 6, 10, 7], "texture": "#0"},
				"south": {"uv": [10, 6, 12.5, 7], "texture": "#0"},
				"west": {"uv": [12.5, 6, 10, 7], "texture": "#0"},
				"up": {"uv": [7, 2.5, 4.5, 0], "rotation": 270, "texture": "#0"},
				"down": {"uv": [7, 2.5, 4.5, 5], "rotation": 90, "texture": "#0"}
			}
		},
		{
			"from": [6.5, 14, 6.5],
			"to": [9.5, 20, 9.5],
			"rotation": {"angle": 45, "axis": "y", "origin": [8, 10.53723, 8]},
			"faces": {
				"north": {"uv": [12, 10, 13.5, 13], "texture": "#0"},
				"east": {"uv": [13.5, 10, 12, 13], "texture": "#0"},
				"south": {"uv": [12, 10, 13.5, 13], "texture": "#0"},
				"west": {"uv": [13.5, 10, 12, 13], "texture": "#0"}
			}
		},
		{
			"from": [6.5, 20.47106, -6.34804],
			"to": [9.5, 23.47106, -3.34804],
			"rotation": {"angle": 45, "axis": "x", "origin": [8, 10.53723, 8]},
			"faces": {
				"north": {"uv": [14.5, 0, 16, 1.5], "texture": "#0"},
				"east": {"uv": [14.5, 0, 16, 1.5], "texture": "#0"},
				"south": {"uv": [14.5, 0, 16, 1.5], "texture": "#0"},
				"west": {"uv": [14.5, 0, 16, 1.5], "texture": "#0"},
				"up": {"uv": [14.5, 0, 16, 1.5], "rotation": 270, "texture": "#0"},
				"down": {"uv": [14.5, 0, 16, 1.5], "rotation": 90, "texture": "#0"}
			}
		},
		{
			"from": [10.75, 24.72106, -2.09805],
			"to": [5.25, 19.22106, -7.59805],
			"rotation": {"angle": 45, "axis": "x", "origin": [8, 10.53723, 8]},
			"faces": {
				"north": {"uv": [14.5, 3, 16, 4.5], "texture": "#0"},
				"east": {"uv": [14.5, 3, 16, 4.5], "texture": "#0"},
				"south": {"uv": [14.5, 3, 16, 4.5], "texture": "#0"},
				"west": {"uv": [14.5, 3, 16, 4.5], "texture": "#0"},
				"up": {"uv": [14.5, 3, 16, 4.5], "rotation": 270, "texture": "#0"},
				"down": {"uv": [14.5, 3, 16, 4.5], "rotation": 90, "texture": "#0"}
			}
		},
		{
			"from": [9.95, 23.92106, -2.89805],
			"to": [6.05, 20.02106, -6.79805],
			"rotation": {"angle": 45, "axis": "x", "origin": [8, 10.53723, 8]},
			"faces": {
				"north": {"uv": [14.5, 1.5, 16, 3], "texture": "#0"},
				"east": {"uv": [14.5, 1.5, 16, 3], "texture": "#0"},
				"south": {"uv": [14.5, 1.5, 16, 3], "texture": "#0"},
				"west": {"uv": [14.5, 1.5, 16, 3], "texture": "#0"},
				"up": {"uv": [14.5, 1.5, 16, 3], "rotation": 270, "texture": "#0"},
				"down": {"uv": [14.5, 1.5, 16, 3], "rotation": 90, "texture": "#0"}
			}
		},
		{
			"from": [8, 12, 10.5],
			"to": [8.05, 16, 14.5],
			"rotation": {"angle": 0, "axis": "y", "origin": [8, 10.53723, 8]},
			"faces": {
				"east": {"uv": [3.5, 5, 1.5, 7], "texture": "#0"},
				"west": {"uv": [1.5, 5, 3.5, 7], "texture": "#0"}
			}
		},
		{
			"from": [8, -1.35641, 13.26286],
			"to": [8.05, 2.64359, 18.26286],
			"rotation": {"angle": 22.5, "axis": "x", "origin": [8, 10.53723, 8]},
			"faces": {
				"east": {"uv": [4, 5, 1.5, 7], "texture": "#0"},
				"west": {"uv": [1.5, 5, 4, 7], "texture": "#0"}
			}
		},
		{
			"from": [8, -1.35641, -2.26286],
			"to": [8.05, 2.64359, 2.73714],
			"rotation": {"angle": -22.5, "axis": "x", "origin": [8, 10.53723, 8]},
			"faces": {
				"east": {"uv": [1.5, 5, 4, 7], "texture": "#0"},
				"west": {"uv": [4, 5, 1.5, 7], "texture": "#0"}
			}
		},
		{
			"from": [8, 12, 1.5],
			"to": [8.05, 16, 5.5],
			"rotation": {"angle": 0, "axis": "y", "origin": [8, 10.53723, 8]},
			"faces": {
				"east": {"uv": [1.5, 5, 3.5, 7], "texture": "#0"},
				"west": {"uv": [3.5, 5, 1.5, 7], "texture": "#0"}
			}
		},
		{
			"from": [5, 18.72521, 2.84122],
			"to": [11, 23.72521, 6.84122],
			"rotation": {"angle": 22.5, "axis": "x", "origin": [8, 10.53723, 8]},
			"faces": {
				"north": {"uv": [1.5, 0, 4.5, 2.5], "texture": "#0"},
				"east": {"uv": [3, 7.5, 1, 10], "texture": "#0"},
				"south": {"uv": [1.5, 2.5, 4.5, 5], "texture": "#0"},
				"west": {"uv": [1, 7.5, 3, 10], "texture": "#0"},
				"up": {"uv": [8.5, 8, 6.5, 5], "rotation": 270, "texture": "#0"},
				"down": {"uv": [9, 0, 7, 3], "rotation": 90, "texture": "#0"}
			}
		},
		{
			"from": [5.98, 20, 5],
			"to": [10.02, 24, 7],
			"rotation": {"angle": 0, "axis": "y", "origin": [8, 10.53723, 8]},
			"faces": {
				"north": {"uv": [3, 7.5, 5, 9.5], "texture": "#0"},
				"east": {"uv": [12, 0, 11, 2], "texture": "#0"},
				"south": {"uv": [5, 8, 7, 10], "texture": "#0"},
				"west": {"uv": [11, 0, 12, 2], "texture": "#0"},
				"down": {"uv": [12, 2, 11, 4], "rotation": 90, "texture": "#0"}
			}
		},
		{
			"from": [6, 20.76395, 14.81251],
			"to": [10, 23.76395, 16.81251],
			"rotation": {"angle": -45, "axis": "x", "origin": [8, 10.53723, 8]},
			"faces": {
				"north": {"uv": [3, 9.5, 5, 11], "texture": "#0"},
				"east": {"uv": [7, 11.5, 6, 13], "texture": "#0"},
				"south": {"uv": [1, 10, 3, 11.5], "texture": "#0"},
				"west": {"uv": [6, 11.5, 7, 13], "texture": "#0"},
				"up": {"uv": [4, 13, 3, 11], "rotation": 270, "texture": "#0"}
			}
		},
		{
			"from": [6, 20.76395, 16.81251],
			"to": [10, 23.76395, 17.81251],
			"rotation": {"angle": -45, "axis": "x", "origin": [8, 10.53723, 8]},
			"faces": {
				"east": {"uv": [12, 2, 12.5, 3.5], "texture": "#0"},
				"west": {"uv": [12, 2, 12.5, 3.5], "texture": "#0"},
				"up": {"uv": [1.5, 7.5, 1, 5.5], "rotation": 270, "texture": "#0"}
			}
		},
		{
			"from": [10, 23.76395, 17.81251],
			"to": [6, 20.76395, 16.81251],
			"rotation": {"angle": -45, "axis": "x", "origin": [8, 10.53723, 8]},
			"faces": {
				"east": {"uv": [12, 3.5, 12.5, 2], "texture": "#0"},
				"west": {"uv": [12, 3.5, 12.5, 2], "texture": "#0"},
				"down": {"uv": [1, 7.5, 1.5, 5.5], "rotation": 90, "texture": "#0"}
			}
		},
		{
			"from": [6, 23.72521, 0.84122],
			"to": [10, 26.72521, 2.84122],
			"rotation": {"angle": 22.5, "axis": "x", "origin": [8, 10.53723, 8]},
			"faces": {
				"east": {"uv": [8, 11.5, 7, 13], "texture": "#0"},
				"west": {"uv": [7, 11.5, 8, 13], "texture": "#0"},
				"up": {"uv": [5, 13, 4, 11], "rotation": 270, "texture": "#0"}
			}
		},
		{
			"from": [10, 26.72522, 2.84122],
			"to": [6, 23.72522, 0.84122],
			"rotation": {"angle": 22.5, "axis": "x", "origin": [8, 10.53723, 8]},
			"faces": {
				"east": {"uv": [7, 13, 8, 11.5], "texture": "#0"},
				"west": {"uv": [8, 13, 7, 11.5], "texture": "#0"},
				"down": {"uv": [4, 13, 5, 11], "rotation": 90, "texture": "#0"}
			}
		},
		{
			"from": [6, 23.72521, 2.84122],
			"to": [10, 26.72521, 4.84122],
			"rotation": {"angle": 22.5, "axis": "x", "origin": [8, 10.53723, 8]},
			"faces": {
				"north": {"uv": [10, 4.5, 12, 6], "texture": "#0"},
				"east": {"uv": [11.5, 11.5, 10.5, 13], "texture": "#0"},
				"south": {"uv": [5, 10, 7, 11.5], "texture": "#0"},
				"west": {"uv": [10.5, 11.5, 11.5, 13], "texture": "#0"},
				"up": {"uv": [12, 9, 11, 7], "rotation": 270, "texture": "#0"}
			}
		},
		{
			"from": [6, 24.72521, 4.84122],
			"to": [10, 26.72521, 5.84122],
			"rotation": {"angle": 22.5, "axis": "x", "origin": [8, 10.53723, 8]},
			"faces": {
				"east": {"uv": [12, 3.5, 12.5, 4.5], "texture": "#0"},
				"south": {"uv": [8.5, 11, 10.5, 12], "texture": "#0"},
				"west": {"uv": [8.5, 10, 9, 11], "texture": "#0"},
				"up": {"uv": [8.5, 13.5, 8, 11.5], "rotation": 270, "texture": "#0"},
				"down": {"uv": [12, 11.5, 11.5, 13.5], "rotation": 90, "texture": "#0"}
			}
		},
		{
			"from": [4, 19, 10],
			"to": [6, 23, 12],
			"rotation": {"angle": 0, "axis": "y", "origin": [8, 10.53723, 8]},
			"faces": {
				"north": {"uv": [1, 11.5, 2, 13.5], "texture": "#0"},
				"east": {"uv": [2, 11.5, 3, 13.5], "texture": "#0"},
				"south": {"uv": [5, 11.5, 6, 13.5], "texture": "#0"},
				"west": {"uv": [0, 12, 1, 14], "texture": "#0"},
				"up": {"uv": [13, 1, 12, 0], "rotation": 270, "texture": "#0"},
				"down": {"uv": [13, 1, 12, 2], "rotation": 90, "texture": "#0"}
			}
		},
		{
			"from": [4.95, 18, 11],
			"to": [5, 21, 14],
			"rotation": {"angle": 0, "axis": "y", "origin": [8, 10.53723, 8]},
			"faces": {
				"east": {"uv": [12, 10, 10.5, 11.5], "texture": "#0"},
				"west": {"uv": [10.5, 10, 12, 11.5], "texture": "#0"}
			}
		},
		{
			"from": [11, 18, 11],
			"to": [11.05, 21, 14],
			"rotation": {"angle": 0, "axis": "y", "origin": [8, 10.53723, 8]},
			"faces": {
				"east": {"uv": [12, 10, 10.5, 11.5], "texture": "#0"},
				"west": {"uv": [10.5, 10, 12, 11.5], "texture": "#0"}
			}
		},
		{
			"from": [10, 19, 10],
			"to": [12, 23, 12],
			"rotation": {"angle": 0, "axis": "y", "origin": [8, 10.53723, 8]},
			"faces": {
				"north": {"uv": [2, 11.5, 1, 13.5], "texture": "#0"},
				"east": {"uv": [1, 12, 0, 14], "texture": "#0"},
				"south": {"uv": [6, 11.5, 5, 13.5], "texture": "#0"},
				"west": {"uv": [3, 11.5, 2, 13.5], "texture": "#0"},
				"up": {"uv": [13, 0, 12, 1], "rotation": 270, "texture": "#0"},
				"down": {"uv": [13, 2, 12, 1], "rotation": 90, "texture": "#0"}
			}
		},
		{
			"from": [5, 14.72521, 2.84122],
			"to": [5.05, 18.72521, 6.84122],
			"rotation": {"angle": 22.5, "axis": "x", "origin": [8, 10.53723, 8]},
			"faces": {
				"east": {"uv": [9, 8, 7, 10], "texture": "#0"},
				"west": {"uv": [7, 8, 9, 10], "texture": "#0"}
			}
		},
		{
			"from": [10.95, 14.72521, 2.84122],
			"to": [11, 18.72521, 6.84122],
			"rotation": {"angle": 22.5, "axis": "x", "origin": [8, 10.53723, 8]},
			"faces": {
				"east": {"uv": [9, 8, 7, 10], "texture": "#0"},
				"west": {"uv": [7, 8, 9, 10], "texture": "#0"}
			}
		},
		{
			"from": [4.80711, 24.1, 8.97868],
			"to": [5.60711, 24.9, 9.77868],
			"shade": false,
			"rotation": {"angle": -45, "axis": "y", "origin": [8, 10.53723, 8]},
			"faces": {
				"north": {"uv": [0, 14, 2, 16], "texture": "#1"},
				"east": {"uv": [0, 14, 2, 16], "texture": "#1"},
				"south": {"uv": [0, 14, 2, 16], "texture": "#1"},
				"west": {"uv": [0, 14, 2, 16], "texture": "#1"},
				"up": {"uv": [0, 14, 2, 16], "rotation": 270, "texture": "#1"},
				"down": {"uv": [0, 14, 2, 16], "rotation": 90, "texture": "#1"}
			}
		},
		{
			"from": [5.95711, 25.25, 10.12868],
			"to": [4.45711, 23.75, 8.62868],
			"shade": false,
			"rotation": {"angle": -45, "axis": "y", "origin": [8, 10.53723, 8]},
			"faces": {
				"north": {"uv": [2, 14, 4, 16], "texture": "#1"},
				"east": {"uv": [2, 14, 4, 16], "texture": "#1"},
				"south": {"uv": [2, 14, 4, 16], "texture": "#1"},
				"west": {"uv": [2, 14, 4, 16], "texture": "#1"},
				"up": {"uv": [2, 14, 4, 16], "rotation": 270, "texture": "#1"},
				"down": {"uv": [2, 14, 4, 16], "rotation": 90, "texture": "#1"}
			}
		},
		{
			"from": [4.75711, 25.05, 8.92868],
			"to": [5.65711, 25.95, 9.82868],
			"shade": false,
			"rotation": {"angle": -45, "axis": "y", "origin": [8, 10.53723, 8]},
			"faces": {
				"north": {"uv": [0, 12, 2, 14], "texture": "#1"},
				"east": {"uv": [0, 12, 2, 14], "texture": "#1"},
				"south": {"uv": [0, 12, 2, 14], "texture": "#1"},
				"west": {"uv": [0, 12, 2, 14], "texture": "#1"},
				"up": {"uv": [0, 12, 2, 14], "rotation": 270, "texture": "#1"},
				"down": {"uv": [0, 12, 2, 14], "rotation": 90, "texture": "#1"}
			}
		},
		{
			"from": [5.95711, 26.25, 10.12868],
			"to": [4.45711, 24.75, 8.62868],
			"shade": false,
			"rotation": {"angle": -45, "axis": "y", "origin": [8, 10.53723, 8]},
			"faces": {
				"north": {"uv": [2, 12, 4, 14], "texture": "#1"},
				"east": {"uv": [2, 12, 4, 14], "texture": "#1"},
				"south": {"uv": [2, 12, 4, 14], "texture": "#1"},
				"west": {"uv": [2, 12, 4, 14], "texture": "#1"},
				"up": {"uv": [2, 12, 4, 14], "rotation": 270, "texture": "#1"},
				"down": {"uv": [2, 12, 4, 14], "rotation": 90, "texture": "#1"}
			}
		},
		{
			"from": [4.70711, 26, 8.87868],
			"to": [5.70711, 27, 9.87868],
			"shade": false,
			"rotation": {"angle": -45, "axis": "y", "origin": [8, 10.53723, 8]},
			"faces": {
				"north": {"uv": [0, 10, 2, 12], "texture": "#1"},
				"east": {"uv": [0, 10, 2, 12], "texture": "#1"},
				"south": {"uv": [0, 10, 2, 12], "texture": "#1"},
				"west": {"uv": [0, 10, 2, 12], "texture": "#1"},
				"up": {"uv": [0, 10, 2, 12], "rotation": 270, "texture": "#1"},
				"down": {"uv": [0, 10, 2, 12], "rotation": 90, "texture": "#1"}
			}
		},
		{
			"from": [5.95711, 27.25, 10.12868],
			"to": [4.45711, 25.75, 8.62868],
			"shade": false,
			"rotation": {"angle": -45, "axis": "y", "origin": [8, 10.53723, 8]},
			"faces": {
				"north": {"uv": [2, 10, 4, 12], "texture": "#1"},
				"east": {"uv": [2, 10, 4, 12], "texture": "#1"},
				"south": {"uv": [2, 10, 4, 12], "texture": "#1"},
				"west": {"uv": [2, 10, 4, 12], "texture": "#1"},
				"up": {"uv": [2, 10, 4, 12], "rotation": 270, "texture": "#1"},
				"down": {"uv": [2, 10, 4, 12], "rotation": 90, "texture": "#1"}
			}
		},
		{
			"from": [4.70711, 27, 8.87868],
			"to": [5.70711, 28, 9.87868],
			"shade": false,
			"rotation": {"angle": -45, "axis": "y", "origin": [8, 10.53723, 8]},
			"faces": {
				"north": {"uv": [0, 8, 2, 10], "texture": "#1"},
				"east": {"uv": [0, 8, 2, 10], "texture": "#1"},
				"south": {"uv": [0, 8, 2, 10], "texture": "#1"},
				"west": {"uv": [0, 8, 2, 10], "texture": "#1"},
				"up": {"uv": [0, 8, 2, 10], "rotation": 270, "texture": "#1"},
				"down": {"uv": [0, 8, 2, 10], "rotation": 90, "texture": "#1"}
			}
		},
		{
			"from": [5.95711, 28.25, 10.12868],
			"to": [4.45711, 26.75, 8.62868],
			"shade": false,
			"rotation": {"angle": -45, "axis": "y", "origin": [8, 10.53723, 8]},
			"faces": {
				"north": {"uv": [2, 8, 4, 10], "texture": "#1"},
				"east": {"uv": [2, 8, 4, 10], "texture": "#1"},
				"south": {"uv": [2, 8, 4, 10], "texture": "#1"},
				"west": {"uv": [2, 8, 4, 10], "texture": "#1"},
				"up": {"uv": [2, 8, 4, 10], "rotation": 270, "texture": "#1"},
				"down": {"uv": [2, 8, 4, 10], "rotation": 90, "texture": "#1"}
			}
		},
		{
			"from": [4.70711, 28, 8.87868],
			"to": [5.70711, 29, 9.87868],
			"shade": false,
			"rotation": {"angle": -45, "axis": "y", "origin": [8, 10.53723, 8]},
			"faces": {
				"north": {"uv": [0, 6, 2, 8], "texture": "#1"},
				"east": {"uv": [0, 6, 2, 8], "texture": "#1"},
				"south": {"uv": [0, 6, 2, 8], "texture": "#1"},
				"west": {"uv": [0, 6, 2, 8], "texture": "#1"},
				"up": {"uv": [0, 6, 2, 8], "rotation": 270, "texture": "#1"},
				"down": {"uv": [0, 6, 2, 8], "rotation": 90, "texture": "#1"}
			}
		},
		{
			"from": [5.95711, 29.25, 10.12868],
			"to": [4.45711, 27.75, 8.62868],
			"shade": false,
			"rotation": {"angle": -45, "axis": "y", "origin": [8, 10.53723, 8]},
			"faces": {
				"north": {"uv": [2, 6, 4, 8], "texture": "#1"},
				"east": {"uv": [2, 6, 4, 8], "texture": "#1"},
				"south": {"uv": [2, 6, 4, 8], "texture": "#1"},
				"west": {"uv": [2, 6, 4, 8], "texture": "#1"},
				"up": {"uv": [2, 6, 4, 8], "rotation": 270, "texture": "#1"},
				"down": {"uv": [2, 6, 4, 8], "rotation": 90, "texture": "#1"}
			}
		},
		{
			"from": [4.75711, 29.05, 8.92868],
			"to": [5.65711, 29.95, 9.82868],
			"shade": false,
			"rotation": {"angle": -45, "axis": "y", "origin": [8, 10.53723, 8]},
			"faces": {
				"north": {"uv": [0, 4, 2, 6], "texture": "#1"},
				"east": {"uv": [0, 4, 2, 6], "texture": "#1"},
				"south": {"uv": [0, 4, 2, 6], "texture": "#1"},
				"west": {"uv": [0, 4, 2, 6], "texture": "#1"},
				"up": {"uv": [0, 4, 2, 6], "rotation": 270, "texture": "#1"},
				"down": {"uv": [0, 4, 2, 6], "rotation": 90, "texture": "#1"}
			}
		},
		{
			"from": [5.95711, 30.25, 10.12868],
			"to": [4.45711, 28.75, 8.62868],
			"shade": false,
			"rotation": {"angle": -45, "axis": "y", "origin": [8, 10.53723, 8]},
			"faces": {
				"north": {"uv": [2, 4, 4, 6], "texture": "#1"},
				"east": {"uv": [2, 4, 4, 6], "texture": "#1"},
				"south": {"uv": [2, 4, 4, 6], "texture": "#1"},
				"west": {"uv": [2, 4, 4, 6], "texture": "#1"},
				"up": {"uv": [2, 4, 4, 6], "rotation": 270, "texture": "#1"},
				"down": {"uv": [2, 4, 4, 6], "rotation": 90, "texture": "#1"}
			}
		},
		{
			"from": [4.80711, 30.1, 8.97868],
			"to": [5.60711, 30.9, 9.77868],
			"shade": false,
			"rotation": {"angle": -45, "axis": "y", "origin": [8, 10.53723, 8]},
			"faces": {
				"north": {"uv": [0, 2, 2, 4], "texture": "#1"},
				"east": {"uv": [0, 2, 2, 4], "texture": "#1"},
				"south": {"uv": [0, 2, 2, 4], "texture": "#1"},
				"west": {"uv": [0, 2, 2, 4], "texture": "#1"},
				"up": {"uv": [0, 2, 2, 4], "rotation": 270, "texture": "#1"},
				"down": {"uv": [0, 2, 2, 4], "rotation": 90, "texture": "#1"}
			}
		},
		{
			"from": [5.95711, 31.25, 10.12868],
			"to": [4.45711, 29.75, 8.62868],
			"shade": false,
			"rotation": {"angle": -45, "axis": "y", "origin": [8, 10.53723, 8]},
			"faces": {
				"north": {"uv": [2, 2, 4, 4], "texture": "#1"},
				"east": {"uv": [2, 2, 4, 4], "texture": "#1"},
				"south": {"uv": [2, 2, 4, 4], "texture": "#1"},
				"west": {"uv": [2, 2, 4, 4], "texture": "#1"},
				"up": {"uv": [2, 2, 4, 4], "rotation": 270, "texture": "#1"},
				"down": {"uv": [2, 2, 4, 4], "rotation": 90, "texture": "#1"}
			}
		},
		{
			"from": [4.80711, 23.1, 4.80711],
			"to": [5.60711, 23.9, 5.60711],
			"shade": false,
			"rotation": {"angle": -45, "axis": "y", "origin": [8, 10.53723, 8]},
			"faces": {
				"north": {"uv": [4, 14, 6, 16], "texture": "#1"},
				"east": {"uv": [4, 14, 6, 16], "texture": "#1"},
				"south": {"uv": [4, 14, 6, 16], "texture": "#1"},
				"west": {"uv": [4, 14, 6, 16], "texture": "#1"},
				"up": {"uv": [4, 14, 6, 16], "rotation": 270, "texture": "#1"},
				"down": {"uv": [4, 14, 6, 16], "rotation": 90, "texture": "#1"}
			}
		},
		{
			"from": [5.95711, 24.25, 5.95711],
			"to": [4.45711, 22.75, 4.45711],
			"shade": false,
			"rotation": {"angle": -45, "axis": "y", "origin": [8, 10.53723, 8]},
			"faces": {
				"north": {"uv": [6, 14, 8, 16], "texture": "#1"},
				"east": {"uv": [6, 14, 8, 16], "texture": "#1"},
				"south": {"uv": [6, 14, 8, 16], "texture": "#1"},
				"west": {"uv": [6, 14, 8, 16], "texture": "#1"},
				"up": {"uv": [6, 14, 8, 16], "rotation": 270, "texture": "#1"},
				"down": {"uv": [6, 14, 8, 16], "rotation": 90, "texture": "#1"}
			}
		},
		{
			"from": [4.75711, 24.05, 4.75711],
			"to": [5.65711, 24.95, 5.65711],
			"shade": false,
			"rotation": {"angle": -45, "axis": "y", "origin": [8, 10.53723, 8]},
			"faces": {
				"north": {"uv": [4, 12, 6, 14], "texture": "#1"},
				"east": {"uv": [4, 12, 6, 14], "texture": "#1"},
				"south": {"uv": [4, 12, 6, 14], "texture": "#1"},
				"west": {"uv": [4, 12, 6, 14], "texture": "#1"},
				"up": {"uv": [4, 12, 6, 14], "rotation": 270, "texture": "#1"},
				"down": {"uv": [4, 12, 6, 14], "rotation": 90, "texture": "#1"}
			}
		},
		{
			"from": [5.95711, 25.25, 5.95711],
			"to": [4.45711, 23.75, 4.45711],
			"shade": false,
			"rotation": {"angle": -45, "axis": "y", "origin": [8, 10.53723, 8]},
			"faces": {
				"north": {"uv": [6, 12, 8, 14], "texture": "#1"},
				"east": {"uv": [6, 12, 8, 14], "texture": "#1"},
				"south": {"uv": [6, 12, 8, 14], "texture": "#1"},
				"west": {"uv": [6, 12, 8, 14], "texture": "#1"},
				"up": {"uv": [6, 12, 8, 14], "rotation": 270, "texture": "#1"},
				"down": {"uv": [6, 12, 8, 14], "rotation": 90, "texture": "#1"}
			}
		},
		{
			"from": [4.70711, 25, 4.70711],
			"to": [5.70711, 26, 5.70711],
			"shade": false,
			"rotation": {"angle": -45, "axis": "y", "origin": [8, 10.53723, 8]},
			"faces": {
				"north": {"uv": [4, 10, 6, 12], "texture": "#1"},
				"east": {"uv": [4, 10, 6, 12], "texture": "#1"},
				"south": {"uv": [4, 10, 6, 12], "texture": "#1"},
				"west": {"uv": [4, 10, 6, 12], "texture": "#1"},
				"up": {"uv": [4, 10, 6, 12], "rotation": 270, "texture": "#1"},
				"down": {"uv": [4, 10, 6, 12], "rotation": 90, "texture": "#1"}
			}
		},
		{
			"from": [5.95711, 26.25, 5.95711],
			"to": [4.45711, 24.75, 4.45711],
			"shade": false,
			"rotation": {"angle": -45, "axis": "y", "origin": [8, 10.53723, 8]},
			"faces": {
				"north": {"uv": [6, 10, 8, 12], "texture": "#1"},
				"east": {"uv": [6, 10, 8, 12], "texture": "#1"},
				"south": {"uv": [6, 10, 8, 12], "texture": "#1"},
				"west": {"uv": [6, 10, 8, 12], "texture": "#1"},
				"up": {"uv": [6, 10, 8, 12], "rotation": 270, "texture": "#1"},
				"down": {"uv": [6, 10, 8, 12], "rotation": 90, "texture": "#1"}
			}
		},
		{
			"from": [4.70711, 26, 4.70711],
			"to": [5.70711, 27, 5.70711],
			"shade": false,
			"rotation": {"angle": -45, "axis": "y", "origin": [8, 10.53723, 8]},
			"faces": {
				"north": {"uv": [4, 8, 6, 10], "texture": "#1"},
				"east": {"uv": [4, 8, 6, 10], "texture": "#1"},
				"south": {"uv": [4, 8, 6, 10], "texture": "#1"},
				"west": {"uv": [4, 8, 6, 10], "texture": "#1"},
				"up": {"uv": [4, 8, 6, 10], "rotation": 270, "texture": "#1"},
				"down": {"uv": [4, 8, 6, 10], "rotation": 90, "texture": "#1"}
			}
		},
		{
			"from": [5.95711, 27.25, 5.95711],
			"to": [4.45711, 25.75, 4.45711],
			"shade": false,
			"rotation": {"angle": -45, "axis": "y", "origin": [8, 10.53723, 8]},
			"faces": {
				"north": {"uv": [6, 8, 8, 10], "texture": "#1"},
				"east": {"uv": [6, 8, 8, 10], "texture": "#1"},
				"south": {"uv": [6, 8, 8, 10], "texture": "#1"},
				"west": {"uv": [6, 8, 8, 10], "texture": "#1"},
				"up": {"uv": [6, 8, 8, 10], "rotation": 270, "texture": "#1"},
				"down": {"uv": [6, 8, 8, 10], "rotation": 90, "texture": "#1"}
			}
		},
		{
			"from": [4.70711, 27, 4.70711],
			"to": [5.70711, 28, 5.70711],
			"shade": false,
			"rotation": {"angle": -45, "axis": "y", "origin": [8, 10.53723, 8]},
			"faces": {
				"north": {"uv": [4, 6, 6, 8], "texture": "#1"},
				"east": {"uv": [4, 6, 6, 8], "texture": "#1"},
				"south": {"uv": [4, 6, 6, 8], "texture": "#1"},
				"west": {"uv": [4, 6, 6, 8], "texture": "#1"},
				"up": {"uv": [4, 6, 6, 8], "rotation": 270, "texture": "#1"},
				"down": {"uv": [4, 6, 6, 8], "rotation": 90, "texture": "#1"}
			}
		},
		{
			"from": [5.95711, 28.25, 5.95711],
			"to": [4.45711, 26.75, 4.45711],
			"shade": false,
			"rotation": {"angle": -45, "axis": "y", "origin": [8, 10.53723, 8]},
			"faces": {
				"north": {"uv": [6, 6, 8, 8], "texture": "#1"},
				"east": {"uv": [6, 6, 8, 8], "texture": "#1"},
				"south": {"uv": [6, 6, 8, 8], "texture": "#1"},
				"west": {"uv": [6, 6, 8, 8], "texture": "#1"},
				"up": {"uv": [6, 6, 8, 8], "rotation": 270, "texture": "#1"},
				"down": {"uv": [6, 6, 8, 8], "rotation": 90, "texture": "#1"}
			}
		},
		{
			"from": [4.75711, 28.05, 4.75711],
			"to": [5.65711, 28.95, 5.65711],
			"shade": false,
			"rotation": {"angle": -45, "axis": "y", "origin": [8, 10.53723, 8]},
			"faces": {
				"north": {"uv": [4, 4, 6, 6], "texture": "#1"},
				"east": {"uv": [4, 4, 6, 6], "texture": "#1"},
				"south": {"uv": [4, 4, 6, 6], "texture": "#1"},
				"west": {"uv": [4, 4, 6, 6], "texture": "#1"},
				"up": {"uv": [4, 4, 6, 6], "rotation": 270, "texture": "#1"},
				"down": {"uv": [4, 4, 6, 6], "rotation": 90, "texture": "#1"}
			}
		},
		{
			"from": [5.95711, 29.25, 5.95711],
			"to": [4.45711, 27.75, 4.45711],
			"shade": false,
			"rotation": {"angle": -45, "axis": "y", "origin": [8, 10.53723, 8]},
			"faces": {
				"north": {"uv": [6, 4, 8, 6], "texture": "#1"},
				"east": {"uv": [6, 4, 8, 6], "texture": "#1"},
				"south": {"uv": [6, 4, 8, 6], "texture": "#1"},
				"west": {"uv": [6, 4, 8, 6], "texture": "#1"},
				"up": {"uv": [6, 4, 8, 6], "rotation": 270, "texture": "#1"},
				"down": {"uv": [6, 4, 8, 6], "rotation": 90, "texture": "#1"}
			}
		},
		{
			"from": [4.80711, 29.1, 4.80711],
			"to": [5.60711, 29.9, 5.60711],
			"shade": false,
			"rotation": {"angle": -45, "axis": "y", "origin": [8, 10.53723, 8]},
			"faces": {
				"north": {"uv": [4, 2, 6, 4], "texture": "#1"},
				"east": {"uv": [4, 2, 6, 4], "texture": "#1"},
				"south": {"uv": [4, 2, 6, 4], "texture": "#1"},
				"west": {"uv": [4, 2, 6, 4], "texture": "#1"},
				"up": {"uv": [4, 2, 6, 4], "rotation": 270, "texture": "#1"},
				"down": {"uv": [4, 2, 6, 4], "rotation": 90, "texture": "#1"}
			}
		},
		{
			"from": [5.95711, 30.25, 5.95711],
			"to": [4.45711, 28.75, 4.45711],
			"shade": false,
			"rotation": {"angle": -45, "axis": "y", "origin": [8, 10.53723, 8]},
			"faces": {
				"north": {"uv": [6, 2, 8, 4], "texture": "#1"},
				"east": {"uv": [6, 2, 8, 4], "texture": "#1"},
				"south": {"uv": [6, 2, 8, 4], "texture": "#1"},
				"west": {"uv": [6, 2, 8, 4], "texture": "#1"},
				"up": {"uv": [6, 2, 8, 4], "rotation": 270, "texture": "#1"},
				"down": {"uv": [6, 2, 8, 4], "rotation": 90, "texture": "#1"}
			}
		},
		{
			"from": [8.97868, 23.1, 4.80711],
			"to": [9.77868, 23.9, 5.60711],
			"shade": false,
			"rotation": {"angle": -45, "axis": "y", "origin": [8, 10.53723, 8]},
			"faces": {
				"north": {"uv": [0, 14, 2, 16], "texture": "#1"},
				"east": {"uv": [0, 14, 2, 16], "texture": "#1"},
				"south": {"uv": [0, 14, 2, 16], "texture": "#1"},
				"west": {"uv": [0, 14, 2, 16], "texture": "#1"},
				"up": {"uv": [0, 14, 2, 16], "rotation": 270, "texture": "#1"},
				"down": {"uv": [0, 14, 2, 16], "rotation": 90, "texture": "#1"}
			}
		},
		{
			"from": [10.12868, 24.25, 5.95711],
			"to": [8.62868, 22.75, 4.45711],
			"shade": false,
			"rotation": {"angle": -45, "axis": "y", "origin": [8, 10.53723, 8]},
			"faces": {
				"north": {"uv": [2, 14, 4, 16], "texture": "#1"},
				"east": {"uv": [2, 14, 4, 16], "texture": "#1"},
				"south": {"uv": [2, 14, 4, 16], "texture": "#1"},
				"west": {"uv": [2, 14, 4, 16], "texture": "#1"},
				"up": {"uv": [2, 14, 4, 16], "rotation": 270, "texture": "#1"},
				"down": {"uv": [2, 14, 4, 16], "rotation": 90, "texture": "#1"}
			}
		},
		{
			"from": [8.92868, 24.05, 4.75711],
			"to": [9.82868, 24.95, 5.65711],
			"shade": false,
			"rotation": {"angle": -45, "axis": "y", "origin": [8, 10.53723, 8]},
			"faces": {
				"north": {"uv": [0, 12, 2, 14], "texture": "#1"},
				"east": {"uv": [0, 12, 2, 14], "texture": "#1"},
				"south": {"uv": [0, 12, 2, 14], "texture": "#1"},
				"west": {"uv": [0, 12, 2, 14], "texture": "#1"},
				"up": {"uv": [0, 12, 2, 14], "rotation": 270, "texture": "#1"},
				"down": {"uv": [0, 12, 2, 14], "rotation": 90, "texture": "#1"}
			}
		},
		{
			"from": [10.12868, 25.25, 5.95711],
			"to": [8.62868, 23.75, 4.45711],
			"shade": false,
			"rotation": {"angle": -45, "axis": "y", "origin": [8, 10.53723, 8]},
			"faces": {
				"north": {"uv": [2, 12, 4, 14], "texture": "#1"},
				"east": {"uv": [2, 12, 4, 14], "texture": "#1"},
				"south": {"uv": [2, 12, 4, 14], "texture": "#1"},
				"west": {"uv": [2, 12, 4, 14], "texture": "#1"},
				"up": {"uv": [2, 12, 4, 14], "rotation": 270, "texture": "#1"},
				"down": {"uv": [2, 12, 4, 14], "rotation": 90, "texture": "#1"}
			}
		},
		{
			"from": [8.87868, 25, 4.70711],
			"to": [9.87868, 26, 5.70711],
			"shade": false,
			"rotation": {"angle": -45, "axis": "y", "origin": [8, 10.53723, 8]},
			"faces": {
				"north": {"uv": [0, 10, 2, 12], "texture": "#1"},
				"east": {"uv": [0, 10, 2, 12], "texture": "#1"},
				"south": {"uv": [0, 10, 2, 12], "texture": "#1"},
				"west": {"uv": [0, 10, 2, 12], "texture": "#1"},
				"up": {"uv": [0, 10, 2, 12], "rotation": 270, "texture": "#1"},
				"down": {"uv": [0, 10, 2, 12], "rotation": 90, "texture": "#1"}
			}
		},
		{
			"from": [10.12868, 26.25, 5.95711],
			"to": [8.62868, 24.75, 4.45711],
			"shade": false,
			"rotation": {"angle": -45, "axis": "y", "origin": [8, 10.53723, 8]},
			"faces": {
				"north": {"uv": [2, 10, 4, 12], "texture": "#1"},
				"east": {"uv": [2, 10, 4, 12], "texture": "#1"},
				"south": {"uv": [2, 10, 4, 12], "texture": "#1"},
				"west": {"uv": [2, 10, 4, 12], "texture": "#1"},
				"up": {"uv": [2, 10, 4, 12], "rotation": 270, "texture": "#1"},
				"down": {"uv": [2, 10, 4, 12], "rotation": 90, "texture": "#1"}
			}
		},
		{
			"from": [8.87868, 26, 4.70711],
			"to": [9.87868, 27, 5.70711],
			"shade": false,
			"rotation": {"angle": -45, "axis": "y", "origin": [8, 10.53723, 8]},
			"faces": {
				"north": {"uv": [0, 8, 2, 10], "texture": "#1"},
				"east": {"uv": [0, 8, 2, 10], "texture": "#1"},
				"south": {"uv": [0, 8, 2, 10], "texture": "#1"},
				"west": {"uv": [0, 8, 2, 10], "texture": "#1"},
				"up": {"uv": [0, 8, 2, 10], "rotation": 270, "texture": "#1"},
				"down": {"uv": [0, 8, 2, 10], "rotation": 90, "texture": "#1"}
			}
		},
		{
			"from": [10.12868, 27.25, 5.95711],
			"to": [8.62868, 25.75, 4.45711],
			"shade": false,
			"rotation": {"angle": -45, "axis": "y", "origin": [8, 10.53723, 8]},
			"faces": {
				"north": {"uv": [2, 8, 4, 10], "texture": "#1"},
				"east": {"uv": [2, 8, 4, 10], "texture": "#1"},
				"south": {"uv": [2, 8, 4, 10], "texture": "#1"},
				"west": {"uv": [2, 8, 4, 10], "texture": "#1"},
				"up": {"uv": [2, 8, 4, 10], "rotation": 270, "texture": "#1"},
				"down": {"uv": [2, 8, 4, 10], "rotation": 90, "texture": "#1"}
			}
		},
		{
			"from": [8.87868, 27, 4.70711],
			"to": [9.87868, 28, 5.70711],
			"shade": false,
			"rotation": {"angle": -45, "axis": "y", "origin": [8, 10.53723, 8]},
			"faces": {
				"north": {"uv": [0, 6, 2, 8], "texture": "#1"},
				"east": {"uv": [0, 6, 2, 8], "texture": "#1"},
				"south": {"uv": [0, 6, 2, 8], "texture": "#1"},
				"west": {"uv": [0, 6, 2, 8], "texture": "#1"},
				"up": {"uv": [0, 6, 2, 8], "rotation": 270, "texture": "#1"},
				"down": {"uv": [0, 6, 2, 8], "rotation": 90, "texture": "#1"}
			}
		},
		{
			"from": [10.12868, 28.25, 5.95711],
			"to": [8.62868, 26.75, 4.45711],
			"shade": false,
			"rotation": {"angle": -45, "axis": "y", "origin": [8, 10.53723, 8]},
			"faces": {
				"north": {"uv": [2, 6, 4, 8], "texture": "#1"},
				"east": {"uv": [2, 6, 4, 8], "texture": "#1"},
				"south": {"uv": [2, 6, 4, 8], "texture": "#1"},
				"west": {"uv": [2, 6, 4, 8], "texture": "#1"},
				"up": {"uv": [2, 6, 4, 8], "rotation": 270, "texture": "#1"},
				"down": {"uv": [2, 6, 4, 8], "rotation": 90, "texture": "#1"}
			}
		},
		{
			"from": [8.92868, 28.05, 4.75711],
			"to": [9.82868, 28.95, 5.65711],
			"shade": false,
			"rotation": {"angle": -45, "axis": "y", "origin": [8, 10.53723, 8]},
			"faces": {
				"north": {"uv": [0, 4, 2, 6], "texture": "#1"},
				"east": {"uv": [0, 4, 2, 6], "texture": "#1"},
				"south": {"uv": [0, 4, 2, 6], "texture": "#1"},
				"west": {"uv": [0, 4, 2, 6], "texture": "#1"},
				"up": {"uv": [0, 4, 2, 6], "rotation": 270, "texture": "#1"},
				"down": {"uv": [0, 4, 2, 6], "rotation": 90, "texture": "#1"}
			}
		},
		{
			"from": [10.12868, 29.25, 5.95711],
			"to": [8.62868, 27.75, 4.45711],
			"shade": false,
			"rotation": {"angle": -45, "axis": "y", "origin": [8, 10.53723, 8]},
			"faces": {
				"north": {"uv": [2, 4, 4, 6], "texture": "#1"},
				"east": {"uv": [2, 4, 4, 6], "texture": "#1"},
				"south": {"uv": [2, 4, 4, 6], "texture": "#1"},
				"west": {"uv": [2, 4, 4, 6], "texture": "#1"},
				"up": {"uv": [2, 4, 4, 6], "rotation": 270, "texture": "#1"},
				"down": {"uv": [2, 4, 4, 6], "rotation": 90, "texture": "#1"}
			}
		},
		{
			"from": [8.97868, 29.1, 4.80711],
			"to": [9.77868, 29.9, 5.60711],
			"shade": false,
			"rotation": {"angle": -45, "axis": "y", "origin": [8, 10.53723, 8]},
			"faces": {
				"north": {"uv": [0, 2, 2, 4], "texture": "#1"},
				"east": {"uv": [0, 2, 2, 4], "texture": "#1"},
				"south": {"uv": [0, 2, 2, 4], "texture": "#1"},
				"west": {"uv": [0, 2, 2, 4], "texture": "#1"},
				"up": {"uv": [0, 2, 2, 4], "rotation": 270, "texture": "#1"},
				"down": {"uv": [0, 2, 2, 4], "rotation": 90, "texture": "#1"}
			}
		},
		{
			"from": [10.12868, 30.25, 5.95711],
			"to": [8.62868, 28.75, 4.45711],
			"shade": false,
			"rotation": {"angle": -45, "axis": "y", "origin": [8, 10.53723, 8]},
			"faces": {
				"north": {"uv": [2, 2, 4, 4], "texture": "#1"},
				"east": {"uv": [2, 2, 4, 4], "texture": "#1"},
				"south": {"uv": [2, 2, 4, 4], "texture": "#1"},
				"west": {"uv": [2, 2, 4, 4], "texture": "#1"},
				"up": {"uv": [2, 2, 4, 4], "rotation": 270, "texture": "#1"},
				"down": {"uv": [2, 2, 4, 4], "rotation": 90, "texture": "#1"}
			}
		},
		{
			"from": [8.97868, 24.85, 8.97868],
			"to": [9.77868, 25.65, 9.77868],
			"shade": false,
			"rotation": {"angle": -45, "axis": "y", "origin": [8, 10.53723, 8]},
			"faces": {
				"north": {"uv": [8, 14, 10, 16], "texture": "#1"},
				"east": {"uv": [8, 14, 10, 16], "texture": "#1"},
				"south": {"uv": [8, 14, 10, 16], "texture": "#1"},
				"west": {"uv": [8, 14, 10, 16], "texture": "#1"},
				"up": {"uv": [8, 14, 10, 16], "rotation": 270, "texture": "#1"},
				"down": {"uv": [8, 14, 10, 16], "rotation": 90, "texture": "#1"}
			}
		},
		{
			"from": [10.12868, 26, 10.12868],
			"to": [8.62868, 24.5, 8.62868],
			"shade": false,
			"rotation": {"angle": -45, "axis": "y", "origin": [8, 10.53723, 8]},
			"faces": {
				"north": {"uv": [10, 14, 12, 16], "texture": "#1"},
				"east": {"uv": [10, 14, 12, 16], "texture": "#1"},
				"south": {"uv": [10, 14, 12, 16], "texture": "#1"},
				"west": {"uv": [10, 14, 12, 16], "texture": "#1"},
				"up": {"uv": [10, 14, 12, 16], "rotation": 270, "texture": "#1"},
				"down": {"uv": [10, 14, 12, 16], "rotation": 90, "texture": "#1"}
			}
		},
		{
			"from": [8.92868, 25.8, 8.92868],
			"to": [9.82868, 26.7, 9.82868],
			"shade": false,
			"rotation": {"angle": -45, "axis": "y", "origin": [8, 10.53723, 8]},
			"faces": {
				"north": {"uv": [8, 12, 10, 14], "texture": "#1"},
				"east": {"uv": [8, 12, 10, 14], "texture": "#1"},
				"south": {"uv": [8, 12, 10, 14], "texture": "#1"},
				"west": {"uv": [8, 12, 10, 14], "texture": "#1"},
				"up": {"uv": [8, 12, 10, 14], "rotation": 270, "texture": "#1"},
				"down": {"uv": [8, 12, 10, 14], "rotation": 90, "texture": "#1"}
			}
		},
		{
			"from": [10.12868, 27, 10.12868],
			"to": [8.62868, 25.5, 8.62868],
			"shade": false,
			"rotation": {"angle": -45, "axis": "y", "origin": [8, 10.53723, 8]},
			"faces": {
				"north": {"uv": [10, 12, 12, 14], "texture": "#1"},
				"east": {"uv": [10, 12, 12, 14], "texture": "#1"},
				"south": {"uv": [10, 12, 12, 14], "texture": "#1"},
				"west": {"uv": [10, 12, 12, 14], "texture": "#1"},
				"up": {"uv": [10, 12, 12, 14], "rotation": 270, "texture": "#1"},
				"down": {"uv": [10, 12, 12, 14], "rotation": 90, "texture": "#1"}
			}
		},
		{
			"from": [8.87868, 26.75, 8.87868],
			"to": [9.87868, 27.75, 9.87868],
			"shade": false,
			"rotation": {"angle": -45, "axis": "y", "origin": [8, 10.53723, 8]},
			"faces": {
				"north": {"uv": [8, 10, 10, 12], "texture": "#1"},
				"east": {"uv": [8, 10, 10, 12], "texture": "#1"},
				"south": {"uv": [8, 10, 10, 12], "texture": "#1"},
				"west": {"uv": [8, 10, 10, 12], "texture": "#1"},
				"up": {"uv": [8, 10, 10, 12], "rotation": 270, "texture": "#1"},
				"down": {"uv": [8, 10, 10, 12], "rotation": 90, "texture": "#1"}
			}
		},
		{
			"from": [10.12868, 28, 10.12868],
			"to": [8.62868, 26.5, 8.62868],
			"shade": false,
			"rotation": {"angle": -45, "axis": "y", "origin": [8, 10.53723, 8]},
			"faces": {
				"north": {"uv": [10, 10, 12, 12], "texture": "#1"},
				"east": {"uv": [10, 10, 12, 12], "texture": "#1"},
				"south": {"uv": [10, 10, 12, 12], "texture": "#1"},
				"west": {"uv": [10, 10, 12, 12], "texture": "#1"},
				"up": {"uv": [10, 10, 12, 12], "rotation": 270, "texture": "#1"},
				"down": {"uv": [10, 10, 12, 12], "rotation": 90, "texture": "#1"}
			}
		},
		{
			"from": [8.87868, 27.75, 8.87868],
			"to": [9.87868, 28.75, 9.87868],
			"shade": false,
			"rotation": {"angle": -45, "axis": "y", "origin": [8, 10.53723, 8]},
			"faces": {
				"north": {"uv": [8, 8, 10, 10], "texture": "#1"},
				"east": {"uv": [8, 8, 10, 10], "texture": "#1"},
				"south": {"uv": [8, 8, 10, 10], "texture": "#1"},
				"west": {"uv": [8, 8, 10, 10], "texture": "#1"},
				"up": {"uv": [8, 8, 10, 10], "rotation": 270, "texture": "#1"},
				"down": {"uv": [8, 8, 10, 10], "rotation": 90, "texture": "#1"}
			}
		},
		{
			"from": [10.12868, 29, 10.12868],
			"to": [8.62868, 27.5, 8.62868],
			"shade": false,
			"rotation": {"angle": -45, "axis": "y", "origin": [8, 10.53723, 8]},
			"faces": {
				"north": {"uv": [10, 8, 12, 10], "texture": "#1"},
				"east": {"uv": [10, 8, 12, 10], "texture": "#1"},
				"south": {"uv": [10, 8, 12, 10], "texture": "#1"},
				"west": {"uv": [10, 8, 12, 10], "texture": "#1"},
				"up": {"uv": [10, 8, 12, 10], "rotation": 270, "texture": "#1"},
				"down": {"uv": [10, 8, 12, 10], "rotation": 90, "texture": "#1"}
			}
		},
		{
			"from": [8.87868, 28.75, 8.87868],
			"to": [9.87868, 29.75, 9.87868],
			"shade": false,
			"rotation": {"angle": -45, "axis": "y", "origin": [8, 10.53723, 8]},
			"faces": {
				"north": {"uv": [8, 6, 10, 8], "texture": "#1"},
				"east": {"uv": [8, 6, 10, 8], "texture": "#1"},
				"south": {"uv": [8, 6, 10, 8], "texture": "#1"},
				"west": {"uv": [8, 6, 10, 8], "texture": "#1"},
				"up": {"uv": [8, 6, 10, 8], "rotation": 270, "texture": "#1"},
				"down": {"uv": [8, 6, 10, 8], "rotation": 90, "texture": "#1"}
			}
		},
		{
			"from": [10.12868, 30, 10.12868],
			"to": [8.62868, 28.5, 8.62868],
			"shade": false,
			"rotation": {"angle": -45, "axis": "y", "origin": [8, 10.53723, 8]},
			"faces": {
				"north": {"uv": [10, 6, 12, 8], "texture": "#1"},
				"east": {"uv": [10, 6, 12, 8], "texture": "#1"},
				"south": {"uv": [10, 6, 12, 8], "texture": "#1"},
				"west": {"uv": [10, 6, 12, 8], "texture": "#1"},
				"up": {"uv": [10, 6, 12, 8], "rotation": 270, "texture": "#1"},
				"down": {"uv": [10, 6, 12, 8], "rotation": 90, "texture": "#1"}
			}
		},
		{
			"from": [8.92868, 29.8, 8.92868],
			"to": [9.82868, 30.7, 9.82868],
			"shade": false,
			"rotation": {"angle": -45, "axis": "y", "origin": [8, 10.53723, 8]},
			"faces": {
				"north": {"uv": [8, 4, 10, 6], "texture": "#1"},
				"east": {"uv": [8, 4, 10, 6], "texture": "#1"},
				"south": {"uv": [8, 4, 10, 6], "texture": "#1"},
				"west": {"uv": [8, 4, 10, 6], "texture": "#1"},
				"up": {"uv": [8, 4, 10, 6], "rotation": 270, "texture": "#1"},
				"down": {"uv": [8, 4, 10, 6], "rotation": 90, "texture": "#1"}
			}
		},
		{
			"from": [10.12868, 31, 10.12868],
			"to": [8.62868, 29.5, 8.62868],
			"shade": false,
			"rotation": {"angle": -45, "axis": "y", "origin": [8, 10.53723, 8]},
			"faces": {
				"north": {"uv": [10, 4, 12, 6], "texture": "#1"},
				"east": {"uv": [10, 4, 12, 6], "texture": "#1"},
				"south": {"uv": [10, 4, 12, 6], "texture": "#1"},
				"west": {"uv": [10, 4, 12, 6], "texture": "#1"},
				"up": {"uv": [10, 4, 12, 6], "rotation": 270, "texture": "#1"},
				"down": {"uv": [10, 4, 12, 6], "rotation": 90, "texture": "#1"}
			}
		},
		{
			"from": [8.97868, 30.85, 8.97868],
			"to": [9.77868, 31.65, 9.77868],
			"shade": false,
			"rotation": {"angle": -45, "axis": "y", "origin": [8, 10.53723, 8]},
			"faces": {
				"north": {"uv": [8, 2, 10, 4], "texture": "#1"},
				"east": {"uv": [8, 2, 10, 4], "texture": "#1"},
				"south": {"uv": [8, 2, 10, 4], "texture": "#1"},
				"west": {"uv": [8, 2, 10, 4], "texture": "#1"},
				"up": {"uv": [8, 2, 10, 4], "rotation": 270, "texture": "#1"},
				"down": {"uv": [8, 2, 10, 4], "rotation": 90, "texture": "#1"}
			}
		},
		{
			"from": [10.12868, 32, 10.12868],
			"to": [8.62868, 30.5, 8.62868],
			"shade": false,
			"rotation": {"angle": -45, "axis": "y", "origin": [8, 10.53723, 8]},
			"faces": {
				"north": {"uv": [10, 2, 12, 4], "texture": "#1"},
				"east": {"uv": [10, 2, 12, 4], "texture": "#1"},
				"south": {"uv": [10, 2, 12, 4], "texture": "#1"},
				"west": {"uv": [10, 2, 12, 4], "texture": "#1"},
				"up": {"uv": [10, 2, 12, 4], "rotation": 270, "texture": "#1"},
				"down": {"uv": [10, 2, 12, 4], "rotation": 90, "texture": "#1"}
			}
		}
	],
	"gui_light": "front",
	"display": {
		"thirdperson_righthand": {
			"rotation": [34, 42, 0],
			"translation": [-0.25, -1.25, 2],
			"scale": [0.75, 0.75, 0.75]
		},
		"thirdperson_lefthand": {
			"rotation": [34, 42, 0],
			"translation": [-0.25, -1.25, 2],
			"scale": [0.75, 0.75, 0.75]
		},
		"firstperson_righthand": {
			"rotation": [6, 38, 0],
			"translation": [-0.25, 0, -0.5],
			"scale": [0.54883, 0.54883, 0.54883]
		},
		"firstperson_lefthand": {
			"rotation": [6, 38, 0],
			"translation": [-0.25, 0, -0.5],
			"scale": [0.54883, 0.54883, 0.54883]
		},
		"ground": {
			"rotation": [94, 85, 0],
			"translation": [0, 0.25, -0.75],
			"scale": [0.5, 0.5, 0.5]
		},
		"gui": {
			"rotation": [-90, 45, 88],
			"translation": [1.75, -0.75, 0],
			"scale": [0.515, 0.515, 0.515]
		},
		"head": {
			"rotation": [90, -171, 90],
			"translation": [-2.25, 9.25, 0.25],
			"scale": [0.7, 0.7, 0.7]
		},
		"fixed": {
			"rotation": [0, 90, 0],
			"translation": [1.5, -6.75, -1.25],
			"scale": [1.42109, 1.42109, 1.42109]
		}
	},
	"groups": [
		0,
		1,
		2,
		3,
		4,
		5,
		6,
		7,
		8,
		9,
		10,
		11,
		12,
		{
			"name": "head",
			"origin": [8.75, 1.75, 8],
			"color": 0,
			"boneType": "",
			"children": [13, 14, 15, 16, 17, 18, 19, 20, 21, 22, 23, 24, 25, 26, 27]
		},
		{
			"name": "particles",
			"origin": [8, 8, 8],
			"color": 0,
			"boneType": "",
			"children": [
				{
					"name": "particles1",
					"origin": [0, 0, 0],
					"color": 0,
					"boneType": "",
					"children": [
						{
							"name": "particle1",
							"origin": [0, 0, 0],
							"color": 0,
							"boneType": "",
							"children": [28, 29]
						},
						{
							"name": "particle2",
							"origin": [0, 0, 0],
							"color": 0,
							"boneType": "",
							"children": [30, 31]
						},
						{
							"name": "particle3",
							"origin": [0, 0, 0],
							"color": 0,
							"boneType": "",
							"children": [32, 33]
						},
						{
							"name": "particle4",
							"origin": [0, 0, 0],
							"color": 0,
							"boneType": "",
							"children": [34, 35]
						},
						{
							"name": "particle5",
							"origin": [0, 0, 0],
							"color": 0,
							"boneType": "",
							"children": [36, 37]
						},
						{
							"name": "particle6",
							"origin": [0, 0, 0],
							"color": 0,
							"boneType": "",
							"children": [38, 39]
						},
						{
							"name": "particle7",
							"origin": [0, 0, 0],
							"color": 0,
							"boneType": "",
							"children": [40, 41]
						}
					]
				},
				{
					"name": "particles2",
					"origin": [0, 0, 0],
					"color": 0,
					"boneType": "",
					"children": [
						{
							"name": "particle1",
							"origin": [0, 0, 0],
							"color": 0,
							"boneType": "",
							"children": [42, 43]
						},
						{
							"name": "particle2",
							"origin": [0, 0, 0],
							"color": 0,
							"boneType": "",
							"children": [44, 45]
						},
						{
							"name": "particle3",
							"origin": [0, 0, 0],
							"color": 0,
							"boneType": "",
							"children": [46, 47]
						},
						{
							"name": "particle4",
							"origin": [0, 0, 0],
							"color": 0,
							"boneType": "",
							"children": [48, 49]
						},
						{
							"name": "particle5",
							"origin": [0, 0, 0],
							"color": 0,
							"boneType": "",
							"children": [50, 51]
						},
						{
							"name": "particle6",
							"origin": [0, 0, 0],
							"color": 0,
							"boneType": "",
							"children": [52, 53]
						},
						{
							"name": "particle7",
							"origin": [0, 0, 0],
							"color": 0,
							"boneType": "",
							"children": [54, 55]
						}
					]
				},
				{
					"name": "particles3",
					"origin": [0, 0, 0],
					"color": 0,
					"boneType": "",
					"children": [
						{
							"name": "particle1",
							"origin": [0, 0, 0],
							"color": 0,
							"boneType": "",
							"children": [56, 57]
						},
						{
							"name": "particle2",
							"origin": [0, 0, 0],
							"color": 0,
							"boneType": "",
							"children": [58, 59]
						},
						{
							"name": "particle3",
							"origin": [0, 0, 0],
							"color": 0,
							"boneType": "",
							"children": [60, 61]
						},
						{
							"name": "particle4",
							"origin": [0, 0, 0],
							"color": 0,
							"boneType": "",
							"children": [62, 63]
						},
						{
							"name": "particle5",
							"origin": [0, 0, 0],
							"color": 0,
							"boneType": "",
							"children": [64, 65]
						},
						{
							"name": "particle6",
							"origin": [0, 0, 0],
							"color": 0,
							"boneType": "",
							"children": [66, 67]
						},
						{
							"name": "particle7",
							"origin": [0, 0, 0],
							"color": 0,
							"boneType": "",
							"children": [68, 69]
						}
					]
				},
				{
					"name": "particles4",
					"origin": [0, 0, 0],
					"color": 0,
					"boneType": "",
					"children": [
						{
							"name": "particle1",
							"origin": [0, 0, 0],
							"color": 0,
							"boneType": "",
							"children": [70, 71]
						},
						{
							"name": "particle2",
							"origin": [0, 0, 0],
							"color": 0,
							"boneType": "",
							"children": [72, 73]
						},
						{
							"name": "particle3",
							"origin": [0, 0, 0],
							"color": 0,
							"boneType": "",
							"children": [74, 75]
						},
						{
							"name": "particle4",
							"origin": [0, 0, 0],
							"color": 0,
							"boneType": "",
							"children": [76, 77]
						},
						{
							"name": "particle5",
							"origin": [0, 0, 0],
							"color": 0,
							"boneType": "",
							"children": [78, 79]
						},
						{
							"name": "particle6",
							"origin": [0, 0, 0],
							"color": 0,
							"boneType": "",
							"children": [80, 81]
						},
						{
							"name": "particle7",
							"origin": [0, 0, 0],
							"color": 0,
							"boneType": "",
							"children": [82, 83]
						}
					]
				}
			]
		}
	]
}