{
	"credit": "by w11shes",
	"texture_size": [32, 32],
	"textures": {
		"1": "elitecreatures:lunar_assortment/lunar_sword"
	},
	"elements": [
		{
			"from": [3.69291, 5.1225, 6.40244],
			"to": [9.69291, 10.1225, 10.40244],
			"rotation": {"angle": 22.5, "axis": "x", "origin": [6.69291, 6.33454, 8]},
			"faces": {
				"north": {"uv": [3.5, 0, 6.5, 2.5], "texture": "#1"},
				"east": {"uv": [8, 0, 10, 2.5], "texture": "#1"},
				"south": {"uv": [3.5, 2.5, 6.5, 5], "texture": "#1"},
				"west": {"uv": [10, 0, 8, 2.5], "texture": "#1"},
				"up": {"uv": [8.5, 7.5, 6.5, 4.5], "rotation": 270, "texture": "#1"},
				"down": {"uv": [8.5, 7.5, 6.5, 10.5], "rotation": 90, "texture": "#1"}
			}
		},
		{
			"from": [9.64291, 1.1225, 6.40244],
			"to": [9.69291, 5.1225, 10.40244],
			"rotation": {"angle": 22.5, "axis": "x", "origin": [6.69291, 6.33454, 8]},
			"faces": {
				"east": {"uv": [8.5, 4.5, 10.5, 6.5], "texture": "#1"},
				"west": {"uv": [10.5, 4.5, 8.5, 6.5], "texture": "#1"}
			}
		},
		{
			"from": [4.67291, 5.75, 4.69291],
			"to": [8.71291, 9.75, 6.69291],
			"rotation": {"angle": 0, "axis": "y", "origin": [6.69291, 6.33454, 8]},
			"faces": {
				"north": {"uv": [8, 2.5, 10, 4.5], "texture": "#1"},
				"east": {"uv": [0, 10.5, 1, 12.5], "texture": "#1"},
				"south": {"uv": [0, 8.5, 2, 10.5], "texture": "#1"},
				"west": {"uv": [1, 10.5, 0, 12.5], "texture": "#1"},
				"down": {"uv": [2, 10.5, 1, 12.5], "rotation": 90, "texture": "#1"}
			}
		},
		{
			"from": [4.69291, 9.67389, 7.49084],
			"to": [8.69291, 12.67389, 9.49084],
			"rotation": {"angle": -45, "axis": "x", "origin": [6.69291, 6.33454, 8]},
			"faces": {
				"north": {"uv": [8.5, 6.5, 10.5, 8], "texture": "#1"},
				"east": {"uv": [9.5, 11, 10.5, 12.5], "texture": "#1"},
				"south": {"uv": [8.5, 8, 10.5, 9.5], "texture": "#1"},
				"west": {"uv": [10.5, 11, 9.5, 12.5], "texture": "#1"},
				"up": {"uv": [11.5, 5, 10.5, 3], "rotation": 270, "texture": "#1"}
			}
		},
		{
			"from": [4.69291, 9.67389, 9.49084],
			"to": [8.69291, 12.67389, 10.49084],
			"rotation": {"angle": -45, "axis": "x", "origin": [6.69291, 6.33454, 8]},
			"faces": {
				"east": {"uv": [3, 8.5, 3.5, 10], "texture": "#1"},
				"west": {"uv": [3, 8.5, 3.5, 10], "texture": "#1"},
				"up": {"uv": [12, 11.5, 11.5, 9.5], "rotation": 270, "texture": "#1"}
			}
		},
		{
			"from": [8.69291, 12.67389, 10.49084],
			"to": [4.69291, 9.67389, 9.49084],
			"rotation": {"angle": -45, "axis": "x", "origin": [6.69291, 6.33454, 8]},
			"faces": {
				"east": {"uv": [3, 10, 3.5, 8.5], "texture": "#1"},
				"west": {"uv": [3, 10, 3.5, 8.5], "texture": "#1"},
				"down": {"uv": [11.5, 11.5, 12, 9.5], "rotation": 90, "texture": "#1"}
			}
		},
		{
			"from": [8.69291, 13.1225, 6.40244],
			"to": [4.69291, 10.1225, 4.40244],
			"rotation": {"angle": 22.5, "axis": "x", "origin": [6.69291, 6.33454, 8]},
			"faces": {
				"east": {"uv": [12.5, 7.5, 11.5, 6], "texture": "#1"},
				"west": {"uv": [11.5, 7.5, 12.5, 6], "texture": "#1"},
				"down": {"uv": [8.5, 13, 9.5, 11], "rotation": 90, "texture": "#1"}
			}
		},
		{
			"from": [4.69291, 10.1225, 4.40244],
			"to": [8.69291, 13.1225, 6.40244],
			"rotation": {"angle": 22.5, "axis": "x", "origin": [6.69291, 6.33454, 8]},
			"faces": {
				"east": {"uv": [11.5, 6, 12.5, 7.5], "texture": "#1"},
				"west": {"uv": [12.5, 6, 11.5, 7.5], "texture": "#1"},
				"up": {"uv": [9.5, 13, 8.5, 11], "rotation": 270, "texture": "#1"}
			}
		},
		{
			"from": [4.69291, 10.1225, 6.40244],
			"to": [8.69291, 13.1225, 8.40244],
			"rotation": {"angle": 22.5, "axis": "x", "origin": [6.69291, 6.33454, 8]},
			"faces": {
				"north": {"uv": [8.5, 9.5, 10.5, 11], "texture": "#1"},
				"east": {"uv": [10.5, 11, 11.5, 12.5], "texture": "#1"},
				"south": {"uv": [10, 0, 12, 1.5], "texture": "#1"},
				"west": {"uv": [11.5, 11, 10.5, 12.5], "texture": "#1"},
				"up": {"uv": [11.5, 7, 10.5, 5], "rotation": 270, "texture": "#1"}
			}
		},
		{
			"from": [4.69291, 11.1225, 8.40244],
			"to": [8.69291, 13.1225, 9.40244],
			"rotation": {"angle": 22.5, "axis": "x", "origin": [6.69291, 6.33454, 8]},
			"faces": {
				"east": {"uv": [4.5, 10, 5, 11], "texture": "#1"},
				"south": {"uv": [6.5, 10.5, 8.5, 11.5], "texture": "#1"},
				"west": {"uv": [10, 3, 10.5, 4], "texture": "#1"},
				"up": {"uv": [7, 13.5, 6.5, 11.5], "rotation": 270, "texture": "#1"},
				"down": {"uv": [7.5, 11.5, 7, 13.5], "rotation": 90, "texture": "#1"}
			}
		},
		{
			"from": [8.69291, 4.75, 9.69291],
			"to": [10.69291, 8.75, 11.69291],
			"rotation": {"angle": 0, "axis": "y", "origin": [6.69291, 6.33454, 8]},
			"faces": {
				"north": {"uv": [10.5, 9, 11.5, 11], "texture": "#1"},
				"east": {"uv": [4.5, 11, 5.5, 13], "texture": "#1"},
				"south": {"uv": [5.5, 11, 6.5, 13], "texture": "#1"},
				"west": {"uv": [10.5, 7, 11.5, 9], "texture": "#1"},
				"up": {"uv": [12.5, 8.5, 11.5, 7.5], "rotation": 270, "texture": "#1"},
				"down": {"uv": [12.5, 8.5, 11.5, 9.5], "rotation": 90, "texture": "#1"}
			}
		},
		{
			"from": [9.69291, 3.75, 10.69291],
			"to": [9.74291, 6.75, 13.69291],
			"rotation": {"angle": 0, "axis": "y", "origin": [6.69291, 6.33454, 8]},
			"faces": {
				"east": {"uv": [3, 10, 4.5, 11.5], "texture": "#1"},
				"west": {"uv": [4.5, 10, 3, 11.5], "texture": "#1"}
			}
		},
		{
			"from": [2.69291, 4.75, 9.69291],
			"to": [4.69291, 8.75, 11.69291],
			"rotation": {"angle": 0, "axis": "y", "origin": [6.69291, 6.33454, 8]},
			"faces": {
				"north": {"uv": [11.5, 9, 10.5, 11], "texture": "#1"},
				"east": {"uv": [11.5, 7, 10.5, 9], "texture": "#1"},
				"south": {"uv": [6.5, 11, 5.5, 13], "texture": "#1"},
				"west": {"uv": [5.5, 11, 4.5, 13], "texture": "#1"},
				"up": {"uv": [12.5, 7.5, 11.5, 8.5], "rotation": 270, "texture": "#1"},
				"down": {"uv": [12.5, 9.5, 11.5, 8.5], "rotation": 90, "texture": "#1"}
			}
		},
		{
			"from": [3.64291, 3.75, 10.69291],
			"to": [3.69291, 6.75, 13.69291],
			"rotation": {"angle": 0, "axis": "y", "origin": [6.69291, 6.33454, 8]},
			"faces": {
				"east": {"uv": [3, 10, 4.5, 11.5], "texture": "#1"},
				"west": {"uv": [4.5, 10, 3, 11.5], "texture": "#1"}
			}
		},
		{
			"from": [3.69291, 1.1225, 6.40244],
			"to": [3.74291, 5.1225, 10.40244],
			"rotation": {"angle": 22.5, "axis": "x", "origin": [6.69291, 6.33454, 8]},
			"faces": {
				"east": {"uv": [8.5, 4.5, 10.5, 6.5], "texture": "#1"},
				"west": {"uv": [10.5, 4.5, 8.5, 6.5], "texture": "#1"}
			}
		},
		{
			"from": [5.69291, -1.25, 5.69291],
			"to": [7.69291, 6.75, 7.69291],
			"rotation": {"angle": 0, "axis": "y", "origin": [6.69291, 6.33454, 8]},
			"faces": {
				"north": {"uv": [2, 8.5, 3, 12.5], "texture": "#1"},
				"east": {"uv": [3, 8.5, 2, 12.5], "texture": "#1"},
				"south": {"uv": [2, 8.5, 3, 12.5], "texture": "#1"},
				"west": {"uv": [3, 8.5, 2, 12.5], "texture": "#1"}
			}
		},
		{
			"from": [5.19291, -4.25, 5.19291],
			"to": [8.19291, -1.25, 8.19291],
			"rotation": {"angle": 0, "axis": "y", "origin": [6.69291, 6.33454, 8]},
			"faces": {
				"north": {"uv": [12, 0, 13.5, 1.5], "texture": "#1"},
				"east": {"uv": [11.5, 3, 13, 4.5], "texture": "#1"},
				"south": {"uv": [3, 11.5, 4.5, 13], "texture": "#1"},
				"west": {"uv": [11.5, 1.5, 13, 3], "texture": "#1"},
				"up": {"uv": [6.5, 11, 5, 9.5], "rotation": 270, "texture": "#1"}
			}
		},
		{
			"from": [5.17291, -3.13477, 13.49949],
			"to": [8.21291, -1.01345, 15.62081],
			"rotation": {"angle": 45, "axis": "x", "origin": [6.69291, 6.33454, 8]},
			"faces": {
				"east": {"uv": [7.5, 11.5, 8.5, 12.5], "texture": "#1"},
				"south": {"uv": [12.5, 4.5, 14, 5.5], "texture": "#1"},
				"west": {"uv": [8.5, 11.5, 7.5, 12.5], "texture": "#1"},
				"down": {"uv": [12.5, 4.5, 11.5, 6], "rotation": 90, "texture": "#1"}
			}
		},
		{
			"from": [6.19291, 7.75, 5.69291],
			"to": [7.19291, 17.75, 8.69291],
			"rotation": {"angle": 0, "axis": "y", "origin": [6.69291, 6.33454, 8]},
			"faces": {
				"north": {"uv": [4.5, 5, 5, 10], "texture": "#1"},
				"east": {"uv": [3.5, 5, 5, 10], "texture": "#1"},
				"south": {"uv": [3.5, 5, 4, 10], "texture": "#1"},
				"west": {"uv": [5, 5, 3.5, 10], "texture": "#1"},
				"up": {"uv": [3.5, 5, 5, 5.5], "rotation": 270, "texture": "#1"}
			}
		},
		{
			"from": [6.19291, 15.75, 3.69291],
			"to": [7.19291, 24.75, 6.69291],
			"rotation": {"angle": 0, "axis": "y", "origin": [6.69291, 6.33454, 8]},
			"faces": {
				"north": {"uv": [7.5, 0, 8, 4.5], "texture": "#1"},
				"east": {"uv": [6.5, 0, 8, 4.5], "texture": "#1"},
				"south": {"uv": [6.5, 0, 7, 4.5], "texture": "#1"},
				"west": {"uv": [8, 0, 6.5, 4.5], "texture": "#1"},
				"up": {"uv": [6.5, 0, 8, 0.5], "rotation": 270, "texture": "#1"},
				"down": {"uv": [6.5, 4, 8, 4.5], "rotation": 90, "texture": "#1"}
			}
		},
		{
			"from": [6.69291, 13.75, 1.69291],
			"to": [6.74291, 30.75, 8.69291],
			"rotation": {"angle": 0, "axis": "y", "origin": [6.69291, 6.33454, 8]},
			"faces": {
				"east": {"uv": [0, 0, 3.5, 8.5], "texture": "#1"},
				"west": {"uv": [3.5, 0, 0, 8.5], "texture": "#1"}
			}
		},
		{
			"from": [6.69291, -15.29069, 9.15935],
			"to": [6.74291, -4.29069, 12.15935],
			"rotation": {"angle": 22.5, "axis": "x", "origin": [6.69291, 6.33454, 8]},
			"faces": {
				"east": {"uv": [14.5, 0, 16, 5.5], "texture": "#1"},
				"west": {"uv": [14.5, 0, 16, 5.5], "texture": "#1"}
			}
		},
		{
			"from": [6.69291, -2.59884, 11.0807],
			"to": [6.74291, 1.40116, 14.0807],
			"rotation": {"angle": 22.5, "axis": "x", "origin": [6.69291, 6.33454, 8]},
			"faces": {
				"east": {"uv": [1.5, 12.5, 0, 14.5], "texture": "#1"},
				"west": {"uv": [0, 12.5, 1.5, 14.5], "texture": "#1"}
			}
		},
		{
			"from": [6.69291, -1.59844, -0.49589],
			"to": [6.74291, 2.40156, 2.50411],
			"rotation": {"angle": -22.5, "axis": "x", "origin": [6.69291, 6.33454, 8]},
			"faces": {
				"east": {"uv": [0, 12.5, 1.5, 14.5], "texture": "#1"},
				"west": {"uv": [1.5, 12.5, 0, 14.5], "texture": "#1"}
			}
		}
	],
	"gui_light": "front",
	"display": {
		"thirdperson_righthand": {
			"translation": [0.75, 2.75, 2],
			"scale": [0.75, 0.75, 0.75]
		},
		"thirdperson_lefthand": {
			"translation": [0.75, 2.75, 2],
			"scale": [0.75, 0.75, 0.75]
		},
		"firstperson_righthand": {
			"rotation": [0, 22, 0],
			"translation": [2.75, 1.75, -2.5],
			"scale": [0.54883, 0.54883, 0.54883]
		},
		"firstperson_lefthand": {
			"rotation": [0, 22, 0],
			"translation": [2.75, 1.75, -2.5],
			"scale": [0.54883, 0.54883, 0.54883]
		},
		"ground": {
			"rotation": [94, 85, 0],
			"translation": [0, 0.25, -0.75],
			"scale": [0.5, 0.5, 0.5]
		},
		"gui": {
			"rotation": [-90, 45, 90],
			"translation": [1.75, -0.75, 0],
			"scale": [0.515, 0.515, 0.515]
		},
		"head": {
			"rotation": [90, -171, 90],
			"translation": [-2.25, 9.25, 0.25],
			"scale": [0.7, 0.7, 0.7]
		},
		"fixed": {
			"rotation": [0, 90, 0],
			"translation": [1.5, -6.75, -1.25],
			"scale": [1.42109, 1.42109, 1.42109]
		}
	},
	"groups": [
		{
			"name": "head",
			"origin": [8.75, 1.75, 8],
			"color": 0,
			"boneType": "",
			"children": [0, 1, 2, 3, 4, 5, 6, 7, 8, 9, 10, 11, 12, 13, 14]
		},
		15,
		16,
		17,
		18,
		19,
		20,
		21,
		22,
		23
	]
}