{
	"credit": "Made with Blockbench",
	"texture_size": [128, 128],
	"textures": {
		"0": "elitecreatures:scarecrow_animated_weapon_set/scarecrow_texture",
		"1": "elitecreatures:scarecrow_animated_weapon_set/scarecrow_animation_01",
		"2": "elitecreatures:scarecrow_animated_weapon_set/scarecrow_animation_02",
		"particle": "elitecreatures:scarecrow_animated_weapon_set/scarecrow_texture"
	},
	"elements": [
		{
			"from": [3.4, 1, 1.5],
			"to": [3.4, 6, 9.5],
			"rotation": {"angle": -22.5, "axis": "x", "origin": [4.5, 5, 9.5]},
			"faces": {
				"north": {"uv": [0, 0, 0, 0.625], "texture": "#0"},
				"east": {"uv": [4.25, 0.75, 3.25, 1.375], "texture": "#0"},
				"south": {"uv": [0, 0, 0, 0.625], "texture": "#0"},
				"west": {"uv": [2.25, 0.75, 3.25, 1.375], "texture": "#0"},
				"up": {"uv": [0, 0, 0, 1], "texture": "#0"},
				"down": {"uv": [0, 0, 0, 1], "texture": "#0"}
			}
		},
		{
			"from": [12.6, 1, 1.5],
			"to": [12.6, 6, 9.5],
			"rotation": {"angle": -22.5, "axis": "x", "origin": [11.5, 5, 9.5]},
			"faces": {
				"north": {"uv": [0, 0, 0, 0.625], "texture": "#0"},
				"east": {"uv": [3.25, 0.75, 2.25, 1.375], "texture": "#0"},
				"south": {"uv": [0, 0, 0, 0.625], "texture": "#0"},
				"west": {"uv": [3.25, 0.75, 4.25, 1.375], "texture": "#0"},
				"up": {"uv": [0, 0, 0, 1], "texture": "#0"},
				"down": {"uv": [0, 0, 0, 1], "texture": "#0"}
			}
		},
		{
			"from": [3.4, 1, 1.5],
			"to": [12.6, 6, 1.5],
			"rotation": {"angle": -22.5, "axis": "x", "origin": [4.5, 5, 9.5]},
			"faces": {
				"north": {"uv": [0, 0.75, 1.125, 1.375], "texture": "#0"},
				"east": {"uv": [0, 0, 0, 0.625], "texture": "#0"},
				"south": {"uv": [2.25, 0.75, 1.125, 1.375], "texture": "#0"},
				"west": {"uv": [0, 0, 0, 0.625], "texture": "#0"},
				"up": {"uv": [0, 0, 1.125, 0], "texture": "#0"},
				"down": {"uv": [0, 0, 1.125, 0], "texture": "#0"}
			}
		},
		{
			"from": [3.4, 1, 1.5],
			"to": [12.6, 1, 9.5],
			"rotation": {"angle": -22.5, "axis": "x", "origin": [4.5, 5, 9.5]},
			"faces": {
				"north": {"uv": [0, 0, 2304, 0], "texture": "#missing"},
				"east": {"uv": [0, 0, 2048, 0], "texture": "#missing"},
				"south": {"uv": [0, 0, 2304, 0], "texture": "#missing"},
				"west": {"uv": [0, 0, 2048, 0], "texture": "#missing"},
				"up": {"uv": [0, 1.375, 1.125, 2.375], "texture": "#0"},
				"down": {"uv": [1.125, 1.375, 2.25, 2.375], "texture": "#0"}
			}
		},
		{
			"from": [3.5, 4, 2],
			"to": [3.5, 10, 9.5],
			"rotation": {"angle": 0, "axis": "y", "origin": [4.5, 5, 9.5]},
			"faces": {
				"north": {"uv": [0, 4, 0, 4.75], "texture": "#0"},
				"east": {"uv": [1.875, 0, 0.9375, 0.75], "texture": "#0"},
				"south": {"uv": [0, 4, 0, 4.75], "texture": "#0"},
				"west": {"uv": [0, 0, 0.9375, 0.75], "texture": "#0"},
				"up": {"uv": [0, 5, 0, 5.9375], "texture": "#0"},
				"down": {"uv": [0, 5, 0, 5.9375], "texture": "#0"}
			}
		},
		{
			"from": [12.5, 4, 2],
			"to": [12.5, 10, 9.5],
			"rotation": {"angle": 0, "axis": "y", "origin": [11.5, 5, 9.5]},
			"faces": {
				"north": {"uv": [0, 4, 0, 4.75], "texture": "#0"},
				"east": {"uv": [0.9375, 0, 0, 0.75], "texture": "#0"},
				"south": {"uv": [0, 4, 0, 4.75], "texture": "#0"},
				"west": {"uv": [1.875, 0, 0.9375, 0.75], "texture": "#0"},
				"up": {"uv": [0, 5, 0, 5.9375], "texture": "#0"},
				"down": {"uv": [0, 5, 0, 5.9375], "texture": "#0"}
			}
		},
		{
			"from": [3.5, 10, 2],
			"to": [12.5, 10, 9.5],
			"rotation": {"angle": 0, "axis": "y", "origin": [4.5, 5, 9.5]},
			"faces": {
				"north": {"uv": [0, 0, 1.125, 0], "texture": "#0"},
				"east": {"uv": [0, 0, 0.9375, 0], "texture": "#0"},
				"south": {"uv": [0, 0, 1.125, 0], "texture": "#0"},
				"west": {"uv": [0, 0, 0.9375, 0], "texture": "#0"},
				"up": {"uv": [2.25, 1.375, 3.375, 2.3125], "texture": "#0"},
				"down": {"uv": [3.375, 1.5, 4.5, 2.4375], "texture": "#0"}
			}
		},
		{
			"from": [3.5, 4, 2],
			"to": [12.5, 10, 2],
			"rotation": {"angle": 0, "axis": "y", "origin": [4.5, 5, 9.5]},
			"faces": {
				"north": {"uv": [1.875, 0, 3, 0.75], "texture": "#0"},
				"east": {"uv": [0, 4, 0, 4.75], "texture": "#0"},
				"south": {"uv": [4.125, 0, 3, 0.75], "texture": "#0"},
				"west": {"uv": [0, 4, 0, 4.75], "texture": "#0"},
				"up": {"uv": [0, 0, 1.125, 0], "texture": "#0"},
				"down": {"uv": [0, 0, 1.125, 0], "texture": "#0"}
			}
		},
		{
			"from": [3.5, 1, 9.5],
			"to": [12.5, 10, 11.5],
			"rotation": {"angle": 0, "axis": "y", "origin": [0.5, -8, 2.5]},
			"faces": {
				"north": {"uv": [4.25, 0, 5.375, 1.125], "texture": "#0"},
				"east": {"uv": [6.5, 0, 6.75, 1.125], "texture": "#0"},
				"south": {"uv": [5.375, 0, 6.5, 1.125], "texture": "#0"},
				"west": {"uv": [6.5, 0, 6.75, 1.125], "texture": "#0"},
				"up": {"uv": [4.25, 1.25, 5.375, 1.5], "texture": "#0"},
				"down": {"uv": [4.25, 1.25, 5.375, 1.5], "texture": "#0"}
			}
		},
		{
			"from": [4.5, 1.5, 11.5],
			"to": [11.5, 9.5, 13.5],
			"rotation": {"angle": 0, "axis": "y", "origin": [0.5, 0, -2.5]},
			"faces": {
				"north": {"uv": [7.25, 0, 8.125, 1], "texture": "#0"},
				"east": {"uv": [6.75, 0, 6.5, 1], "texture": "#0"},
				"south": {"uv": [7.25, 0, 8.125, 1], "texture": "#0"},
				"west": {"uv": [6.5, 0, 6.75, 1], "texture": "#0"},
				"up": {"uv": [4.5, 1.5, 5.375, 1.75], "texture": "#0"},
				"down": {"uv": [4.5, 1.5, 5.375, 1.75], "texture": "#0"}
			}
		},
		{
			"from": [3, 10.1, 1],
			"to": [13, 11.1, 11],
			"rotation": {"angle": 0, "axis": "y", "origin": [3, 7.3, 3]},
			"faces": {
				"north": {"uv": [1.25, 3.75, 0, 3.875], "texture": "#0"},
				"east": {"uv": [1.25, 3.625, 0, 3.75], "texture": "#0"},
				"south": {"uv": [1.25, 3.75, 0, 3.875], "texture": "#0"},
				"west": {"uv": [1.25, 3.625, 0, 3.75], "texture": "#0"},
				"up": {"uv": [1.25, 2.375, 0, 3.625], "texture": "#0"},
				"down": {"uv": [1.25, 2.375, 0, 3.625], "texture": "#0"}
			}
		},
		{
			"from": [5, 10.6, 3],
			"to": [11, 12.6, 9],
			"rotation": {"angle": 0, "axis": "y", "origin": [3, 7.3, 3]},
			"faces": {
				"north": {"uv": [2, 3.375, 1.25, 3.625], "texture": "#0"},
				"east": {"uv": [2, 3.125, 1.25, 3.375], "texture": "#0"},
				"south": {"uv": [2, 3.375, 1.25, 3.625], "texture": "#0"},
				"west": {"uv": [2, 3.125, 1.25, 3.375], "texture": "#0"},
				"up": {"uv": [2, 2.375, 1.25, 3.125], "texture": "#0"},
				"down": {"uv": [2, 2.375, 1.25, 3.125], "texture": "#0"}
			}
		},
		{
			"from": [6, 12.6, 4],
			"to": [10, 15.6, 8],
			"rotation": {"angle": 0, "axis": "y", "origin": [3, 7.3, 3]},
			"faces": {
				"north": {"uv": [2.5, 2.875, 2, 3.25], "texture": "#0"},
				"east": {"uv": [2.5, 2.875, 2, 3.25], "texture": "#0"},
				"south": {"uv": [2.5, 2.875, 2, 3.25], "texture": "#0"},
				"west": {"uv": [2.5, 2.875, 2, 3.25], "texture": "#0"},
				"up": {"uv": [2.5, 2.375, 2, 2.875], "texture": "#0"},
				"down": {"uv": [2.5, 2.375, 2, 2.875], "texture": "#0"}
			}
		},
		{
			"from": [9.5, 12.6, 5],
			"to": [11.5, 15.6, 7],
			"rotation": {"angle": 22.5, "axis": "z", "origin": [3, 7.3, 3]},
			"faces": {
				"north": {"uv": [2.75, 2.4375, 2.5, 2.8125], "texture": "#0"},
				"east": {"uv": [2.75, 2.8125, 2.5, 3.1875], "texture": "#0"},
				"south": {"uv": [2.75, 2.4375, 2.5, 2.8125], "texture": "#0"},
				"west": {"uv": [2.75, 2.8125, 2.5, 3.1875], "texture": "#0"},
				"up": {"uv": [3, 2.4375, 2.75, 2.6875], "texture": "#0"},
				"down": {"uv": [3, 2.4375, 2.75, 2.6875], "texture": "#0"}
			}
		},
		{
			"from": [7.5, 14.6, 5],
			"to": [9.5, 15.6, 7],
			"rotation": {"angle": 22.5, "axis": "z", "origin": [3, 7.3, 3]},
			"faces": {
				"north": {"uv": [3, 2.6875, 2.75, 2.8125], "texture": "#0"},
				"east": {"uv": [3, 2.8125, 2.75, 2.9375], "texture": "#0"},
				"south": {"uv": [2.75, 2.6875, 3, 2.8125], "texture": "#0"},
				"west": {"uv": [3, 2.8125, 2.75, 2.9375], "texture": "#0"},
				"up": {"uv": [3, 2.9375, 2.75, 3.1875], "texture": "#0"},
				"down": {"uv": [3, 2.9375, 2.75, 3.1875], "texture": "#0"}
			}
		},
		{
			"from": [2.8, 8.1, 6.6],
			"to": [2.8, 12.1, 9.6],
			"rotation": {"angle": 22.5, "axis": "z", "origin": [3.4, 10.1, 9.5]},
			"faces": {
				"north": {"uv": [0, 0, 0, 8], "texture": "#1"},
				"east": {"uv": [6, 0, 0, 8], "texture": "#1"},
				"south": {"uv": [0, 0, 0, 8], "texture": "#1"},
				"west": {"uv": [0, 0, 6, 8], "texture": "#1"},
				"up": {"uv": [0, 6, 0, 0], "texture": "#1"},
				"down": {"uv": [0, 0, 0, 6], "texture": "#1"}
			}
		},
		{
			"from": [3.5, 10.6, 1.6],
			"to": [6.5, 14.6, 1.6],
			"rotation": {"angle": -22.5, "axis": "x", "origin": [3.4, 10.1, 9.5]},
			"faces": {
				"north": {"uv": [0, 0, 6, 8], "texture": "#1"},
				"east": {"uv": [0, 0, 0, 8], "texture": "#1"},
				"south": {"uv": [6, 0, 0, 8], "texture": "#1"},
				"west": {"uv": [0, 0, 0, 8], "texture": "#1"},
				"up": {"uv": [0, 6, 0, 0], "rotation": 90, "texture": "#1"},
				"down": {"uv": [0, 0, 0, 6], "rotation": 270, "texture": "#1"}
			}
		},
		{
			"from": [9.5, 10.6, 1.6],
			"to": [12.5, 14.6, 1.6],
			"rotation": {"angle": -22.5, "axis": "x", "origin": [12.6, 10.1, 9.5]},
			"faces": {
				"north": {"uv": [6, 0, 0, 8], "texture": "#1"},
				"east": {"uv": [0, 0, 0, 8], "texture": "#1"},
				"south": {"uv": [0, 0, 6, 8], "texture": "#1"},
				"west": {"uv": [0, 0, 0, 8], "texture": "#1"},
				"up": {"uv": [0, 0, 0, 6], "rotation": 90, "texture": "#1"},
				"down": {"uv": [0, 6, 0, 0], "rotation": 270, "texture": "#1"}
			}
		},
		{
			"from": [4.2, 16.7, 6.7],
			"to": [7.2, 20.7, 6.7],
			"rotation": {"angle": 22.5, "axis": "y", "origin": [3.4, 10.1, 9.5]},
			"faces": {
				"north": {"uv": [0, 0, 6, 8], "texture": "#1"},
				"east": {"uv": [0, 0, 0, 8], "texture": "#1"},
				"south": {"uv": [6, 0, 0, 8], "texture": "#1"},
				"west": {"uv": [0, 0, 0, 8], "texture": "#1"},
				"up": {"uv": [0, 6, 0, 0], "rotation": 90, "texture": "#1"},
				"down": {"uv": [0, 0, 0, 6], "rotation": 270, "texture": "#1"}
			}
		},
		{
			"from": [6.6, 5, 6],
			"to": [6.6, 9, 9],
			"rotation": {"angle": -22.5, "axis": "z", "origin": [16, -8, 2.5]},
			"faces": {
				"north": {"uv": [0, 0, 0, 8], "texture": "#2"},
				"east": {"uv": [6, 0, 0, 8], "texture": "#2"},
				"south": {"uv": [0, 0, 0, 8], "texture": "#2"},
				"west": {"uv": [0, 0, 6, 8], "texture": "#2"},
				"up": {"uv": [0, 6, 0, 0], "texture": "#2"},
				"down": {"uv": [0, 0, 0, 6], "texture": "#2"}
			}
		}
	],
	"gui_light": "front",
	"display": {
		"thirdperson_righthand": {
			"rotation": [67.5, 0, 0],
			"translation": [0, 2.5, 0.25],
			"scale": [0.4, 0.4, 0.4]
		},
		"thirdperson_lefthand": {
			"rotation": [67.5, 0, 0],
			"translation": [0, 2.5, 0.25],
			"scale": [0.4, 0.4, 0.4]
		},
		"firstperson_righthand": {
			"translation": [2.5, 3.5, 0],
			"scale": [0.39297, 0.39297, 0.39297]
		},
		"firstperson_lefthand": {
			"translation": [2.5, 3.5, 0],
			"scale": [0.39297, 0.39297, 0.39297]
		},
		"ground": {
			"translation": [0, 11, 0],
			"scale": [0.75, 0.75, 0.75]
		},
		"gui": {
			"rotation": [30, 135, 0],
			"translation": [0.75, 1.25, -1.5],
			"scale": [0.76406, 0.76406, 0.76406]
		},
		"head": {
			"translation": [0, 4.5, 1.25],
			"scale": [1.5, 1.5, 1.5]
		},
		"fixed": {
			"rotation": [-90, 0, 0],
			"translation": [0, 0.5, -17.5],
			"scale": [1.8, 1.8, 1.8]
		}
	},
	"groups": [
		{
			"name": "group",
			"origin": [4, 8, 7],
			"color": 0,
			"children": [0, 1, 2, 3]
		},
		{
			"name": "group",
			"origin": [4, 13, 7],
			"color": 0,
			"children": [4, 5, 6, 7]
		},
		8,
		9,
		10,
		11,
		12,
		13,
		14,
		15,
		16,
		17,
		18,
		19
	]
}