{
	"credit": "MadewithBlockbench",
	"texture_size": [64, 64],
	"textures": {
		"0": "elitecreatures:stone_graveyer_weapon_set/stinegraveyer_01texture",
		"2": "elitecreatures:stone_graveyer_weapon_set/stonegraveyer_animation_03_texture",
		"particle": "elitecreatures:stone_graveyer_weapon_set/stinegraveyer_01texture"
	},
	"elements": [
		{
			"from": [7, -14, 7],
			"to": [9, -6, 9],
			"faces": {
				"north": {"uv": [6, 3.5, 6.5, 5.5], "texture": "#0"},
				"east": {"uv": [6.25, 0, 6.75, 2], "texture": "#0"},
				"south": {"uv": [6, 3.5, 6.5, 5.5], "texture": "#0"},
				"west": {"uv": [6.25, 0, 6.75, 2], "texture": "#0"},
				"up": {"uv": [7.75, 0.5, 7.25, 1], "texture": "#0"},
				"down": {"uv": [7.75, 0.5, 7.25, 1], "texture": "#0"}
			}
		},
		{
			"from": [7, 1.5, 7],
			"to": [9, 9.5, 9],
			"faces": {
				"north": {"uv": [6, 3.5, 6.5, 5.5], "texture": "#0"},
				"east": {"uv": [6.25, 0, 6.75, 2], "texture": "#0"},
				"south": {"uv": [6, 3.5, 6.5, 5.5], "texture": "#0"},
				"west": {"uv": [6.25, 0, 6.75, 2], "texture": "#0"},
				"up": {"uv": [7.75, 0.5, 7.25, 1], "texture": "#0"},
				"down": {"uv": [7.75, 0.5, 7.25, 1], "texture": "#0"}
			}
		},
		{
			"from": [8, -15.5, 7.5],
			"to": [8, -11.5, 12.5],
			"faces": {
				"east": {"uv": [7.75, 2, 6.75, 3], "texture": "#0"},
				"west": {"uv": [6.75, 2, 8, 3], "texture": "#0"}
			}
		},
		{
			"from": [8, -10, 7.5],
			"to": [8, -6, 12.5],
			"rotation": {"angle": -45, "axis": "x", "origin": [0, 0, 0]},
			"faces": {
				"east": {"uv": [7.75, 2, 6.75, 3], "texture": "#0"},
				"west": {"uv": [6.75, 3, 8, 2], "texture": "#0"}
			}
		},
		{
			"from": [8, 4.5, 8.5],
			"to": [8, 8.5, 13.5],
			"rotation": {"angle": 45, "axis": "x", "origin": [0, 0, 0]},
			"faces": {
				"east": {"uv": [7.75, 2, 6.75, 3], "texture": "#0"},
				"west": {"uv": [6.75, 2, 8, 3], "texture": "#0"}
			}
		},
		{
			"from": [6.5, -6, 6.5],
			"to": [9.5, -4, 9.5],
			"faces": {
				"north": {"uv": [7, 7, 7.75, 7.5], "texture": "#0"},
				"east": {"uv": [7.25, 0, 8, 0.5], "texture": "#0"},
				"south": {"uv": [7, 7, 7.75, 7.5], "texture": "#0"},
				"west": {"uv": [7.25, 0, 8, 0.5], "texture": "#0"},
				"up": {"uv": [1.5, 7, 0.75, 7.75], "texture": "#0"},
				"down": {"uv": [1.5, 7, 0.75, 7.75], "texture": "#0"}
			}
		},
		{
			"from": [5.5, -5.5, 7.5],
			"to": [6.5, -4.5, 8.5],
			"faces": {
				"north": {"uv": [5.25, 2, 5.5, 2.25], "texture": "#0"},
				"east": {"uv": [5.25, 2.25, 5.5, 2.5], "texture": "#0"},
				"south": {"uv": [5.25, 2, 5.5, 2.25], "texture": "#0"},
				"west": {"uv": [5.25, 2.25, 5.5, 2.5], "texture": "#0"},
				"up": {"uv": [5.5, 2.5, 5.25, 2.75], "texture": "#0"},
				"down": {"uv": [5.5, 2.5, 5.25, 2.75], "texture": "#0"}
			}
		},
		{
			"from": [9.5, -5.5, 7.5],
			"to": [10.5, -4.5, 8.5],
			"rotation": {"angle": 0, "axis": "y", "origin": [16, 0, 0]},
			"faces": {
				"north": {"uv": [5.5, 2, 5.25, 2.25], "texture": "#0"},
				"east": {"uv": [5.5, 2.25, 5.25, 2.5], "texture": "#0"},
				"south": {"uv": [5.5, 2, 5.25, 2.25], "texture": "#0"},
				"west": {"uv": [5.5, 2.25, 5.25, 2.5], "texture": "#0"},
				"up": {"uv": [5.25, 2.5, 5.5, 2.75], "texture": "#0"},
				"down": {"uv": [5.25, 2.5, 5.5, 2.75], "texture": "#0"}
			}
		},
		{
			"from": [7.5, -5.5, 9.5],
			"to": [8.5, -4.5, 10.5],
			"faces": {
				"north": {"uv": [5.25, 2.75, 5.5, 3], "texture": "#0"},
				"east": {"uv": [5.25, 3, 5.5, 3.25], "texture": "#0"},
				"south": {"uv": [5.25, 2.75, 5.5, 3], "texture": "#0"},
				"west": {"uv": [5.25, 3, 5.5, 3.25], "texture": "#0"},
				"up": {"uv": [5.5, 3.25, 5.25, 3.5], "texture": "#0"},
				"down": {"uv": [5.5, 3.25, 5.25, 3.5], "texture": "#0"}
			}
		},
		{
			"from": [7.5, -5.5, 5.5],
			"to": [8.5, -4.5, 6.5],
			"rotation": {"angle": 0, "axis": "y", "origin": [0, 0, 16]},
			"faces": {
				"north": {"uv": [5.5, 2.75, 5.25, 3], "texture": "#0"},
				"east": {"uv": [5.5, 3, 5.25, 3.25], "texture": "#0"},
				"south": {"uv": [5.5, 2.75, 5.25, 3], "texture": "#0"},
				"west": {"uv": [5.5, 3, 5.25, 3.25], "texture": "#0"},
				"up": {"uv": [5.5, 3.5, 5.25, 3.25], "texture": "#0"},
				"down": {"uv": [5.5, 3.5, 5.25, 3.25], "texture": "#0"}
			}
		},
		{
			"from": [6.5, 8, 6.5],
			"to": [9.5, 10, 9.5],
			"faces": {
				"north": {"uv": [7, 7, 7.75, 7.5], "texture": "#0"},
				"east": {"uv": [7.25, 0, 8, 0.5], "texture": "#0"},
				"south": {"uv": [7, 7, 7.75, 7.5], "texture": "#0"},
				"west": {"uv": [7.25, 0, 8, 0.5], "texture": "#0"},
				"up": {"uv": [1.5, 7, 0.75, 7.75], "texture": "#0"},
				"down": {"uv": [1.5, 7, 0.75, 7.75], "texture": "#0"}
			}
		},
		{
			"from": [6.5, -16, 6.5],
			"to": [9.5, -14, 9.5],
			"faces": {
				"north": {"uv": [7, 7, 7.75, 7.5], "texture": "#0"},
				"east": {"uv": [7.25, 0, 8, 0.5], "texture": "#0"},
				"south": {"uv": [7, 7, 7.75, 7.5], "texture": "#0"},
				"west": {"uv": [7.25, 0, 8, 0.5], "texture": "#0"},
				"up": {"uv": [1.5, 7, 0.75, 7.75], "texture": "#0"},
				"down": {"uv": [1.5, 7, 0.75, 7.75], "texture": "#0"}
			}
		},
		{
			"from": [5.5, -15.5, 7.5],
			"to": [6.5, -14.5, 8.5],
			"faces": {
				"north": {"uv": [5.25, 2, 5.5, 2.25], "texture": "#0"},
				"east": {"uv": [5.25, 2.25, 5.5, 2.5], "texture": "#0"},
				"south": {"uv": [5.5, 2, 5.25, 2.25], "texture": "#0"},
				"west": {"uv": [5.25, 2.25, 5.5, 2.5], "texture": "#0"},
				"up": {"uv": [5.5, 2.5, 5.25, 2.75], "texture": "#0"},
				"down": {"uv": [5.5, 2.5, 5.25, 2.75], "texture": "#0"}
			}
		},
		{
			"from": [7.5, -15.5, 5.5],
			"to": [8.5, -14.5, 6.5],
			"rotation": {"angle": 0, "axis": "y", "origin": [0, 0, 16]},
			"faces": {
				"north": {"uv": [5.5, 2.75, 5.25, 3], "texture": "#0"},
				"east": {"uv": [5.25, 3, 5.5, 3.25], "texture": "#0"},
				"south": {"uv": [5.5, 2.75, 5.25, 3], "texture": "#0"},
				"west": {"uv": [5.5, 3, 5.25, 3.25], "texture": "#0"},
				"up": {"uv": [5.5, 3.5, 5.25, 3.25], "texture": "#0"},
				"down": {"uv": [5.5, 3.5, 5.25, 3.25], "texture": "#0"}
			}
		},
		{
			"from": [7.5, -15.5, 9.5],
			"to": [8.5, -14.5, 10.5],
			"faces": {
				"north": {"uv": [5.25, 2.75, 5.5, 3], "texture": "#0"},
				"east": {"uv": [5.5, 3, 5.25, 3.25], "texture": "#0"},
				"south": {"uv": [5.25, 2.75, 5.5, 3], "texture": "#0"},
				"west": {"uv": [5.25, 3, 5.5, 3.25], "texture": "#0"},
				"up": {"uv": [5.5, 3.25, 5.25, 3.5], "texture": "#0"},
				"down": {"uv": [5.5, 3.25, 5.25, 3.5], "texture": "#0"}
			}
		},
		{
			"from": [9.5, -15.5, 7.5],
			"to": [10.5, -14.5, 8.5],
			"rotation": {"angle": 0, "axis": "y", "origin": [16, 0, 0]},
			"faces": {
				"north": {"uv": [5.5, 2, 5.25, 2.25], "texture": "#0"},
				"east": {"uv": [5.5, 2.25, 5.25, 2.5], "texture": "#0"},
				"south": {"uv": [5.25, 2, 5.5, 2.25], "texture": "#0"},
				"west": {"uv": [5.5, 2.25, 5.25, 2.5], "texture": "#0"},
				"up": {"uv": [5.25, 2.5, 5.5, 2.75], "texture": "#0"},
				"down": {"uv": [5.25, 2.5, 5.5, 2.75], "texture": "#0"}
			}
		},
		{
			"from": [6.5, -16, 6.5],
			"to": [9.5, -14, 9.5],
			"faces": {
				"north": {"uv": [7, 7, 7.75, 7.5], "texture": "#0"},
				"east": {"uv": [7.25, 0, 8, 0.5], "texture": "#0"},
				"south": {"uv": [7, 7, 7.75, 7.5], "texture": "#0"},
				"west": {"uv": [7.25, 0, 8, 0.5], "texture": "#0"},
				"up": {"uv": [1.5, 7, 0.75, 7.75], "texture": "#0"},
				"down": {"uv": [1.5, 7, 0.75, 7.75], "texture": "#0"}
			}
		},
		{
			"from": [7.5, -15.5, 9.5],
			"to": [8.5, -14.5, 10.5],
			"faces": {
				"north": {"uv": [5.25, 2.75, 5.5, 3], "texture": "#0"},
				"east": {"uv": [5.5, 3, 5.25, 3.25], "texture": "#0"},
				"south": {"uv": [5.25, 2.75, 5.5, 3], "texture": "#0"},
				"west": {"uv": [5.25, 3, 5.5, 3.25], "texture": "#0"},
				"up": {"uv": [5.5, 3.25, 5.25, 3.5], "texture": "#0"},
				"down": {"uv": [5.5, 3.25, 5.25, 3.5], "texture": "#0"}
			}
		},
		{
			"from": [5.5, -15.5, 7.5],
			"to": [6.5, -14.5, 8.5],
			"faces": {
				"north": {"uv": [5.25, 2, 5.5, 2.25], "texture": "#0"},
				"east": {"uv": [5.25, 2.25, 5.5, 2.5], "texture": "#0"},
				"south": {"uv": [5.5, 2, 5.25, 2.25], "texture": "#0"},
				"west": {"uv": [5.25, 2.25, 5.5, 2.5], "texture": "#0"},
				"up": {"uv": [5.5, 2.5, 5.25, 2.75], "texture": "#0"},
				"down": {"uv": [5.5, 2.5, 5.25, 2.75], "texture": "#0"}
			}
		},
		{
			"from": [7.5, -15.5, 5.5],
			"to": [8.5, -14.5, 6.5],
			"rotation": {"angle": 0, "axis": "y", "origin": [0, 0, 16]},
			"faces": {
				"north": {"uv": [5.5, 2.75, 5.25, 3], "texture": "#0"},
				"east": {"uv": [5.25, 3, 5.5, 3.25], "texture": "#0"},
				"south": {"uv": [5.5, 2.75, 5.25, 3], "texture": "#0"},
				"west": {"uv": [5.5, 3, 5.25, 3.25], "texture": "#0"},
				"up": {"uv": [5.5, 3.5, 5.25, 3.25], "texture": "#0"},
				"down": {"uv": [5.5, 3.5, 5.25, 3.25], "texture": "#0"}
			}
		},
		{
			"from": [9.5, -15.5, 7.5],
			"to": [10.5, -14.5, 8.5],
			"rotation": {"angle": 0, "axis": "y", "origin": [16, 0, 0]},
			"faces": {
				"north": {"uv": [5.5, 2, 5.25, 2.25], "texture": "#0"},
				"east": {"uv": [5.5, 2.25, 5.25, 2.5], "texture": "#0"},
				"south": {"uv": [5.25, 2, 5.5, 2.25], "texture": "#0"},
				"west": {"uv": [5.5, 2.25, 5.25, 2.5], "texture": "#0"},
				"up": {"uv": [5.25, 2.5, 5.5, 2.75], "texture": "#0"},
				"down": {"uv": [5.25, 2.5, 5.5, 2.75], "texture": "#0"}
			}
		},
		{
			"from": [6, 1, 4],
			"to": [10, 3, 12],
			"rotation": {"angle": 45, "axis": "x", "origin": [0, -1, 8]},
			"faces": {
				"north": {"uv": [6.75, 3, 7.75, 3.5], "texture": "#0"},
				"east": {"uv": [4.5, 6.25, 6.5, 6.75], "texture": "#0"},
				"south": {"uv": [6.75, 3, 7.75, 3.5], "texture": "#0"},
				"west": {"uv": [4.5, 6.25, 6.5, 6.75], "texture": "#0"},
				"up": {"uv": [5.5, 5.5, 4.5, 3.5], "texture": "#0"},
				"down": {"uv": [6.25, 0, 5.25, 2], "texture": "#0"}
			}
		},
		{
			"from": [6, -5, 4],
			"to": [10, -3, 12],
			"rotation": {"angle": 45, "axis": "x", "origin": [0, -1, 8]},
			"faces": {
				"north": {"uv": [6.75, 3.5, 7.75, 3], "texture": "#0"},
				"east": {"uv": [4.5, 6.75, 6.5, 6.25], "texture": "#0"},
				"south": {"uv": [6.75, 3.5, 7.75, 3], "texture": "#0"},
				"west": {"uv": [4.5, 6.75, 6.5, 6.25], "texture": "#0"},
				"up": {"uv": [6.25, 2, 5.25, 0], "texture": "#0"},
				"down": {"uv": [5.5, 3.5, 4.5, 5.5], "texture": "#0"}
			}
		},
		{
			"from": [7, 3.5, 13.5],
			"to": [9, 6.5, 16.5],
			"rotation": {"angle": -45, "axis": "x", "origin": [0, 0, 16]},
			"faces": {
				"north": {"uv": [3, 7, 2.5, 7.75], "texture": "#0"},
				"east": {"uv": [0.75, 7, 0, 7.75], "texture": "#0"},
				"south": {"uv": [3, 7, 2.5, 7.75], "texture": "#0"},
				"west": {"uv": [0.75, 7.75, 0, 7], "texture": "#0"},
				"up": {"uv": [3.5, 7, 3, 7.75], "texture": "#0"},
				"down": {"uv": [3.5, 7, 3, 7.75], "texture": "#0"}
			}
		},
		{
			"from": [7, -8, -2],
			"to": [9, -5, 1],
			"rotation": {"angle": -45, "axis": "x", "origin": [0, 0, 0]},
			"faces": {
				"north": {"uv": [2.5, 7, 3, 7.75], "texture": "#0"},
				"east": {"uv": [0, 7, 0.75, 7.75], "texture": "#0"},
				"south": {"uv": [2.5, 7, 3, 7.75], "texture": "#0"},
				"west": {"uv": [0, 7.75, 0.75, 7], "texture": "#0"},
				"up": {"uv": [3.5, 7.75, 3, 7], "texture": "#0"},
				"down": {"uv": [3.5, 7.75, 3, 7], "texture": "#0"}
			}
		},
		{
			"from": [7, -3, 26.5],
			"to": [9, 0, 29.5],
			"rotation": {"angle": 45, "axis": "x", "origin": [0, 16, 16]},
			"faces": {
				"north": {"uv": [3, 7.75, 2.5, 7], "texture": "#0"},
				"east": {"uv": [0.75, 7.75, 0, 7], "texture": "#0"},
				"south": {"uv": [3, 7.75, 2.5, 7], "texture": "#0"},
				"west": {"uv": [0.75, 7, 0, 7.75], "texture": "#0"},
				"up": {"uv": [3.5, 7.75, 3, 7], "texture": "#0"},
				"down": {"uv": [3.5, 7.75, 3, 7], "texture": "#0"}
			}
		},
		{
			"from": [6, -3, 4],
			"to": [10, 1, 6],
			"rotation": {"angle": 45, "axis": "x", "origin": [0, -1, 8]},
			"faces": {
				"north": {"uv": [6.5, 3.5, 7.5, 4.5], "texture": "#0"},
				"east": {"uv": [1.5, 7, 2, 8], "texture": "#0"},
				"south": {"uv": [6.5, 4.5, 7.5, 5.5], "texture": "#0"},
				"west": {"uv": [1.5, 7, 2, 8], "texture": "#0"}
			}
		},
		{
			"from": [6, -3, 10],
			"to": [10, 1, 12],
			"rotation": {"angle": 45, "axis": "x", "origin": [0, -1, 8]},
			"faces": {
				"north": {"uv": [7.5, 4.5, 6.5, 5.5], "texture": "#0"},
				"east": {"uv": [2, 7, 1.5, 8], "texture": "#0"},
				"south": {"uv": [7.5, 3.5, 6.5, 4.5], "texture": "#0"},
				"west": {"uv": [2, 7, 1.5, 8], "texture": "#0"}
			}
		},
		{
			"from": [8, -3, 6],
			"to": [8, 1, 10],
			"faces": {
				"east": {"uv": [16, 0, 0, 16], "texture": "#2"},
				"west": {"uv": [0, 0, 16, 16], "texture": "#2"}
			}
		},
		{
			"from": [7.5, 9.5, 7.5],
			"to": [8.5, 27.5, 8.5],
			"faces": {
				"north": {"uv": [9.25, 5.5, 9.5, 10], "texture": "#0"},
				"east": {"uv": [9.25, 5.5, 9.5, 10], "texture": "#0"},
				"south": {"uv": [9.25, 5.5, 9.5, 10], "texture": "#0"},
				"west": {"uv": [9.25, 5.5, 9.5, 10], "texture": "#0"},
				"up": {"uv": [9.25, 4.75, 9.5, 5], "texture": "#0"},
				"down": {"uv": [9.25, 4.75, 9.5, 5], "texture": "#0"}
			}
		},
		{
			"from": [8, 22.7, -2.5],
			"to": [8, 23.2, 17.5],
			"rotation": {"angle": -22.5, "axis": "x", "origin": [0, 2, 0]},
			"faces": {
				"north": {"uv": [0, 0, 0, 0.125], "rotation": 180, "texture": "#0"},
				"east": {"uv": [7, 7.5, 7.125, 12.5], "rotation": 90, "texture": "#0"},
				"south": {"uv": [0, 0, 0, 0.125], "texture": "#0"},
				"west": {"uv": [7, 7.5, 7.125, 12.5], "rotation": 90, "texture": "#0"},
				"up": {"uv": [0, 0, 0, 5], "rotation": 180, "texture": "#0"},
				"down": {"uv": [0, 0, 0, 5], "texture": "#0"}
			}
		},
		{
			"from": [8, 2.5, 9.5],
			"to": [8, 22.5, 10],
			"rotation": {"angle": 0, "axis": "y", "origin": [0, 2, 0]},
			"faces": {
				"north": {"uv": [0, 0, 0, 5], "texture": "#0"},
				"east": {"uv": [7, 7.5, 7.125, 12.5], "rotation": 180, "texture": "#0"},
				"south": {"uv": [0, 0, 0, 5], "texture": "#0"},
				"west": {"uv": [7, 7.5, 7.125, 12.5], "texture": "#0"},
				"up": {"uv": [0, 0, 0, 0.125], "texture": "#0"},
				"down": {"uv": [0, 0, 0, 0.125], "texture": "#0"}
			}
		},
		{
			"from": [8, 2.5, 9.5],
			"to": [8, 22.5, 10],
			"rotation": {"angle": 0, "axis": "y", "origin": [0, 2, 0]},
			"faces": {
				"north": {"uv": [0, 0, 0, 5], "texture": "#0"},
				"east": {"uv": [7, 7.5, 7.125, 12.5], "rotation": 180, "texture": "#0"},
				"south": {"uv": [0, 0, 0, 5], "texture": "#0"},
				"west": {"uv": [7, 7.5, 7.125, 12.5], "texture": "#0"},
				"up": {"uv": [0, 0, 0, 0.125], "texture": "#0"},
				"down": {"uv": [0, 0, 0, 0.125], "texture": "#0"}
			}
		},
		{
			"from": [8, 18.5, 17.3],
			"to": [8, 22.5, 17.8],
			"rotation": {"angle": -22.5, "axis": "x", "origin": [0, 2, 0]},
			"faces": {
				"north": {"uv": [0, 0, 0, 5], "texture": "#0"},
				"east": {"uv": [7, 8, 7.125, 9], "texture": "#0"},
				"south": {"uv": [0, 0, 0, 5], "texture": "#0"},
				"west": {"uv": [7, 8, 7.125, 9], "texture": "#0"},
				"up": {"uv": [0, 0, 0, 0.125], "texture": "#0"},
				"down": {"uv": [0, 0, 0, 0.125], "texture": "#0"}
			}
		},
		{
			"from": [8, 22, -6.5],
			"to": [8, 24, -3.5],
			"rotation": {"angle": -22.5, "axis": "x", "origin": [0, 2, 0]},
			"faces": {
				"north": {"uv": [0, 0, 0, 0.5], "rotation": 180, "texture": "#0"},
				"east": {"uv": [8.75, 6.75, 9.25, 7.5], "rotation": 90, "texture": "#0"},
				"south": {"uv": [0, 0, 0, 0.5], "texture": "#0"},
				"west": {"uv": [8.75, 6.75, 9.25, 7.5], "rotation": 90, "texture": "#0"},
				"up": {"uv": [0, 0, 0, 0.75], "rotation": 180, "texture": "#0"},
				"down": {"uv": [0, 0, 0, 0.75], "texture": "#0"}
			}
		},
		{
			"from": [7, 22, -3.5],
			"to": [9, 24, -2.5],
			"rotation": {"angle": -22.5, "axis": "x", "origin": [0, 2, 0]},
			"faces": {
				"north": {"uv": [9.5, 6.75, 10, 7.25], "texture": "#0"},
				"east": {"uv": [10.25, 6.75, 10, 7.25], "rotation": 180, "texture": "#0"},
				"south": {"uv": [9.5, 6.75, 10, 7.25], "texture": "#0"},
				"west": {"uv": [10, 6.75, 10.25, 7.25], "rotation": 180, "texture": "#0"},
				"up": {"uv": [9.5, 7.5, 10, 7.25], "rotation": 180, "texture": "#0"},
				"down": {"uv": [9.5, 7.25, 10, 7.5], "rotation": 180, "texture": "#0"}
			}
		},
		{
			"from": [7.5, 27.5, 7],
			"to": [8.5, 29.5, 9],
			"rotation": {"angle": 0, "axis": "y", "origin": [0, 2, 0]},
			"faces": {
				"north": {"uv": [10.25, 5.75, 10.5, 6.25], "texture": "#0"},
				"east": {"uv": [9.5, 6.25, 10, 6.75], "texture": "#0"},
				"south": {"uv": [10.25, 5.75, 10.5, 6.25], "texture": "#0"},
				"west": {"uv": [9.5, 6.25, 10, 6.75], "texture": "#0"},
				"up": {"uv": [10.25, 5.75, 10.5, 6.25], "texture": "#0"},
				"down": {"uv": [10.25, 5.75, 10.5, 6.25], "texture": "#0"}
			}
		},
		{
			"from": [7.5, 22.5, 9.25],
			"to": [8.5, 24.5, 10.25],
			"faces": {
				"north": {"uv": [10, 6, 10.25, 6.5], "texture": "#0"},
				"east": {"uv": [10, 6, 10.25, 6.5], "texture": "#0"},
				"south": {"uv": [10, 6, 10.25, 6.5], "texture": "#0"},
				"west": {"uv": [10, 6, 10.25, 6.5], "texture": "#0"},
				"up": {"uv": [10, 6.5, 10.25, 6.75], "texture": "#0"},
				"down": {"uv": [10, 6.5, 10.25, 6.75], "texture": "#0"}
			}
		},
		{
			"from": [6.5, 0, 10],
			"to": [9.5, 8, 12],
			"faces": {
				"north": {"uv": [9.75, 0, 10.5, 2], "rotation": 180, "texture": "#0"},
				"east": {"uv": [7.5, 5.5, 9.5, 5], "rotation": 90, "texture": "#0"},
				"south": {"uv": [9.75, 2, 10.5, 4], "texture": "#0"},
				"west": {"uv": [7.5, 5.5, 9.5, 5], "rotation": 270, "texture": "#0"},
				"up": {"uv": [9.25, 4, 10, 4.5], "texture": "#0"},
				"down": {"uv": [9.25, 4, 10, 4.5], "rotation": 180, "texture": "#0"}
			}
		}
	],
	"gui_light": "front",
	"display": {
		"thirdperson_righthand": {
			"translation": [0, 11.25, 1.5],
			"scale": [0.7, 0.7, 0.7]
		},
		"thirdperson_lefthand": {
			"translation": [0, 11.25, 1.5],
			"scale": [0.7, 0.7, 0.7]
		},
		"firstperson_righthand": {
			"translation": [-0.5, 8, 1],
			"scale": [0.39258, 0.39258, 0.39258]
		},
		"firstperson_lefthand": {
			"translation": [-0.5, 8, 1],
			"scale": [0.39258, 0.39258, 0.39258]
		},
		"ground": {
			"rotation": [-45, 0, 0],
			"translation": [0, 11, 0],
			"scale": [0.5, 0.5, 0.5]
		},
		"gui": {
			"rotation": [-90, -45, -90],
			"translation": [-0.75, 0.75, 0],
			"scale": [0.35703, 0.35703, 0.35703]
		},
		"head": {
			"scale": [0, 0, 0]
		},
		"fixed": {
			"rotation": [0, 90, 0],
			"translation": [-0.25, 19.25, -0.25],
			"scale": [1.8, 1.8, 1.8]
		}
	}
}