{"credit":"MadewithBlockbench","textures":{"0":"elitecreatures:pink_legacy_animated_weapon_set/texture","1":"elitecreatures:pink_legacy_animated_weapon_set/eff_01","3":"elitecreatures:pink_legacy_animated_weapon_set/eff_02","particle":"elitecreatures:pink_legacy_animated_weapon_set/texture"},"elements":[{"name":"eff","from":[-0.5,4.74,7.75],"to":[16.5,21.74,7.75],"rotation":{"angle":0,"axis":"z","origin":[8,13.24,8]},"faces":{"north":{"uv":[16,0,0,16],"rotation":90,"texture":"#1"},"east":{"uv":[0,0,3.8,0],"rotation":270,"texture":"#1"},"south":{"uv":[0,0,16,16],"rotation":270,"texture":"#1"},"west":{"uv":[0,0,3.8,0],"rotation":270,"texture":"#1"},"up":{"uv":[0,0,0,3.6],"rotation":270,"texture":"#1"},"down":{"uv":[0,0,0,3.6],"rotation":270,"texture":"#1"}}},{"from":[7.415,-4.85,7.415],"to":[8.585,1.45,8.585],"rotation":{"angle":0,"axis":"y","origin":[8,1.68099,8]},"faces":{"north":{"uv":[8.4,0,8.9,2.5],"texture":"#0"},"east":{"uv":[8.4,2.8,8.9,5.3],"texture":"#0"},"south":{"uv":[8.4,5.6,8.9,8.1],"texture":"#0"},"west":{"uv":[8.4,8.4,8.9,10.9],"texture":"#0"},"up":{"uv":[5.3,13.7,4.8,13.2],"texture":"#0"},"down":{"uv":[6.1,13.2,5.6,13.7],"texture":"#0"}}},{"from":[5.72066,9.52716,7.7575],"to":[12.92066,13.39716,8.2525],"rotation":{"angle":0,"axis":"y","origin":[8,11.46216,8]},"faces":{"north":{"uv":[5.2,3.6,6.7,6.5],"rotation":270,"texture":"#0"},"east":{"uv":[14.3,2.2,12.8,2],"rotation":90,"texture":"#0"},"south":{"uv":[6.8,0,8.3,2.9],"rotation":90,"texture":"#0"},"west":{"uv":[14.3,7.2,12.8,7.4],"rotation":90,"texture":"#0"},"up":{"uv":[10.4,10,10.6,12.9],"rotation":90,"texture":"#0"},"down":{"uv":[10,10,10.2,12.9],"rotation":90,"texture":"#0"}}},{"from":[8.47066,10.77216,7.5075],"to":[12.92066,12.14216,8.5025],"rotation":{"angle":0,"axis":"y","origin":[8,11.46216,8]},"faces":{"north":{"uv":[6.8,8.8,7.3,10.6],"rotation":270,"texture":"#0"},"east":{"uv":[14.1,5.2,13.6,4.8],"rotation":90,"texture":"#0"},"south":{"uv":[9.2,2.4,9.7,4.2],"rotation":90,"texture":"#0"},"west":{"uv":[14.1,5.2,13.6,5.6],"rotation":90,"texture":"#0"},"up":{"uv":[9.2,6.4,9.6,8.2],"rotation":90,"texture":"#0"},"down":{"uv":[9.2,4.4,9.6,6.2],"rotation":90,"texture":"#0"}}},{"from":[7.14,-0.8585,7.6275],"to":[8.86,13.0415,8.3725],"rotation":{"angle":0,"axis":"y","origin":[8,1.68099,8]},"faces":{"north":{"uv":[6.8,3.2,7.5,8.8],"rotation":180,"texture":"#0"},"east":{"uv":[6.4,6.8,6.7,12.4],"rotation":180,"texture":"#0"},"south":{"uv":[5.2,6.8,5.9,12.4],"rotation":180,"texture":"#0"},"west":{"uv":[6,6.8,6.3,12.4],"rotation":180,"texture":"#0"},"up":{"uv":[14.3,1.6,13.6,1.9],"rotation":180,"texture":"#0"},"down":{"uv":[14.3,1.5,13.6,1.2],"rotation":180,"texture":"#0"}}},{"from":[9.18711,-0.75612,7.6],"to":[10.43711,0.49388,8.4],"rotation":{"angle":-45,"axis":"z","origin":[8,1.68099,8]},"faces":{"north":{"uv":[13.2,5.6,13.7,6.1],"rotation":180,"texture":"#0"},"east":{"uv":[4.4,13.6,4.8,14.1],"rotation":180,"texture":"#0"},"south":{"uv":[13.2,6.4,13.7,6.9],"rotation":180,"texture":"#0"},"west":{"uv":[6.4,13.2,6.8,13.7],"rotation":180,"texture":"#0"},"up":{"uv":[8.1,13.6,7.6,14],"rotation":180,"texture":"#0"},"down":{"uv":[7.3,14,6.8,13.6],"rotation":180,"texture":"#0"}}},{"from":[7.14,-15.83172,7.6275],"to":[8.86,-1.93172,8.3725],"rotation":{"angle":0,"axis":"y","origin":[8,1.68099,8]},"faces":{"north":{"uv":[6.8,3.2,7.5,8.8],"texture":"#0"},"east":{"uv":[6,6.8,6.3,12.4],"texture":"#0"},"south":{"uv":[5.2,6.8,5.9,12.4],"texture":"#0"},"west":{"uv":[6.4,6.8,6.7,12.4],"texture":"#0"},"up":{"uv":[14.3,1.5,13.6,1.2],"texture":"#0"},"down":{"uv":[14.3,1.6,13.6,1.9],"texture":"#0"}}},{"from":[4.83685,-1.48216,7.6],"to":[6.08685,-0.23216,8.4],"rotation":{"angle":45,"axis":"z","origin":[8,1.68099,8]},"faces":{"north":{"uv":[13.2,5.6,13.7,6.1],"rotation":270,"texture":"#0"},"east":{"uv":[7.3,14,6.8,13.6],"rotation":90,"texture":"#0"},"south":{"uv":[13.2,6.4,13.7,6.9],"rotation":90,"texture":"#0"},"west":{"uv":[8.1,13.6,7.6,14],"rotation":90,"texture":"#0"},"up":{"uv":[4.4,13.6,4.8,14.1],"rotation":90,"texture":"#0"},"down":{"uv":[6.4,13.2,6.8,13.7],"rotation":90,"texture":"#0"}}},{"from":[11.97625,-15.27786,8],"to":[19.52625,-8.30786,8],"rotation":{"angle":-22.5,"axis":"z","origin":[8,1.68099,8]},"faces":{"north":{"uv":[6.6,0,2.83,3.6],"rotation":180,"texture":"#0"},"east":{"uv":[0,0,0,3.6],"rotation":180,"texture":"#0"},"south":{"uv":[2.83,0,6.6,3.6],"rotation":180,"texture":"#0"},"west":{"uv":[0,0,0,3.6],"rotation":180,"texture":"#0"},"up":{"uv":[0,0,3.8,0],"rotation":180,"texture":"#0"},"down":{"uv":[0,0,3.8,0],"rotation":180,"texture":"#0"}}},{"from":[-3.52625,-15.27786,8],"to":[4.02375,-8.30786,8],"rotation":{"angle":22.5,"axis":"z","origin":[8,1.68099,8]},"faces":{"north":{"uv":[2.83,0,6.6,3.6],"rotation":180,"texture":"#0"},"east":{"uv":[0,0,0,3.6],"rotation":180,"texture":"#0"},"south":{"uv":[6.6,0,2.83,3.6],"rotation":180,"texture":"#0"},"west":{"uv":[0,0,0,3.6],"rotation":180,"texture":"#0"},"up":{"uv":[3.8,0,0,0],"rotation":180,"texture":"#0"},"down":{"uv":[3.8,0,0,0],"rotation":180,"texture":"#0"}}},{"from":[6.46066,9.96216,7.75],"to":[15.46066,18.96216,7.75],"rotation":{"angle":0,"axis":"y","origin":[8,11.46216,8]},"faces":{"north":{"uv":[16,0,0,16],"rotation":270,"texture":"#3"},"east":{"uv":[0,0,3.8,0],"rotation":90,"texture":"#3"},"south":{"uv":[0,0,16,16],"rotation":90,"texture":"#3"},"west":{"uv":[0,0,3.8,0],"rotation":90,"texture":"#3"},"up":{"uv":[0,0,0,3.6],"rotation":90,"texture":"#3"},"down":{"uv":[0,0,0,3.6],"rotation":90,"texture":"#3"}}},{"from":[6.46066,3.96216,7.75],"to":[15.46066,12.96216,7.75],"rotation":{"angle":0,"axis":"y","origin":[8,11.46216,8]},"faces":{"north":{"uv":[0,0,16,16],"rotation":270,"texture":"#3"},"east":{"uv":[3.8,0,0,0],"rotation":90,"texture":"#3"},"south":{"uv":[16,0,0,16],"rotation":90,"texture":"#3"},"west":{"uv":[3.8,0,0,0],"rotation":90,"texture":"#3"},"up":{"uv":[0,0,0,3.6],"rotation":90,"texture":"#3"},"down":{"uv":[0,0,0,3.6],"rotation":90,"texture":"#3"}}},{"from":[7.55834,11.0205,7.5525],"to":[8.87834,12.3405,8.4475],"rotation":{"angle":-45,"axis":"z","origin":[8,11.46216,8]},"faces":{"north":{"uv":[13.2,7.6,13.7,8.1],"texture":"#0"},"east":{"uv":[0,14,0.4,14.5],"texture":"#0"},"south":{"uv":[8.4,13.2,8.9,13.7],"texture":"#0"},"west":{"uv":[14,0,14.4,0.5],"texture":"#0"},"up":{"uv":[0.9,14.4,0.4,14],"texture":"#0"},"down":{"uv":[14.5,0.8,14,1.2],"texture":"#0"}}},{"from":[5.72066,11.21216,6.0725],"to":[12.92066,11.70716,9.9425],"rotation":{"angle":0,"axis":"y","origin":[11.11586,11.45966,8.005]},"faces":{"north":{"uv":[10,10,10.2,12.9],"rotation":270,"texture":"#0"},"east":{"uv":[14.3,2.2,12.8,2],"texture":"#0"},"south":{"uv":[10.4,10,10.6,12.9],"rotation":90,"texture":"#0"},"west":{"uv":[14.3,7.2,12.8,7.4],"rotation":180,"texture":"#0"},"up":{"uv":[5.2,3.6,6.7,6.5],"rotation":90,"texture":"#0"},"down":{"uv":[6.8,0,8.3,2.9],"rotation":90,"texture":"#0"}}},{"from":[11.62627,9.51311,6.06105],"to":[13.18867,13.40111,9.94905],"rotation":{"angle":45,"axis":"x","origin":[12.41107,11.45966,8.0025]},"faces":{"north":{"uv":[11.6,11.2,12,12.3],"texture":"#0"},"east":{"uv":[9.2,0,10.3,1.1],"texture":"#0"},"south":{"uv":[11.6,10,12,11.1],"texture":"#0"},"west":{"uv":[10.3,0,9.2,1.1],"texture":"#0"},"up":{"uv":[12.7,4.4,11.6,4],"rotation":90,"texture":"#0"},"down":{"uv":[13.1,0,12,0.4],"rotation":270,"texture":"#0"}}},{"from":[11.66947,9.66326,6.2025],"to":[13.15987,13.26326,9.8025],"rotation":{"angle":0,"axis":"y","origin":[12.41107,11.45966,8.0025]},"faces":{"north":{"uv":[13.2,1,12.5,1.1],"rotation":90,"texture":"#0"},"east":{"uv":[9.2,1.2,10.2,2.3],"rotation":270,"texture":"#0"},"south":{"uv":[13.2,3.9,12.3,3.8],"rotation":90,"texture":"#0"},"west":{"uv":[9.2,1.2,10.2,2.3],"rotation":90,"texture":"#0"},"up":{"uv":[12.7,10.7,12.8,11.8],"rotation":180,"texture":"#0"},"down":{"uv":[12.7,10.7,12.8,11.8],"texture":"#0"}}},{"from":[3.92066,10.67466,7.2125],"to":[5.81066,12.24966,8.7875],"rotation":{"angle":0,"axis":"y","origin":[8,11.46216,8]},"faces":{"north":{"uv":[8.4,11.2,9,12],"rotation":270,"texture":"#0"},"east":{"uv":[12.6,6.6,12,6],"rotation":90,"texture":"#0"},"south":{"uv":[10.8,11.2,11.4,12],"rotation":90,"texture":"#0"},"west":{"uv":[7.4,12,6.8,12.6],"rotation":90,"texture":"#0"},"up":{"uv":[11.6,2.4,12.2,3.2],"rotation":90,"texture":"#0"},"down":{"uv":[9.2,11.2,9.8,12],"rotation":90,"texture":"#0"}}},{"from":[7.2125,0.855,7.2125],"to":[8.7875,1.485,8.7875],"rotation":{"angle":0,"axis":"y","origin":[8,1.68099,8]},"faces":{"north":{"uv":[14,12,14.6,12.3],"texture":"#0"},"east":{"uv":[12.4,14,13,14.3],"texture":"#0"},"south":{"uv":[14,12.4,14.6,12.7],"texture":"#0"},"west":{"uv":[14,12.8,14.6,13.1],"texture":"#0"},"up":{"uv":[12.6,7.4,12,6.8],"texture":"#0"},"down":{"uv":[8.2,12,7.6,12.6],"texture":"#0"}}},{"from":[7.2125,-14.74,7.2125],"to":[8.7875,-12.85,8.7875],"rotation":{"angle":0,"axis":"y","origin":[8,1.68099,8]},"faces":{"north":{"uv":[11.6,3.2,12.2,4],"texture":"#0"},"east":{"uv":[11.6,7.6,12.2,8.4],"texture":"#0"},"south":{"uv":[11.6,8.4,12.2,9.2],"texture":"#0"},"west":{"uv":[11.6,9.2,12.2,10],"texture":"#0"},"up":{"uv":[9,12.6,8.4,12],"texture":"#0"},"down":{"uv":[9.8,12,9.2,12.6],"texture":"#0"}}},{"from":[7.2125,-4.535,7.2125],"to":[8.7875,-3.905,8.7875],"rotation":{"angle":0,"axis":"y","origin":[8,1.68099,8]},"faces":{"north":{"uv":[14,13.6,14.6,13.9],"texture":"#0"},"east":{"uv":[14,14,14.6,14.3],"texture":"#0"},"south":{"uv":[14.4,0,15,0.3],"texture":"#0"},"west":{"uv":[0.4,14.4,1,14.7],"texture":"#0"},"up":{"uv":[12.6,10.6,12,10],"texture":"#0"},"down":{"uv":[11.4,12,10.8,12.6],"texture":"#0"}}},{"from":[2.95297,9.90138,7.51],"to":[4.75297,11.02638,8.5],"rotation":{"angle":-45,"axis":"z","origin":[8,11.46216,8]},"faces":{"north":{"uv":[12.4,3.2,13.1,3.7],"texture":"#0"},"east":{"uv":[4,14,4.4,14.5],"texture":"#0"},"south":{"uv":[4.8,12.4,5.5,12.9],"texture":"#0"},"west":{"uv":[14,6,14.4,6.5],"texture":"#0"},"up":{"uv":[13.5,11.6,12.8,11.2],"texture":"#0"},"down":{"uv":[13.5,11.6,12.8,12],"texture":"#0"}}},{"from":[5.97879,12.11722,7.51],"to":[7.32879,15.71722,8.5],"rotation":{"angle":-22.5,"axis":"z","origin":[8,11.46216,8]},"faces":{"north":{"uv":[9.6,4.4,11,4.9],"rotation":270,"texture":"#0"},"east":{"uv":[11.8,2,10.4,1.6],"rotation":90,"texture":"#0"},"south":{"uv":[9.6,5.2,11,5.7],"rotation":90,"texture":"#0"},"west":{"uv":[11.8,2,10.4,2.4],"rotation":90,"texture":"#0"},"up":{"uv":[6.8,14,7.2,14.5],"rotation":90,"texture":"#0"},"down":{"uv":[6.4,14,6.8,14.5],"rotation":90,"texture":"#0"}}},{"from":[5.89578,11.32051,7.01],"to":[9.49578,12.67051,8],"rotation":{"angle":45,"axis":"x","origin":[7.69578,11.99551,7.505]},"faces":{"north":{"uv":[9.6,4.4,11,4.9],"rotation":180,"texture":"#0"},"east":{"uv":[6.8,14,7.2,14.5],"rotation":180,"texture":"#0"},"south":{"uv":[9.6,5.2,11,5.7],"rotation":180,"texture":"#0"},"west":{"uv":[6.4,14,6.8,14.5],"rotation":180,"texture":"#0"},"up":{"uv":[11.8,2,10.4,2.4],"rotation":180,"texture":"#0"},"down":{"uv":[11.8,2,10.4,1.6],"rotation":180,"texture":"#0"}}},{"from":[5.89578,11.32051,8],"to":[9.49578,12.67051,8.99],"rotation":{"angle":-45,"axis":"x","origin":[7.69578,11.99551,8.495]},"faces":{"north":{"uv":[11,5.2,9.6,5.7],"rotation":180,"texture":"#0"},"east":{"uv":[7.2,14,6.8,14.5],"rotation":180,"texture":"#0"},"south":{"uv":[11,4.4,9.6,4.9],"rotation":180,"texture":"#0"},"west":{"uv":[6.8,14,6.4,14.5],"rotation":180,"texture":"#0"},"up":{"uv":[11.8,2.4,10.4,2],"rotation":180,"texture":"#0"},"down":{"uv":[11.8,1.6,10.4,2],"rotation":180,"texture":"#0"}}},{"from":[5.89578,10.32949,8],"to":[9.49578,11.67949,8.99],"rotation":{"angle":45,"axis":"x","origin":[7.69578,11.00449,8.495]},"faces":{"north":{"uv":[11,5.7,9.6,5.2],"rotation":180,"texture":"#0"},"east":{"uv":[7.2,14.5,6.8,14],"rotation":180,"texture":"#0"},"south":{"uv":[11,4.9,9.6,4.4],"rotation":180,"texture":"#0"},"west":{"uv":[6.8,14.5,6.4,14],"rotation":180,"texture":"#0"},"up":{"uv":[11.8,2,10.4,1.6],"rotation":180,"texture":"#0"},"down":{"uv":[11.8,2,10.4,2.4],"rotation":180,"texture":"#0"}}},{"from":[5.89578,10.32949,7.01],"to":[9.49578,11.67949,8],"rotation":{"angle":-45,"axis":"x","origin":[7.69578,11.00449,7.505]},"faces":{"north":{"uv":[9.6,4.9,11,4.4],"rotation":180,"texture":"#0"},"east":{"uv":[6.8,14.5,7.2,14],"rotation":180,"texture":"#0"},"south":{"uv":[9.6,5.7,11,5.2],"rotation":180,"texture":"#0"},"west":{"uv":[6.4,14.5,6.8,14],"rotation":180,"texture":"#0"},"up":{"uv":[11.8,1.6,10.4,2],"rotation":180,"texture":"#0"},"down":{"uv":[11.8,2.4,10.4,2],"rotation":180,"texture":"#0"}}},{"from":[4.22736,10.51079,7.33],"to":[6.02736,12.53579,8.68],"rotation":{"angle":-22.5,"axis":"z","origin":[8,11.46216,8]},"faces":{"north":{"uv":[10.4,6,11.2,6.7],"rotation":270,"texture":"#0"},"east":{"uv":[12.8,4.9,12,4.4],"rotation":90,"texture":"#0"},"south":{"uv":[10.4,6.8,11.2,7.5],"rotation":90,"texture":"#0"},"west":{"uv":[12.8,5.2,12,5.7],"rotation":90,"texture":"#0"},"up":{"uv":[12.4,7.6,12.9,8.3],"rotation":90,"texture":"#0"},"down":{"uv":[5.6,12.4,6.1,13.1],"rotation":90,"texture":"#0"}}},{"from":[6.19828,13.2934,7.555],"to":[8.89828,14.6434,8.455],"rotation":{"angle":22.5,"axis":"z","origin":[8,11.46216,8]},"faces":{"north":{"uv":[7.6,10.8,8.1,11.9],"rotation":270,"texture":"#0"},"east":{"uv":[14.5,7.2,14,6.8],"rotation":90,"texture":"#0"},"south":{"uv":[10.8,7.6,11.3,8.7],"rotation":90,"texture":"#0"},"west":{"uv":[7.7,14,7.2,14.4],"rotation":90,"texture":"#0"},"up":{"uv":[3.6,12,4,13.1],"rotation":90,"texture":"#0"},"down":{"uv":[3.2,12,3.6,13.1],"rotation":90,"texture":"#0"}}},{"from":[2.95297,11.89793,7.51],"to":[4.75297,13.02293,8.5],"rotation":{"angle":45,"axis":"z","origin":[8,11.46216,8]},"faces":{"north":{"uv":[12.4,3.7,13.1,3.2],"texture":"#0"},"east":{"uv":[4,14.5,4.4,14],"texture":"#0"},"south":{"uv":[4.8,12.9,5.5,12.4],"texture":"#0"},"west":{"uv":[14,6.5,14.4,6],"texture":"#0"},"up":{"uv":[13.5,12,12.8,11.6],"texture":"#0"},"down":{"uv":[13.5,11.2,12.8,11.6],"texture":"#0"}}},{"from":[5.08922,6.41513,7.51],"to":[6.43922,7.09013,8.5],"rotation":{"angle":-45,"axis":"z","origin":[8,11.46216,8]},"faces":{"north":{"uv":[14.4,6.7,14.9,6.4],"texture":"#0"},"east":{"uv":[11.2,14.7,11.6,14.4],"texture":"#0"},"south":{"uv":[7.2,14.7,7.7,14.4],"texture":"#0"},"west":{"uv":[11.6,14.7,12,14.4],"texture":"#0"},"up":{"uv":[14.5,6,14,5.6],"texture":"#0"},"down":{"uv":[6.1,14,5.6,14.4],"texture":"#0"}}},{"from":[5.08922,15.83418,7.51],"to":[6.43922,16.50918,8.5],"rotation":{"angle":45,"axis":"z","origin":[8,11.46216,8]},"faces":{"north":{"uv":[14.4,6.4,14.9,6.7],"texture":"#0"},"east":{"uv":[11.2,14.4,11.6,14.7],"texture":"#0"},"south":{"uv":[7.2,14.4,7.7,14.7],"texture":"#0"},"west":{"uv":[11.6,14.4,12,14.7],"texture":"#0"},"up":{"uv":[6.1,14.4,5.6,14],"texture":"#0"},"down":{"uv":[14.5,5.6,14,6],"texture":"#0"}}},{"from":[5.97879,7.2071,7.51],"to":[7.32879,10.8071,8.5],"rotation":{"angle":22.5,"axis":"z","origin":[8,11.46216,8]},"faces":{"north":{"uv":[11,4.4,9.6,4.9],"rotation":270,"texture":"#0"},"east":{"uv":[10.4,2,11.8,1.6],"rotation":90,"texture":"#0"},"south":{"uv":[11,5.2,9.6,5.7],"rotation":90,"texture":"#0"},"west":{"uv":[10.4,2,11.8,2.4],"rotation":90,"texture":"#0"},"up":{"uv":[6.8,14,6.4,14.5],"rotation":90,"texture":"#0"},"down":{"uv":[7.2,14,6.8,14.5],"rotation":90,"texture":"#0"}}},{"from":[6.19828,8.28092,7.555],"to":[8.89828,9.63092,8.455],"rotation":{"angle":-22.5,"axis":"z","origin":[8,11.46216,8]},"faces":{"north":{"uv":[8.1,10.8,7.6,11.9],"rotation":270,"texture":"#0"},"east":{"uv":[14,7.2,14.5,6.8],"rotation":90,"texture":"#0"},"south":{"uv":[11.3,7.6,10.8,8.7],"rotation":90,"texture":"#0"},"west":{"uv":[7.2,14,7.7,14.4],"rotation":90,"texture":"#0"},"up":{"uv":[3.6,12,3.2,13.1],"rotation":90,"texture":"#0"},"down":{"uv":[4,12,3.6,13.1],"rotation":90,"texture":"#0"}}},{"from":[7.26382,8.9927,7.51],"to":[9.06382,9.6677,8.5],"rotation":{"angle":22.5,"axis":"z","origin":[8,11.46216,8]},"faces":{"north":{"uv":[14.3,4,13.6,4.3],"texture":"#0"},"east":{"uv":[10.4,14.4,10,14.7],"texture":"#0"},"south":{"uv":[14.3,4.4,13.6,4.7],"texture":"#0"},"west":{"uv":[14.8,9.6,14.4,9.9],"texture":"#0"},"up":{"uv":[12.8,10.4,13.5,10],"texture":"#0"},"down":{"uv":[12.8,10.4,13.5,10.8],"texture":"#0"}}},{"from":[7.26382,13.25662,7.51],"to":[9.06382,13.93162,8.5],"rotation":{"angle":-22.5,"axis":"z","origin":[8,11.46216,8]},"faces":{"north":{"uv":[14.3,4.3,13.6,4],"texture":"#0"},"east":{"uv":[10.4,14.7,10,14.4],"texture":"#0"},"south":{"uv":[14.3,4.7,13.6,4.4],"texture":"#0"},"west":{"uv":[14.8,9.9,14.4,9.6],"texture":"#0"},"up":{"uv":[12.8,10.8,13.5,10.4],"texture":"#0"},"down":{"uv":[12.8,10,13.5,10.4],"texture":"#0"}}},{"from":[10.89145,13.34749,7.51],"to":[12.69145,14.02249,8.5],"rotation":{"angle":-22.5,"axis":"z","origin":[12.71721,11.45,8.005]},"faces":{"north":{"uv":[14.3,4.3,13.6,4],"texture":"#0"},"east":{"uv":[10.4,14.7,10,14.4],"texture":"#0"},"south":{"uv":[14.3,4.7,13.6,4.4],"texture":"#0"},"west":{"uv":[14.8,9.9,14.4,9.6],"texture":"#0"},"up":{"uv":[12.8,10.8,13.5,10.4],"texture":"#0"},"down":{"uv":[12.8,10,13.5,10.4],"texture":"#0"}}},{"from":[10.89145,8.87751,7.51],"to":[12.69145,9.55251,8.5],"rotation":{"angle":22.5,"axis":"z","origin":[12.71721,11.45,8.005]},"faces":{"north":{"uv":[14.3,4,13.6,4.3],"texture":"#0"},"east":{"uv":[10.4,14.4,10,14.7],"texture":"#0"},"south":{"uv":[14.3,4.4,13.6,4.7],"texture":"#0"},"west":{"uv":[14.8,9.6,14.4,9.9],"texture":"#0"},"up":{"uv":[12.8,10.4,13.5,10],"texture":"#0"},"down":{"uv":[12.8,10.4,13.5,10.8],"texture":"#0"}}},{"from":[10.89145,10.955,5.43251],"to":[12.69145,11.945,6.10751],"rotation":{"angle":-22.5,"axis":"y","origin":[12.71721,11.45,8.005]},"faces":{"north":{"uv":[12.8,10.4,13.5,10.8],"rotation":180,"texture":"#0"},"east":{"uv":[10.4,14.4,10,14.7],"rotation":270,"texture":"#0"},"south":{"uv":[12.8,10.4,13.5,10],"texture":"#0"},"west":{"uv":[14.8,9.6,14.4,9.9],"rotation":90,"texture":"#0"},"up":{"uv":[14.3,4,13.6,4.3],"rotation":180,"texture":"#0"},"down":{"uv":[14.3,4.4,13.6,4.7],"texture":"#0"}}},{"from":[10.89145,10.955,9.90249],"to":[12.69145,11.945,10.57749],"rotation":{"angle":22.5,"axis":"y","origin":[12.71721,11.45,8.005]},"faces":{"north":{"uv":[12.8,10,13.5,10.4],"rotation":180,"texture":"#0"},"east":{"uv":[10.4,14.7,10,14.4],"rotation":270,"texture":"#0"},"south":{"uv":[12.8,10.8,13.5,10.4],"texture":"#0"},"west":{"uv":[14.8,9.9,14.4,9.6],"rotation":90,"texture":"#0"},"up":{"uv":[14.3,4.3,13.6,4],"rotation":180,"texture":"#0"},"down":{"uv":[14.3,4.7,13.6,4.4],"texture":"#0"}}},{"from":[6.19828,11.01216,9.83124],"to":[8.89828,11.91216,11.18124],"rotation":{"angle":-22.5,"axis":"y","origin":[8,11.46216,8]},"faces":{"north":{"uv":[3.2,12,3.6,13.1],"rotation":270,"texture":"#0"},"east":{"uv":[14.5,7.2,14,6.8],"texture":"#0"},"south":{"uv":[3.6,12,4,13.1],"rotation":90,"texture":"#0"},"west":{"uv":[7.7,14,7.2,14.4],"rotation":180,"texture":"#0"},"up":{"uv":[7.6,10.8,8.1,11.9],"rotation":90,"texture":"#0"},"down":{"uv":[10.8,7.6,11.3,8.7],"rotation":90,"texture":"#0"}}},{"from":[5.97879,10.96716,8.65506],"to":[7.32879,11.95716,12.25506],"rotation":{"angle":22.5,"axis":"y","origin":[8,11.46216,8]},"faces":{"north":{"uv":[6.4,14,6.8,14.5],"rotation":270,"texture":"#0"},"east":{"uv":[11.8,2,10.4,1.6],"texture":"#0"},"south":{"uv":[6.8,14,7.2,14.5],"rotation":90,"texture":"#0"},"west":{"uv":[11.8,2,10.4,2.4],"rotation":180,"texture":"#0"},"up":{"uv":[9.6,4.4,11,4.9],"rotation":90,"texture":"#0"},"down":{"uv":[9.6,5.2,11,5.7],"rotation":90,"texture":"#0"}}},{"from":[6.19828,11.01216,4.81876],"to":[8.89828,11.91216,6.16876],"rotation":{"angle":22.5,"axis":"y","origin":[8,11.46216,8]},"faces":{"north":{"uv":[4,12,3.6,13.1],"rotation":270,"texture":"#0"},"east":{"uv":[14,7.2,14.5,6.8],"texture":"#0"},"south":{"uv":[3.6,12,3.2,13.1],"rotation":90,"texture":"#0"},"west":{"uv":[7.2,14,7.7,14.4],"rotation":180,"texture":"#0"},"up":{"uv":[8.1,10.8,7.6,11.9],"rotation":90,"texture":"#0"},"down":{"uv":[11.3,7.6,10.8,8.7],"rotation":90,"texture":"#0"}}},{"from":[5.97879,10.96716,3.74494],"to":[7.32879,11.95716,7.34494],"rotation":{"angle":-22.5,"axis":"y","origin":[8,11.46216,8]},"faces":{"north":{"uv":[7.2,14,6.8,14.5],"rotation":270,"texture":"#0"},"east":{"uv":[10.4,2,11.8,1.6],"texture":"#0"},"south":{"uv":[6.8,14,6.4,14.5],"rotation":90,"texture":"#0"},"west":{"uv":[10.4,2,11.8,2.4],"rotation":180,"texture":"#0"},"up":{"uv":[11,4.4,9.6,4.9],"rotation":90,"texture":"#0"},"down":{"uv":[11,5.2,9.6,5.7],"rotation":90,"texture":"#0"}}},{"from":[7.26382,10.96716,5.53054],"to":[9.06382,11.95716,6.20554],"rotation":{"angle":-22.5,"axis":"y","origin":[8,11.46216,8]},"faces":{"north":{"uv":[12.8,10.4,13.5,10.8],"rotation":180,"texture":"#0"},"east":{"uv":[10.4,14.4,10,14.7],"rotation":270,"texture":"#0"},"south":{"uv":[12.8,10.4,13.5,10],"texture":"#0"},"west":{"uv":[14.8,9.6,14.4,9.9],"rotation":90,"texture":"#0"},"up":{"uv":[14.3,4,13.6,4.3],"rotation":180,"texture":"#0"},"down":{"uv":[14.3,4.4,13.6,4.7],"texture":"#0"}}},{"from":[7.26382,10.96716,9.79446],"to":[9.06382,11.95716,10.46946],"rotation":{"angle":22.5,"axis":"y","origin":[8,11.46216,8]},"faces":{"north":{"uv":[12.8,10,13.5,10.4],"rotation":180,"texture":"#0"},"east":{"uv":[10.4,14.7,10,14.4],"rotation":270,"texture":"#0"},"south":{"uv":[12.8,10.8,13.5,10.4],"texture":"#0"},"west":{"uv":[14.8,9.9,14.4,9.6],"rotation":90,"texture":"#0"},"up":{"uv":[14.3,4.3,13.6,4],"rotation":180,"texture":"#0"},"down":{"uv":[14.3,4.7,13.6,4.4],"texture":"#0"}}},{"from":[4.36107,10.31216,7.0825],"to":[6.66107,12.61216,8.9175],"rotation":{"angle":0,"axis":"y","origin":[8,11.46216,8]},"faces":{"north":{"uv":[10.7,9.5,11.5,10.3],"rotation":270,"texture":"#0"},"east":{"uv":[13.2,3.9,12.3,3.8],"rotation":90,"texture":"#0"},"south":{"uv":[10.7,9.5,11.5,10.3],"rotation":90,"texture":"#0"},"west":{"uv":[13.2,1,12.5,1.1],"rotation":90,"texture":"#0"},"up":{"uv":[12.7,10.7,12.8,11.8],"rotation":90,"texture":"#0"},"down":{"uv":[12.7,10.7,12.8,11.8],"rotation":90,"texture":"#0"}}},{"from":[5.2327,8.68778,7.005],"to":[7.2327,10.68778,9.005],"rotation":{"angle":-45,"axis":"z","origin":[8,11.46216,8]},"faces":{"north":{"uv":[11.5,3.6,10.8,4.3],"rotation":270,"texture":"#0"},"east":{"uv":[11.2,0,11.9,0.7],"rotation":90,"texture":"#0"},"south":{"uv":[10.8,3.6,11.5,4.3],"rotation":90,"texture":"#0"},"west":{"uv":[2.8,11.2,3.5,11.9],"rotation":90,"texture":"#0"},"up":{"uv":[11.5,11.1,10.8,10.4],"rotation":90,"texture":"#0"},"down":{"uv":[10.8,8.8,11.5,9.5],"rotation":90,"texture":"#0"}}},{"from":[18.25077,-10.56271,7.005],"to":[20.25077,-8.56271,9.005],"rotation":{"angle":-45,"axis":"z","origin":[8,1.68099,8]},"faces":{"north":{"uv":[11.5,3.6,10.8,4.3],"texture":"#0"},"east":{"uv":[10.8,8.8,11.5,9.5],"texture":"#0"},"south":{"uv":[10.8,3.6,11.5,4.3],"texture":"#0"},"west":{"uv":[11.5,11.1,10.8,10.4],"texture":"#0"},"up":{"uv":[11.2,0,11.9,0.7],"texture":"#0"},"down":{"uv":[2.8,11.2,3.5,11.9],"texture":"#0"}}},{"from":[6.85,-15.35959,7.0825],"to":[9.15,-13.05959,8.9175],"rotation":{"angle":0,"axis":"y","origin":[8,1.68099,8]},"faces":{"north":{"uv":[10.7,9.5,11.5,10.3],"texture":"#0"},"east":{"uv":[12.7,10.7,12.8,11.8],"texture":"#0"},"south":{"uv":[10.7,9.5,11.5,10.3],"texture":"#0"},"west":{"uv":[12.7,10.7,12.8,11.8],"texture":"#0"},"up":{"uv":[13.2,3.9,12.3,3.8],"texture":"#0"},"down":{"uv":[13.2,1,12.5,1.1],"texture":"#0"}}},{"from":[14.17512,-13.28816,7.325],"to":[15.30012,-11.73816,8.675],"rotation":{"angle":-22.5,"axis":"z","origin":[8,1.68099,8]},"faces":{"north":{"uv":[12.4,8.4,12.9,9.1],"texture":"#0"},"east":{"uv":[12.4,9.2,12.9,9.9],"texture":"#0"},"south":{"uv":[11.6,12.4,12.1,13.1],"texture":"#0"},"west":{"uv":[12.4,12.4,12.9,13.1],"texture":"#0"},"up":{"uv":[13.7,8.9,13.2,8.4],"texture":"#0"},"down":{"uv":[9.7,13.2,9.2,13.7],"texture":"#0"}}},{"from":[0.69988,-13.28816,7.325],"to":[1.82488,-11.73816,8.675],"rotation":{"angle":22.5,"axis":"z","origin":[8,1.68099,8]},"faces":{"north":{"uv":[12.8,1.2,13.3,1.9],"texture":"#0"},"east":{"uv":[4,12.8,4.5,13.5],"texture":"#0"},"south":{"uv":[12.8,4,13.3,4.7],"texture":"#0"},"west":{"uv":[12.8,4.8,13.3,5.5],"texture":"#0"},"up":{"uv":[13.7,9.7,13.2,9.2],"texture":"#0"},"down":{"uv":[10.5,13.2,10,13.7],"texture":"#0"}}},{"from":[12.8575,-14.71849,7.55],"to":[13.8925,-13.36849,8.45],"rotation":{"angle":-22.5,"axis":"z","origin":[8,1.68099,8]},"faces":{"north":{"uv":[14,7.6,14.4,8.1],"texture":"#0"},"east":{"uv":[8,14,8.4,14.5],"texture":"#0"},"south":{"uv":[8.4,14,8.8,14.5],"texture":"#0"},"west":{"uv":[14,8.4,14.4,8.9],"texture":"#0"},"up":{"uv":[14.8,2.4,14.4,2],"texture":"#0"},"down":{"uv":[2.8,14.4,2.4,14.8],"texture":"#0"}}},{"from":[2.1075,-14.71849,7.55],"to":[3.1425,-13.36849,8.45],"rotation":{"angle":22.5,"axis":"z","origin":[8,1.68099,8]},"faces":{"north":{"uv":[8.8,14,9.2,14.5],"texture":"#0"},"east":{"uv":[9.2,14,9.6,14.5],"texture":"#0"},"south":{"uv":[14,9.2,14.4,9.7],"texture":"#0"},"west":{"uv":[9.6,14,10,14.5],"texture":"#0"},"up":{"uv":[14.8,2.8,14.4,2.4],"texture":"#0"},"down":{"uv":[14.8,2.8,14.4,3.2],"texture":"#0"}}},{"from":[-2.54533,-10.40987,7.505],"to":[-1.42033,-9.50987,8.495],"rotation":{"angle":45,"axis":"z","origin":[8,1.68099,8]},"faces":{"north":{"uv":[10,14,10.5,14.4],"texture":"#0"},"east":{"uv":[14.4,3.6,14.8,4],"texture":"#0"},"south":{"uv":[14,10,14.5,10.4],"texture":"#0"},"west":{"uv":[14.4,4,14.8,4.4],"texture":"#0"},"up":{"uv":[14.5,10.8,14,10.4],"texture":"#0"},"down":{"uv":[11.3,14,10.8,14.4],"texture":"#0"}}},{"from":[-4.36613,-11.86425,7.505],"to":[-2.56613,-10.96425,8.495],"rotation":{"angle":45,"axis":"z","origin":[8,1.68099,8]},"faces":{"north":{"uv":[12.8,12,13.5,12.4],"texture":"#0"},"east":{"uv":[4.4,14.4,4.8,14.8],"texture":"#0"},"south":{"uv":[13.2,0,13.9,0.4],"texture":"#0"},"west":{"uv":[14.4,4.4,14.8,4.8],"texture":"#0"},"up":{"uv":[13.9,0.8,13.2,0.4],"texture":"#0"},"down":{"uv":[13.9,0.8,13.2,1.2],"texture":"#0"}}},{"from":[18.56613,-11.86425,7.505],"to":[20.36613,-10.96425,8.495],"rotation":{"angle":-45,"axis":"z","origin":[8,1.68099,8]},"faces":{"north":{"uv":[13.2,2.4,13.9,2.8],"texture":"#0"},"east":{"uv":[4.8,14.4,5.2,14.8],"texture":"#0"},"south":{"uv":[2.8,13.2,3.5,13.6],"texture":"#0"},"west":{"uv":[14.4,4.8,14.8,5.2],"texture":"#0"},"up":{"uv":[13.9,3.2,13.2,2.8],"texture":"#0"},"down":{"uv":[13.9,3.2,13.2,3.6],"texture":"#0"}}},{"from":[17.42033,-10.40987,7.505],"to":[18.54533,-9.50987,8.495],"rotation":{"angle":-45,"axis":"z","origin":[8,1.68099,8]},"faces":{"north":{"uv":[14,10.8,14.5,11.2],"texture":"#0"},"east":{"uv":[5.2,14.4,5.6,14.8],"texture":"#0"},"south":{"uv":[14,11.2,14.5,11.6],"texture":"#0"},"west":{"uv":[14.4,5.2,14.8,5.6],"texture":"#0"},"up":{"uv":[12.1,14.4,11.6,14],"texture":"#0"},"down":{"uv":[14.5,11.6,14,12],"texture":"#0"}}},{"from":[4.22736,10.38853,7.33],"to":[6.02736,12.41353,8.68],"rotation":{"angle":22.5,"axis":"z","origin":[8,11.46216,8]},"faces":{"north":{"uv":[11.2,6,10.4,6.7],"rotation":270,"texture":"#0"},"east":{"uv":[12,4.9,12.8,4.4],"rotation":90,"texture":"#0"},"south":{"uv":[11.2,6.8,10.4,7.5],"rotation":90,"texture":"#0"},"west":{"uv":[12,5.2,12.8,5.7],"rotation":90,"texture":"#0"},"up":{"uv":[6.1,12.4,5.6,13.1],"rotation":90,"texture":"#0"},"down":{"uv":[12.9,7.6,12.4,8.3],"rotation":90,"texture":"#0"}}},{"from":[5.08922,10.96716,2.95298],"to":[6.43922,11.95716,3.62798],"rotation":{"angle":45,"axis":"y","origin":[8,11.46216,8]},"faces":{"north":{"uv":[6.1,14,5.6,14.4],"rotation":180,"texture":"#0"},"east":{"uv":[11.2,14.7,11.6,14.4],"rotation":270,"texture":"#0"},"south":{"uv":[14.5,6,14,5.6],"texture":"#0"},"west":{"uv":[11.6,14.7,12,14.4],"rotation":90,"texture":"#0"},"up":{"uv":[14.4,6.7,14.9,6.4],"rotation":180,"texture":"#0"},"down":{"uv":[7.2,14.7,7.7,14.4],"texture":"#0"}}},{"from":[2.95297,10.96716,8.43578],"to":[4.75297,11.95716,9.56078],"rotation":{"angle":-45,"axis":"y","origin":[8,11.46216,8]},"faces":{"north":{"uv":[13.5,11.2,12.8,11.6],"rotation":180,"texture":"#0"},"east":{"uv":[4,14.5,4.4,14],"rotation":270,"texture":"#0"},"south":{"uv":[13.5,12,12.8,11.6],"texture":"#0"},"west":{"uv":[14,6.5,14.4,6],"rotation":90,"texture":"#0"},"up":{"uv":[12.4,3.7,13.1,3.2],"rotation":180,"texture":"#0"},"down":{"uv":[4.8,12.9,5.5,12.4],"texture":"#0"}}},{"from":[4.22736,10.78716,6.92637],"to":[6.02736,12.13716,8.95137],"rotation":{"angle":-22.5,"axis":"y","origin":[8,11.46216,8]},"faces":{"north":{"uv":[12.9,7.6,12.4,8.3],"rotation":270,"texture":"#0"},"east":{"uv":[12,4.9,12.8,4.4],"texture":"#0"},"south":{"uv":[6.1,12.4,5.6,13.1],"rotation":90,"texture":"#0"},"west":{"uv":[12,5.2,12.8,5.7],"rotation":180,"texture":"#0"},"up":{"uv":[11.2,6,10.4,6.7],"rotation":90,"texture":"#0"},"down":{"uv":[11.2,6.8,10.4,7.5],"rotation":90,"texture":"#0"}}},{"from":[4.22736,10.78716,7.04863],"to":[6.02736,12.13716,9.07363],"rotation":{"angle":22.5,"axis":"y","origin":[8,11.46216,8]},"faces":{"north":{"uv":[5.6,12.4,6.1,13.1],"rotation":270,"texture":"#0"},"east":{"uv":[12.8,4.9,12,4.4],"texture":"#0"},"south":{"uv":[12.4,7.6,12.9,8.3],"rotation":90,"texture":"#0"},"west":{"uv":[12.8,5.2,12,5.7],"rotation":180,"texture":"#0"},"up":{"uv":[10.4,6,11.2,6.7],"rotation":90,"texture":"#0"},"down":{"uv":[10.4,6.8,11.2,7.5],"rotation":90,"texture":"#0"}}},{"from":[2.95297,10.96716,6.43922],"to":[4.75297,11.95716,7.56422],"rotation":{"angle":45,"axis":"y","origin":[8,11.46216,8]},"faces":{"north":{"uv":[13.5,11.6,12.8,12],"rotation":180,"texture":"#0"},"east":{"uv":[4,14,4.4,14.5],"rotation":270,"texture":"#0"},"south":{"uv":[13.5,11.6,12.8,11.2],"texture":"#0"},"west":{"uv":[14,6,14.4,6.5],"rotation":90,"texture":"#0"},"up":{"uv":[12.4,3.2,13.1,3.7],"rotation":180,"texture":"#0"},"down":{"uv":[4.8,12.4,5.5,12.9],"texture":"#0"}}},{"from":[5.08922,10.96716,12.37202],"to":[6.43922,11.95716,13.04702],"rotation":{"angle":-45,"axis":"y","origin":[8,11.46216,8]},"faces":{"north":{"uv":[14.5,5.6,14,6],"rotation":180,"texture":"#0"},"east":{"uv":[11.2,14.4,11.6,14.7],"rotation":270,"texture":"#0"},"south":{"uv":[6.1,14.4,5.6,14],"texture":"#0"},"west":{"uv":[11.6,14.4,12,14.7],"rotation":90,"texture":"#0"},"up":{"uv":[14.4,6.4,14.9,6.7],"rotation":180,"texture":"#0"},"down":{"uv":[7.2,14.4,7.7,14.7],"texture":"#0"}}}],"gui_light":"front","display":{"thirdperson_righthand":{"rotation":[0,90,0],"translation":[0,7.5,1.75]},"thirdperson_lefthand":{"rotation":[0,-90,0],"translation":[0,7.5,1.75]},"firstperson_righthand":{"rotation":[0,90,0],"translation":[24.25,2,-21.5],"scale":[1.77297,1.77297,1.77297]},"firstperson_lefthand":{"rotation":[0,-90,0],"translation":[24.25,2,-21.5],"scale":[1.77297,1.77297,1.77297]},"ground":{"rotation":[0,0,-45],"translation":[0,11,3],"scale":[0.5,0.5,0.5]},"gui":{"rotation":[-180,0,135],"translation":[-2.75,2.75,0],"scale":[0.52273,0.52273,0.52273]},"head":{"rotation":[7.5,0,-149.5],"translation":[-0.25,-17.75,6.75],"scale":[0,0,0]},"fixed":{"translation":[0,14.5,-0.75],"scale":[1.8,1.8,1.8]}},"groups":[{"name":"staff","origin":[8,3.25,8],"color":0,"children":[0,1,2,3,4,5,6,7,8,9,10,11,12,13,14,15,16,17,18,19,20,21,22,23,24,25,26,27,28,29,30,31,32,33,34,35,36,37,38,39,40,41,42,43,44,45,46,47,48,49,50,51,52,53,54,55,56,57,58,59,60,61,62,63]}]}