{"credit":"MadewithBlockbench","textures":{"0":"elitecreatures:pink_legacy_animated_weapon_set/texture","1":"elitecreatures:pink_legacy_animated_weapon_set/eff_01","2":"elitecreatures:pink_legacy_animated_weapon_set/eff_02","5":"elitecreatures:pink_legacy_animated_weapon_set/eff_04","particle":"elitecreatures:pink_legacy_animated_weapon_set/texture"},"elements":[{"name":"eff","from":[-3.5,1.74,7.75],"to":[19.5,24.74,7.75],"rotation":{"angle":0,"axis":"y","origin":[8,1.68099,8]},"faces":{"north":{"uv":[16,0,0,16],"texture":"#1"},"east":{"uv":[0,0,0,3.6],"texture":"#1"},"south":{"uv":[0,0,16,16],"texture":"#1"},"west":{"uv":[0,0,0,3.6],"texture":"#1"},"up":{"uv":[0,0,3.8,0],"texture":"#1"},"down":{"uv":[0,0,3.8,0],"texture":"#1"}}},{"from":[7.415,-4.85,7.415],"to":[8.585,1.45,8.585],"rotation":{"angle":0,"axis":"y","origin":[8,1.68099,8]},"faces":{"north":{"uv":[8.4,0,8.9,2.5],"texture":"#0"},"east":{"uv":[8.4,2.8,8.9,5.3],"texture":"#0"},"south":{"uv":[8.4,5.6,8.9,8.1],"texture":"#0"},"west":{"uv":[8.4,8.4,8.9,10.9],"texture":"#0"},"up":{"uv":[5.3,13.7,4.8,13.2],"texture":"#0"},"down":{"uv":[6.1,13.2,5.6,13.7],"texture":"#0"}}},{"from":[6.065,6.5415,7.7575],"to":[9.935,13.7415,8.2525],"rotation":{"angle":0,"axis":"y","origin":[8,1.68099,8]},"faces":{"north":{"uv":[5.2,3.6,6.7,6.5],"rotation":180,"texture":"#0"},"east":{"uv":[10.4,10,10.6,12.9],"rotation":180,"texture":"#0"},"south":{"uv":[6.8,0,8.3,2.9],"rotation":180,"texture":"#0"},"west":{"uv":[10,10,10.2,12.9],"rotation":180,"texture":"#0"},"up":{"uv":[14.3,7.2,12.8,7.4],"rotation":180,"texture":"#0"},"down":{"uv":[14.3,2.2,12.8,2],"rotation":180,"texture":"#0"}}},{"from":[7.31,6.5415,7.5075],"to":[8.68,10.9915,8.5025],"rotation":{"angle":0,"axis":"y","origin":[8,1.68099,8]},"faces":{"north":{"uv":[6.8,8.8,7.3,10.6],"rotation":180,"texture":"#0"},"east":{"uv":[9.2,6.4,9.6,8.2],"rotation":180,"texture":"#0"},"south":{"uv":[9.2,2.4,9.7,4.2],"rotation":180,"texture":"#0"},"west":{"uv":[9.2,4.4,9.6,6.2],"rotation":180,"texture":"#0"},"up":{"uv":[14.1,5.2,13.6,5.6],"rotation":180,"texture":"#0"},"down":{"uv":[14.1,5.2,13.6,4.8],"rotation":180,"texture":"#0"}}},{"from":[7.14,-0.8585,7.6275],"to":[8.86,13.0415,8.3725],"rotation":{"angle":0,"axis":"y","origin":[8,1.68099,8]},"faces":{"north":{"uv":[6.8,3.2,7.5,8.8],"rotation":180,"texture":"#0"},"east":{"uv":[6.4,6.8,6.7,12.4],"rotation":180,"texture":"#0"},"south":{"uv":[5.2,6.8,5.9,12.4],"rotation":180,"texture":"#0"},"west":{"uv":[6,6.8,6.3,12.4],"rotation":180,"texture":"#0"},"up":{"uv":[14.3,1.6,13.6,1.9],"rotation":180,"texture":"#0"},"down":{"uv":[14.3,1.5,13.6,1.2],"rotation":180,"texture":"#0"}}},{"from":[9.18711,-0.75612,7.6],"to":[10.43711,0.49388,8.4],"rotation":{"angle":-45,"axis":"z","origin":[8,1.68099,8]},"faces":{"north":{"uv":[13.2,5.6,13.7,6.1],"rotation":180,"texture":"#0"},"east":{"uv":[4.4,13.6,4.8,14.1],"rotation":180,"texture":"#0"},"south":{"uv":[13.2,6.4,13.7,6.9],"rotation":180,"texture":"#0"},"west":{"uv":[6.4,13.2,6.8,13.7],"rotation":180,"texture":"#0"},"up":{"uv":[8.1,13.6,7.6,14],"rotation":180,"texture":"#0"},"down":{"uv":[7.3,14,6.8,13.6],"rotation":180,"texture":"#0"}}},{"from":[7.14,-15.83172,7.6275],"to":[8.86,-1.93172,8.3725],"rotation":{"angle":0,"axis":"y","origin":[8,1.68099,8]},"faces":{"north":{"uv":[6.8,3.2,7.5,8.8],"texture":"#0"},"east":{"uv":[6,6.8,6.3,12.4],"texture":"#0"},"south":{"uv":[5.2,6.8,5.9,12.4],"texture":"#0"},"west":{"uv":[6.4,6.8,6.7,12.4],"texture":"#0"},"up":{"uv":[14.3,1.5,13.6,1.2],"texture":"#0"},"down":{"uv":[14.3,1.6,13.6,1.9],"texture":"#0"}}},{"from":[4.83685,-1.48216,7.6],"to":[6.08685,-0.23216,8.4],"rotation":{"angle":45,"axis":"z","origin":[8,1.68099,8]},"faces":{"north":{"uv":[13.2,5.6,13.7,6.1],"rotation":270,"texture":"#0"},"east":{"uv":[7.3,14,6.8,13.6],"rotation":90,"texture":"#0"},"south":{"uv":[13.2,6.4,13.7,6.9],"rotation":90,"texture":"#0"},"west":{"uv":[8.1,13.6,7.6,14],"rotation":90,"texture":"#0"},"up":{"uv":[4.4,13.6,4.8,14.1],"rotation":90,"texture":"#0"},"down":{"uv":[6.4,13.2,6.8,13.7],"rotation":90,"texture":"#0"}}},{"from":[0.5,14.5485,8],"to":[15.5,29.5485,8],"rotation":{"angle":0,"axis":"y","origin":[8,22.0485,8]},"faces":{"north":{"uv":[0,0,16,16],"texture":"#5"},"east":{"uv":[0,0,0,9],"texture":"#5"},"south":{"uv":[16,0,0,16],"texture":"#5"},"west":{"uv":[0,0,0,9],"texture":"#5"},"up":{"uv":[6.5,0,0,0],"texture":"#5"},"down":{"uv":[6.5,0,0,0],"texture":"#5"}}},{"from":[8,14.5485,0.5],"to":[8,29.5485,15.5],"rotation":{"angle":0,"axis":"y","origin":[8,22.0485,8]},"faces":{"north":{"uv":[0,0,0,9],"texture":"#5"},"east":{"uv":[0,0,16,16],"texture":"#5"},"south":{"uv":[0,0,0,9],"texture":"#5"},"west":{"uv":[16,0,0,16],"texture":"#5"},"up":{"uv":[6.5,0,0,0],"rotation":270,"texture":"#5"},"down":{"uv":[6.5,0,0,0],"rotation":90,"texture":"#5"}}},{"from":[11.97625,-15.27786,8],"to":[19.52625,-8.30786,8],"rotation":{"angle":-22.5,"axis":"z","origin":[8,1.68099,8]},"faces":{"north":{"uv":[6.6,0,2.83,3.6],"rotation":180,"texture":"#0"},"east":{"uv":[0,0,0,3.6],"rotation":180,"texture":"#0"},"south":{"uv":[2.83,0,6.6,3.6],"rotation":180,"texture":"#0"},"west":{"uv":[0,0,0,3.6],"rotation":180,"texture":"#0"},"up":{"uv":[0,0,3.8,0],"rotation":180,"texture":"#0"},"down":{"uv":[0,0,3.8,0],"rotation":180,"texture":"#0"}}},{"from":[-3.52625,-15.27786,8],"to":[4.02375,-8.30786,8],"rotation":{"angle":22.5,"axis":"z","origin":[8,1.68099,8]},"faces":{"north":{"uv":[2.83,0,6.6,3.6],"rotation":180,"texture":"#0"},"east":{"uv":[0,0,0,3.6],"rotation":180,"texture":"#0"},"south":{"uv":[6.6,0,2.83,3.6],"rotation":180,"texture":"#0"},"west":{"uv":[0,0,0,3.6],"rotation":180,"texture":"#0"},"up":{"uv":[3.8,0,0,0],"rotation":180,"texture":"#0"},"down":{"uv":[3.8,0,0,0],"rotation":180,"texture":"#0"}}},{"from":[6.5,4.0015,7.75],"to":[15.5,13.0015,7.75],"rotation":{"angle":0,"axis":"y","origin":[8,1.68099,8]},"faces":{"north":{"uv":[16,0,0,16],"rotation":180,"texture":"#2"},"east":{"uv":[0,0,0,3.6],"rotation":180,"texture":"#2"},"south":{"uv":[0,0,16,16],"rotation":180,"texture":"#2"},"west":{"uv":[0,0,0,3.6],"rotation":180,"texture":"#2"},"up":{"uv":[0,0,3.8,0],"rotation":180,"texture":"#2"},"down":{"uv":[0,0,3.8,0],"rotation":180,"texture":"#2"}}},{"from":[0.5,4.0015,7.75],"to":[9.5,13.0015,7.75],"rotation":{"angle":0,"axis":"y","origin":[8,1.68099,8]},"faces":{"north":{"uv":[0,0,16,16],"rotation":180,"texture":"#2"},"east":{"uv":[0,0,0,3.6],"rotation":180,"texture":"#2"},"south":{"uv":[16,0,0,16],"rotation":180,"texture":"#2"},"west":{"uv":[0,0,0,3.6],"rotation":180,"texture":"#2"},"up":{"uv":[3.8,0,0,0],"rotation":180,"texture":"#2"},"down":{"uv":[3.8,0,0,0],"rotation":180,"texture":"#2"}}},{"from":[0.64202,7.71898,7.5525],"to":[1.96202,9.03898,8.4475],"rotation":{"angle":-45,"axis":"z","origin":[8,1.68099,8]},"faces":{"north":{"uv":[13.2,7.6,13.7,8.1],"rotation":270,"texture":"#0"},"east":{"uv":[0.9,14.4,0.4,14],"rotation":90,"texture":"#0"},"south":{"uv":[8.4,13.2,8.9,13.7],"rotation":90,"texture":"#0"},"west":{"uv":[14.5,0.8,14,1.2],"rotation":90,"texture":"#0"},"up":{"uv":[14,0,14.4,0.5],"rotation":90,"texture":"#0"},"down":{"uv":[0,14,0.4,14.5],"rotation":90,"texture":"#0"}}},{"from":[3.20279,3.77114,7.4625],"to":[5.90279,6.47114,8.5475],"rotation":{"angle":-45,"axis":"z","origin":[8,1.68099,8]},"faces":{"north":{"uv":[9.2,0,10.3,1.1],"rotation":270,"texture":"#0"},"east":{"uv":[12.7,4.4,11.6,4],"rotation":90,"texture":"#0"},"south":{"uv":[10.3,0,9.2,1.1],"rotation":90,"texture":"#0"},"west":{"uv":[13.1,0,12,0.4],"rotation":90,"texture":"#0"},"up":{"uv":[11.6,11.2,12,12.3],"rotation":90,"texture":"#0"},"down":{"uv":[11.6,10,12,11.1],"rotation":90,"texture":"#0"}}},{"from":[6.75,5.30109,7.4825],"to":[9.25,7.80109,8.5175],"rotation":{"angle":0,"axis":"y","origin":[8,1.68099,8]},"faces":{"north":{"uv":[9.2,1.2,10.2,2.3],"rotation":180,"texture":"#0"},"east":{"uv":[12.7,10.7,12.8,11.8],"rotation":180,"texture":"#0"},"south":{"uv":[9.2,1.2,10.2,2.3],"rotation":180,"texture":"#0"},"west":{"uv":[12.7,10.7,12.8,11.8],"rotation":180,"texture":"#0"},"up":{"uv":[13.2,1,12.5,1.1],"rotation":180,"texture":"#0"},"down":{"uv":[13.2,3.9,12.3,3.8],"rotation":180,"texture":"#0"}}},{"from":[7.2125,13.6515,7.2125],"to":[8.7875,15.5415,8.7875],"rotation":{"angle":0,"axis":"y","origin":[8,1.68099,8]},"faces":{"north":{"uv":[8.4,11.2,9,12],"rotation":180,"texture":"#0"},"east":{"uv":[11.6,2.4,12.2,3.2],"rotation":180,"texture":"#0"},"south":{"uv":[10.8,11.2,11.4,12],"rotation":180,"texture":"#0"},"west":{"uv":[9.2,11.2,9.8,12],"rotation":180,"texture":"#0"},"up":{"uv":[7.4,12,6.8,12.6],"rotation":180,"texture":"#0"},"down":{"uv":[12.6,6.6,12,6],"rotation":180,"texture":"#0"}}},{"from":[7.2125,0.855,7.2125],"to":[8.7875,1.485,8.7875],"rotation":{"angle":0,"axis":"y","origin":[8,1.68099,8]},"faces":{"north":{"uv":[14,12,14.6,12.3],"texture":"#0"},"east":{"uv":[12.4,14,13,14.3],"texture":"#0"},"south":{"uv":[14,12.4,14.6,12.7],"texture":"#0"},"west":{"uv":[14,12.8,14.6,13.1],"texture":"#0"},"up":{"uv":[12.6,7.4,12,6.8],"texture":"#0"},"down":{"uv":[8.2,12,7.6,12.6],"texture":"#0"}}},{"from":[7.2125,-14.74,7.2125],"to":[8.7875,-12.85,8.7875],"rotation":{"angle":0,"axis":"y","origin":[8,1.68099,8]},"faces":{"north":{"uv":[11.6,3.2,12.2,4],"texture":"#0"},"east":{"uv":[11.6,7.6,12.2,8.4],"texture":"#0"},"south":{"uv":[11.6,8.4,12.2,9.2],"texture":"#0"},"west":{"uv":[11.6,9.2,12.2,10],"texture":"#0"},"up":{"uv":[9,12.6,8.4,12],"texture":"#0"},"down":{"uv":[9.8,12,9.2,12.6],"texture":"#0"}}},{"from":[7.2125,-4.535,7.2125],"to":[8.7875,-3.905,8.7875],"rotation":{"angle":0,"axis":"y","origin":[8,1.68099,8]},"faces":{"north":{"uv":[14,13.6,14.6,13.9],"texture":"#0"},"east":{"uv":[14,14,14.6,14.3],"texture":"#0"},"south":{"uv":[14.4,0,15,0.3],"texture":"#0"},"west":{"uv":[0.4,14.4,1,14.7],"texture":"#0"},"up":{"uv":[12.6,10.6,12,10],"texture":"#0"},"down":{"uv":[11.4,12,10.8,12.6],"texture":"#0"}}},{"from":[-0.4771,11.84435,7.51],"to":[0.6479,13.64435,8.5],"rotation":{"angle":-45,"axis":"z","origin":[8,1.68099,8]},"faces":{"north":{"uv":[12.4,3.2,13.1,3.7],"rotation":270,"texture":"#0"},"east":{"uv":[13.5,11.6,12.8,11.2],"rotation":90,"texture":"#0"},"south":{"uv":[4.8,12.4,5.5,12.9],"rotation":90,"texture":"#0"},"west":{"uv":[13.5,11.6,12.8,12],"rotation":90,"texture":"#0"},"up":{"uv":[14,6,14.4,6.5],"rotation":90,"texture":"#0"},"down":{"uv":[4,14,4.4,14.5],"rotation":90,"texture":"#0"}}},{"from":[4.91197,11.38882,7.51],"to":[8.51197,12.73882,8.5],"rotation":{"angle":-22.5,"axis":"z","origin":[8,1.68099,8]},"faces":{"north":{"uv":[9.6,4.4,11,4.9],"rotation":180,"texture":"#0"},"east":{"uv":[6.8,14,7.2,14.5],"rotation":180,"texture":"#0"},"south":{"uv":[9.6,5.2,11,5.7],"rotation":180,"texture":"#0"},"west":{"uv":[6.4,14,6.8,14.5],"rotation":180,"texture":"#0"},"up":{"uv":[11.8,2,10.4,2.4],"rotation":180,"texture":"#0"},"down":{"uv":[11.8,2,10.4,1.6],"rotation":180,"texture":"#0"}}},{"from":[3.30554,12.69025,7.33],"to":[5.33054,14.49025,8.68],"rotation":{"angle":-22.5,"axis":"z","origin":[8,1.68099,8]},"faces":{"north":{"uv":[10.4,6,11.2,6.7],"rotation":180,"texture":"#0"},"east":{"uv":[12.4,7.6,12.9,8.3],"rotation":180,"texture":"#0"},"south":{"uv":[10.4,6.8,11.2,7.5],"rotation":180,"texture":"#0"},"west":{"uv":[5.6,12.4,6.1,13.1],"rotation":180,"texture":"#0"},"up":{"uv":[12.8,5.2,12,5.7],"rotation":180,"texture":"#0"},"down":{"uv":[12.8,4.9,12,4.4],"rotation":180,"texture":"#0"}}},{"from":[13.57433,9.81933,7.555],"to":[14.92433,12.51933,8.455],"rotation":{"angle":22.5,"axis":"z","origin":[8,1.68099,8]},"faces":{"north":{"uv":[7.6,10.8,8.1,11.9],"rotation":180,"texture":"#0"},"east":{"uv":[3.6,12,4,13.1],"rotation":180,"texture":"#0"},"south":{"uv":[10.8,7.6,11.3,8.7],"rotation":180,"texture":"#0"},"west":{"uv":[3.2,12,3.6,13.1],"rotation":180,"texture":"#0"},"up":{"uv":[7.7,14,7.2,14.4],"rotation":180,"texture":"#0"},"down":{"uv":[14.5,7.2,14,6.8],"rotation":180,"texture":"#0"}}},{"from":[15.3521,11.84435,7.51],"to":[16.4771,13.64435,8.5],"rotation":{"angle":45,"axis":"z","origin":[8,1.68099,8]},"faces":{"north":{"uv":[12.4,3.7,13.1,3.2],"rotation":270,"texture":"#0"},"east":{"uv":[13.5,12,12.8,11.6],"rotation":90,"texture":"#0"},"south":{"uv":[4.8,12.9,5.5,12.4],"rotation":90,"texture":"#0"},"west":{"uv":[13.5,11.2,12.8,11.6],"rotation":90,"texture":"#0"},"up":{"uv":[14,6.5,14.4,6],"rotation":90,"texture":"#0"},"down":{"uv":[4,14.5,4.4,14],"rotation":90,"texture":"#0"}}},{"from":[-3.96335,10.1581,7.51],"to":[-3.28835,11.5081,8.5],"rotation":{"angle":-45,"axis":"z","origin":[8,1.68099,8]},"faces":{"north":{"uv":[14.4,6.7,14.9,6.4],"rotation":270,"texture":"#0"},"east":{"uv":[14.5,6,14,5.6],"rotation":90,"texture":"#0"},"south":{"uv":[7.2,14.7,7.7,14.4],"rotation":90,"texture":"#0"},"west":{"uv":[6.1,14,5.6,14.4],"rotation":90,"texture":"#0"},"up":{"uv":[11.6,14.7,12,14.4],"rotation":90,"texture":"#0"},"down":{"uv":[11.2,14.7,11.6,14.4],"rotation":90,"texture":"#0"}}},{"from":[19.28835,10.1581,7.51],"to":[19.96335,11.5081,8.5],"rotation":{"angle":45,"axis":"z","origin":[8,1.68099,8]},"faces":{"north":{"uv":[14.4,6.4,14.9,6.7],"rotation":270,"texture":"#0"},"east":{"uv":[6.1,14.4,5.6,14],"rotation":90,"texture":"#0"},"south":{"uv":[7.2,14.4,7.7,14.7],"rotation":90,"texture":"#0"},"west":{"uv":[14.5,5.6,14,6],"rotation":90,"texture":"#0"},"up":{"uv":[11.6,14.4,12,14.7],"rotation":90,"texture":"#0"},"down":{"uv":[11.2,14.4,11.6,14.7],"rotation":90,"texture":"#0"}}},{"from":[7.48803,11.38882,7.51],"to":[11.08803,12.73882,8.5],"rotation":{"angle":22.5,"axis":"z","origin":[8,1.68099,8]},"faces":{"north":{"uv":[11,4.4,9.6,4.9],"rotation":180,"texture":"#0"},"east":{"uv":[6.8,14,6.4,14.5],"rotation":180,"texture":"#0"},"south":{"uv":[11,5.2,9.6,5.7],"rotation":180,"texture":"#0"},"west":{"uv":[7.2,14,6.8,14.5],"rotation":180,"texture":"#0"},"up":{"uv":[10.4,2,11.8,2.4],"rotation":180,"texture":"#0"},"down":{"uv":[10.4,2,11.8,1.6],"rotation":180,"texture":"#0"}}},{"from":[1.07567,9.81933,7.555],"to":[2.42567,12.51933,8.455],"rotation":{"angle":-22.5,"axis":"z","origin":[8,1.68099,8]},"faces":{"north":{"uv":[8.1,10.8,7.6,11.9],"rotation":180,"texture":"#0"},"east":{"uv":[3.6,12,3.2,13.1],"rotation":180,"texture":"#0"},"south":{"uv":[11.3,7.6,10.8,8.7],"rotation":180,"texture":"#0"},"west":{"uv":[4,12,3.6,13.1],"rotation":180,"texture":"#0"},"up":{"uv":[7.2,14,7.7,14.4],"rotation":180,"texture":"#0"},"down":{"uv":[14,7.2,14.5,6.8],"rotation":180,"texture":"#0"}}},{"from":[9.27363,9.65379,7.51],"to":[9.94863,11.45379,8.5],"rotation":{"angle":22.5,"axis":"z","origin":[8,1.68099,8]},"faces":{"north":{"uv":[14.3,4,13.6,4.3],"rotation":270,"texture":"#0"},"east":{"uv":[12.8,10.4,13.5,10],"rotation":90,"texture":"#0"},"south":{"uv":[14.3,4.4,13.6,4.7],"rotation":90,"texture":"#0"},"west":{"uv":[12.8,10.4,13.5,10.8],"rotation":90,"texture":"#0"},"up":{"uv":[14.8,9.6,14.4,9.9],"rotation":90,"texture":"#0"},"down":{"uv":[10.4,14.4,10,14.7],"rotation":90,"texture":"#0"}}},{"from":[6.05137,9.65379,7.51],"to":[6.72637,11.45379,8.5],"rotation":{"angle":-22.5,"axis":"z","origin":[8,1.68099,8]},"faces":{"north":{"uv":[14.3,4.3,13.6,4],"rotation":270,"texture":"#0"},"east":{"uv":[12.8,10.8,13.5,10.4],"rotation":90,"texture":"#0"},"south":{"uv":[14.3,4.7,13.6,4.4],"rotation":90,"texture":"#0"},"west":{"uv":[12.8,10,13.5,10.4],"rotation":90,"texture":"#0"},"up":{"uv":[14.8,9.9,14.4,9.6],"rotation":90,"texture":"#0"},"down":{"uv":[10.4,14.7,10,14.4],"rotation":90,"texture":"#0"}}},{"from":[7.55,9.81933,13.57433],"to":[8.45,12.51933,14.92433],"rotation":{"angle":-22.5,"axis":"x","origin":[8,1.68099,8]},"faces":{"north":{"uv":[3.2,12,3.6,13.1],"rotation":180,"texture":"#0"},"east":{"uv":[7.6,10.8,8.1,11.9],"rotation":180,"texture":"#0"},"south":{"uv":[3.6,12,4,13.1],"rotation":180,"texture":"#0"},"west":{"uv":[10.8,7.6,11.3,8.7],"rotation":180,"texture":"#0"},"up":{"uv":[7.7,14,7.2,14.4],"rotation":270,"texture":"#0"},"down":{"uv":[14.5,7.2,14,6.8],"rotation":90,"texture":"#0"}}},{"from":[7.505,11.38882,4.91197],"to":[8.495,12.73882,8.51197],"rotation":{"angle":22.5,"axis":"x","origin":[8,1.68099,8]},"faces":{"north":{"uv":[6.4,14,6.8,14.5],"rotation":180,"texture":"#0"},"east":{"uv":[9.6,4.4,11,4.9],"rotation":180,"texture":"#0"},"south":{"uv":[6.8,14,7.2,14.5],"rotation":180,"texture":"#0"},"west":{"uv":[9.6,5.2,11,5.7],"rotation":180,"texture":"#0"},"up":{"uv":[11.8,2,10.4,2.4],"rotation":270,"texture":"#0"},"down":{"uv":[11.8,2,10.4,1.6],"rotation":90,"texture":"#0"}}},{"from":[7.55,9.81933,1.07567],"to":[8.45,12.51933,2.42567],"rotation":{"angle":22.5,"axis":"x","origin":[8,1.68099,8]},"faces":{"north":{"uv":[4,12,3.6,13.1],"rotation":180,"texture":"#0"},"east":{"uv":[8.1,10.8,7.6,11.9],"rotation":180,"texture":"#0"},"south":{"uv":[3.6,12,3.2,13.1],"rotation":180,"texture":"#0"},"west":{"uv":[11.3,7.6,10.8,8.7],"rotation":180,"texture":"#0"},"up":{"uv":[7.2,14,7.7,14.4],"rotation":270,"texture":"#0"},"down":{"uv":[14,7.2,14.5,6.8],"rotation":90,"texture":"#0"}}},{"from":[7.505,11.38882,7.48803],"to":[8.495,12.73882,11.08803],"rotation":{"angle":-22.5,"axis":"x","origin":[8,1.68099,8]},"faces":{"north":{"uv":[7.2,14,6.8,14.5],"rotation":180,"texture":"#0"},"east":{"uv":[11,4.4,9.6,4.9],"rotation":180,"texture":"#0"},"south":{"uv":[6.8,14,6.4,14.5],"rotation":180,"texture":"#0"},"west":{"uv":[11,5.2,9.6,5.7],"rotation":180,"texture":"#0"},"up":{"uv":[10.4,2,11.8,2.4],"rotation":270,"texture":"#0"},"down":{"uv":[10.4,2,11.8,1.6],"rotation":90,"texture":"#0"}}},{"from":[7.505,9.65379,9.27363],"to":[8.495,11.45379,9.94863],"rotation":{"angle":-22.5,"axis":"x","origin":[8,1.68099,8]},"faces":{"north":{"uv":[12.8,10.4,13.5,10.8],"rotation":90,"texture":"#0"},"east":{"uv":[14.3,4,13.6,4.3],"rotation":270,"texture":"#0"},"south":{"uv":[12.8,10.4,13.5,10],"rotation":90,"texture":"#0"},"west":{"uv":[14.3,4.4,13.6,4.7],"rotation":90,"texture":"#0"},"up":{"uv":[14.8,9.6,14.4,9.9],"rotation":180,"texture":"#0"},"down":{"uv":[10.4,14.4,10,14.7],"texture":"#0"}}},{"from":[7.505,9.65379,6.05137],"to":[8.495,11.45379,6.72637],"rotation":{"angle":22.5,"axis":"x","origin":[8,1.68099,8]},"faces":{"north":{"uv":[12.8,10,13.5,10.4],"rotation":90,"texture":"#0"},"east":{"uv":[14.3,4.3,13.6,4],"rotation":270,"texture":"#0"},"south":{"uv":[12.8,10.8,13.5,10.4],"rotation":90,"texture":"#0"},"west":{"uv":[14.3,4.7,13.6,4.4],"rotation":90,"texture":"#0"},"up":{"uv":[14.8,9.9,14.4,9.6],"rotation":180,"texture":"#0"},"down":{"uv":[10.4,14.7,10,14.4],"texture":"#0"}}},{"from":[6.85,12.80109,7.0825],"to":[9.15,15.10109,8.9175],"rotation":{"angle":0,"axis":"y","origin":[8,1.68099,8]},"faces":{"north":{"uv":[10.7,9.5,11.5,10.3],"rotation":180,"texture":"#0"},"east":{"uv":[12.7,10.7,12.8,11.8],"rotation":180,"texture":"#0"},"south":{"uv":[10.7,9.5,11.5,10.3],"rotation":180,"texture":"#0"},"west":{"uv":[12.7,10.7,12.8,11.8],"rotation":180,"texture":"#0"},"up":{"uv":[13.2,1,12.5,1.1],"rotation":180,"texture":"#0"},"down":{"uv":[13.2,3.9,12.3,3.8],"rotation":180,"texture":"#0"}}},{"from":[-1.6907,9.36462,7.005],"to":[0.3093,11.36462,9.005],"rotation":{"angle":-45,"axis":"z","origin":[8,1.68099,8]},"faces":{"north":{"uv":[11.5,3.6,10.8,4.3],"rotation":180,"texture":"#0"},"east":{"uv":[11.5,11.1,10.8,10.4],"rotation":180,"texture":"#0"},"south":{"uv":[10.8,3.6,11.5,4.3],"rotation":180,"texture":"#0"},"west":{"uv":[10.8,8.8,11.5,9.5],"rotation":180,"texture":"#0"},"up":{"uv":[2.8,11.2,3.5,11.9],"rotation":180,"texture":"#0"},"down":{"uv":[11.2,0,11.9,0.7],"rotation":180,"texture":"#0"}}},{"from":[18.25077,-10.56271,7.005],"to":[20.25077,-8.56271,9.005],"rotation":{"angle":-45,"axis":"z","origin":[8,1.68099,8]},"faces":{"north":{"uv":[11.5,3.6,10.8,4.3],"texture":"#0"},"east":{"uv":[10.8,8.8,11.5,9.5],"texture":"#0"},"south":{"uv":[10.8,3.6,11.5,4.3],"texture":"#0"},"west":{"uv":[11.5,11.1,10.8,10.4],"texture":"#0"},"up":{"uv":[11.2,0,11.9,0.7],"texture":"#0"},"down":{"uv":[2.8,11.2,3.5,11.9],"texture":"#0"}}},{"from":[6.85,-15.35959,7.0825],"to":[9.15,-13.05959,8.9175],"rotation":{"angle":0,"axis":"y","origin":[8,1.68099,8]},"faces":{"north":{"uv":[10.7,9.5,11.5,10.3],"texture":"#0"},"east":{"uv":[12.7,10.7,12.8,11.8],"texture":"#0"},"south":{"uv":[10.7,9.5,11.5,10.3],"texture":"#0"},"west":{"uv":[12.7,10.7,12.8,11.8],"texture":"#0"},"up":{"uv":[13.2,3.9,12.3,3.8],"texture":"#0"},"down":{"uv":[13.2,1,12.5,1.1],"texture":"#0"}}},{"from":[14.17512,-13.28816,7.325],"to":[15.30012,-11.73816,8.675],"rotation":{"angle":-22.5,"axis":"z","origin":[8,1.68099,8]},"faces":{"north":{"uv":[12.4,8.4,12.9,9.1],"texture":"#0"},"east":{"uv":[12.4,9.2,12.9,9.9],"texture":"#0"},"south":{"uv":[11.6,12.4,12.1,13.1],"texture":"#0"},"west":{"uv":[12.4,12.4,12.9,13.1],"texture":"#0"},"up":{"uv":[13.7,8.9,13.2,8.4],"texture":"#0"},"down":{"uv":[9.7,13.2,9.2,13.7],"texture":"#0"}}},{"from":[0.69988,-13.28816,7.325],"to":[1.82488,-11.73816,8.675],"rotation":{"angle":22.5,"axis":"z","origin":[8,1.68099,8]},"faces":{"north":{"uv":[12.8,1.2,13.3,1.9],"texture":"#0"},"east":{"uv":[4,12.8,4.5,13.5],"texture":"#0"},"south":{"uv":[12.8,4,13.3,4.7],"texture":"#0"},"west":{"uv":[12.8,4.8,13.3,5.5],"texture":"#0"},"up":{"uv":[13.7,9.7,13.2,9.2],"texture":"#0"},"down":{"uv":[10.5,13.2,10,13.7],"texture":"#0"}}},{"from":[12.8575,-14.71849,7.55],"to":[13.8925,-13.36849,8.45],"rotation":{"angle":-22.5,"axis":"z","origin":[8,1.68099,8]},"faces":{"north":{"uv":[14,7.6,14.4,8.1],"texture":"#0"},"east":{"uv":[8,14,8.4,14.5],"texture":"#0"},"south":{"uv":[8.4,14,8.8,14.5],"texture":"#0"},"west":{"uv":[14,8.4,14.4,8.9],"texture":"#0"},"up":{"uv":[14.8,2.4,14.4,2],"texture":"#0"},"down":{"uv":[2.8,14.4,2.4,14.8],"texture":"#0"}}},{"from":[2.1075,-14.71849,7.55],"to":[3.1425,-13.36849,8.45],"rotation":{"angle":22.5,"axis":"z","origin":[8,1.68099,8]},"faces":{"north":{"uv":[8.8,14,9.2,14.5],"texture":"#0"},"east":{"uv":[9.2,14,9.6,14.5],"texture":"#0"},"south":{"uv":[14,9.2,14.4,9.7],"texture":"#0"},"west":{"uv":[9.6,14,10,14.5],"texture":"#0"},"up":{"uv":[14.8,2.8,14.4,2.4],"texture":"#0"},"down":{"uv":[14.8,2.8,14.4,3.2],"texture":"#0"}}},{"from":[-2.54533,-10.40987,7.505],"to":[-1.42033,-9.50987,8.495],"rotation":{"angle":45,"axis":"z","origin":[8,1.68099,8]},"faces":{"north":{"uv":[10,14,10.5,14.4],"texture":"#0"},"east":{"uv":[14.4,3.6,14.8,4],"texture":"#0"},"south":{"uv":[14,10,14.5,10.4],"texture":"#0"},"west":{"uv":[14.4,4,14.8,4.4],"texture":"#0"},"up":{"uv":[14.5,10.8,14,10.4],"texture":"#0"},"down":{"uv":[11.3,14,10.8,14.4],"texture":"#0"}}},{"from":[-4.36613,-11.86425,7.505],"to":[-2.56613,-10.96425,8.495],"rotation":{"angle":45,"axis":"z","origin":[8,1.68099,8]},"faces":{"north":{"uv":[12.8,12,13.5,12.4],"texture":"#0"},"east":{"uv":[4.4,14.4,4.8,14.8],"texture":"#0"},"south":{"uv":[13.2,0,13.9,0.4],"texture":"#0"},"west":{"uv":[14.4,4.4,14.8,4.8],"texture":"#0"},"up":{"uv":[13.9,0.8,13.2,0.4],"texture":"#0"},"down":{"uv":[13.9,0.8,13.2,1.2],"texture":"#0"}}},{"from":[18.56613,-11.86425,7.505],"to":[20.36613,-10.96425,8.495],"rotation":{"angle":-45,"axis":"z","origin":[8,1.68099,8]},"faces":{"north":{"uv":[13.2,2.4,13.9,2.8],"texture":"#0"},"east":{"uv":[4.8,14.4,5.2,14.8],"texture":"#0"},"south":{"uv":[2.8,13.2,3.5,13.6],"texture":"#0"},"west":{"uv":[14.4,4.8,14.8,5.2],"texture":"#0"},"up":{"uv":[13.9,3.2,13.2,2.8],"texture":"#0"},"down":{"uv":[13.9,3.2,13.2,3.6],"texture":"#0"}}},{"from":[17.42033,-10.40987,7.505],"to":[18.54533,-9.50987,8.495],"rotation":{"angle":-45,"axis":"z","origin":[8,1.68099,8]},"faces":{"north":{"uv":[14,10.8,14.5,11.2],"texture":"#0"},"east":{"uv":[5.2,14.4,5.6,14.8],"texture":"#0"},"south":{"uv":[14,11.2,14.5,11.6],"texture":"#0"},"west":{"uv":[14.4,5.2,14.8,5.6],"texture":"#0"},"up":{"uv":[12.1,14.4,11.6,14],"texture":"#0"},"down":{"uv":[14.5,11.6,14,12],"texture":"#0"}}},{"from":[10.66946,12.69025,7.33],"to":[12.69446,14.49025,8.68],"rotation":{"angle":22.5,"axis":"z","origin":[8,1.68099,8]},"faces":{"north":{"uv":[11.2,6,10.4,6.7],"rotation":180,"texture":"#0"},"east":{"uv":[6.1,12.4,5.6,13.1],"rotation":180,"texture":"#0"},"south":{"uv":[11.2,6.8,10.4,7.5],"rotation":180,"texture":"#0"},"west":{"uv":[12.9,7.6,12.4,8.3],"rotation":180,"texture":"#0"},"up":{"uv":[12,5.2,12.8,5.7],"rotation":180,"texture":"#0"},"down":{"uv":[12,4.9,12.8,4.4],"rotation":180,"texture":"#0"}}},{"from":[7.505,10.1581,-3.96335],"to":[8.495,11.5081,-3.28835],"rotation":{"angle":45,"axis":"x","origin":[8,1.68099,8]},"faces":{"north":{"uv":[6.1,14,5.6,14.4],"rotation":90,"texture":"#0"},"east":{"uv":[14.4,6.7,14.9,6.4],"rotation":270,"texture":"#0"},"south":{"uv":[14.5,6,14,5.6],"rotation":90,"texture":"#0"},"west":{"uv":[7.2,14.7,7.7,14.4],"rotation":90,"texture":"#0"},"up":{"uv":[11.6,14.7,12,14.4],"rotation":180,"texture":"#0"},"down":{"uv":[11.2,14.7,11.6,14.4],"texture":"#0"}}},{"from":[7.505,11.84435,15.3521],"to":[8.495,13.64435,16.4771],"rotation":{"angle":-45,"axis":"x","origin":[8,1.68099,8]},"faces":{"north":{"uv":[13.5,11.2,12.8,11.6],"rotation":90,"texture":"#0"},"east":{"uv":[12.4,3.7,13.1,3.2],"rotation":270,"texture":"#0"},"south":{"uv":[13.5,12,12.8,11.6],"rotation":90,"texture":"#0"},"west":{"uv":[4.8,12.9,5.5,12.4],"rotation":90,"texture":"#0"},"up":{"uv":[14,6.5,14.4,6],"rotation":180,"texture":"#0"},"down":{"uv":[4,14.5,4.4,14],"texture":"#0"}}},{"from":[7.325,12.69025,10.66946],"to":[8.675,14.49025,12.69446],"rotation":{"angle":-22.5,"axis":"x","origin":[8,1.68099,8]},"faces":{"north":{"uv":[12.9,7.6,12.4,8.3],"rotation":180,"texture":"#0"},"east":{"uv":[11.2,6,10.4,6.7],"rotation":180,"texture":"#0"},"south":{"uv":[6.1,12.4,5.6,13.1],"rotation":180,"texture":"#0"},"west":{"uv":[11.2,6.8,10.4,7.5],"rotation":180,"texture":"#0"},"up":{"uv":[12,5.2,12.8,5.7],"rotation":270,"texture":"#0"},"down":{"uv":[12,4.9,12.8,4.4],"rotation":90,"texture":"#0"}}},{"from":[7.325,12.69025,3.30554],"to":[8.675,14.49025,5.33054],"rotation":{"angle":22.5,"axis":"x","origin":[8,1.68099,8]},"faces":{"north":{"uv":[5.6,12.4,6.1,13.1],"rotation":180,"texture":"#0"},"east":{"uv":[10.4,6,11.2,6.7],"rotation":180,"texture":"#0"},"south":{"uv":[12.4,7.6,12.9,8.3],"rotation":180,"texture":"#0"},"west":{"uv":[10.4,6.8,11.2,7.5],"rotation":180,"texture":"#0"},"up":{"uv":[12.8,5.2,12,5.7],"rotation":270,"texture":"#0"},"down":{"uv":[12.8,4.9,12,4.4],"rotation":90,"texture":"#0"}}},{"from":[7.505,11.84435,-0.4771],"to":[8.495,13.64435,0.6479],"rotation":{"angle":45,"axis":"x","origin":[8,1.68099,8]},"faces":{"north":{"uv":[13.5,11.6,12.8,12],"rotation":90,"texture":"#0"},"east":{"uv":[12.4,3.2,13.1,3.7],"rotation":270,"texture":"#0"},"south":{"uv":[13.5,11.6,12.8,11.2],"rotation":90,"texture":"#0"},"west":{"uv":[4.8,12.4,5.5,12.9],"rotation":90,"texture":"#0"},"up":{"uv":[14,6,14.4,6.5],"rotation":180,"texture":"#0"},"down":{"uv":[4,14,4.4,14.5],"texture":"#0"}}},{"from":[7.505,10.1581,19.28835],"to":[8.495,11.5081,19.96335],"rotation":{"angle":-45,"axis":"x","origin":[8,1.68099,8]},"faces":{"north":{"uv":[14.5,5.6,14,6],"rotation":90,"texture":"#0"},"east":{"uv":[14.4,6.4,14.9,6.7],"rotation":270,"texture":"#0"},"south":{"uv":[6.1,14.4,5.6,14],"rotation":90,"texture":"#0"},"west":{"uv":[7.2,14.4,7.7,14.7],"rotation":90,"texture":"#0"},"up":{"uv":[11.6,14.4,12,14.7],"rotation":180,"texture":"#0"},"down":{"uv":[11.2,14.4,11.6,14.7],"texture":"#0"}}}],"gui_light":"front","display":{"thirdperson_righthand":{"rotation":[0,90,0],"translation":[0,7.5,1.75]},"thirdperson_lefthand":{"rotation":[0,-90,0],"translation":[0,7.5,1.75]},"firstperson_righthand":{"rotation":[0,90,0],"translation":[24.25,6,-21.5],"scale":[1.77297,1.77297,1.77297]},"firstperson_lefthand":{"rotation":[0,-90,0],"translation":[24.25,6,-21.5],"scale":[1.77297,1.77297,1.77297]},"ground":{"rotation":[0,0,-45],"translation":[0,11,3],"scale":[0.5,0.5,0.5]},"gui":{"rotation":[0,0,45],"translation":[-3.25,3.25,0],"scale":[0.54617,0.54617,0.54617]},"head":{"rotation":[7.5,0,-149.5],"translation":[-0.25,-17.75,6.75],"scale":[0,0,0]},"fixed":{"translation":[0,14.5,-0.75],"scale":[1.8,1.8,1.8]}},"groups":[{"name":"staff","origin":[8,3.25,8],"color":0,"children":[0,1,2,3,4,5,6,7,8,9,10,11,12,13,14,15,16,17,18,19,20,21,22,23,24,25,26,27,28,29,30,31,32,33,34,35,36,37,38,39,40,41,42,43,44,45,46,47,48,49,50,51,52,53,54,55,56]}]}