{
	"credit": "Made with Blockbench",
	"texture_size": [128, 128],
	"textures": {
		"0": "elitecreatures:wukong/wukong_texture_01",
		"2": "elitecreatures:wukong/wukong_animation_02",
		"particle": "elitecreatures:wukong/wukong_texture_01"
	},
	"elements": [
		{
			"from": [5.75, 12.5, 8.5],
			"to": [10.25, 16.6, 8.5],
			"rotation": {"angle": -22.5, "axis": "y", "origin": [8, 14.55, 8.5]},
			"faces": {
				"north": {"uv": [3.3125, 0, 2.75, 0.5125], "rotation": 180, "texture": "#0"},
				"east": {"uv": [0.9375, 1.125, 0.9375, 1.6375], "texture": "#0"},
				"south": {"uv": [2.75, 0, 3.3125, 0.5125], "rotation": 180, "texture": "#0"},
				"west": {"uv": [0.9375, 1.125, 0.9375, 1.6375], "texture": "#0"},
				"up": {"uv": [0.875, 0.9375, 0.875, 1.5], "rotation": 270, "texture": "#0"},
				"down": {"uv": [0.875, 0.9375, 0.875, 1.5], "rotation": 90, "texture": "#0"}
			}
		},
		{
			"from": [5.75, 12.5, 8.5],
			"to": [10.25, 16.6, 8.5],
			"rotation": {"angle": 22.5, "axis": "y", "origin": [8, 14.55, 8.5]},
			"faces": {
				"north": {"uv": [3.3125, 0, 2.75, 0.5125], "rotation": 180, "texture": "#0"},
				"east": {"uv": [0.9375, 1.125, 0.9375, 1.6375], "texture": "#0"},
				"south": {"uv": [2.75, 0, 3.3125, 0.5125], "rotation": 180, "texture": "#0"},
				"west": {"uv": [0.9375, 1.125, 0.9375, 1.6375], "texture": "#0"},
				"up": {"uv": [0.875, 0.9375, 0.875, 1.5], "rotation": 270, "texture": "#0"},
				"down": {"uv": [0.875, 0.9375, 0.875, 1.5], "rotation": 90, "texture": "#0"}
			}
		},
		{
			"from": [5.35506, 7, 10.35506],
			"to": [5.35506, 10, 14.85506],
			"rotation": {"angle": -22.5, "axis": "y", "origin": [8.15506, 7.60474, 4.7]},
			"faces": {
				"north": {"uv": [0, 0, 0, 6], "rotation": 180, "texture": "#missing"},
				"east": {"uv": [4.375, 0.5625, 4, 0], "rotation": 90, "texture": "#0"},
				"south": {"uv": [0, 0, 0, 6], "rotation": 180, "texture": "#missing"},
				"west": {"uv": [4.375, 0, 4, 0.5625], "rotation": 90, "texture": "#0"},
				"up": {"uv": [0, 0, 0, 16], "texture": "#missing"},
				"down": {"uv": [0, 0, 0, 16], "texture": "#missing"}
			}
		},
		{
			"from": [10.64494, 7, 10.35506],
			"to": [10.64494, 10, 14.85506],
			"rotation": {"angle": 22.5, "axis": "y", "origin": [7.84494, 7.60474, 4.7]},
			"faces": {
				"north": {"uv": [0, 0, 0, 6], "rotation": 180, "texture": "#missing"},
				"east": {"uv": [4.375, 0.5625, 4, 0], "rotation": 90, "texture": "#0"},
				"south": {"uv": [0, 0, 0, 6], "rotation": 180, "texture": "#missing"},
				"west": {"uv": [4.375, 0, 4, 0.5625], "rotation": 90, "texture": "#0"},
				"up": {"uv": [0, 0, 0, 16], "texture": "#missing"},
				"down": {"uv": [0, 0, 0, 16], "texture": "#missing"}
			}
		},
		{
			"from": [2.6, 8, 2.1],
			"to": [8.2, 12, 2.1],
			"rotation": {"angle": 22.5, "axis": "y", "origin": [8, 6.85, 2.2]},
			"faces": {
				"north": {"uv": [9.875, 1.45, 10.375, 0.75], "rotation": 270, "texture": "#0"},
				"east": {"uv": [8.625, 2.0625, 8.5, 2.625], "rotation": 180, "texture": "#0"},
				"south": {"uv": [9.875, 1.45, 10.375, 0.75], "rotation": 270, "texture": "#0"},
				"west": {"uv": [8.625, 2.0625, 8.5, 2.625], "rotation": 180, "texture": "#0"},
				"up": {"uv": [5.1875, 5.125, 5.0625, 4.6875], "rotation": 90, "texture": "#0"},
				"down": {"uv": [5.1875, 5.125, 5.0625, 4.6875], "rotation": 90, "texture": "#0"}
			}
		},
		{
			"from": [7.8, 8, 2.1],
			"to": [13.4, 12, 2.1],
			"rotation": {"angle": -22.5, "axis": "y", "origin": [8, 6.85, 2.2]},
			"faces": {
				"north": {"uv": [9.875, 0.75, 10.375, 1.45], "rotation": 270, "texture": "#0"},
				"east": {"uv": [8.5, 2.0625, 8.625, 2.625], "rotation": 180, "texture": "#0"},
				"south": {"uv": [9.875, 0.75, 10.375, 1.45], "rotation": 270, "texture": "#0"},
				"west": {"uv": [8.5, 2.0625, 8.625, 2.625], "rotation": 180, "texture": "#0"},
				"up": {"uv": [5.1875, 4.6875, 5.0625, 5.125], "rotation": 90, "texture": "#0"},
				"down": {"uv": [5.1875, 4.6875, 5.0625, 5.125], "rotation": 90, "texture": "#0"}
			}
		},
		{
			"from": [3.5, 6.5, 4],
			"to": [12.5, 10, 13],
			"rotation": {"angle": 0, "axis": "y", "origin": [8, 1.5, 8]},
			"faces": {
				"north": {"uv": [5.5625, 11.375, 6.6875, 11.8125], "texture": "#0"},
				"east": {"uv": [6.6875, 11.4375, 7.8125, 11.875], "texture": "#0"},
				"south": {"uv": [5.5625, 10.9375, 6.6875, 11.375], "texture": "#0"},
				"west": {"uv": [6.6875, 11.4375, 7.8125, 11.875], "texture": "#0"},
				"up": {"uv": [6.6875, 10.3125, 7.8125, 11.4375], "rotation": 270, "texture": "#0"},
				"down": {"uv": [6.6875, 10.3125, 7.8125, 11.4375], "rotation": 270, "texture": "#0"}
			}
		},
		{
			"from": [6, 10, 6.5],
			"to": [10, 12.5, 10.5],
			"rotation": {"angle": 0, "axis": "y", "origin": [8, 1.5, 8]},
			"faces": {
				"north": {"uv": [5.5625, 12.125, 6.0625, 12.4375], "texture": "#0"},
				"east": {"uv": [5.5625, 11.8125, 6.0625, 12.125], "texture": "#0"},
				"south": {"uv": [5.5625, 11.8125, 6.0625, 12.125], "texture": "#0"},
				"west": {"uv": [5.5625, 11.8125, 6.0625, 12.125], "texture": "#0"},
				"up": {"uv": [6.0625, 11.8125, 6.5625, 12.3125], "texture": "#0"},
				"down": {"uv": [6.0625, 11.8125, 6.5625, 12.3125], "texture": "#0"}
			}
		},
		{
			"from": [6, 11, 6.5],
			"to": [10, 13.5, 6.5],
			"rotation": {"angle": 0, "axis": "y", "origin": [8, 1.5, 8]},
			"faces": {
				"north": {"uv": [5.5625, 12.4375, 6.0625, 12.75], "texture": "#0"},
				"east": {"uv": [5.5625, 11.8125, 6.0625, 12.125], "texture": "#0"},
				"south": {"uv": [5.5625, 12.4375, 6.0625, 12.75], "texture": "#0"},
				"west": {"uv": [5.5625, 11.8125, 6.0625, 12.125], "texture": "#0"},
				"up": {"uv": [6.0625, 11.8125, 6.5625, 12.3125], "texture": "#0"},
				"down": {"uv": [6.0625, 11.8125, 6.5625, 12.3125], "texture": "#0"}
			}
		},
		{
			"from": [-4.5, 16, 9.5],
			"to": [4.5, 29, 9.5],
			"rotation": {"angle": 45, "axis": "z", "origin": [9.5, 20.5, 0.5]},
			"faces": {
				"north": {"uv": [0, 0, 6.5, 11], "texture": "#2"},
				"east": {"uv": [0, 0, 0, 10], "texture": "#2"},
				"south": {"uv": [6.5, 0, 0, 11], "texture": "#2"},
				"west": {"uv": [0, 0, 0, 10], "texture": "#2"},
				"up": {"uv": [0, 5, 0, 0], "rotation": 90, "texture": "#2"},
				"down": {"uv": [0, 0, 0, 5], "rotation": 270, "texture": "#2"}
			}
		},
		{
			"from": [11.5, 16, 9.5],
			"to": [20.5, 29, 9.5],
			"rotation": {"angle": -45, "axis": "z", "origin": [6.5, 20.5, 0.5]},
			"faces": {
				"north": {"uv": [6.5, 0, 0, 11], "texture": "#2"},
				"east": {"uv": [0, 0, 0, 10], "texture": "#2"},
				"south": {"uv": [0, 0, 6.5, 11], "texture": "#2"},
				"west": {"uv": [0, 0, 0, 10], "texture": "#2"},
				"up": {"uv": [0, 0, 0, 5], "rotation": 90, "texture": "#2"},
				"down": {"uv": [0, 5, 0, 0], "rotation": 270, "texture": "#2"}
			}
		},
		{
			"from": [3.4, 8, 10],
			"to": [3.4, 12, 16.5],
			"rotation": {"angle": -22.5, "axis": "x", "origin": [3.4, 9, 13.25]},
			"faces": {
				"north": {"uv": [0, 0, 0, 6], "rotation": 180, "texture": "#missing"},
				"east": {"uv": [4.5, 1.375, 4, 0.5625], "rotation": 90, "texture": "#0"},
				"south": {"uv": [0, 0, 0, 6], "rotation": 180, "texture": "#missing"},
				"west": {"uv": [4, 1.375, 4.5, 0.5625], "rotation": 270, "texture": "#0"},
				"up": {"uv": [0, 16, 0, 0], "rotation": 180, "texture": "#missing"},
				"down": {"uv": [0, 16, 0, 0], "rotation": 180, "texture": "#missing"}
			}
		},
		{
			"from": [12.6, 8, 9],
			"to": [12.6, 12, 15.5],
			"rotation": {"angle": -22.5, "axis": "x", "origin": [12.6, 9, 13.25]},
			"faces": {
				"north": {"uv": [0, 0, 0, 6], "rotation": 180, "texture": "#missing"},
				"east": {"uv": [4, 0.5625, 4.5, 1.375], "rotation": 270, "texture": "#0"},
				"south": {"uv": [0, 0, 0, 6], "rotation": 180, "texture": "#missing"},
				"west": {"uv": [4.5, 0.5625, 4, 1.375], "rotation": 90, "texture": "#0"},
				"up": {"uv": [0, 16, 0, 0], "rotation": 180, "texture": "#missing"},
				"down": {"uv": [0, 16, 0, 0], "rotation": 180, "texture": "#missing"}
			}
		}
	],
	"gui_light": "front",
	"display": {
		"thirdperson_righthand": {
			"rotation": [42.76, 10.93, -4.97],
			"translation": [0, 2.5, 0],
			"scale": [0.40234, 0.40234, 0.40234]
		},
		"thirdperson_lefthand": {
			"rotation": [42.76, 10.93, -4.97],
			"translation": [0, 2.5, 0],
			"scale": [0.40234, 0.40234, 0.40234]
		},
		"firstperson_righthand": {
			"rotation": [0, 106, 0],
			"translation": [15.25, -8.75, -23.25],
			"scale": [1.73633, 1.73633, 1.73633]
		},
		"firstperson_lefthand": {
			"rotation": [0, 106, 0],
			"translation": [15.25, -8.75, -23.25],
			"scale": [1.73633, 1.73633, 1.73633]
		},
		"ground": {
			"translation": [0, 0.25, 0],
			"scale": [0.54688, 0.54688, 0.54688]
		},
		"gui": {
			"rotation": [20, 140, 0],
			"translation": [-0.5, -3.25, 0],
			"scale": [0.75, 0.75, 0.75]
		},
		"head": {
			"translation": [0, 3.75, -0.75],
			"scale": [1.8, 1.8, 1.8]
		},
		"fixed": {
			"translation": [0, 0.5, -9.5],
			"scale": [1.61133, 1.61133, 1.61133]
		}
	}
}