{
	"credit": "Made with Blockbench",
	"texture_size": [128, 128],
	"textures": {
		"0": "elitecreatures:wukong/wukong_texture_01",
		"2": "elitecreatures:wukong/wukong_animation_02",
		"3": "elitecreatures:wukong/wukong_animation_03",
		"4": "elitecreatures:wukong/wukong_animation_01",
		"particle": "elitecreatures:wukong/wukong_texture_01"
	},
	"elements": [
		{
			"from": [7, 4.5, 5],
			"to": [9, 11.5, 7],
			"rotation": {"angle": -45, "axis": "y", "origin": [8, 1.75, 6.05]},
			"faces": {
				"north": {"uv": [4.75, 1.8125, 5, 2.6875], "texture": "#0"},
				"east": {"uv": [4.75, 1.8125, 5, 2.6875], "texture": "#0"},
				"south": {"uv": [4.75, 1.8125, 5, 2.6875], "texture": "#0"},
				"west": {"uv": [4.75, 1.8125, 5, 2.6875], "texture": "#0"},
				"up": {"uv": [1.1875, 2.125, 1.4375, 2.375], "rotation": 90, "texture": "#0"},
				"down": {"uv": [1.1875, 2.125, 1.4375, 2.375], "rotation": 90, "texture": "#0"}
			}
		},
		{
			"from": [7.1, 13.5, 5],
			"to": [8.6, 16.5, 6.5],
			"rotation": {"angle": -45, "axis": "y", "origin": [7.6, -5.25, 6.05]},
			"faces": {
				"north": {"uv": [4.75, 1.1875, 4.9375, 1.5625], "texture": "#0"},
				"east": {"uv": [4.75, 1.1875, 4.9375, 1.5625], "texture": "#0"},
				"south": {"uv": [4.75, 1.1875, 4.9375, 1.5625], "texture": "#0"},
				"west": {"uv": [4.75, 1.1875, 4.9375, 1.5625], "texture": "#0"},
				"up": {"uv": [1.1875, 2.125, 1.375, 2.3125], "rotation": 90, "texture": "#0"},
				"down": {"uv": [1.1875, 2.125, 1.375, 2.3125], "rotation": 90, "texture": "#0"}
			}
		},
		{
			"from": [6.5, 0.45, 5.25],
			"to": [9.5, 2.55, 6.75],
			"rotation": {"angle": 0, "axis": "y", "origin": [0, -5.5, -11]},
			"faces": {
				"north": {"uv": [1.1875, 2.9375, 1.5625, 3.2], "texture": "#0"},
				"east": {"uv": [1, 3.2, 1.1875, 2.9375], "texture": "#0"},
				"south": {"uv": [1.1875, 2.9375, 1.5625, 3.2], "texture": "#0"},
				"west": {"uv": [1, 3.2, 1.1875, 2.9375], "texture": "#0"},
				"up": {"uv": [1.5625, 2.9375, 1.9375, 3.125], "texture": "#0"},
				"down": {"uv": [1.5625, 2.9375, 1.9375, 3.125], "texture": "#0"}
			}
		},
		{
			"from": [7, 0.45, 4.2],
			"to": [9.1, 2.55, 6.3],
			"rotation": {"angle": 45, "axis": "y", "origin": [8, 0.5, 5.3]},
			"faces": {
				"north": {"uv": [2.5, 2.875, 2.25, 3.125], "texture": "#0"},
				"east": {"uv": [2.1875, 2.9375, 1.9375, 3.1875], "texture": "#0"},
				"south": {"uv": [2.5, 2.875, 2.25, 3.125], "texture": "#0"},
				"west": {"uv": [1.9375, 2.9375, 2.1875, 3.1875], "texture": "#0"},
				"up": {"uv": [2.25, 2.875, 2.5, 2.625], "texture": "#0"},
				"down": {"uv": [2.25, 2.625, 2.5, 2.875], "texture": "#0"}
			}
		},
		{
			"from": [7, 0.45, 5.7],
			"to": [9.1, 2.55, 7.8],
			"rotation": {"angle": -45, "axis": "y", "origin": [8, 0.5, 6.7]},
			"faces": {
				"north": {"uv": [2.25, 2.875, 2.5, 3.125], "texture": "#0"},
				"east": {"uv": [1.9375, 2.9375, 2.1875, 3.1875], "texture": "#0"},
				"south": {"uv": [2.25, 2.875, 2.5, 3.125], "texture": "#0"},
				"west": {"uv": [2.1875, 2.9375, 1.9375, 3.1875], "texture": "#0"},
				"up": {"uv": [2.25, 2.625, 2.5, 2.875], "texture": "#0"},
				"down": {"uv": [2.25, 2.875, 2.5, 2.625], "texture": "#0"}
			}
		},
		{
			"from": [6.5, 13.45, 5.25],
			"to": [9.5, 15.55, 6.75],
			"rotation": {"angle": 0, "axis": "y", "origin": [0, 21.5, -11]},
			"faces": {
				"north": {"uv": [1.1875, 3.2, 1.5625, 2.9375], "texture": "#0"},
				"east": {"uv": [1, 2.9375, 1.1875, 3.2], "texture": "#0"},
				"south": {"uv": [1.1875, 3.2, 1.5625, 2.9375], "texture": "#0"},
				"west": {"uv": [1, 2.9375, 1.1875, 3.2], "texture": "#0"},
				"up": {"uv": [1.5625, 3.125, 1.9375, 2.9375], "texture": "#0"},
				"down": {"uv": [1.5625, 3.125, 1.9375, 2.9375], "texture": "#0"}
			}
		},
		{
			"from": [7, 13.45, 4.2],
			"to": [9.1, 15.55, 6.3],
			"rotation": {"angle": 45, "axis": "y", "origin": [8, 15.5, 5.3]},
			"faces": {
				"north": {"uv": [2.5, 3.125, 2.25, 2.875], "texture": "#0"},
				"east": {"uv": [2.1875, 3.1875, 1.9375, 2.9375], "texture": "#0"},
				"south": {"uv": [2.5, 3.125, 2.25, 2.875], "texture": "#0"},
				"west": {"uv": [1.9375, 3.1875, 2.1875, 2.9375], "texture": "#0"},
				"up": {"uv": [2.25, 2.875, 2.5, 2.625], "texture": "#0"},
				"down": {"uv": [2.25, 2.625, 2.5, 2.875], "texture": "#0"}
			}
		},
		{
			"from": [7, 13.45, 5.7],
			"to": [9.1, 15.55, 7.8],
			"rotation": {"angle": -45, "axis": "y", "origin": [8, 15.5, 6.7]},
			"faces": {
				"north": {"uv": [2.25, 3.125, 2.5, 2.875], "texture": "#0"},
				"east": {"uv": [1.9375, 3.1875, 2.1875, 2.9375], "texture": "#0"},
				"south": {"uv": [2.25, 3.125, 2.5, 2.875], "texture": "#0"},
				"west": {"uv": [2.1875, 3.1875, 1.9375, 2.9375], "texture": "#0"},
				"up": {"uv": [2.25, 2.625, 2.5, 2.875], "texture": "#0"},
				"down": {"uv": [2.25, 2.875, 2.5, 2.625], "texture": "#0"}
			}
		},
		{
			"from": [6.75, 11, 4.75],
			"to": [9.25, 13.5, 7.25],
			"rotation": {"angle": -45, "axis": "y", "origin": [8, 10.25, 6.05]},
			"faces": {
				"north": {"uv": [1.875, 1.625, 2.1875, 1.9375], "texture": "#0"},
				"east": {"uv": [1.875, 1.625, 2.1875, 1.9375], "texture": "#0"},
				"south": {"uv": [1.875, 1.625, 2.1875, 1.9375], "texture": "#0"},
				"west": {"uv": [1.875, 1.625, 2.1875, 1.9375], "texture": "#0"},
				"up": {"uv": [1.875, 1.9375, 2.1875, 2.25], "texture": "#0"},
				"down": {"uv": [1.875, 1.9375, 2.1875, 2.25], "texture": "#0"}
			}
		},
		{
			"from": [8, -5.4, 7],
			"to": [8, 4.6, 20],
			"rotation": {"angle": 0, "axis": "y", "origin": [8, -2.88909, 12.8099]},
			"faces": {
				"north": {"uv": [0, 0, 0, 5], "rotation": 180, "texture": "#2"},
				"east": {"uv": [6.5, 0, 0, 11], "rotation": 270, "texture": "#2"},
				"south": {"uv": [0, 5, 0, 0], "texture": "#2"},
				"west": {"uv": [0, 0, 6.5, 11], "rotation": 90, "texture": "#2"},
				"up": {"uv": [0, 0, 0, 10], "rotation": 180, "texture": "#2"},
				"down": {"uv": [0, 0, 0, 10], "texture": "#2"}
			}
		},
		{
			"from": [6.75, 2.5, 4.85],
			"to": [9.25, 5, 7.35],
			"rotation": {"angle": -45, "axis": "y", "origin": [8, 8.75, 6.05]},
			"faces": {
				"north": {"uv": [1.875, 1.625, 2.1875, 1.9375], "rotation": 180, "texture": "#0"},
				"east": {"uv": [1.875, 1.625, 2.1875, 1.9375], "rotation": 180, "texture": "#0"},
				"south": {"uv": [1.875, 1.625, 2.1875, 1.9375], "rotation": 180, "texture": "#0"},
				"west": {"uv": [1.875, 1.625, 2.1875, 1.9375], "rotation": 180, "texture": "#0"},
				"up": {"uv": [1.875, 1.9375, 2.1875, 2.25], "texture": "#0"},
				"down": {"uv": [1.875, 1.9375, 2.1875, 2.25], "texture": "#0"}
			}
		},
		{
			"from": [4.5, 0.1, 2.5],
			"to": [11.5, 0.1, 9.5],
			"rotation": {"angle": -45, "axis": "y", "origin": [8, 0.2, 6]},
			"faces": {
				"north": {"uv": [0, 0, 0.875, 0], "texture": "#missing"},
				"east": {"uv": [0, 0, 0.875, 0], "texture": "#missing"},
				"south": {"uv": [0, 0, 0.875, 0], "texture": "#missing"},
				"west": {"uv": [0, 0, 0.875, 0], "texture": "#missing"},
				"up": {"uv": [4.625, 0, 5.5, 0.875], "texture": "#0"},
				"down": {"uv": [4.625, 0.875, 5.5, 0], "texture": "#0"}
			}
		},
		{
			"from": [4.5, 0.3, 2.5],
			"to": [11.5, 0.3, 9.5],
			"rotation": {"angle": -45, "axis": "y", "origin": [8, 0.2, 6]},
			"faces": {
				"north": {"uv": [0, 0, 0.875, 0], "texture": "#missing"},
				"east": {"uv": [0, 0, 0.875, 0], "texture": "#missing"},
				"south": {"uv": [0, 0, 0.875, 0], "texture": "#missing"},
				"west": {"uv": [0, 0, 0.875, 0], "texture": "#missing"},
				"up": {"uv": [4.625, 0, 5.5, 0.875], "texture": "#0"},
				"down": {"uv": [4.625, 0.875, 5.5, 0], "texture": "#0"}
			}
		},
		{
			"from": [4.5, 15.6, 2.5],
			"to": [11.5, 15.6, 9.5],
			"rotation": {"angle": -45, "axis": "y", "origin": [8, -14.3, 6]},
			"faces": {
				"north": {"uv": [0, 0, 0.875, 0], "texture": "#missing"},
				"east": {"uv": [0, 0, 0.875, 0], "texture": "#missing"},
				"south": {"uv": [0, 0, 0.875, 0], "texture": "#missing"},
				"west": {"uv": [0, 0, 0.875, 0], "texture": "#missing"},
				"up": {"uv": [4.625, 0, 5.5, 0.875], "texture": "#0"},
				"down": {"uv": [4.625, 0.875, 5.5, 0], "texture": "#0"}
			}
		},
		{
			"from": [4.5, 15.8, 2.5],
			"to": [11.5, 15.8, 9.5],
			"rotation": {"angle": -45, "axis": "y", "origin": [8, -14.3, 6]},
			"faces": {
				"north": {"uv": [0, 0, 0.875, 0], "texture": "#missing"},
				"east": {"uv": [0, 0, 0.875, 0], "texture": "#missing"},
				"south": {"uv": [0, 0, 0.875, 0], "texture": "#missing"},
				"west": {"uv": [0, 0, 0.875, 0], "texture": "#missing"},
				"up": {"uv": [4.625, 0, 5.5, 0.875], "texture": "#0"},
				"down": {"uv": [4.625, 0.875, 5.5, 0], "texture": "#0"}
			}
		},
		{
			"from": [7, 16, 6.2],
			"to": [9, 24, 8.2],
			"rotation": {"angle": 45, "axis": "x", "origin": [0, 18, 15.5]},
			"faces": {
				"north": {"uv": [6.375, 3.375, 6.625, 2.375], "texture": "#0"},
				"east": {"uv": [6.375, 3.375, 6.125, 2.375], "texture": "#0"},
				"south": {"uv": [6.625, 3.375, 6.875, 2.375], "texture": "#0"},
				"west": {"uv": [6.125, 3.375, 6.375, 2.375], "texture": "#0"},
				"up": {"uv": [5.875, 3.25, 6.125, 3], "texture": "#0"},
				"down": {"uv": [5.875, 3.25, 6.125, 3], "texture": "#0"}
			}
		},
		{
			"from": [6.5, 26.3, 17.5],
			"to": [9.5, 30.8, 20],
			"rotation": {"angle": -22.5, "axis": "x", "origin": [0, 16, 15.5]},
			"faces": {
				"north": {"uv": [5.4375, 4.25, 5.8125, 3.6875], "texture": "#0"},
				"east": {"uv": [6.3125, 3.6875, 5.75, 3.375], "rotation": 270, "texture": "#0"},
				"south": {"uv": [5.8125, 4.25, 6.1875, 3.6875], "texture": "#0"},
				"west": {"uv": [6.3125, 3.375, 5.75, 3.6875], "rotation": 270, "texture": "#0"},
				"up": {"uv": [6.3125, 3.6875, 6.6875, 3.375], "rotation": 180, "texture": "#0"},
				"down": {"uv": [6.1875, 3.6875, 6.5625, 4], "rotation": 180, "texture": "#0"}
			}
		},
		{
			"from": [6.75, 15.03417, 6.76583],
			"to": [9.25, 23.03417, 10.26583],
			"rotation": {"angle": 22.5, "axis": "x", "origin": [8, 23.06168, 10.28682]},
			"faces": {
				"north": {"uv": [5.625, 0.1875, 6.625, 0.5], "rotation": 90, "texture": "#0"},
				"east": {"uv": [6.625, 0.5, 5.625, 0.9375], "rotation": 90, "texture": "#0"},
				"south": {"uv": [6.6875, 0.1875, 7.6875, 0.5], "rotation": 90, "texture": "#0"},
				"west": {"uv": [6.625, 0.9375, 5.625, 0.5], "rotation": 90, "texture": "#0"},
				"up": {"uv": [5.4375, 3.25, 5.75, 3.6875], "rotation": 180, "texture": "#0"},
				"down": {"uv": [5.4375, 3.25, 5.75, 3.6875], "rotation": 180, "texture": "#0"}
			}
		},
		{
			"from": [8, 2.5, 1],
			"to": [8, 13, 31.5],
			"rotation": {"angle": -22.5, "axis": "z", "origin": [8, 8, 16.5]},
			"faces": {
				"north": {"uv": [0, 6.25, 0.0625, 8.4375], "rotation": 90, "texture": "#missing"},
				"east": {"uv": [12.9375, 0, 14.25, 3.8125], "rotation": 270, "texture": "#0"},
				"south": {"uv": [0, 6.25, 0.0625, 8.4375], "rotation": 270, "texture": "#missing"},
				"west": {"uv": [12.9375, 3.8125, 14.25, 0], "rotation": 270, "texture": "#0"},
				"up": {"uv": [0, 6.25, 0.0625, 8.4375], "rotation": 270, "texture": "#missing"},
				"down": {"uv": [0, 6.25, 0.0625, 8.4375], "rotation": 270, "texture": "#missing"}
			}
		},
		{
			"from": [8, 2.5, 1],
			"to": [8, 13, 31.5],
			"rotation": {"angle": 22.5, "axis": "z", "origin": [8, 8, 16.5]},
			"faces": {
				"north": {"uv": [0, 6.25, 0.0625, 8.4375], "rotation": 90, "texture": "#missing"},
				"east": {"uv": [12.9375, 0, 14.25, 3.8125], "rotation": 270, "texture": "#0"},
				"south": {"uv": [0, 6.25, 0.0625, 8.4375], "rotation": 270, "texture": "#missing"},
				"west": {"uv": [12.9375, 3.8125, 14.25, 0], "rotation": 270, "texture": "#0"},
				"up": {"uv": [0, 6.25, 0.0625, 8.4375], "rotation": 270, "texture": "#missing"},
				"down": {"uv": [0, 6.25, 0.0625, 8.4375], "rotation": 270, "texture": "#missing"}
			}
		},
		{
			"from": [6.5, -14.8, 17.5],
			"to": [9.5, -10.3, 20],
			"rotation": {"angle": 22.5, "axis": "x", "origin": [0, 0, 15.5]},
			"faces": {
				"north": {"uv": [5.4375, 3.6875, 5.8125, 4.25], "texture": "#0"},
				"east": {"uv": [5.75, 3.6875, 6.3125, 3.375], "rotation": 270, "texture": "#0"},
				"south": {"uv": [5.8125, 3.6875, 6.1875, 4.25], "texture": "#0"},
				"west": {"uv": [5.75, 3.375, 6.3125, 3.6875], "rotation": 270, "texture": "#0"},
				"up": {"uv": [6.1875, 4, 6.5625, 3.6875], "rotation": 180, "texture": "#0"},
				"down": {"uv": [6.3125, 3.375, 6.6875, 3.6875], "rotation": 180, "texture": "#0"}
			}
		},
		{
			"from": [7.75, -12.5, 13.5],
			"to": [8.25, 15.8, 14],
			"rotation": {"angle": 45, "axis": "x", "origin": [8, -10.25, 13.75]},
			"faces": {
				"north": {"uv": [0, 8.125, 0.0625, 5.5625], "texture": "#0"},
				"east": {"uv": [0, 8.125, 0.0625, 5.5625], "texture": "#0"},
				"south": {"uv": [0, 8.125, 0.0625, 5.5625], "texture": "#0"},
				"west": {"uv": [0, 8.125, 0.0625, 5.5625], "texture": "#0"},
				"up": {"uv": [0, 5.625, 0.0625, 5.5625], "texture": "#0"},
				"down": {"uv": [0, 5.625, 0.0625, 5.5625], "texture": "#0"}
			}
		},
		{
			"from": [7.75, 0.2, 13.5],
			"to": [8.25, 28.5, 14],
			"rotation": {"angle": -45, "axis": "x", "origin": [8, 26.25, 13.75]},
			"faces": {
				"north": {"uv": [0, 5.5625, 0.0625, 8.125], "texture": "#0"},
				"east": {"uv": [0, 5.5625, 0.0625, 8.125], "texture": "#0"},
				"south": {"uv": [0, 5.5625, 0.0625, 8.125], "texture": "#0"},
				"west": {"uv": [0, 5.5625, 0.0625, 8.125], "texture": "#0"},
				"up": {"uv": [0, 5.5625, 0.0625, 5.625], "texture": "#0"},
				"down": {"uv": [0, 5.5625, 0.0625, 5.625], "texture": "#0"}
			}
		},
		{
			"from": [7.75, -0.8, 14.5],
			"to": [8.25, 28.5, 15],
			"rotation": {"angle": -45, "axis": "x", "origin": [8, 26.25, 13.75]},
			"faces": {
				"north": {"uv": [0, 5.5625, 0.0625, 8.125], "texture": "#0"},
				"east": {"uv": [0, 5.5625, 0.0625, 8.125], "texture": "#0"},
				"south": {"uv": [0, 5.5625, 0.0625, 8.125], "texture": "#0"},
				"west": {"uv": [0, 5.5625, 0.0625, 8.125], "texture": "#0"},
				"up": {"uv": [0, 5.5625, 0.0625, 5.625], "texture": "#0"},
				"down": {"uv": [0, 5.5625, 0.0625, 5.625], "texture": "#0"}
			}
		},
		{
			"from": [7.75, -12.5, 14.5],
			"to": [8.25, 16.8, 15],
			"rotation": {"angle": 45, "axis": "x", "origin": [8, -10.25, 13.75]},
			"faces": {
				"north": {"uv": [0, 8.125, 0.0625, 5.5625], "texture": "#0"},
				"east": {"uv": [0, 8.125, 0.0625, 5.5625], "texture": "#0"},
				"south": {"uv": [0, 8.125, 0.0625, 5.5625], "texture": "#0"},
				"west": {"uv": [0, 8.125, 0.0625, 5.5625], "texture": "#0"},
				"up": {"uv": [0, 5.625, 0.0625, 5.5625], "texture": "#0"},
				"down": {"uv": [0, 5.625, 0.0625, 5.5625], "texture": "#0"}
			}
		},
		{
			"from": [7, -8, 6.2],
			"to": [9, 0, 8.2],
			"rotation": {"angle": -45, "axis": "x", "origin": [0, -2, 15.5]},
			"faces": {
				"north": {"uv": [6.375, 2.375, 6.625, 3.375], "texture": "#0"},
				"east": {"uv": [6.375, 2.375, 6.125, 3.375], "texture": "#0"},
				"south": {"uv": [6.625, 2.375, 6.875, 3.375], "texture": "#0"},
				"west": {"uv": [6.125, 2.375, 6.375, 3.375], "texture": "#0"},
				"up": {"uv": [5.875, 3, 6.125, 3.25], "texture": "#0"},
				"down": {"uv": [5.875, 3, 6.125, 3.25], "texture": "#0"}
			}
		},
		{
			"from": [6.75, -7.03417, 6.76583],
			"to": [9.25, 0.96583, 10.26583],
			"rotation": {"angle": -22.5, "axis": "x", "origin": [8, -7.06168, 10.28682]},
			"faces": {
				"north": {"uv": [6.625, 0.1875, 5.625, 0.5], "rotation": 90, "texture": "#0"},
				"east": {"uv": [5.625, 0.5, 6.625, 0.9375], "rotation": 90, "texture": "#0"},
				"south": {"uv": [7.6875, 0.1875, 6.6875, 0.5], "rotation": 90, "texture": "#0"},
				"west": {"uv": [5.625, 0.9375, 6.625, 0.5], "rotation": 90, "texture": "#0"},
				"up": {"uv": [5.4375, 3.6875, 5.75, 3.25], "rotation": 180, "texture": "#0"},
				"down": {"uv": [5.4375, 3.6875, 5.75, 3.25], "rotation": 180, "texture": "#0"}
			}
		},
		{
			"from": [7.1, -0.5, 5],
			"to": [8.6, 2.5, 6.5],
			"rotation": {"angle": -45, "axis": "y", "origin": [7.6, 21.25, 6.05]},
			"faces": {
				"north": {"uv": [4.75, 1.5625, 4.9375, 1.1875], "texture": "#0"},
				"east": {"uv": [4.75, 1.5625, 4.9375, 1.1875], "texture": "#0"},
				"south": {"uv": [4.75, 1.5625, 4.9375, 1.1875], "texture": "#0"},
				"west": {"uv": [4.75, 1.5625, 4.9375, 1.1875], "texture": "#0"},
				"up": {"uv": [1.375, 2.125, 1.1875, 2.3125], "rotation": 90, "texture": "#0"},
				"down": {"uv": [1.375, 2.125, 1.1875, 2.3125], "rotation": 90, "texture": "#0"}
			}
		},
		{
			"from": [5.9, -4.5, -4],
			"to": [5.9, 9.5, 14],
			"rotation": {"angle": 0, "axis": "y", "origin": [0, 1, 8]},
			"faces": {
				"north": {"uv": [0, 0, 0, 4.5], "texture": "#missing"},
				"east": {"uv": [9, 0, 0, 7], "texture": "#4"},
				"south": {"uv": [0, 0, 0, 4.5], "texture": "#missing"},
				"west": {"uv": [0, 0, 9, 7], "texture": "#4"},
				"up": {"uv": [0, 8, 0, 0], "texture": "#missing"},
				"down": {"uv": [0, 0, 0, 8], "texture": "#missing"}
			}
		},
		{
			"from": [10.1, -4.5, -4],
			"to": [10.1, 9.5, 14],
			"rotation": {"angle": 0, "axis": "y", "origin": [16, 1, 8]},
			"faces": {
				"north": {"uv": [0, 0, 0, 4.5], "texture": "#missing"},
				"east": {"uv": [9, 0, 0, 7], "texture": "#4"},
				"south": {"uv": [0, 0, 0, 4.5], "texture": "#missing"},
				"west": {"uv": [0, 0, 9, 7], "texture": "#4"},
				"up": {"uv": [0, 8, 0, 0], "texture": "#missing"},
				"down": {"uv": [0, 0, 0, 8], "texture": "#missing"}
			}
		},
		{
			"from": [7.2, -14.8, -9],
			"to": [7.2, 7.2, 4],
			"rotation": {"angle": 45, "axis": "x", "origin": [16, -11, 38]},
			"faces": {
				"north": {"uv": [0, 0, 0, 10], "texture": "#2"},
				"east": {"uv": [6.5, 0, 0, 11], "texture": "#2"},
				"south": {"uv": [0, 0, 0, 10], "texture": "#2"},
				"west": {"uv": [0, 0, 6.5, 11], "texture": "#2"},
				"up": {"uv": [0, 5, 0, 0], "texture": "#2"},
				"down": {"uv": [0, 0, 0, 5], "texture": "#2"}
			}
		},
		{
			"from": [8.8, -14.8, -9],
			"to": [8.8, 7.2, 4],
			"rotation": {"angle": 45, "axis": "x", "origin": [0, -11, 38]},
			"faces": {
				"north": {"uv": [0, 0, 0, 10], "texture": "#2"},
				"east": {"uv": [6.5, 0, 0, 11], "texture": "#2"},
				"south": {"uv": [0, 0, 0, 10], "texture": "#2"},
				"west": {"uv": [0, 0, 6.5, 11], "texture": "#2"},
				"up": {"uv": [0, 5, 0, 0], "texture": "#2"},
				"down": {"uv": [0, 0, 0, 5], "texture": "#2"}
			}
		},
		{
			"from": [4, 16.5, 0.75],
			"to": [12, 24.5, 0.75],
			"rotation": {"angle": -45, "axis": "y", "origin": [8, 20.5, 0.75]},
			"faces": {
				"north": {"uv": [0, 0, 16, 16], "texture": "#3"},
				"east": {"uv": [0, 0, 0, 16], "texture": "#3"},
				"south": {"uv": [16, 0, 0, 16], "texture": "#3"},
				"west": {"uv": [0, 0, 0, 16], "texture": "#3"},
				"up": {"uv": [0, 16, 0, 0], "rotation": 90, "texture": "#3"},
				"down": {"uv": [0, 0, 0, 16], "rotation": 270, "texture": "#3"}
			}
		},
		{
			"from": [4, 16.5, 0.75],
			"to": [12, 24.5, 0.75],
			"rotation": {"angle": 45, "axis": "y", "origin": [8, 20.5, 0.75]},
			"faces": {
				"north": {"uv": [0, 0, 16, 16], "texture": "#3"},
				"east": {"uv": [0, 0, 0, 16], "texture": "#3"},
				"south": {"uv": [16, 0, 0, 16], "texture": "#3"},
				"west": {"uv": [0, 0, 0, 16], "texture": "#3"},
				"up": {"uv": [0, 16, 0, 0], "rotation": 90, "texture": "#3"},
				"down": {"uv": [0, 0, 0, 16], "rotation": 270, "texture": "#3"}
			}
		}
	],
	"display": {
		"thirdperson_righthand": {
			"rotation": [0, -3, 0],
			"translation": [-1.25, -2, 2],
			"scale": [0.6, 0.6, 0.6]
		},
		"thirdperson_lefthand": {
			"rotation": [0, -3, 0],
			"translation": [-1.25, -2, 2],
			"scale": [0.6, 0.6, 0.6]
		},
		"firstperson_righthand": {
			"rotation": [21, 38, 3],
			"translation": [3, 6, -3],
			"scale": [0.54883, 0.54883, 0.54883]
		},
		"firstperson_lefthand": {
			"rotation": [21, 38, 3],
			"translation": [3, 6, -3],
			"scale": [0.54883, 0.54883, 0.54883]
		},
		"ground": {
			"rotation": [0, 0, 83],
			"translation": [-1.5, 1.5, 0],
			"scale": [0.5, 0.5, 0.5]
		},
		"gui": {
			"rotation": [-90, 135, 90],
			"translation": [-2, 1.75, 0],
			"scale": [0.45, 0.45, 0.45]
		},
		"head": {
			"rotation": [91, -1, 90],
			"translation": [4.5, 8.5, 0.25],
			"scale": [0.7, 0.7, 0.7]
		},
		"fixed": {
			"rotation": [-90, -90, -90],
			"translation": [2, -0.5, -1.5],
			"scale": [1.2, 1.2, 1.2]
		}
	}
}