{
	"credit": "Made with Blockbench",
	"texture_size": [128, 128],
	"textures": {
		"0": "elitecreatures:scarecrow_animated_weapon_set/scarecrow_texture",
		"1": "elitecreatures:scarecrow_animated_weapon_set/scarecrow_animation_01",
		"2": "elitecreatures:scarecrow_animated_weapon_set/scarecrow_animation_02",
		"3": "elitecreatures:scarecrow_animated_weapon_set/scarecrow_animation_03",
		"particle": "elitecreatures:scarecrow_animated_weapon_set/scarecrow_texture"
	},
	"elements": [
		{
			"from": [11.5, 4.1, 3.3],
			"to": [15.5, 9.1, 3.3],
			"rotation": {"angle": -22.5, "axis": "z", "origin": [7.5, 9.1, 4.4]},
			"faces": {
				"north": {"uv": [2.25, 0.75, 2.75, 1.375], "texture": "#0"},
				"east": {"uv": [0, 0, 0, 0.625], "texture": "#0"},
				"south": {"uv": [3.75, 0.75, 3.25, 1.375], "texture": "#0"},
				"west": {"uv": [0, 0, 0, 0.625], "texture": "#0"},
				"up": {"uv": [0, 0, 0, 0.5], "rotation": 90, "texture": "#0"},
				"down": {"uv": [0, 0, 0, 0.5], "rotation": 270, "texture": "#0"}
			}
		},
		{
			"from": [11.5, 4.1, 12.7],
			"to": [15.5, 9.1, 12.7],
			"rotation": {"angle": -22.5, "axis": "z", "origin": [7.5, 9.1, 11.6]},
			"faces": {
				"north": {"uv": [3.25, 0.75, 3.75, 1.375], "texture": "#0"},
				"east": {"uv": [0, 0, 0, 0.625], "texture": "#0"},
				"south": {"uv": [2.75, 0.75, 2.25, 1.375], "texture": "#0"},
				"west": {"uv": [0, 0, 0, 0.625], "texture": "#0"},
				"up": {"uv": [0, 0, 0, 0.5], "rotation": 90, "texture": "#0"},
				"down": {"uv": [0, 0, 0, 0.5], "rotation": 270, "texture": "#0"}
			}
		},
		{
			"from": [15.5, 4.1, 3.3],
			"to": [15.5, 9.1, 12.7],
			"rotation": {"angle": -22.5, "axis": "z", "origin": [7.5, 9.1, 4.5]},
			"faces": {
				"north": {"uv": [0, 0, 0, 0.625], "texture": "#0"},
				"east": {"uv": [0, 0.75, 1.125, 1.375], "texture": "#0"},
				"south": {"uv": [0, 0, 0, 0.625], "texture": "#0"},
				"west": {"uv": [2.25, 0.75, 1.125, 1.375], "texture": "#0"},
				"up": {"uv": [0, 0, 1.125, 0], "rotation": 90, "texture": "#0"},
				"down": {"uv": [0, 0, 1.125, 0], "rotation": 270, "texture": "#0"}
			}
		},
		{
			"from": [12.1, 4.1, 3.3],
			"to": [15.5, 4.1, 12.7],
			"rotation": {"angle": -22.5, "axis": "z", "origin": [7.5, 9.1, 4.5]},
			"faces": {
				"north": {"uv": [0, 0, 0.425, 0], "texture": "#missing"},
				"east": {"uv": [0, 0, 1.15, 0], "texture": "#missing"},
				"south": {"uv": [0, 0, 0.425, 0], "texture": "#missing"},
				"west": {"uv": [0, 0, 1.15, 0], "texture": "#missing"},
				"up": {"uv": [0, 1.375, 1.15, 1.8], "rotation": 90, "texture": "#0"},
				"down": {"uv": [1.125, 1.875, 2.275, 2.3], "rotation": 270, "texture": "#0"}
			}
		},
		{
			"from": [9.5, 8.1, 3.4],
			"to": [15, 14.1, 3.4],
			"rotation": {"angle": 0, "axis": "y", "origin": [7.5, 9.1, 4.4]},
			"faces": {
				"north": {"uv": [0, 0, 0.6875, 0.75], "texture": "#0"},
				"east": {"uv": [0, 4, 0, 4.75], "texture": "#0"},
				"south": {"uv": [1.625, 0, 0.9375, 0.75], "texture": "#0"},
				"west": {"uv": [0, 4, 0, 4.75], "texture": "#0"},
				"up": {"uv": [0, 5, 0, 5.6875], "rotation": 90, "texture": "#0"},
				"down": {"uv": [0, 5, 0, 5.6875], "rotation": 270, "texture": "#0"}
			}
		},
		{
			"from": [9.5, 8.1, 12.6],
			"to": [15, 14.1, 12.6],
			"rotation": {"angle": 0, "axis": "y", "origin": [7.5, 9.1, 11.6]},
			"faces": {
				"north": {"uv": [0.9375, 0, 1.625, 0.75], "texture": "#0"},
				"east": {"uv": [0, 4, 0, 4.75], "texture": "#0"},
				"south": {"uv": [0.6875, 0, 0, 0.75], "texture": "#0"},
				"west": {"uv": [0, 4, 0, 4.75], "texture": "#0"},
				"up": {"uv": [0, 5, 0, 5.6875], "rotation": 90, "texture": "#0"},
				"down": {"uv": [0, 5, 0, 5.6875], "rotation": 270, "texture": "#0"}
			}
		},
		{
			"from": [10, 14.1, 3.4],
			"to": [15, 14.1, 12.6],
			"rotation": {"angle": 0, "axis": "y", "origin": [7.5, 9.1, 4.5]},
			"faces": {
				"north": {"uv": [0, 0, 0.625, 0], "texture": "#0"},
				"east": {"uv": [0, 0, 1.125, 0], "texture": "#0"},
				"south": {"uv": [0, 0, 0.625, 0], "texture": "#0"},
				"west": {"uv": [0, 0, 1.125, 0], "texture": "#0"},
				"up": {"uv": [2.25, 1.375, 3.375, 2], "rotation": 90, "texture": "#0"},
				"down": {"uv": [3.375, 1.5, 4.5, 2.125], "rotation": 270, "texture": "#0"}
			}
		},
		{
			"from": [15, 8.1, 3.4],
			"to": [15, 14.1, 12.6],
			"rotation": {"angle": 0, "axis": "y", "origin": [7.5, 9.1, 4.5]},
			"faces": {
				"north": {"uv": [0, 4, 0, 4.75], "texture": "#0"},
				"east": {"uv": [1.875, 0, 3, 0.75], "texture": "#0"},
				"south": {"uv": [0, 4, 0, 4.75], "texture": "#0"},
				"west": {"uv": [4.125, 0, 3, 0.75], "texture": "#0"},
				"up": {"uv": [0, 0, 1.125, 0], "rotation": 90, "texture": "#0"},
				"down": {"uv": [0, 0, 1.125, 0], "rotation": 270, "texture": "#0"}
			}
		},
		{
			"from": [7, 2, 0.6],
			"to": [8.5, 15, 6.1],
			"rotation": {"angle": 22.5, "axis": "y", "origin": [14.5, -4, 0.5]},
			"faces": {
				"north": {"uv": [3.0625, 4.625, 3.25, 6.25], "texture": "#0"},
				"east": {"uv": [2.375, 4.625, 3.0625, 6.25], "texture": "#0"},
				"south": {"uv": [3.0625, 4.625, 3.25, 6.25], "texture": "#0"},
				"west": {"uv": [2.375, 4.625, 3.0625, 6.25], "texture": "#0"},
				"up": {"uv": [2.375, 6.25, 3.0625, 6.4375], "rotation": 90, "texture": "#0"},
				"down": {"uv": [2.375, 6.25, 3.0625, 6.4375], "rotation": 90, "texture": "#0"}
			}
		},
		{
			"from": [7, 2, 9.9],
			"to": [8.5, 15, 15.4],
			"rotation": {"angle": -22.5, "axis": "y", "origin": [14.5, -4, 15.5]},
			"faces": {
				"north": {"uv": [3.25, 4.625, 3.0625, 6.25], "texture": "#0"},
				"east": {"uv": [3.0625, 4.625, 2.375, 6.25], "texture": "#0"},
				"south": {"uv": [3.25, 4.625, 3.0625, 6.25], "texture": "#0"},
				"west": {"uv": [3.0625, 4.625, 2.375, 6.25], "texture": "#0"},
				"up": {"uv": [3.0625, 6.25, 2.375, 6.4375], "rotation": 90, "texture": "#0"},
				"down": {"uv": [3.0625, 6.25, 2.375, 6.4375], "rotation": 90, "texture": "#0"}
			}
		},
		{
			"from": [7, 2, 0.6],
			"to": [8.5, 15, 6.1],
			"rotation": {"angle": 22.5, "axis": "y", "origin": [14.5, -4, 0.5]},
			"faces": {
				"north": {"uv": [3.0625, 4.625, 3.25, 6.25], "texture": "#0"},
				"east": {"uv": [2.375, 4.625, 3.0625, 6.25], "texture": "#0"},
				"south": {"uv": [3.0625, 4.625, 3.25, 6.25], "texture": "#0"},
				"west": {"uv": [2.375, 4.625, 3.0625, 6.25], "texture": "#0"},
				"up": {"uv": [2.375, 6.25, 3.0625, 6.4375], "rotation": 90, "texture": "#0"},
				"down": {"uv": [2.375, 6.25, 3.0625, 6.4375], "rotation": 90, "texture": "#0"}
			}
		},
		{
			"from": [11.5, -3.9, 1],
			"to": [11.5, 0.1, 8],
			"rotation": {"angle": 22.5, "axis": "y", "origin": [11.5, 8.1, 8]},
			"faces": {
				"north": {"uv": [1.0625, 3.875, 1.0625, 3.375], "texture": "#0"},
				"east": {"uv": [1.875, 4.125, 2.75, 3.625], "texture": "#0"},
				"south": {"uv": [1.0625, 3.875, 1.0625, 3.375], "texture": "#0"},
				"west": {"uv": [2.75, 4.625, 1.875, 4.125], "texture": "#0"},
				"up": {"uv": [1.1875, 3.375, 1.1875, 4.25], "texture": "#0"},
				"down": {"uv": [1.1875, 3.375, 1.1875, 4.25], "texture": "#0"}
			}
		},
		{
			"from": [11.5, 14.9, 1],
			"to": [11.5, 18.9, 8],
			"rotation": {"angle": 22.5, "axis": "y", "origin": [11.5, 7.9, 8]},
			"faces": {
				"north": {"uv": [1.0625, 3.375, 1.0625, 3.875], "texture": "#0"},
				"east": {"uv": [1.875, 3.625, 2.75, 4.125], "texture": "#0"},
				"south": {"uv": [1.0625, 3.375, 1.0625, 3.875], "texture": "#0"},
				"west": {"uv": [2.75, 4.125, 1.875, 4.625], "texture": "#0"},
				"up": {"uv": [1.1875, 4.25, 1.1875, 3.375], "texture": "#0"},
				"down": {"uv": [1.1875, 4.25, 1.1875, 3.375], "texture": "#0"}
			}
		},
		{
			"from": [15.4, 14.7, 3.5],
			"to": [15.4, 18.7, 6.5],
			"rotation": {"angle": -22.5, "axis": "z", "origin": [7.5, 14.2, 3.4]},
			"faces": {
				"north": {"uv": [0, 0, 0, 8], "texture": "#1"},
				"east": {"uv": [0, 0, 6, 8], "texture": "#1"},
				"south": {"uv": [0, 0, 0, 8], "texture": "#1"},
				"west": {"uv": [6, 0, 0, 8], "texture": "#1"},
				"up": {"uv": [0, 6, 0, 0], "rotation": 180, "texture": "#1"},
				"down": {"uv": [0, 0, 0, 6], "rotation": 180, "texture": "#1"}
			}
		},
		{
			"from": [10.7, 12, 12.5],
			"to": [10.7, 16, 15.5],
			"rotation": {"angle": -22.5, "axis": "z", "origin": [7.5, 14.2, 12.6]},
			"faces": {
				"north": {"uv": [0, 0, 0, 8], "texture": "#1"},
				"east": {"uv": [6, 0, 0, 8], "texture": "#1"},
				"south": {"uv": [0, 0, 0, 8], "texture": "#1"},
				"west": {"uv": [0, 0, 6, 8], "texture": "#1"},
				"up": {"uv": [0, 0, 0, 6], "rotation": 180, "texture": "#1"},
				"down": {"uv": [0, 6, 0, 0], "rotation": 180, "texture": "#1"}
			}
		},
		{
			"from": [9.4, 15.8, 2.5],
			"to": [9.4, 19.8, 5.5],
			"rotation": {"angle": 22.5, "axis": "y", "origin": [7.5, 14.2, 3.4]},
			"faces": {
				"north": {"uv": [0, 0, 0, 8], "texture": "#1"},
				"east": {"uv": [0, 0, 6, 8], "texture": "#1"},
				"south": {"uv": [0, 0, 0, 8], "texture": "#1"},
				"west": {"uv": [6, 0, 0, 8], "texture": "#1"},
				"up": {"uv": [0, 6, 0, 0], "rotation": 180, "texture": "#1"},
				"down": {"uv": [0, 0, 0, 6], "rotation": 180, "texture": "#1"}
			}
		},
		{
			"from": [9.4, 17, 6.5],
			"to": [9.4, 21, 9.5],
			"rotation": {"angle": -22.5, "axis": "y", "origin": [7.5, 14.2, 12.6]},
			"faces": {
				"north": {"uv": [0, 0, 0, 8], "texture": "#1"},
				"east": {"uv": [6, 0, 0, 8], "texture": "#1"},
				"south": {"uv": [0, 0, 0, 8], "texture": "#1"},
				"west": {"uv": [0, 0, 6, 8], "texture": "#1"},
				"up": {"uv": [0, 0, 0, 6], "rotation": 180, "texture": "#1"},
				"down": {"uv": [0, 6, 0, 0], "rotation": 180, "texture": "#1"}
			}
		},
		{
			"from": [13.4, 3, 9.5],
			"to": [13.4, 7, 12.5],
			"rotation": {"angle": 0, "axis": "y", "origin": [7.5, 14.2, 12.6]},
			"faces": {
				"north": {"uv": [0, 0, 0, 8], "texture": "#1"},
				"east": {"uv": [6, 0, 0, 8], "texture": "#1"},
				"south": {"uv": [0, 0, 0, 8], "texture": "#1"},
				"west": {"uv": [0, 0, 6, 8], "texture": "#1"},
				"up": {"uv": [0, 0, 0, 6], "rotation": 180, "texture": "#1"},
				"down": {"uv": [0, 6, 0, 0], "rotation": 180, "texture": "#1"}
			}
		},
		{
			"from": [13.4, 4, 5.5],
			"to": [13.4, 8, 8.5],
			"rotation": {"angle": 0, "axis": "y", "origin": [7.5, 14.2, 3.4]},
			"faces": {
				"north": {"uv": [0, 0, 0, 8], "texture": "#1"},
				"east": {"uv": [0, 0, 6, 8], "texture": "#1"},
				"south": {"uv": [0, 0, 0, 8], "texture": "#1"},
				"west": {"uv": [6, 0, 0, 8], "texture": "#1"},
				"up": {"uv": [0, 6, 0, 0], "rotation": 180, "texture": "#1"},
				"down": {"uv": [0, 0, 0, 6], "rotation": 180, "texture": "#1"}
			}
		},
		{
			"from": [13.1, 15.6, 9.9],
			"to": [13.1, 19.6, 12.9],
			"rotation": {"angle": -22.5, "axis": "y", "origin": [6.6, 14, 2.5]},
			"faces": {
				"north": {"uv": [0, 0, 0, 8], "texture": "#2"},
				"east": {"uv": [0, 0, 6, 8], "texture": "#2"},
				"south": {"uv": [0, 0, 0, 8], "texture": "#2"},
				"west": {"uv": [6, 0, 0, 8], "texture": "#2"},
				"up": {"uv": [0, 6, 0, 0], "texture": "#2"},
				"down": {"uv": [0, 0, 0, 6], "texture": "#2"}
			}
		},
		{
			"from": [10.3, 12.4, 1.6],
			"to": [10.3, 16.4, 4.6],
			"rotation": {"angle": -22.5, "axis": "z", "origin": [6.6, 14, 13.5]},
			"faces": {
				"north": {"uv": [0, 0, 0, 8], "texture": "#2"},
				"east": {"uv": [0, 0, 6, 8], "texture": "#2"},
				"south": {"uv": [0, 0, 0, 8], "texture": "#2"},
				"west": {"uv": [6, 0, 0, 8], "texture": "#2"},
				"up": {"uv": [0, 0, 0, 6], "texture": "#2"},
				"down": {"uv": [0, 6, 0, 0], "texture": "#2"}
			}
		},
		{
			"from": [15.4, 14.7, 9.5],
			"to": [15.4, 18.7, 12.5],
			"rotation": {"angle": -22.5, "axis": "z", "origin": [7.5, 14.2, 12.6]},
			"faces": {
				"north": {"uv": [0, 0, 0, 8], "texture": "#1"},
				"east": {"uv": [6, 0, 0, 8], "texture": "#1"},
				"south": {"uv": [0, 0, 0, 8], "texture": "#1"},
				"west": {"uv": [0, 0, 6, 8], "texture": "#1"},
				"up": {"uv": [0, 0, 0, 6], "rotation": 180, "texture": "#1"},
				"down": {"uv": [0, 6, 0, 0], "rotation": 180, "texture": "#1"}
			}
		},
		{
			"from": [8, 9, 6.6],
			"to": [11, 13, 6.6],
			"rotation": {"angle": 22.5, "axis": "x", "origin": [14.5, -4, 16]},
			"faces": {
				"north": {"uv": [0, 0, 6, 8], "texture": "#2"},
				"east": {"uv": [0, 0, 0, 8], "texture": "#2"},
				"south": {"uv": [6, 0, 0, 8], "texture": "#2"},
				"west": {"uv": [0, 0, 0, 8], "texture": "#2"},
				"up": {"uv": [0, 6, 0, 0], "rotation": 90, "texture": "#2"},
				"down": {"uv": [0, 0, 0, 6], "rotation": 270, "texture": "#2"}
			}
		},
		{
			"from": [11, 0.1, 0],
			"to": [12, 15.1, 8],
			"rotation": {"angle": 22.5, "axis": "y", "origin": [12, 7.1, 8]},
			"faces": {
				"north": {"uv": [1, 6.5, 1.125, 4.625], "texture": "#0"},
				"east": {"uv": [0, 6.5, 1, 4.625], "texture": "#0"},
				"south": {"uv": [1, 6.5, 1.125, 4.625], "texture": "#0"},
				"west": {"uv": [1.25, 6.5, 2.25, 4.625], "texture": "#0"},
				"up": {"uv": [1.25, 3.875, 1.125, 4.875], "texture": "#0"},
				"down": {"uv": [1.25, 3.875, 1.125, 4.875], "texture": "#0"}
			}
		},
		{
			"from": [11, 0.1, 8],
			"to": [12, 15.1, 16],
			"rotation": {"angle": -22.5, "axis": "y", "origin": [12, 7.1, 8]},
			"faces": {
				"north": {"uv": [1.125, 6.5, 1, 4.625], "texture": "#0"},
				"east": {"uv": [1, 6.5, 0, 4.625], "texture": "#0"},
				"south": {"uv": [1.125, 6.5, 1, 4.625], "texture": "#0"},
				"west": {"uv": [2.25, 6.5, 1.25, 4.625], "texture": "#0"},
				"up": {"uv": [1.25, 4.875, 1.125, 3.875], "texture": "#0"},
				"down": {"uv": [1.25, 4.875, 1.125, 3.875], "texture": "#0"}
			}
		},
		{
			"from": [4.25, 5.3, 7],
			"to": [6.75, 12.3, 9],
			"rotation": {"angle": 0, "axis": "y", "origin": [16, 13, 0]},
			"faces": {
				"north": {"uv": [5.375, 2, 5.6875, 2.875], "texture": "#0"},
				"east": {"uv": [5.6875, 2, 5.9375, 2.875], "texture": "#0"},
				"south": {"uv": [5.375, 2, 5.6875, 2.875], "texture": "#0"},
				"west": {"uv": [5.6875, 2, 5.9375, 2.875], "texture": "#0"},
				"up": {"uv": [5.9375, 2, 6.1875, 2.3125], "rotation": 90, "texture": "#0"},
				"down": {"uv": [5.9375, 2, 6.1875, 2.3125], "rotation": 270, "texture": "#0"}
			}
		},
		{
			"from": [4.25, 12.3, 9],
			"to": [6.75, 13.8, 9],
			"rotation": {"angle": 22.5, "axis": "x", "origin": [5.5, 12.3, 9]},
			"faces": {
				"north": {"uv": [6.375, 1.8125, 6.6875, 2], "texture": "#0"},
				"east": {"uv": [5.9375, 2, 5.6875, 2.875], "texture": "#0"},
				"south": {"uv": [6.6875, 1.8125, 6.375, 2], "texture": "#0"},
				"west": {"uv": [5.9375, 2, 5.6875, 2.875], "texture": "#0"},
				"up": {"uv": [6.1875, 2, 5.9375, 2.3125], "rotation": 90, "texture": "#0"},
				"down": {"uv": [6.1875, 2, 5.9375, 2.3125], "rotation": 270, "texture": "#0"}
			}
		},
		{
			"from": [4.3, 12.3, 7],
			"to": [4.3, 13.8, 9],
			"rotation": {"angle": 22.5, "axis": "z", "origin": [4.3, 12.3, 7.7]},
			"faces": {
				"north": {"uv": [5.6875, 2, 5.6875, 2.1875], "texture": "#0"},
				"east": {"uv": [6.375, 1.8125, 6.625, 2], "texture": "#0"},
				"south": {"uv": [5.6875, 2, 5.6875, 2.1875], "texture": "#0"},
				"west": {"uv": [6.625, 1.8125, 6.375, 2], "texture": "#0"},
				"up": {"uv": [5.9375, 2, 5.9375, 2.25], "rotation": 180, "texture": "#0"},
				"down": {"uv": [5.9375, 2, 5.9375, 2.25], "rotation": 180, "texture": "#0"}
			}
		},
		{
			"from": [4.5, -0.1, 7.25],
			"to": [4.5, 4.9, 8.75],
			"rotation": {"angle": 0, "axis": "y", "origin": [7, 26, 4.5]},
			"faces": {
				"north": {"uv": [0, 4, 0, 4.625], "texture": "#0"},
				"east": {"uv": [1.9375, 1.375, 2.125, 0.75], "texture": "#0"},
				"south": {"uv": [0, 4, 0, 4.625], "texture": "#0"},
				"west": {"uv": [1, 1.375, 0.8125, 0.75], "texture": "#0"},
				"up": {"uv": [0, 5, 0, 5.1875], "rotation": 180, "texture": "#0"},
				"down": {"uv": [0, 5, 0, 5.1875], "rotation": 180, "texture": "#0"}
			}
		},
		{
			"from": [4.5, -0.1, 8.75],
			"to": [6.5, 4.9, 8.75],
			"rotation": {"angle": 0, "axis": "y", "origin": [9, 26, 11.5]},
			"faces": {
				"north": {"uv": [1.25, 0.1875, 1.5, 0.8125], "texture": "#0"},
				"east": {"uv": [0, 4, 0, 4.625], "texture": "#0"},
				"south": {"uv": [0.5625, 0.1875, 0.3125, 0.8125], "texture": "#0"},
				"west": {"uv": [0, 4, 0, 4.625], "texture": "#0"},
				"up": {"uv": [0, 5, 0, 5.25], "rotation": 90, "texture": "#0"},
				"down": {"uv": [0, 5, 0, 5.25], "rotation": 270, "texture": "#0"}
			}
		},
		{
			"from": [4.3, 3.9, 7],
			"to": [4.3, 5.4, 9],
			"rotation": {"angle": -22.5, "axis": "z", "origin": [4.3, 5.4, 7.7]},
			"faces": {
				"north": {"uv": [5.6875, 2.1875, 5.6875, 2], "texture": "#0"},
				"east": {"uv": [6.375, 2, 6.625, 1.8125], "texture": "#0"},
				"south": {"uv": [5.6875, 2.1875, 5.6875, 2], "texture": "#0"},
				"west": {"uv": [6.625, 2, 6.375, 1.8125], "texture": "#0"},
				"up": {"uv": [5.9375, 2, 5.9375, 2.25], "texture": "#0"},
				"down": {"uv": [5.9375, 2, 5.9375, 2.25], "texture": "#0"}
			}
		},
		{
			"from": [4.25, 3.8, 9],
			"to": [6.75, 5.3, 9],
			"rotation": {"angle": -22.5, "axis": "x", "origin": [5.5, 5.3, 9]},
			"faces": {
				"north": {"uv": [6.375, 2, 6.6875, 1.8125], "texture": "#0"},
				"east": {"uv": [5.9375, 2.875, 5.6875, 2], "texture": "#0"},
				"south": {"uv": [6.6875, 2, 6.375, 1.8125], "texture": "#0"},
				"west": {"uv": [5.9375, 2.875, 5.6875, 2], "texture": "#0"},
				"up": {"uv": [6.1875, 2.3125, 5.9375, 2], "rotation": 90, "texture": "#0"},
				"down": {"uv": [6.1875, 2.3125, 5.9375, 2], "rotation": 270, "texture": "#0"}
			}
		},
		{
			"from": [4.25, 12.3, 7],
			"to": [6.75, 13.8, 7],
			"rotation": {"angle": -22.5, "axis": "x", "origin": [5.5, 12.3, 7]},
			"faces": {
				"north": {"uv": [6.375, 1.8125, 6.6875, 2], "texture": "#0"},
				"east": {"uv": [5.6875, 2, 5.9375, 2.875], "texture": "#0"},
				"south": {"uv": [6.6875, 1.8125, 6.375, 2], "texture": "#0"},
				"west": {"uv": [5.6875, 2, 5.9375, 2.875], "texture": "#0"},
				"up": {"uv": [5.9375, 2, 6.1875, 2.3125], "rotation": 90, "texture": "#0"},
				"down": {"uv": [5.9375, 2, 6.1875, 2.3125], "rotation": 270, "texture": "#0"}
			}
		},
		{
			"from": [6.7, 12.3, 7],
			"to": [6.7, 13.8, 9],
			"rotation": {"angle": -22.5, "axis": "z", "origin": [6.7, 12.3, 7.7]},
			"faces": {
				"north": {"uv": [5.6875, 2, 5.6875, 2.1875], "texture": "#0"},
				"east": {"uv": [6.375, 1.8125, 6.625, 2], "texture": "#0"},
				"south": {"uv": [5.6875, 2, 5.6875, 2.1875], "texture": "#0"},
				"west": {"uv": [6.625, 1.8125, 6.375, 2], "texture": "#0"},
				"up": {"uv": [5.9375, 2, 5.9375, 2.25], "rotation": 180, "texture": "#0"},
				"down": {"uv": [5.9375, 2, 5.9375, 2.25], "rotation": 180, "texture": "#0"}
			}
		},
		{
			"from": [6.7, 3.9, 7],
			"to": [6.7, 5.4, 9],
			"rotation": {"angle": 22.5, "axis": "z", "origin": [6.7, 5.4, 7.7]},
			"faces": {
				"north": {"uv": [5.6875, 2.1875, 5.6875, 2], "texture": "#0"},
				"east": {"uv": [6.375, 2, 6.625, 1.8125], "texture": "#0"},
				"south": {"uv": [5.6875, 2.1875, 5.6875, 2], "texture": "#0"},
				"west": {"uv": [6.625, 2, 6.375, 1.8125], "texture": "#0"},
				"up": {"uv": [5.9375, 2, 5.9375, 2.25], "texture": "#0"},
				"down": {"uv": [5.9375, 2, 5.9375, 2.25], "texture": "#0"}
			}
		},
		{
			"from": [4.25, 3.8, 7],
			"to": [6.75, 5.3, 7],
			"rotation": {"angle": 22.5, "axis": "x", "origin": [5.5, 5.3, 7]},
			"faces": {
				"north": {"uv": [6.375, 2, 6.6875, 1.8125], "texture": "#0"},
				"east": {"uv": [5.6875, 2.875, 5.9375, 2], "texture": "#0"},
				"south": {"uv": [6.6875, 2, 6.375, 1.8125], "texture": "#0"},
				"west": {"uv": [5.6875, 2.875, 5.9375, 2], "texture": "#0"},
				"up": {"uv": [5.9375, 2.3125, 6.1875, 2], "rotation": 90, "texture": "#0"},
				"down": {"uv": [5.9375, 2.3125, 6.1875, 2], "rotation": 270, "texture": "#0"}
			}
		},
		{
			"from": [6.5, -0.1, 7.25],
			"to": [6.5, 4.9, 8.75],
			"rotation": {"angle": 0, "axis": "y", "origin": [9, 26, 4.5]},
			"faces": {
				"north": {"uv": [0, 4, 0, 4.625], "texture": "#0"},
				"east": {"uv": [0.8125, 1.375, 1, 0.75], "texture": "#0"},
				"south": {"uv": [0, 4, 0, 4.625], "texture": "#0"},
				"west": {"uv": [2.125, 1.375, 1.9375, 0.75], "texture": "#0"},
				"up": {"uv": [0, 5, 0, 5.1875], "rotation": 180, "texture": "#0"},
				"down": {"uv": [0, 5, 0, 5.1875], "rotation": 180, "texture": "#0"}
			}
		},
		{
			"from": [4.5, -0.1, 7.25],
			"to": [6.5, 4.9, 7.25],
			"rotation": {"angle": 0, "axis": "y", "origin": [9, 26, 4.5]},
			"faces": {
				"north": {"uv": [0.3125, 0.1875, 0.5625, 0.8125], "texture": "#0"},
				"east": {"uv": [0, 4, 0, 4.625], "texture": "#0"},
				"south": {"uv": [1.5, 0.1875, 1.25, 0.8125], "texture": "#0"},
				"west": {"uv": [0, 4, 0, 4.625], "texture": "#0"},
				"up": {"uv": [0, 5, 0, 5.25], "rotation": 90, "texture": "#0"},
				"down": {"uv": [0, 5, 0, 5.25], "rotation": 270, "texture": "#0"}
			}
		},
		{
			"from": [3.9, -1.9, 8],
			"to": [6.9, 2.1, 8],
			"rotation": {"angle": 0, "axis": "y", "origin": [9, 31.1, 3.4]},
			"faces": {
				"north": {"uv": [6, 0, 0, 8], "rotation": 180, "texture": "#1"},
				"east": {"uv": [0, 0, 0, 8], "rotation": 180, "texture": "#1"},
				"south": {"uv": [0, 0, 6, 8], "rotation": 180, "texture": "#1"},
				"west": {"uv": [0, 0, 0, 8], "rotation": 180, "texture": "#1"},
				"up": {"uv": [0, 0, 0, 6], "rotation": 270, "texture": "#1"},
				"down": {"uv": [0, 6, 0, 0], "rotation": 90, "texture": "#1"}
			}
		},
		{
			"from": [4.5, 12.1, 7.25],
			"to": [6.5, 17.1, 7.25],
			"rotation": {"angle": 0, "axis": "y", "origin": [9, -10, 4.5]},
			"faces": {
				"north": {"uv": [0.3125, 0.8125, 0.5625, 0.1875], "texture": "#0"},
				"east": {"uv": [0, 4.625, 0, 4], "texture": "#0"},
				"south": {"uv": [1.5, 0.8125, 1.25, 0.1875], "texture": "#0"},
				"west": {"uv": [0, 4.625, 0, 4], "texture": "#0"},
				"up": {"uv": [0, 5, 0, 5.25], "rotation": 270, "texture": "#0"},
				"down": {"uv": [0, 5, 0, 5.25], "rotation": 90, "texture": "#0"}
			}
		},
		{
			"from": [11.3, 9, 7.5],
			"to": [11.3, 13, 14.5],
			"rotation": {"angle": -22.5, "axis": "x", "origin": [16, 24, -3]},
			"faces": {
				"north": {"uv": [0, 0, 0, 8], "texture": "#3"},
				"east": {"uv": [14, 0, 0, 8], "texture": "#3"},
				"south": {"uv": [0, 0, 0, 8], "texture": "#3"},
				"west": {"uv": [0, 0, 14, 8], "texture": "#3"},
				"up": {"uv": [0, 14, 0, 0], "texture": "#3"},
				"down": {"uv": [0, 0, 0, 14], "texture": "#3"}
			}
		},
		{
			"from": [12.7, 4, 2.5],
			"to": [12.7, 8, 9.5],
			"rotation": {"angle": 22.5, "axis": "x", "origin": [14, 24, 21]},
			"faces": {
				"north": {"uv": [0, 0, 0, 8], "texture": "#3"},
				"east": {"uv": [0, 0, 14, 8], "texture": "#3"},
				"south": {"uv": [0, 0, 0, 8], "texture": "#3"},
				"west": {"uv": [14, 0, 0, 8], "texture": "#3"},
				"up": {"uv": [0, 0, 0, 14], "texture": "#3"},
				"down": {"uv": [0, 14, 0, 0], "texture": "#3"}
			}
		},
		{
			"from": [3.9, 14.9, 8],
			"to": [6.9, 18.9, 8],
			"rotation": {"angle": 0, "axis": "y", "origin": [9, -15.1, 3.4]},
			"faces": {
				"north": {"uv": [6, 8, 0, 0], "rotation": 180, "texture": "#1"},
				"east": {"uv": [0, 8, 0, 0], "rotation": 180, "texture": "#1"},
				"south": {"uv": [0, 8, 6, 0], "rotation": 180, "texture": "#1"},
				"west": {"uv": [0, 8, 0, 0], "rotation": 180, "texture": "#1"},
				"up": {"uv": [0, 6, 0, 0], "rotation": 90, "texture": "#1"},
				"down": {"uv": [0, 0, 0, 6], "rotation": 270, "texture": "#1"}
			}
		},
		{
			"from": [4.5, 12.1, 7.25],
			"to": [4.5, 17.1, 8.75],
			"rotation": {"angle": 0, "axis": "y", "origin": [7, -10, 4.5]},
			"faces": {
				"north": {"uv": [0, 4.625, 0, 4], "texture": "#0"},
				"east": {"uv": [1.9375, 0.75, 2.125, 1.375], "texture": "#0"},
				"south": {"uv": [0, 4.625, 0, 4], "texture": "#0"},
				"west": {"uv": [1, 0.75, 0.8125, 1.375], "texture": "#0"},
				"up": {"uv": [0, 5.1875, 0, 5], "rotation": 180, "texture": "#0"},
				"down": {"uv": [0, 5.1875, 0, 5], "rotation": 180, "texture": "#0"}
			}
		},
		{
			"from": [4.5, 12.1, 8.75],
			"to": [6.5, 17.1, 8.75],
			"rotation": {"angle": 0, "axis": "y", "origin": [9, -10, 11.5]},
			"faces": {
				"north": {"uv": [1.25, 0.8125, 1.5, 0.1875], "texture": "#0"},
				"east": {"uv": [0, 4.625, 0, 4], "texture": "#0"},
				"south": {"uv": [0.5625, 0.8125, 0.3125, 0.1875], "texture": "#0"},
				"west": {"uv": [0, 4.625, 0, 4], "texture": "#0"},
				"up": {"uv": [0, 5, 0, 5.25], "rotation": 270, "texture": "#0"},
				"down": {"uv": [0, 5, 0, 5.25], "rotation": 90, "texture": "#0"}
			}
		},
		{
			"from": [6.5, 12.1, 7.25],
			"to": [6.5, 17.1, 8.75],
			"rotation": {"angle": 0, "axis": "y", "origin": [9, -10, 4.5]},
			"faces": {
				"north": {"uv": [0, 4.625, 0, 4], "texture": "#0"},
				"east": {"uv": [0.8125, 0.75, 1, 1.375], "texture": "#0"},
				"south": {"uv": [0, 4.625, 0, 4], "texture": "#0"},
				"west": {"uv": [2.125, 0.75, 1.9375, 1.375], "texture": "#0"},
				"up": {"uv": [0, 5.1875, 0, 5], "rotation": 180, "texture": "#0"},
				"down": {"uv": [0, 5.1875, 0, 5], "rotation": 180, "texture": "#0"}
			}
		},
		{
			"from": [6.5, 10, 7.6],
			"to": [9.5, 12, 8.7],
			"rotation": {"angle": 0, "axis": "y", "origin": [8, 6, 6.45]},
			"faces": {
				"north": {"uv": [6.6875, 2, 6.3125, 2.25], "rotation": 180, "texture": "#0"},
				"east": {"uv": [6.8125, 2.25, 6.6875, 2], "texture": "#0"},
				"south": {"uv": [6.3125, 2, 6.6875, 2.25], "rotation": 180, "texture": "#0"},
				"west": {"uv": [6.8125, 2.25, 6.6875, 2], "texture": "#0"},
				"up": {"uv": [6.4375, 2.625, 6.3125, 2.25], "rotation": 90, "texture": "#0"},
				"down": {"uv": [6.4375, 2.625, 6.3125, 2.25], "rotation": 270, "texture": "#0"}
			}
		},
		{
			"from": [11.5, 14.9, 8],
			"to": [11.5, 18.9, 15],
			"rotation": {"angle": -22.5, "axis": "y", "origin": [11.5, 7.9, 8]},
			"faces": {
				"north": {"uv": [1.0625, 3.375, 1.0625, 3.875], "texture": "#0"},
				"east": {"uv": [2.75, 3.625, 1.875, 4.125], "texture": "#0"},
				"south": {"uv": [1.0625, 3.375, 1.0625, 3.875], "texture": "#0"},
				"west": {"uv": [1.875, 4.125, 2.75, 4.625], "texture": "#0"},
				"up": {"uv": [1.1875, 3.375, 1.1875, 4.25], "texture": "#0"},
				"down": {"uv": [1.1875, 3.375, 1.1875, 4.25], "texture": "#0"}
			}
		},
		{
			"from": [11.3, 14.9, 1],
			"to": [11.3, 18.9, 8],
			"rotation": {"angle": 22.5, "axis": "y", "origin": [11.3, 7.9, 8]},
			"faces": {
				"north": {"uv": [1.0625, 3.375, 1.0625, 3.875], "texture": "#0"},
				"east": {"uv": [1.875, 3.625, 2.75, 4.125], "texture": "#0"},
				"south": {"uv": [1.0625, 3.375, 1.0625, 3.875], "texture": "#0"},
				"west": {"uv": [2.75, 4.125, 1.875, 4.625], "texture": "#0"},
				"up": {"uv": [1.1875, 4.25, 1.1875, 3.375], "texture": "#0"},
				"down": {"uv": [1.1875, 4.25, 1.1875, 3.375], "texture": "#0"}
			}
		},
		{
			"from": [11.3, 14.9, 8],
			"to": [11.3, 18.9, 15],
			"rotation": {"angle": -22.5, "axis": "y", "origin": [11.3, 7.9, 8]},
			"faces": {
				"north": {"uv": [1.0625, 3.375, 1.0625, 3.875], "texture": "#0"},
				"east": {"uv": [2.75, 3.625, 1.875, 4.125], "texture": "#0"},
				"south": {"uv": [1.0625, 3.375, 1.0625, 3.875], "texture": "#0"},
				"west": {"uv": [1.875, 4.125, 2.75, 4.625], "texture": "#0"},
				"up": {"uv": [1.1875, 3.375, 1.1875, 4.25], "texture": "#0"},
				"down": {"uv": [1.1875, 3.375, 1.1875, 4.25], "texture": "#0"}
			}
		},
		{
			"from": [11.5, -3.9, 8],
			"to": [11.5, 0.1, 15],
			"rotation": {"angle": -22.5, "axis": "y", "origin": [11.5, 8.1, 8]},
			"faces": {
				"north": {"uv": [1.0625, 3.875, 1.0625, 3.375], "texture": "#0"},
				"east": {"uv": [2.75, 4.125, 1.875, 3.625], "texture": "#0"},
				"south": {"uv": [1.0625, 3.875, 1.0625, 3.375], "texture": "#0"},
				"west": {"uv": [1.875, 4.625, 2.75, 4.125], "texture": "#0"},
				"up": {"uv": [1.1875, 4.25, 1.1875, 3.375], "texture": "#0"},
				"down": {"uv": [1.1875, 4.25, 1.1875, 3.375], "texture": "#0"}
			}
		}
	],
	"gui_light": "front",
	"display": {
		"thirdperson_righthand": {
			"translation": [2.5, -2.75, 1.75],
			"scale": [0.9, 0.9, 0.9]
		},
		"thirdperson_lefthand": {
			"rotation": [0, 180, 0],
			"translation": [2.5, -2.75, 1.75],
			"scale": [0.9, 0.9, 0.9]
		},
		"firstperson_righthand": {
			"rotation": [0, 90, 0],
			"translation": [-2, 4.25, 2.75],
			"scale": [0.39492, 0.39492, 0.39492]
		},
		"firstperson_lefthand": {
			"rotation": [0, -90, 0],
			"translation": [-2, 4.25, 2.75],
			"scale": [0.39492, 0.39492, 0.39492]
		},
		"ground": {
			"translation": [0, 11, 0],
			"scale": [0.8, 0.8, 0.8]
		},
		"gui": {
			"rotation": [0, -90, 0],
			"translation": [0, 0, -1.5],
			"scale": [0.65469, 0.65469, 0.65469]
		},
		"head": {
			"scale": [0, 0, 0]
		},
		"fixed": {
			"rotation": [0, 92, 0],
			"translation": [0, 0.75, -3.5],
			"scale": [2, 2, 2]
		}
	},
	"groups": [
		{
			"name": "group",
			"origin": [4, 8, 7],
			"color": 0,
			"children": [0, 1, 2, 3]
		},
		{
			"name": "group",
			"origin": [4, 13, 7],
			"color": 0,
			"children": [4, 5, 6, 7]
		},
		8,
		9,
		10,
		11,
		12,
		13,
		14,
		15,
		16,
		17,
		18,
		19,
		20,
		21,
		22,
		23,
		24,
		{
			"name": "group",
			"origin": [8, 30.1, 0.9],
			"color": 0,
			"children": [25, 26, 27, 28, 29, 30, 31, 32, 33, 34, 35, 36, 37, 38, 39, 40, 41, 42, 43, 44, 45, 46]
		},
		47,
		48,
		49,
		50
	]
}