{
    "parent": "item/handheld",
    "textures": {
        "layer0": "item/book"
    },
    "overrides": [
        {
            "predicate": {
                "custom_model_data": 121
            },
            "model": "serverglyphs:superior/guide"
        },
        {
            "predicate": {
                "custom_model_data": 122
            },
            "model": "serverglyphs:superior/quests"
        },
	{
            "predicate": {
                "custom_model_data": 134
            },
            "model": "serverglyphs:superior/3dhelmet"
        },
	{
            "predicate": {
                "custom_model_data": 143
            },
            "model": "prison:crates/darkness_crate"
        },
        {
            "predicate": {
                "custom_model_data": 144
            },
            "model": "prison:crates/earth_crate"
        },
        {
            "predicate": {
                "custom_model_data": 145
            },
            "model": "prison:crates/fire_crate"
        },
        {
            "predicate": {
                "custom_model_data": 149
            },
            "model": "prison:elemental_book/water_book"
        },
        {
            "predicate": {
                "custom_model_data": 150
            },
            "model": "prison:elemental_book/air_book"
        },
        {
            "predicate": {
                "custom_model_data": 151
            },
            "model": "prison:elemental_book/darkness_book"
        },
        {
            "predicate": {
                "custom_model_data": 152
            },
            "model": "prison:elemental_book/earth_book"
        },
        {
            "predicate": {
                "custom_model_data": 153
            },
            "model": "prison:elemental_book/fire_book"
        },
        {
            "predicate": {
                "custom_model_data": 154
            },
            "model": "prison:elemental_book/light_book"
        },
        {
            "predicate": {
                "custom_model_data": 157
            },
            "model": "prison:crates/darkness_key"
        },
        {
            "predicate": {
                "custom_model_data": 158
            },
            "model": "prison:crates/fire_key"
        },
        {
            "predicate": {
                "custom_model_data": 160
            },
            "model": "prison:crates/earth_key"
        }
    ]
}