{
   "parent":"minecraft:item/generated",
   "textures":{
      "layer0":"minecraft:item/brown_dye"
   },
   "overrides":[
      {
         "predicate":{
            "custom_model_data":101
         },
         "model":"prison:backpack/woodcutter_backpack"
      },
      {
         "predicate":{
            "custom_model_data":102
         },
         "model":"prison:backpack/miner_backpack"
      },
      {
         "predicate":{
            "custom_model_data":103
         },
         "model":"prison:backpack/hunter_backpack"
      },
      {
         "predicate":{
            "custom_model_data":104
         },
         "model":"prison:backpack/fisherman_backpack"
      },
      {
         "predicate":{
            "custom_model_data":105
         },
         "model":"prison:backpack/chef_backpack"
      },
      {
         "predicate":{
            "custom_model_data":106
         },
         "model":"prison:backpack/builder_backpack"
      },
      {
         "predicate":{
            "custom_model_data":107
         },
         "model":"prison:backpack/adventurer_backpack"
      },
      {
         "predicate":{
            "custom_model_data":108
         },
         "model":"prison:backpack/farmer_backpack"
      }
   ]
}