{
    "parent": "minecraft:item/handheld",
    "textures": {
        "layer0": "minecraft:item/feather"
    },
    "overrides": [
      {
         "predicate":{
            "custom_model_data":1003
         },
         "model":"prison:crates/red_golden_crate"
      },
      {
         "predicate":{
            "custom_model_data":1004
         },
         "model":"prison:crates/red_golden_key"
      },
      {
         "predicate":{
            "custom_model_data":1011
         },
         "model":"prison:crates/black_silver_crate"
      },
      {
         "predicate":{
            "custom_model_data":1012
         },
         "model":"prison:crates/black_silver_key"
      }
   ]
}