{
   "parent":"item/generated",
   "textures":{
      "layer0":"item/leather"
   },
   "overrides":[
      {
         "predicate":{
            "custom_model_data":10003
         },
         "model":"menus:icons/tagsmenus/iconall"
      },
      {
         "predicate":{
            "custom_model_data":10004
         },
         "model":"menus:icons/dungeons/souls"
      },
      {
         "predicate":{
            "custom_model_data":10005
         },
         "model":"menus:icons/dungeons/dungeons"
      },
      {
         "predicate":{
            "custom_model_data":10006
         },
         "model":"menus:icons/quests/questlocked"
      },
      {
         "predicate":{
            "custom_model_data":10007
         },
         "model":"menus:icons/quests/questorange"
      },
      {
         "predicate":{
            "custom_model_data":10008
         },
         "model":"menus:icons/quests/questgreen"
      },
      {
         "predicate":{
            "custom_model_data":10009
         },
         "model":"menus:icons/rewards/rewardclosedone"
      },
      {
         "predicate":{
            "custom_model_data":10010
         },
         "model":"menus:icons/rewards/rewardclosedthree"
      },
      {
         "predicate":{
            "custom_model_data":10011
         },
         "model":"menus:icons/rewards/rewardclosedtwo"
      },
      {
         "predicate":{
            "custom_model_data":10012
         },
         "model":"menus:icons/rewards/rewardone"
      },
      {
         "predicate":{
            "custom_model_data":10013
         },
         "model":"menus:icons/rewards/rewardthree"
      },
      {
         "predicate":{
            "custom_model_data":10014
         },
         "model":"menus:icons/rewards/rewardtwo"
      },
      {
         "predicate":{
            "custom_model_data":10015
         },
         "model":"menus:icons/shop/plus"
      },
      {
         "predicate":{
            "custom_model_data":10016
         },
         "model":"menus:icons/shop/minus"
      },
      {
         "predicate":{
            "custom_model_data":10017
         },
         "model":"menus:icons/shop/set"
      },
      {
         "predicate":{
            "custom_model_data":10018
         },
         "model":"menus:icons/shop/check"
      },
      {
         "predicate":{
            "custom_model_data":10019
         },
         "model":"menus:icons/helpmenu/auction"
      },
      {
         "predicate":{
            "custom_model_data":10020
         },
         "model":"menus:icons/helpmenu/coinshop"
      },
      {
         "predicate":{
            "custom_model_data":10021
         },
         "model":"menus:icons/helpmenu/cosmetics"
      },
      {
         "predicate":{
            "custom_model_data":10022
         },
         "model":"menus:icons/helpmenu/jobs"
      },
      {
         "predicate":{
            "custom_model_data":10023
         },
         "model":"menus:icons/helpmenu/kits"
      },
      {
         "predicate":{
            "custom_model_data":10024
         },
         "model":"menus:icons/helpmenu/leaderboards"
      },
      {
         "predicate":{
            "custom_model_data":10025
         },
         "model":"menus:icons/helpmenu/levels"
      },
      {
         "predicate":{
            "custom_model_data":10026
         },
         "model":"menus:icons/helpmenu/pw"
      },
      {
         "predicate":{
            "custom_model_data":10027
         },
         "model":"menus:icons/helpmenu/rewards"
      },
      {
         "predicate":{
            "custom_model_data":10028
         },
         "model":"menus:icons/helpmenu/rtp"
      },
      {
         "predicate":{
            "custom_model_data":10029
         },
         "model":"menus:icons/helpmenu/shop"
      },
      {
         "predicate":{
            "custom_model_data":10030
         },
         "model":"menus:icons/helpmenu/store"
      },
      {
         "predicate":{
            "custom_model_data":10031
         },
         "model":"menus:icons/helpmenu/tags"
      },
      {
         "predicate":{
            "custom_model_data":10032
         },
         "model":"menus:icons/helpmenu/teams"
      },
      {
         "predicate":{
            "custom_model_data":10033
         },
         "model":"menus:icons/helpmenu/warps"
      }

   ]
}