{
    "parent": "minecraft:item/generated",
    "textures": {
        "layer0": "minecraft:item/paper"
    },
    "overrides": [
        {
            "predicate": {
                "custom_model_data": 10006
            },
            "model": "serverglyphs:superior/icon_cancel"
        },
	{
            "predicate": {
                "custom_model_data": 10152
            },
            "model": "prison:crates/chest"
        },
        {
            "predicate": {
                "custom_model_data": 10154
            },
            "model": "prison:crates/key"
        },
        {
            "predicate": {
                "custom_model_data": 10173
            },
            "model": "prison:crates/pink_chest"
        },
        {
            "predicate": {
                "custom_model_data": 10174
            },
            "model": "prison:crates/pink_key"
        },
	{
            "predicate": {
                "custom_model_data": 10197
            },
            "model": "prison:crates/stone_chest"
        },
        {
            "predicate": {
                "custom_model_data": 10198
            },
            "model": "prison:crates/stone_key"
        },
        {
            "predicate": {
                "custom_model_data": 10231
            },
            "model": "serverglyphs:empty"
        }
    ]
}