{
   "parent":"minecraft:item/handheld",
   "textures":{
      "layer0":"minecraft:item/prismarine_shard"
   },
   "overrides":[
      {
         "predicate":{
            "custom_model_data":1
         },
         "model":"prison:ores2/ore_camelsite"
      },
      {
         "predicate":{
            "custom_model_data":2
         },
         "model":"prison:ores2/ore_emeraldium"
      },
      {
         "predicate":{
            "custom_model_data":3
         },
         "model":"prison:ores2/ore_honeyse"
      },
      {
         "predicate":{
            "custom_model_data":4
         },
         "model":"prison:ores2/ore_levanderium"
      },
      {
         "predicate":{
            "custom_model_data":5
         },
         "model":"prison:ores2/ore_magmasite"
      },
      {
         "predicate":{
            "custom_model_data":6
         },
         "model":"prison:ores2/ore_orchidhil"
      },
      {
         "predicate":{
            "custom_model_data":7
         },
         "model":"prison:ores2/ore_plumse"
      },
      {
         "predicate":{
            "custom_model_data":8
         },
         "model":"prison:ores2/ore_roserium"
      },
      {
         "predicate":{
            "custom_model_data":9
         },
         "model":"prison:ores2/ore_taupetine"
      },
      {
         "predicate":{
            "custom_model_data":10
         },
         "model":"prison:ores2/ore_yellowsium"
      }
   ]
}