{
	"credit": "Made with Blockbench",
	"textures": {
		"1": "earthserver:extras/coin"
	},
	"elements": [
		{
			"from": [1, 18, 8],
			"to": [12, 19, 9],
			"rotation": {"angle": 0, "axis": "y", "origin": [1, 17, 8]},
			"faces": {
				"north": {"uv": [2, 1, 12, 2], "texture": "#1"},
				"east": {"uv": [4, 0, 5, 1], "texture": "#1"},
				"south": {"uv": [2, 1, 12, 2], "texture": "#1"},
				"west": {"uv": [4, 0, 5, 1], "texture": "#1"},
				"up": {"uv": [4, 0, 10, 1], "texture": "#1"},
				"down": {"uv": [0, 0, 11, 1], "texture": "#missing"}
			}
		},
		{
			"from": [1, 6, 8],
			"to": [12, 7, 9],
			"rotation": {"angle": 0, "axis": "y", "origin": [1, 5, 8]},
			"faces": {
				"north": {"uv": [2, 1, 12, 2], "texture": "#1"},
				"east": {"uv": [4, 0, 5, 1], "texture": "#1"},
				"south": {"uv": [2, 1, 12, 2], "texture": "#1"},
				"west": {"uv": [1, 2, 2, 3], "texture": "#1"},
				"up": {"uv": [0, 0, 11, 1], "texture": "#missing"},
				"down": {"uv": [4, 0, 10, 1], "texture": "#1"}
			}
		},
		{
			"from": [0, 7, 8],
			"to": [13, 18, 9],
			"rotation": {"angle": 0, "axis": "y", "origin": [0, 7, 7]},
			"faces": {
				"north": {"uv": [1, 2, 13, 11], "texture": "#1"},
				"east": {"uv": [0, 4, 1, 10], "texture": "#1"},
				"south": {"uv": [1, 2, 13, 11], "texture": "#1"},
				"west": {"uv": [0, 4, 1, 10], "texture": "#1"},
				"up": {"uv": [4, 0, 10, 1], "texture": "#1"},
				"down": {"uv": [4, 0, 10, 1], "texture": "#1"}
			}
		},
		{
			"from": [3, 5, 8],
			"to": [10, 6, 9],
			"rotation": {"angle": 0, "axis": "y", "origin": [2, 4, 9]},
			"faces": {
				"north": {"uv": [13, 4, 14, 10], "texture": "#1"},
				"east": {"uv": [2, 1, 3, 2], "texture": "#1"},
				"south": {"uv": [13, 4, 14, 10], "texture": "#1"},
				"west": {"uv": [2, 1, 3, 2], "texture": "#1"},
				"up": {"uv": [9, 0, 16, 1], "texture": "#missing"},
				"down": {"uv": [10, 0, 4, 1], "texture": "#1"}
			}
		},
		{
			"from": [-1, 8, 8],
			"to": [0, 16, 9],
			"rotation": {"angle": 0, "axis": "y", "origin": [-2, 17, 9]},
			"faces": {
				"north": {"uv": [13, 4, 14, 10], "rotation": 270, "texture": "#1"},
				"east": {"uv": [9, 0, 16, 1], "rotation": 90, "texture": "#missing"},
				"south": {"uv": [13, 4, 14, 10], "rotation": 90, "texture": "#1"},
				"west": {"uv": [10, 0, 4, 1], "rotation": 90, "texture": "#1"},
				"up": {"uv": [2, 1, 3, 2], "rotation": 90, "texture": "#1"},
				"down": {"uv": [2, 1, 3, 2], "rotation": 90, "texture": "#1"}
			}
		},
		{
			"from": [13, 8, 8],
			"to": [14, 16, 9],
			"rotation": {"angle": 0, "axis": "y", "origin": [13, 17, 9]},
			"faces": {
				"north": {"uv": [13, 4, 14, 10], "rotation": 270, "texture": "#1"},
				"east": {"uv": [10, 0, 4, 1], "rotation": 90, "texture": "#1"},
				"south": {"uv": [13, 4, 14, 10], "rotation": 90, "texture": "#1"},
				"west": {"uv": [9, 0, 16, 1], "rotation": 90, "texture": "#missing"},
				"up": {"uv": [2, 1, 3, 2], "rotation": 90, "texture": "#1"},
				"down": {"uv": [2, 1, 3, 2], "rotation": 90, "texture": "#1"}
			}
		},
		{
			"from": [3, 19, 8],
			"to": [10, 20, 9],
			"rotation": {"angle": 0, "axis": "y", "origin": [2, 19, 9]},
			"faces": {
				"north": {"uv": [4, 0, 10, 1], "texture": "#1"},
				"east": {"uv": [13, 6, 14, 8], "texture": "#1"},
				"south": {"uv": [13, 4, 14, 10], "texture": "#1"},
				"west": {"uv": [12, 2, 13, 4], "texture": "#1"},
				"up": {"uv": [10, 0, 7, 1], "texture": "#1"},
				"down": {"uv": [0, 0, 7, 1], "texture": "#missing"}
			}
		}
	],
	"gui_light": "front",
	"display": {
		"thirdperson_righthand": {
			"translation": [1, 0.75, 0],
			"scale": [0.23, 0.23, 0.23]
		},
		"thirdperson_lefthand": {
			"translation": [-0.75, 1, 0],
			"scale": [0.22, 0.22, 0.22]
		},
		"firstperson_righthand": {
			"rotation": [-10, 28, 0],
			"translation": [0, 3.75, 1],
			"scale": [0.33, 0.33, 0.33]
		},
		"firstperson_lefthand": {
			"rotation": [-2, -49, 0],
			"translation": [1.25, 2.25, 0],
			"scale": [0.53, 0.53, 0.53]
		},
		"ground": {
			"rotation": [0, 0, -9],
			"scale": [0.75, 0.75, 1]
		},
		"gui": {
			"translation": [1.25, -3.75, 1],
			"scale": [0.85742, 0.84836, 0.54]
		},
		"head": {
			"translation": [3, 10, -1.75],
			"scale": [0.78, 0.78, 0.78]
		},
		"fixed": {
			"translation": [1.5, 0, -2],
			"scale": [0.52, 0.52, 0.52]
		}
	}
}