{
	"credit": "Made with Blockbench",
	"textures": {
		"0": "earthserver:extras/player_money",
		"particle": "earthserver:extras/player_money"
	},
	"elements": [
		{
			"from": [-3.5, 5.5, 9],
			"to": [14.5, 14.5, 9.5],
			"rotation": {"angle": 0, "axis": "y", "origin": [10.5, -4, 17]},
			"faces": {
				"north": {"uv": [0, 0, 15, 8], "rotation": 180, "texture": "#0"},
				"east": {"uv": [0, 8, 12, 13.5], "rotation": 270, "texture": "#0"},
				"south": {"uv": [0, 0, 15, 8], "texture": "#0"},
				"west": {"uv": [0, 8, 12, 13.5], "rotation": 90, "texture": "#0"},
				"up": {"uv": [0, 8, 15, 14], "rotation": 180, "texture": "#0"},
				"down": {"uv": [0, 8, 15, 13.5], "texture": "#0"}
			}
		},
		{
			"from": [-3.5, 5.5, 9.5],
			"to": [14.5, 14.5, 10],
			"rotation": {"angle": 0, "axis": "y", "origin": [10.5, -4, 17.5]},
			"faces": {
				"north": {"uv": [0, 0, 15, 8], "rotation": 180, "texture": "#0"},
				"east": {"uv": [0, 8, 12, 13.5], "rotation": 270, "texture": "#0"},
				"south": {"uv": [0, 0, 15, 8], "texture": "#0"},
				"west": {"uv": [0, 8, 12, 13.5], "rotation": 90, "texture": "#0"},
				"up": {"uv": [0, 8, 15, 13.5], "rotation": 180, "texture": "#0"},
				"down": {"uv": [0, 8, 15, 13.5], "texture": "#0"}
			}
		},
		{
			"from": [-3.5, 5.5, 10],
			"to": [14.5, 14.5, 10.5],
			"rotation": {"angle": 0, "axis": "y", "origin": [10.5, -4, 18]},
			"faces": {
				"north": {"uv": [0, 0, 15, 8], "rotation": 180, "texture": "#0"},
				"east": {"uv": [0, 8, 12, 13.5], "rotation": 270, "texture": "#0"},
				"south": {"uv": [0, 0, 15, 8], "texture": "#0"},
				"west": {"uv": [0, 8, 12, 13.5], "rotation": 90, "texture": "#0"},
				"up": {"uv": [0, 8, 15, 13.5], "rotation": 180, "texture": "#0"},
				"down": {"uv": [0, 8, 15, 13.5], "texture": "#0"}
			}
		}
	],
	"gui_light": "front",
	"display": {
		"thirdperson_righthand": {
			"translation": [1, 0.75, 0],
			"scale": [0.23, 0.23, 0.23]
		},
		"thirdperson_lefthand": {
			"translation": [-0.75, 1, 0],
			"scale": [0.22, 0.22, 0.22]
		},
		"firstperson_righthand": {
			"rotation": [-10, 28, 0],
			"translation": [0, 3.75, 1],
			"scale": [0.33, 0.33, 0.33]
		},
		"firstperson_lefthand": {
			"rotation": [-2, -49, 0],
			"translation": [1.25, 2.25, 0],
			"scale": [0.53, 0.53, 0.53]
		},
		"ground": {
			"rotation": [-17, 99, 5],
			"translation": [-4, 6.75, -8.75],
			"scale": [4, 4, 4]
		},
		"gui": {
			"rotation": [27.83, 27.89, 10.06],
			"translation": [-0.75, 1.5, 0],
			"scale": [0.85836, 1.05758, 3.56539]
		},
		"head": {
			"translation": [3, 10, -1.75],
			"scale": [0.78, 0.78, 0.78]
		},
		"fixed": {
			"translation": [1.5, 0, -2],
			"scale": [0.52, 0.52, 0.52]
		}
	},
	"groups": [
		{
			"name": "paper",
			"origin": [8, 8, 8],
			"color": 0,
			"children": [0, 1, 2]
		}
	]
}