{"credit":"MadewithBlockbench","texture_size":[128,128],"textures":{"0":"elitecreatures:ghostly_animated_weapon_set/casperghost_texture_01","1":"elitecreatures:ghostly_animated_weapon_set/casperghost_animation_01","2":"elitecreatures:ghostly_animated_weapon_set/casperghost_animation_02","particle":"elitecreatures:ghostly_animated_weapon_set/casperghost_texture_01"},"elements":[{"from":[6.75,-15.4,6.75],"to":[9.25,-12.9,9.25],"rotation":{"angle":0,"axis":"y","origin":[7,5.5,8]},"faces":{"north":{"uv":[0.25,0.6875,0.5625,1],"texture":"#0"},"east":{"uv":[0.25,0.6875,0.5625,1],"texture":"#0"},"south":{"uv":[0.25,0.6875,0.5625,1],"texture":"#0"},"west":{"uv":[0.25,0.6875,0.5625,1],"texture":"#0"},"up":{"uv":[0.25,1,0.5625,1.3125],"texture":"#0"},"down":{"uv":[0.25,1,0.5625,1.3125],"texture":"#0"}}},{"from":[6.5,-13.5,6.5],"to":[9.5,-11,9.5],"rotation":{"angle":0,"axis":"y","origin":[7,5.5,8]},"faces":{"north":{"uv":[0.25,0,0.625,0.3125],"texture":"#0"},"east":{"uv":[0.25,0,0.625,0.3125],"texture":"#0"},"south":{"uv":[0.25,0,0.625,0.3125],"texture":"#0"},"west":{"uv":[0.25,0,0.625,0.3125],"texture":"#0"},"up":{"uv":[0.25,0.3125,0.625,0.6875],"texture":"#0"},"down":{"uv":[0.25,0.3125,0.625,0.6875],"texture":"#0"}}},{"from":[6.5,3.5,6.5],"to":[9.5,6,9.5],"rotation":{"angle":0,"axis":"y","origin":[7,5.5,8]},"faces":{"north":{"uv":[0.25,0,0.625,0.3125],"texture":"#0"},"east":{"uv":[0.25,0,0.625,0.3125],"texture":"#0"},"south":{"uv":[0.25,0,0.625,0.3125],"texture":"#0"},"west":{"uv":[0.25,0,0.625,0.3125],"texture":"#0"},"up":{"uv":[0.25,0.3125,0.625,0.6875],"texture":"#0"},"down":{"uv":[0.25,0.3125,0.625,0.6875],"texture":"#0"}}},{"from":[6.5,11,6.5],"to":[9.5,13.5,9.5],"rotation":{"angle":0,"axis":"y","origin":[7,7.5,8]},"faces":{"north":{"uv":[0.25,0.3125,0.625,0],"texture":"#0"},"east":{"uv":[0.25,0.3125,0.625,0],"texture":"#0"},"south":{"uv":[0.25,0.3125,0.625,0],"texture":"#0"},"west":{"uv":[0.25,0.3125,0.625,0],"texture":"#0"},"up":{"uv":[0.25,0.6875,0.625,0.3125],"texture":"#0"},"down":{"uv":[0.25,0.6875,0.625,0.3125],"texture":"#0"}}},{"from":[6.75,12.9,6.75],"to":[9.25,15.4,9.25],"rotation":{"angle":0,"axis":"y","origin":[7,7.5,8]},"faces":{"north":{"uv":[0.25,1,0.5625,0.6875],"texture":"#0"},"east":{"uv":[0.25,1,0.5625,0.6875],"texture":"#0"},"south":{"uv":[0.25,1,0.5625,0.6875],"texture":"#0"},"west":{"uv":[0.25,1,0.5625,0.6875],"texture":"#0"},"up":{"uv":[0.25,1.3125,0.5625,1],"texture":"#0"},"down":{"uv":[0.25,1.3125,0.5625,1],"texture":"#0"}}},{"from":[7,-11,7],"to":[9,-1,9],"faces":{"north":{"uv":[0.25,0,0,1.25],"texture":"#0"},"east":{"uv":[0,0,0.25,1.25],"texture":"#0"},"south":{"uv":[0.25,0,0,1.25],"texture":"#0"},"west":{"uv":[0,0,0.25,1.25],"texture":"#0"},"up":{"uv":[0,1.25,0.25,1.5],"texture":"#0"},"down":{"uv":[0,1.25,0.25,1.5],"texture":"#0"}}},{"from":[7,-1,7],"to":[9,10,9],"faces":{"north":{"uv":[0.25,0,0,1.25],"texture":"#0"},"east":{"uv":[0,0,0.25,1.25],"texture":"#0"},"south":{"uv":[0.25,0,0,1.25],"texture":"#0"},"west":{"uv":[0,0,0.25,1.25],"texture":"#0"},"up":{"uv":[0,1.25,0.25,1.5],"texture":"#0"},"down":{"uv":[0,1.25,0.25,1.5],"texture":"#0"}}},{"from":[6,8,2.5],"to":[10,11.5,13.5],"rotation":{"angle":0,"axis":"y","origin":[7,13.5,8]},"faces":{"north":{"uv":[0.9375,0.875,1.4375,1.3125],"texture":"#0"},"east":{"uv":[0,1.5,1.375,1.9375],"texture":"#0"},"south":{"uv":[0.9375,0.875,1.4375,1.3125],"texture":"#0"},"west":{"uv":[0,1.5,1.375,1.9375],"texture":"#0"},"up":{"uv":[1.625,0,2.125,1.375],"texture":"#0"},"down":{"uv":[1.625,0,2.125,1.375],"texture":"#0"}}},{"from":[6.5,7,5.5],"to":[9.5,8,10.5],"rotation":{"angle":0,"axis":"y","origin":[7,-1.5,8]},"faces":{"north":{"uv":[0.5625,0.875,0.9375,1],"texture":"#0"},"east":{"uv":[0.875,1.3125,0.25,1.4375],"texture":"#0"},"south":{"uv":[0.5625,0.875,0.9375,1],"texture":"#0"},"west":{"uv":[0.25,1.3125,0.875,1.4375],"texture":"#0"},"up":{"uv":[1.25,0,1.625,0.625],"texture":"#0"},"down":{"uv":[1.25,0,1.625,0.625],"texture":"#0"}}},{"from":[6.75,11.5,3.5],"to":[9.25,12.5,12.5],"rotation":{"angle":0,"axis":"y","origin":[7,13.5,8]},"faces":{"north":{"uv":[1.125,1.3125,1.4375,1.4375],"texture":"#0"},"east":{"uv":[0,1.9375,1.125,2.0625],"texture":"#0"},"south":{"uv":[1.125,1.3125,1.4375,1.4375],"texture":"#0"},"west":{"uv":[0,1.9375,1.125,2.0625],"texture":"#0"},"up":{"uv":[4.0625,0,4.375,1.125],"texture":"#0"},"down":{"uv":[4.0625,0,4.375,1.125],"texture":"#0"}}},{"from":[5.1,10.5,7],"to":[5.9,12.5,9],"rotation":{"angle":45,"axis":"x","origin":[5.5,11.5,8]},"faces":{"north":{"uv":[0.5625,1.0625,0.6875,1.3125],"texture":"#0"},"east":{"uv":[0.6875,1.0625,0.9375,1.3125],"texture":"#0"},"south":{"uv":[0.5625,1.0625,0.6875,1.3125],"texture":"#0"},"west":{"uv":[0.6875,1.0625,0.9375,1.3125],"texture":"#0"},"up":{"uv":[0.5625,1.0625,0.6875,1.3125],"texture":"#0"},"down":{"uv":[0.5625,1.0625,0.6875,1.3125],"texture":"#0"}}},{"from":[5,8.5,6.5],"to":[6,11.5,9.5],"rotation":{"angle":0,"axis":"y","origin":[0,7.5,0]},"faces":{"north":{"uv":[3.3125,1.5,3.4375,1.875],"texture":"#0"},"east":{"uv":[2.9375,1.5,3.3125,1.875],"texture":"#0"},"south":{"uv":[3.4375,1.5,3.3125,1.875],"texture":"#0"},"west":{"uv":[2.9375,1.5,3.3125,1.875],"texture":"#0"},"up":{"uv":[3.4375,1.375,3.5625,1.75],"texture":"#0"},"down":{"uv":[3.4375,1.375,3.5625,1.75],"texture":"#0"}}},{"from":[4.5,7.5,6.25],"to":[6.5,8.5,9.75],"rotation":{"angle":0,"axis":"y","origin":[0,7.5,0]},"faces":{"north":{"uv":[3.125,1.375,3.375,1.5],"texture":"#0"},"east":{"uv":[2.6875,1.375,3.125,1.5],"texture":"#0"},"south":{"uv":[3.125,1.375,3.375,1.5],"texture":"#0"},"west":{"uv":[2.6875,1.375,3.125,1.5],"texture":"#0"},"up":{"uv":[2.6875,1.5,2.9375,1.9375],"texture":"#0"},"down":{"uv":[2.6875,1.5,2.9375,1.9375],"texture":"#0"}}},{"from":[10.1,10.5,7],"to":[10.9,12.5,9],"rotation":{"angle":45,"axis":"x","origin":[10.5,11.5,8]},"faces":{"north":{"uv":[0.6875,1.0625,0.5625,1.3125],"texture":"#0"},"east":{"uv":[0.9375,1.0625,0.6875,1.3125],"texture":"#0"},"south":{"uv":[0.6875,1.0625,0.5625,1.3125],"texture":"#0"},"west":{"uv":[0.9375,1.0625,0.6875,1.3125],"texture":"#0"},"up":{"uv":[0.6875,1.0625,0.5625,1.3125],"texture":"#0"},"down":{"uv":[0.6875,1.0625,0.5625,1.3125],"texture":"#0"}}},{"from":[10,8.5,6.5],"to":[11,11.5,9.5],"rotation":{"angle":0,"axis":"y","origin":[16,7.5,0]},"faces":{"north":{"uv":[3.4375,1.5,3.3125,1.875],"texture":"#0"},"east":{"uv":[3.3125,1.5,2.9375,1.875],"texture":"#0"},"south":{"uv":[3.3125,1.5,3.4375,1.875],"texture":"#0"},"west":{"uv":[3.3125,1.5,2.9375,1.875],"texture":"#0"},"up":{"uv":[3.5625,1.375,3.4375,1.75],"texture":"#0"},"down":{"uv":[3.5625,1.375,3.4375,1.75],"texture":"#0"}}},{"from":[9.5,7.5,6.25],"to":[11.5,8.5,9.75],"rotation":{"angle":0,"axis":"y","origin":[16,7.5,0]},"faces":{"north":{"uv":[3.375,1.375,3.125,1.5],"texture":"#0"},"east":{"uv":[3.125,1.375,2.6875,1.5],"texture":"#0"},"south":{"uv":[3.375,1.375,3.125,1.5],"texture":"#0"},"west":{"uv":[3.125,1.375,2.6875,1.5],"texture":"#0"},"up":{"uv":[2.9375,1.5,2.6875,1.9375],"texture":"#0"},"down":{"uv":[2.9375,1.5,2.6875,1.9375],"texture":"#0"}}},{"from":[7.25,18.5,7],"to":[8.75,23.5,9],"rotation":{"angle":22.5,"axis":"z","origin":[8.76863,18.45442,8]},"faces":{"north":{"uv":[7.0625,1.5,6.875,2.125],"texture":"#0"},"east":{"uv":[6.875,1.5,6.625,2.125],"texture":"#0"},"south":{"uv":[7.0625,1.5,6.875,2.125],"texture":"#0"},"west":{"uv":[6.875,1.5,6.625,2.125],"texture":"#0"},"up":{"uv":[3.9375,1.5,4.125,1.75],"texture":"#0"},"down":{"uv":[3.9375,1.5,4.125,1.75],"texture":"#0"}}},{"from":[7.25,18.5,10],"to":[8.75,23.5,12],"rotation":{"angle":22.5,"axis":"z","origin":[8.76863,18.45442,8]},"faces":{"north":{"uv":[7.0625,1.5,6.875,2.125],"texture":"#0"},"east":{"uv":[6.875,1.5,6.625,2.125],"texture":"#0"},"south":{"uv":[7.0625,1.5,6.875,2.125],"texture":"#0"},"west":{"uv":[6.875,1.5,6.625,2.125],"texture":"#0"},"up":{"uv":[3.9375,1.5,4.125,1.75],"texture":"#0"},"down":{"uv":[3.9375,1.5,4.125,1.75],"texture":"#0"}}},{"from":[7.25,18.5,4],"to":[8.75,23.5,6],"rotation":{"angle":22.5,"axis":"z","origin":[8.76863,18.45442,8]},"faces":{"north":{"uv":[6.875,1.5,7.0625,2.125],"texture":"#0"},"east":{"uv":[6.625,1.5,6.875,2.125],"texture":"#0"},"south":{"uv":[6.875,1.5,7.0625,2.125],"texture":"#0"},"west":{"uv":[6.625,1.5,6.875,2.125],"texture":"#0"},"up":{"uv":[3.9375,1.75,4.125,1.5],"texture":"#0"},"down":{"uv":[3.9375,1.75,4.125,1.5],"texture":"#0"}}},{"from":[7.25,12.5,4.5],"to":[8.75,18.5,11.5],"rotation":{"angle":0,"axis":"y","origin":[0,-0.5,0]},"faces":{"north":{"uv":[7.4375,0,7.25,0.75],"texture":"#0"},"east":{"uv":[6.375,0,7.25,0.75],"texture":"#0"},"south":{"uv":[7.25,0,7.4375,0.75],"texture":"#0"},"west":{"uv":[6.625,0.75,7.5,1.5],"texture":"#0"},"up":{"uv":[7.5,0,7.6875,0.875],"texture":"#0"},"down":{"uv":[7.5,0,7.6875,0.875],"texture":"#0"}}},{"from":[4.8,8,2],"to":[4.8,24,13],"rotation":{"angle":0,"axis":"y","origin":[0,-2,0]},"faces":{"north":{"uv":[0,0,0,16],"texture":"#1"},"east":{"uv":[11,0,0,16],"texture":"#1"},"south":{"uv":[0,0,0,16],"texture":"#1"},"west":{"uv":[0,0,11,16],"texture":"#1"},"up":{"uv":[0,10,0,0],"texture":"#1"},"down":{"uv":[0,0,0,10],"texture":"#1"}}},{"from":[9,11,8],"to":[9,16,13],"rotation":{"angle":22.5,"axis":"x","origin":[-1,-3,16]},"faces":{"north":{"uv":[0,0,0,14],"texture":"#2"},"east":{"uv":[0,0,14,14],"texture":"#2"},"south":{"uv":[0,0,0,14],"texture":"#2"},"west":{"uv":[14,0,0,14],"texture":"#2"},"up":{"uv":[0,0,0,14],"texture":"#2"},"down":{"uv":[0,14,0,0],"texture":"#2"}}},{"from":[6.6,7,2],"to":[6.6,12,7],"rotation":{"angle":-22.5,"axis":"x","origin":[-1,-3,0]},"faces":{"north":{"uv":[0,0,0,14],"texture":"#2"},"east":{"uv":[14,0,0,14],"texture":"#2"},"south":{"uv":[0,0,0,14],"texture":"#2"},"west":{"uv":[0,0,14,14],"texture":"#2"},"up":{"uv":[0,14,0,0],"texture":"#2"},"down":{"uv":[0,0,0,14],"texture":"#2"}}}],"gui_light":"front","display":{"thirdperson_righthand":{"translation":[0,7,1.75],"scale":[0.65,0.65,0.65]},"thirdperson_lefthand":{"rotation":[0,180,0],"translation":[0,7,1.75],"scale":[0.65,0.65,0.65]},"firstperson_righthand":{"rotation":[5,0,0],"translation":[4.5,5.25,0],"scale":[0.35,0.35,0.35]},"firstperson_lefthand":{"rotation":[5,180,0],"translation":[4.5,5.25,0],"scale":[0.35,0.35,0.35]},"ground":{"rotation":[-45,0,0],"translation":[0,11,0],"scale":[0.5,0.5,0.5]},"gui":{"rotation":[-90,-45,-90],"translation":[1,1,-1.5],"scale":[0.5,0.5,0.5]},"head":{"scale":[0,0,0]},"fixed":{"rotation":[0,90,0],"translation":[0,12,-2.25],"scale":[1.5,1.5,1.5]}},"groups":[0,1,2,3,4,5,6,{"name":"group","origin":[16,14.5,0],"color":0,"children":[7,8,9,10,11,12,13,14,15]},16,17,18,19,20,21,22]}