{"credit":"MadewithBlockbench","texture_size":[128,128],"textures":{"0":"elitecreatures:ghostly_animated_weapon_set/casperghost_texture_01","1":"elitecreatures:ghostly_animated_weapon_set/casperghost_animation_01","2":"elitecreatures:ghostly_animated_weapon_set/casperghost_animation_02","particle":"elitecreatures:ghostly_animated_weapon_set/casperghost_texture_01"},"elements":[{"from":[6,7,1],"to":[11,16,7],"rotation":{"angle":22.5,"axis":"x","origin":[8,7,1]},"faces":{"north":{"uv":[1.375,5.625,0.75,6.75],"texture":"#0"},"east":{"uv":[0.75,5.625,1.375,6.75],"texture":"#0"},"south":{"uv":[1.375,5.625,0.75,6.75],"texture":"#0"},"west":{"uv":[0,5.625,0.75,6.75],"texture":"#0"},"up":{"uv":[1.375,5.6875,2,6.4375],"texture":"#0"},"down":{"uv":[1.375,5.6875,2,6.4375],"texture":"#0"}}},{"from":[5.9,5.4,4.5],"to":[11.1,15.4,11.5],"rotation":{"angle":0,"axis":"y","origin":[8,7,15]},"faces":{"north":{"uv":[3.5,5.75,2.875,7],"texture":"#0"},"east":{"uv":[2,5.75,2.875,7],"texture":"#0"},"south":{"uv":[2.875,5.75,3.5,7],"texture":"#0"},"west":{"uv":[2,5.75,2.875,7],"texture":"#0"},"up":{"uv":[2,7.1875,1.375,8.0625],"texture":"#0"},"down":{"uv":[1.375,7.1875,2,8.0625],"texture":"#0"}}},{"from":[7,15.4,6.5],"to":[10,16.4,9.5],"rotation":{"angle":0,"axis":"y","origin":[7,16.5,8]},"faces":{"north":{"uv":[2.125,1.9375,1.75,2.0625],"texture":"#0"},"east":{"uv":[1.5,1.9375,1.125,2.0625],"texture":"#0"},"south":{"uv":[2.125,1.9375,1.75,2.0625],"texture":"#0"},"west":{"uv":[1.5,1.9375,1.125,2.0625],"texture":"#0"},"up":{"uv":[3,1.9375,2.625,2.3125],"rotation":180,"texture":"#0"},"down":{"uv":[3,1.9375,2.625,2.3125],"texture":"#0"}}},{"from":[8.1,18.9,5],"to":[8.9,20.4,11],"rotation":{"angle":0,"axis":"y","origin":[7,16.5,8]},"faces":{"north":{"uv":[2.25,2.1875,2.125,2.375],"texture":"#0"},"east":{"uv":[2.125,2.0625,1.375,2.25],"texture":"#0"},"south":{"uv":[2.25,2.1875,2.125,2.375],"texture":"#0"},"west":{"uv":[2.125,2.0625,1.375,2.25],"texture":"#0"},"up":{"uv":[4.0625,0.75,3.9375,1.5],"rotation":180,"texture":"#0"},"down":{"uv":[4.0625,0.75,3.9375,1.5],"texture":"#0"}}},{"from":[8,16.4,7],"to":[9,22.4,9],"rotation":{"angle":0,"axis":"y","origin":[7,16.5,8]},"faces":{"north":{"uv":[2.375,1.9375,2.25,2.6875],"texture":"#0"},"east":{"uv":[2.625,1.9375,2.375,2.6875],"texture":"#0"},"south":{"uv":[2.375,1.9375,2.25,2.6875],"texture":"#0"},"west":{"uv":[2.375,1.9375,2.625,2.6875],"texture":"#0"},"up":{"uv":[2.25,1.9375,2.125,2.1875],"rotation":180,"texture":"#0"},"down":{"uv":[2.25,1.9375,2.125,2.1875],"texture":"#0"}}},{"from":[5.9,-4.1,5.5],"to":[11.1,5.4,10.5],"rotation":{"angle":0,"axis":"y","origin":[8,7,15]},"faces":{"north":{"uv":[3.25,7,2.625,8.1875],"texture":"#0"},"east":{"uv":[2,7,2.625,8.1875],"texture":"#0"},"south":{"uv":[2.625,7,3.25,8.1875],"texture":"#0"},"west":{"uv":[2,7,2.625,8.1875],"texture":"#0"},"up":{"uv":[3.5,5.75,4.125,6.375],"texture":"#0"},"down":{"uv":[4.125,5.75,3.5,6.375],"texture":"#0"}}},{"from":[6.1,-5,1],"to":[10.9,7,6],"rotation":{"angle":-22.5,"axis":"x","origin":[8,7,1]},"faces":{"north":{"uv":[1.35,6.75,0.75,8.25],"texture":"#0"},"east":{"uv":[0.625,6.75,0,8.25],"texture":"#0"},"south":{"uv":[1.35,6.75,0.75,8.25],"texture":"#0"},"west":{"uv":[0,6.75,0.625,8.25],"texture":"#0"},"up":{"uv":[1.375,6.4375,1.975,7.0625],"texture":"#0"},"down":{"uv":[1.375,6.4375,1.975,7.0625],"texture":"#0"}}},{"from":[6,7,9],"to":[11,16,15],"rotation":{"angle":-22.5,"axis":"x","origin":[8,7,15]},"faces":{"north":{"uv":[1.375,5.625,0.75,6.75],"texture":"#0"},"east":{"uv":[1.375,5.625,0.75,6.75],"texture":"#0"},"south":{"uv":[0.75,5.625,1.375,6.75],"texture":"#0"},"west":{"uv":[0.75,5.625,0,6.75],"texture":"#0"},"up":{"uv":[1.375,6.4375,2,5.6875],"texture":"#0"},"down":{"uv":[1.375,6.4375,2,5.6875],"texture":"#0"}}},{"from":[6.1,-5,10],"to":[10.9,7,15],"rotation":{"angle":22.5,"axis":"x","origin":[8,7,15]},"faces":{"north":{"uv":[1.35,6.75,0.75,8.25],"texture":"#0"},"east":{"uv":[0,6.75,0.625,8.25],"texture":"#0"},"south":{"uv":[0.75,6.75,1.35,8.25],"texture":"#0"},"west":{"uv":[0.625,6.75,0,8.25],"texture":"#0"},"up":{"uv":[1.375,7.0625,1.975,6.4375],"texture":"#0"},"down":{"uv":[1.375,7.0625,1.975,6.4375],"texture":"#0"}}},{"from":[7.8,11,-8],"to":[7.8,27,3],"rotation":{"angle":0,"axis":"y","origin":[0,-2,0]},"faces":{"north":{"uv":[0,0,0,16],"texture":"#1"},"east":{"uv":[11,0,0,16],"texture":"#1"},"south":{"uv":[0,0,0,16],"texture":"#1"},"west":{"uv":[0,0,11,16],"texture":"#1"},"up":{"uv":[0,10,0,0],"texture":"#1"},"down":{"uv":[0,0,0,10],"texture":"#1"}}},{"from":[7.8,11,13],"to":[7.8,27,24],"rotation":{"angle":0,"axis":"y","origin":[0,-2,16]},"faces":{"north":{"uv":[0,0,0,16],"texture":"#1"},"east":{"uv":[0,0,11,16],"texture":"#1"},"south":{"uv":[0,0,0,16],"texture":"#1"},"west":{"uv":[11,0,0,16],"texture":"#1"},"up":{"uv":[0,0,0,10],"texture":"#1"},"down":{"uv":[0,10,0,0],"texture":"#1"}}},{"from":[7.5,13.5,2.6],"to":[9.5,15.5,3.4],"rotation":{"angle":45,"axis":"z","origin":[8.5,14.5,3]},"faces":{"north":{"uv":[0.9375,1.0625,0.6875,1.3125],"texture":"#0"},"east":{"uv":[0.6875,1.0625,0.5625,1.3125],"texture":"#0"},"south":{"uv":[0.9375,1.0625,0.6875,1.3125],"texture":"#0"},"west":{"uv":[0.6875,1.0625,0.5625,1.3125],"texture":"#0"},"up":{"uv":[0.6875,1.0625,0.5625,1.3125],"rotation":90,"texture":"#0"},"down":{"uv":[0.6875,1.0625,0.5625,1.3125],"rotation":270,"texture":"#0"}}},{"from":[7,11.5,2.5],"to":[10,14.5,3.5],"rotation":{"angle":0,"axis":"y","origin":[16.5,10.5,8.5]},"faces":{"north":{"uv":[3.3125,1.5,2.9375,1.875],"texture":"#0"},"east":{"uv":[3.4375,1.5,3.3125,1.875],"texture":"#0"},"south":{"uv":[3.3125,1.5,2.9375,1.875],"texture":"#0"},"west":{"uv":[3.3125,1.5,3.4375,1.875],"texture":"#0"},"up":{"uv":[3.5625,1.375,3.4375,1.75],"rotation":90,"texture":"#0"},"down":{"uv":[3.5625,1.375,3.4375,1.75],"rotation":270,"texture":"#0"}}},{"from":[6.75,10.5,2],"to":[10.25,11.5,4],"rotation":{"angle":0,"axis":"y","origin":[16.5,10.5,8.5]},"faces":{"north":{"uv":[3.125,1.375,2.6875,1.5],"texture":"#0"},"east":{"uv":[3.375,1.375,3.125,1.5],"texture":"#0"},"south":{"uv":[3.125,1.375,2.6875,1.5],"texture":"#0"},"west":{"uv":[3.375,1.375,3.125,1.5],"texture":"#0"},"up":{"uv":[2.9375,1.5,2.6875,1.9375],"rotation":90,"texture":"#0"},"down":{"uv":[2.9375,1.5,2.6875,1.9375],"rotation":270,"texture":"#0"}}},{"from":[7.5,13.5,12.6],"to":[9.5,15.5,13.4],"rotation":{"angle":45,"axis":"z","origin":[8.5,14.5,13]},"faces":{"north":{"uv":[0.6875,1.0625,0.9375,1.3125],"texture":"#0"},"east":{"uv":[0.5625,1.0625,0.6875,1.3125],"texture":"#0"},"south":{"uv":[0.6875,1.0625,0.9375,1.3125],"texture":"#0"},"west":{"uv":[0.5625,1.0625,0.6875,1.3125],"texture":"#0"},"up":{"uv":[0.5625,1.0625,0.6875,1.3125],"rotation":90,"texture":"#0"},"down":{"uv":[0.5625,1.0625,0.6875,1.3125],"rotation":270,"texture":"#0"}}},{"from":[7,11.5,12.5],"to":[10,14.5,13.5],"rotation":{"angle":0,"axis":"y","origin":[16.5,10.5,7.5]},"faces":{"north":{"uv":[2.9375,1.5,3.3125,1.875],"texture":"#0"},"east":{"uv":[3.3125,1.5,3.4375,1.875],"texture":"#0"},"south":{"uv":[2.9375,1.5,3.3125,1.875],"texture":"#0"},"west":{"uv":[3.4375,1.5,3.3125,1.875],"texture":"#0"},"up":{"uv":[3.4375,1.375,3.5625,1.75],"rotation":90,"texture":"#0"},"down":{"uv":[3.4375,1.375,3.5625,1.75],"rotation":270,"texture":"#0"}}},{"from":[6.75,10.5,12],"to":[10.25,11.5,14],"rotation":{"angle":0,"axis":"y","origin":[16.5,10.5,7.5]},"faces":{"north":{"uv":[2.6875,1.375,3.125,1.5],"texture":"#0"},"east":{"uv":[3.125,1.375,3.375,1.5],"texture":"#0"},"south":{"uv":[2.6875,1.375,3.125,1.5],"texture":"#0"},"west":{"uv":[3.125,1.375,3.375,1.5],"texture":"#0"},"up":{"uv":[2.6875,1.5,2.9375,1.9375],"rotation":90,"texture":"#0"},"down":{"uv":[2.6875,1.5,2.9375,1.9375],"rotation":270,"texture":"#0"}}},{"from":[9,6,2],"to":[9,11,7],"rotation":{"angle":-22.5,"axis":"x","origin":[16,-10,0]},"faces":{"north":{"uv":[0,0,0,14],"texture":"#2"},"east":{"uv":[14,0,0,14],"texture":"#2"},"south":{"uv":[0,0,0,14],"texture":"#2"},"west":{"uv":[0,0,14,14],"texture":"#2"},"up":{"uv":[0,14,0,0],"texture":"#2"},"down":{"uv":[0,0,0,14],"texture":"#2"}}},{"from":[7,2,10],"to":[7,7,15],"rotation":{"angle":22.5,"axis":"x","origin":[16,-10,16]},"faces":{"north":{"uv":[0,0,0,14],"texture":"#2"},"east":{"uv":[0,0,14,14],"texture":"#2"},"south":{"uv":[0,0,0,14],"texture":"#2"},"west":{"uv":[14,0,0,14],"texture":"#2"},"up":{"uv":[0,0,0,14],"texture":"#2"},"down":{"uv":[0,14,0,0],"texture":"#2"}}},{"from":[8,-5,0],"to":[8,0,5],"rotation":{"angle":-22.5,"axis":"x","origin":[16,-10,0]},"faces":{"north":{"uv":[0,0,0,14],"texture":"#2"},"east":{"uv":[0,0,14,14],"texture":"#2"},"south":{"uv":[0,0,0,14],"texture":"#2"},"west":{"uv":[14,0,0,14],"texture":"#2"},"up":{"uv":[0,14,0,0],"texture":"#2"},"down":{"uv":[0,0,0,14],"texture":"#2"}}},{"from":[4.5,2,6],"to":[8,13,10],"rotation":{"angle":0,"axis":"y","origin":[9,16.5,8]},"faces":{"north":{"uv":[0,1.9375,1.375,1.5],"rotation":90,"texture":"#0"},"east":{"uv":[2.125,0,1.625,1.375],"texture":"#0"},"south":{"uv":[0,1.9375,1.375,1.5],"rotation":270,"texture":"#0"},"west":{"uv":[2.125,0,1.625,1.375],"rotation":180,"texture":"#0"},"up":{"uv":[0.9375,1.3125,1.4375,0.875],"rotation":270,"texture":"#0"},"down":{"uv":[0.9375,1.3125,1.4375,0.875],"rotation":270,"texture":"#0"}}},{"from":[13.5,2,2],"to":[14.5,12,8],"rotation":{"angle":-22.5,"axis":"y","origin":[14.5,7,7]},"faces":{"north":{"uv":[10.1875,0.875,10.0625,2.125],"texture":"#0"},"east":{"uv":[8.875,2.1875,8.125,3.4375],"texture":"#0"},"south":{"uv":[10.1875,0.875,10.0625,2.125],"texture":"#0"},"west":{"uv":[10.0625,0.875,9.3125,2.125],"texture":"#0"},"up":{"uv":[8,2.9375,8.125,2.1875],"rotation":180,"texture":"#0"},"down":{"uv":[8,2.9375,8.125,2.1875],"texture":"#0"}}},{"from":[13.5,2,8],"to":[14.5,12,14],"rotation":{"angle":22.5,"axis":"y","origin":[14.5,7,9]},"faces":{"north":{"uv":[10.0625,0.875,10.1875,2.125],"texture":"#0"},"east":{"uv":[8.5625,0.875,9.3125,2.125],"texture":"#0"},"south":{"uv":[10.0625,0.875,10.1875,2.125],"texture":"#0"},"west":{"uv":[9.3125,0.875,10.0625,2.125],"texture":"#0"},"up":{"uv":[8,2.1875,8.125,2.9375],"rotation":180,"texture":"#0"},"down":{"uv":[8,2.1875,8.125,2.9375],"texture":"#0"}}},{"from":[12,1.75,7],"to":[14,12.25,9],"rotation":{"angle":0,"axis":"y","origin":[15.5,3,0]},"faces":{"north":{"uv":[8.025,0.83125,8.275,2.14375],"texture":"#0"},"east":{"uv":[8.275,0.83125,8.525,2.14375],"texture":"#0"},"south":{"uv":[8.025,0.83125,8.275,2.14375],"texture":"#0"},"west":{"uv":[8.275,0.83125,8.525,2.14375],"texture":"#0"},"up":{"uv":[7.75625,0.89375,8.00625,1.14375],"rotation":90,"texture":"#0"},"down":{"uv":[7.75625,0.89375,8.00625,1.14375],"rotation":270,"texture":"#0"}}}],"gui_light":"front","display":{"thirdperson_righthand":{"rotation":[67.5,90,0],"translation":[0,1,0],"scale":[0.26563,0.26563,0.26563]},"thirdperson_lefthand":{"rotation":[67.5,90,0],"translation":[-6,-7.75,10]},"firstperson_righthand":{"rotation":[0,90,0],"translation":[3.75,4.5,0],"scale":[0.39883,0.39883,0.39883]},"firstperson_lefthand":{"scale":[0,0,0]},"ground":{"translation":[0,13,0],"scale":[0.75,0.75,0.75]},"gui":{"rotation":[9,90,0],"translation":[0,-0.5,-1.5],"scale":[0.56836,0.56836,0.56836]},"head":{"scale":[0,0,0]},"fixed":{"rotation":[0,90,0],"translation":[0,0,-8],"scale":[2.3,2.3,2.3]}},"groups":[{"name":"group","origin":[16,14.5,0],"color":0,"children":[]},0,1,2,3,4,5,6,7,8,9,10,11,12,13,14,15,16,17,18,19,20,21,22,23]}