{"credit":"MadewithBlockbench","texture_size":[128,128],"textures":{"0":"elitecreatures:mad_hatter_animated_weapon_set/madhatter_texture_01","1":"elitecreatures:mad_hatter_animated_weapon_set/madhatter_animation_01","2":"elitecreatures:mad_hatter_animated_weapon_set/madhatter_animation_02","3":"elitecreatures:mad_hatter_animated_weapon_set/madhatter_animation_03","4":"elitecreatures:mad_hatter_animated_weapon_set/madhatter_animation_04","particle":"elitecreatures:mad_hatter_animated_weapon_set/madhatter_texture_01"},"elements":[{"from":[7.7,4,9.2],"to":[8.7,6,11.2],"rotation":{"angle":22.5,"axis":"x","origin":[8,11.8246,16.47962]},"faces":{"north":{"uv":[3.25,0.625,3.375,0.875],"texture":"#0"},"east":{"uv":[2.25,2.0625,2.5,2.3125],"texture":"#0"},"south":{"uv":[3.25,0.625,3.375,0.875],"texture":"#0"},"west":{"uv":[2.25,2.0625,2.5,2.3125],"texture":"#0"},"up":{"uv":[3.25,0.625,3.375,0.875],"rotation":180,"texture":"#0"},"down":{"uv":[3.25,0.625,3.375,0.875],"rotation":180,"texture":"#0"}}},{"from":[4.9,5,4.5],"to":[11,7,12.5],"rotation":{"angle":22.5,"axis":"x","origin":[16,-3,4]},"faces":{"north":{"uv":[0,1.125,0.7625,1.375],"texture":"#0"},"east":{"uv":[0.5,3.5,1.5,3.75],"texture":"#0"},"south":{"uv":[0.5,3.25,1.2625,3.5],"texture":"#0"},"west":{"uv":[0.5625,3,1.5625,3.25],"texture":"#0"},"up":{"uv":[0,0,0.7625,1],"rotation":180,"texture":"#0"},"down":{"uv":[0,0,0.7625,1],"rotation":180,"texture":"#0"}}},{"from":[5,5,3.5],"to":[11,7,11.5],"rotation":{"angle":-22.5,"axis":"x","origin":[16,-3,12]},"faces":{"north":{"uv":[1.25,3.25,0.5,3.5],"texture":"#0"},"east":{"uv":[1.5,3.5,0.5,3.75],"texture":"#0"},"south":{"uv":[0.75,1.125,0,1.375],"texture":"#0"},"west":{"uv":[1.5625,3,0.5625,3.25],"texture":"#0"},"up":{"uv":[0,1,0.75,0],"rotation":180,"texture":"#0"},"down":{"uv":[0,1,0.75,0],"rotation":180,"texture":"#0"}}},{"from":[4.75,3,11.2],"to":[11.25,8,17.2],"rotation":{"angle":22.5,"axis":"x","origin":[8,11.8246,16.47962]},"faces":{"north":{"uv":[1,0,1.8125,0.625],"texture":"#0"},"east":{"uv":[2.5625,0,1.8125,0.625],"texture":"#0"},"south":{"uv":[0.75,3.75,1.5625,4.375],"texture":"#0"},"west":{"uv":[1.8125,0,2.5625,0.625],"texture":"#0"},"up":{"uv":[1,0.625,1.8125,1.375],"rotation":180,"texture":"#0"},"down":{"uv":[1,0.625,1.8125,1.375],"rotation":180,"texture":"#0"}}},{"from":[5.75,7.06928,21.72112],"to":[10.25,12.56928,24.72112],"rotation":{"angle":-22.5,"axis":"x","origin":[8,8.30286,22.25328]},"faces":{"north":{"uv":[1.125,1.625,1.6875,2.3125],"texture":"#0"},"east":{"uv":[1.5,2.3125,1.125,3],"texture":"#0"},"south":{"uv":[1.125,1.625,1.6875,2.3125],"texture":"#0"},"west":{"uv":[1.125,2.3125,1.5,3],"texture":"#0"},"up":{"uv":[0.5625,2.625,1.125,3],"rotation":180,"texture":"#0"},"down":{"uv":[0.5625,2.625,1.125,3],"rotation":180,"texture":"#0"}}},{"from":[5.5,6.31495,22.40992],"to":[10.5,9.31495,25.40992],"rotation":{"angle":22.5,"axis":"x","origin":[8,8.30286,22.25328]},"faces":{"north":{"uv":[1.625,2.5625,2.25,2.9375],"texture":"#0"},"east":{"uv":[4.25,1,3.875,1.375],"texture":"#0"},"south":{"uv":[2.5,1.375,3.125,1.75],"texture":"#0"},"west":{"uv":[3.875,1,4.25,1.375],"texture":"#0"},"up":{"uv":[3.25,1,3.875,1.375],"rotation":180,"texture":"#0"},"down":{"uv":[2.5,1.375,3.125,1.75],"rotation":180,"texture":"#0"}}},{"from":[5.85,7.10041,20.82895],"to":[10.15,10.10041,21.82895],"rotation":{"angle":-45,"axis":"x","origin":[8,8.30286,22.25328]},"faces":{"north":{"uv":[1.6875,2.0625,2.25,2.4375],"texture":"#0"},"east":{"uv":[1.5,2.3125,1.625,2.6875],"texture":"#0"},"south":{"uv":[1.6875,2.0625,2.25,2.4375],"texture":"#0"},"west":{"uv":[1.5,2.3125,1.625,2.6875],"texture":"#0"},"up":{"uv":[1.6875,2.4375,2.25,2.5625],"rotation":180,"texture":"#0"},"down":{"uv":[1.6875,2.4375,2.25,2.5625],"rotation":180,"texture":"#0"}}},{"from":[5.85,7.10041,21.82895],"to":[10.15,10.10041,22.82895],"rotation":{"angle":-45,"axis":"x","origin":[8,8.30286,22.25328]},"faces":{"north":{"uv":[1.6875,2.0625,2.25,2.4375],"texture":"#0"},"east":{"uv":[1.5,2.3125,1.625,2.6875],"texture":"#0"},"south":{"uv":[1.6875,2.0625,2.25,2.4375],"texture":"#0"},"west":{"uv":[1.5,2.3125,1.625,2.6875],"texture":"#0"},"up":{"uv":[1.6875,2.4375,2.25,2.5625],"rotation":180,"texture":"#0"},"down":{"uv":[1.6875,2.4375,2.25,2.5625],"rotation":180,"texture":"#0"}}},{"from":[5.85,10.10041,21.82895],"to":[10.15,13.10041,22.82895],"rotation":{"angle":-45,"axis":"x","origin":[8,8.30286,22.25328]},"faces":{"north":{"uv":[1.6875,2.0625,2.25,2.4375],"texture":"#0"},"east":{"uv":[1.5,2.3125,1.625,2.6875],"texture":"#0"},"south":{"uv":[1.6875,2.0625,2.25,2.4375],"texture":"#0"},"west":{"uv":[1.5,2.3125,1.625,2.6875],"texture":"#0"},"up":{"uv":[1.6875,2.4375,2.25,2.5625],"rotation":180,"texture":"#0"},"down":{"uv":[1.6875,2.4375,2.25,2.5625],"rotation":180,"texture":"#0"}}},{"from":[5.85,10.10041,20.82895],"to":[10.15,13.10041,21.82895],"rotation":{"angle":-45,"axis":"x","origin":[8,8.30286,22.25328]},"faces":{"north":{"uv":[1.6875,2.0625,2.25,2.4375],"texture":"#0"},"east":{"uv":[1.5,2.3125,1.625,2.6875],"texture":"#0"},"south":{"uv":[1.6875,2.0625,2.25,2.4375],"texture":"#0"},"west":{"uv":[1.5,2.3125,1.625,2.6875],"texture":"#0"},"up":{"uv":[1.6875,2.4375,2.25,2.5625],"rotation":180,"texture":"#0"},"down":{"uv":[1.6875,2.4375,2.25,2.5625],"rotation":180,"texture":"#0"}}},{"from":[4.5,9.07818,16.45848],"to":[11.5,13.07818,20.45848],"rotation":{"angle":22.5,"axis":"x","origin":[8,9.59685,20.39702]},"faces":{"north":{"uv":[5.25,0.5,6.125,1],"texture":"#0"},"east":{"uv":[4.8125,0,4.3125,0.5],"texture":"#0"},"south":{"uv":[3.4375,0.5,4.3125,1],"texture":"#0"},"west":{"uv":[4.3125,0,4.8125,0.5],"texture":"#0"},"up":{"uv":[3.4375,0,4.3125,0.5],"rotation":180,"texture":"#0"},"down":{"uv":[3.4375,0.5,4.3125,1],"rotation":180,"texture":"#0"}}},{"from":[5.65,10.48903,15.15157],"to":[10.35,14.98903,23.15157],"rotation":{"angle":-22.5,"axis":"x","origin":[8,11.8246,16.47962]},"faces":{"north":{"uv":[0,2.625,0.5625,3.1875],"texture":"#0"},"east":{"uv":[0,2.625,0.5625,1.625],"rotation":270,"texture":"#0"},"south":{"uv":[0,2.625,0.5625,3.1875],"texture":"#0"},"west":{"uv":[0,1.625,0.5625,2.625],"rotation":270,"texture":"#0"},"up":{"uv":[0.5625,1.625,1.125,2.625],"texture":"#0"},"down":{"uv":[0.5625,1.625,1.125,2.625],"texture":"#0"}}},{"from":[5,6.27071,13.0655],"to":[11,12.27071,18.5655],"rotation":{"angle":45,"axis":"x","origin":[8,11.8246,16.47962]},"faces":{"north":{"uv":[2.5,1.75,3.25,2.5],"texture":"#0"},"east":{"uv":[2.5,0.625,1.8125,1.375],"texture":"#0"},"south":{"uv":[2.5,0.625,3.25,1.375],"texture":"#0"},"west":{"uv":[1.8125,0.625,2.5,1.375],"texture":"#0"},"up":{"uv":[1.75,1.375,2.5,2.0625],"rotation":180,"texture":"#0"},"down":{"uv":[1.75,1.375,2.5,2.0625],"rotation":180,"texture":"#0"}}},{"from":[5.5,2.65143,13.50067],"to":[10.5,7.65143,15.50067],"rotation":{"angle":0,"axis":"y","origin":[8,11.8246,16.47962]},"faces":{"north":{"uv":[2.5625,0,3.1875,0.625],"texture":"#0"},"east":{"uv":[3.4375,0,3.1875,0.625],"texture":"#0"},"south":{"uv":[2.5625,0,3.1875,0.625],"texture":"#0"},"west":{"uv":[3.1875,0,3.4375,0.625],"texture":"#0"},"up":{"uv":[1.125,1.375,1.75,1.625],"rotation":180,"texture":"#0"},"down":{"uv":[1.125,1.375,1.75,1.625],"rotation":180,"texture":"#0"}}},{"from":[7.5,10.28354,11.11088],"to":[8.5,12.28354,13.11088],"rotation":{"angle":45,"axis":"x","origin":[8,11.8246,16.47962]},"faces":{"north":{"uv":[3.25,0.625,3.375,0.875],"texture":"#0"},"east":{"uv":[2.25,2.0625,2.5,2.3125],"texture":"#0"},"south":{"uv":[3.25,0.625,3.375,0.875],"texture":"#0"},"west":{"uv":[2.25,2.0625,2.5,2.3125],"texture":"#0"},"up":{"uv":[3.25,0.625,3.375,0.875],"rotation":180,"texture":"#0"},"down":{"uv":[3.25,0.625,3.375,0.875],"rotation":180,"texture":"#0"}}},{"from":[7.5,14.9739,16.89759],"to":[8.5,16.9739,18.89759],"rotation":{"angle":-22.5,"axis":"x","origin":[8,11.8246,16.47962]},"faces":{"north":{"uv":[1.5,2.6875,1.625,2.9375],"texture":"#0"},"east":{"uv":[2.25,2.3125,2.5,2.5625],"rotation":270,"texture":"#0"},"south":{"uv":[1.5,2.6875,1.625,2.9375],"rotation":180,"texture":"#0"},"west":{"uv":[2.25,2.3125,2.5,2.5625],"rotation":90,"texture":"#0"},"up":{"uv":[1.5,2.6875,1.625,2.9375],"rotation":180,"texture":"#0"},"down":{"uv":[1.5,2.6875,1.625,2.9375],"texture":"#0"}}},{"from":[7.5,16.51773,19.82458],"to":[8.5,18.51773,21.82458],"rotation":{"angle":0,"axis":"y","origin":[8,11.8246,16.47962]},"faces":{"north":{"uv":[3.25,0.625,3.375,0.875],"texture":"#0"},"east":{"uv":[2.25,2.0625,2.5,2.3125],"rotation":270,"texture":"#0"},"south":{"uv":[3.25,0.625,3.375,0.875],"rotation":180,"texture":"#0"},"west":{"uv":[2.25,2.0625,2.5,2.3125],"rotation":90,"texture":"#0"},"up":{"uv":[3.25,0.625,3.375,0.875],"rotation":180,"texture":"#0"},"down":{"uv":[3.25,0.625,3.375,0.875],"texture":"#0"}}},{"from":[7.5,10.2739,23.09759],"to":[8.5,12.2739,25.09759],"rotation":{"angle":-22.5,"axis":"x","origin":[8,11.8246,16.47962]},"faces":{"north":{"uv":[1.5,2.6875,1.625,2.9375],"rotation":180,"texture":"#0"},"east":{"uv":[2.25,2.3125,2.5,2.5625],"rotation":180,"texture":"#0"},"south":{"uv":[1.5,2.6875,1.625,2.9375],"rotation":180,"texture":"#0"},"west":{"uv":[2.25,2.3125,2.5,2.5625],"rotation":180,"texture":"#0"},"up":{"uv":[1.5,2.6875,1.625,2.9375],"rotation":180,"texture":"#0"},"down":{"uv":[1.5,2.6875,1.625,2.9375],"rotation":180,"texture":"#0"}}},{"from":[7.5,10.28354,2.88912],"to":[8.5,12.28354,4.88912],"rotation":{"angle":-45,"axis":"x","origin":[8,11.8246,-0.47962]},"faces":{"north":{"uv":[3.375,0.625,3.25,0.875],"texture":"#0"},"east":{"uv":[2.5,2.0625,2.25,2.3125],"texture":"#0"},"south":{"uv":[3.375,0.625,3.25,0.875],"texture":"#0"},"west":{"uv":[2.5,2.0625,2.25,2.3125],"texture":"#0"},"up":{"uv":[3.25,0.875,3.375,0.625],"rotation":180,"texture":"#0"},"down":{"uv":[3.25,0.875,3.375,0.625],"rotation":180,"texture":"#0"}}},{"from":[5.5,2.65143,0.49933],"to":[10.5,7.65143,2.49933],"rotation":{"angle":0,"axis":"y","origin":[8,11.8246,-0.47962]},"faces":{"north":{"uv":[3.1875,0,2.5625,0.625],"texture":"#0"},"east":{"uv":[3.1875,0,3.4375,0.625],"texture":"#0"},"south":{"uv":[3.1875,0,2.5625,0.625],"texture":"#0"},"west":{"uv":[3.4375,0,3.1875,0.625],"texture":"#0"},"up":{"uv":[1.125,1.625,1.75,1.375],"rotation":180,"texture":"#0"},"down":{"uv":[1.125,1.625,1.75,1.375],"rotation":180,"texture":"#0"}}},{"from":[5,6.27071,-2.5655],"to":[11,12.27071,2.9345],"rotation":{"angle":-45,"axis":"x","origin":[8,11.8246,-0.47962]},"faces":{"north":{"uv":[3.25,0.625,2.5,1.375],"texture":"#0"},"east":{"uv":[1.8125,0.625,2.5,1.375],"texture":"#0"},"south":{"uv":[3.25,1.75,2.5,2.5],"texture":"#0"},"west":{"uv":[2.5,0.625,1.8125,1.375],"texture":"#0"},"up":{"uv":[1.75,2.0625,2.5,1.375],"rotation":180,"texture":"#0"},"down":{"uv":[1.75,2.0625,2.5,1.375],"rotation":180,"texture":"#0"}}},{"from":[5.65,10.48903,-7.15157],"to":[10.35,14.98903,0.84843],"rotation":{"angle":22.5,"axis":"x","origin":[8,11.8246,-0.47962]},"faces":{"north":{"uv":[0.5625,2.625,0,3.1875],"texture":"#0"},"east":{"uv":[0,1.625,0.5625,2.625],"rotation":270,"texture":"#0"},"south":{"uv":[0.5625,2.625,0,3.1875],"texture":"#0"},"west":{"uv":[0,2.625,0.5625,1.625],"rotation":270,"texture":"#0"},"up":{"uv":[0.5625,2.625,1.125,1.625],"texture":"#0"},"down":{"uv":[0.5625,2.625,1.125,1.625],"texture":"#0"}}},{"from":[4.5,9.07818,-4.45848],"to":[11.5,13.07818,-0.45848],"rotation":{"angle":-22.5,"axis":"x","origin":[8,9.59685,-4.39702]},"faces":{"north":{"uv":[4.3125,0.5,3.4375,1],"texture":"#0"},"east":{"uv":[4.3125,0,4.8125,0.5],"texture":"#0"},"south":{"uv":[6.125,0.5,5.25,1],"texture":"#0"},"west":{"uv":[4.8125,0,4.3125,0.5],"texture":"#0"},"up":{"uv":[3.4375,0.5,4.3125,0],"rotation":180,"texture":"#0"},"down":{"uv":[3.4375,1,4.3125,0.5],"rotation":180,"texture":"#0"}}},{"from":[5.85,7.10041,-5.82895],"to":[10.15,10.10041,-4.82895],"rotation":{"angle":45,"axis":"x","origin":[8,8.30286,-6.25328]},"faces":{"north":{"uv":[2.25,2.0625,1.6875,2.4375],"texture":"#0"},"east":{"uv":[1.625,2.3125,1.5,2.6875],"texture":"#0"},"south":{"uv":[2.25,2.0625,1.6875,2.4375],"texture":"#0"},"west":{"uv":[1.625,2.3125,1.5,2.6875],"texture":"#0"},"up":{"uv":[1.6875,2.5625,2.25,2.4375],"rotation":180,"texture":"#0"},"down":{"uv":[1.6875,2.5625,2.25,2.4375],"rotation":180,"texture":"#0"}}},{"from":[5.5,6.31495,-9.40992],"to":[10.5,9.31495,-6.40992],"rotation":{"angle":-22.5,"axis":"x","origin":[8,8.30286,-6.25328]},"faces":{"north":{"uv":[3.125,1.375,2.5,1.75],"texture":"#0"},"east":{"uv":[3.875,1,4.25,1.375],"texture":"#0"},"south":{"uv":[2.25,2.5625,1.625,2.9375],"texture":"#0"},"west":{"uv":[4.25,1,3.875,1.375],"texture":"#0"},"up":{"uv":[3.25,1.375,3.875,1],"rotation":180,"texture":"#0"},"down":{"uv":[2.5,1.75,3.125,1.375],"rotation":180,"texture":"#0"}}},{"from":[5.75,7.06928,-8.72112],"to":[10.25,12.56928,-5.72112],"rotation":{"angle":22.5,"axis":"x","origin":[8,8.30286,-6.25328]},"faces":{"north":{"uv":[1.6875,1.625,1.125,2.3125],"texture":"#0"},"east":{"uv":[1.125,2.3125,1.5,3],"texture":"#0"},"south":{"uv":[1.6875,1.625,1.125,2.3125],"texture":"#0"},"west":{"uv":[1.5,2.3125,1.125,3],"texture":"#0"},"up":{"uv":[0.5625,3,1.125,2.625],"rotation":180,"texture":"#0"},"down":{"uv":[0.5625,3,1.125,2.625],"rotation":180,"texture":"#0"}}},{"from":[4.75,3,-1.2],"to":[11.25,8,4.8],"rotation":{"angle":-22.5,"axis":"x","origin":[8,11.8246,-0.47962]},"faces":{"north":{"uv":[1.5625,3.75,0.75,4.375],"texture":"#0"},"east":{"uv":[1.8125,0,2.5625,0.625],"texture":"#0"},"south":{"uv":[1.8125,0,1,0.625],"texture":"#0"},"west":{"uv":[2.5625,0,1.8125,0.625],"texture":"#0"},"up":{"uv":[1,1.375,1.8125,0.625],"rotation":180,"texture":"#0"},"down":{"uv":[1,1.375,1.8125,0.625],"rotation":180,"texture":"#0"}}},{"from":[7.5,4,4.8],"to":[8.5,6,6.8],"rotation":{"angle":-22.5,"axis":"x","origin":[8,11.8246,-0.47962]},"faces":{"north":{"uv":[3.375,0.625,3.25,0.875],"texture":"#0"},"east":{"uv":[2.5,2.0625,2.25,2.3125],"texture":"#0"},"south":{"uv":[3.375,0.625,3.25,0.875],"texture":"#0"},"west":{"uv":[2.5,2.0625,2.25,2.3125],"texture":"#0"},"up":{"uv":[3.25,0.875,3.375,0.625],"rotation":180,"texture":"#0"},"down":{"uv":[3.25,0.875,3.375,0.625],"rotation":180,"texture":"#0"}}},{"from":[7.5,14.9739,-2.89759],"to":[8.5,16.9739,-0.89759],"rotation":{"angle":22.5,"axis":"x","origin":[8,11.8246,-0.47962]},"faces":{"north":{"uv":[1.625,2.6875,1.5,2.9375],"rotation":180,"texture":"#0"},"east":{"uv":[2.25,2.5625,2.5,2.3125],"rotation":270,"texture":"#0"},"south":{"uv":[1.625,2.6875,1.5,2.9375],"texture":"#0"},"west":{"uv":[2.25,2.5625,2.5,2.3125],"rotation":90,"texture":"#0"},"up":{"uv":[1.5,2.9375,1.625,2.6875],"rotation":180,"texture":"#0"},"down":{"uv":[1.5,2.9375,1.625,2.6875],"texture":"#0"}}},{"from":[7.5,16.51773,-5.82458],"to":[8.5,18.51773,-3.82458],"rotation":{"angle":0,"axis":"y","origin":[8,11.8246,-0.47962]},"faces":{"north":{"uv":[3.375,0.625,3.25,0.875],"rotation":180,"texture":"#0"},"east":{"uv":[2.25,2.3125,2.5,2.0625],"rotation":270,"texture":"#0"},"south":{"uv":[3.375,0.625,3.25,0.875],"texture":"#0"},"west":{"uv":[2.25,2.3125,2.5,2.0625],"rotation":90,"texture":"#0"},"up":{"uv":[3.25,0.875,3.375,0.625],"rotation":180,"texture":"#0"},"down":{"uv":[3.25,0.875,3.375,0.625],"texture":"#0"}}},{"from":[7.5,10.2739,-9.09759],"to":[8.5,12.2739,-7.09759],"rotation":{"angle":22.5,"axis":"x","origin":[8,11.8246,-0.47962]},"faces":{"north":{"uv":[1.625,2.6875,1.5,2.9375],"rotation":180,"texture":"#0"},"east":{"uv":[2.5,2.3125,2.25,2.5625],"rotation":180,"texture":"#0"},"south":{"uv":[1.625,2.6875,1.5,2.9375],"rotation":180,"texture":"#0"},"west":{"uv":[2.5,2.3125,2.25,2.5625],"rotation":180,"texture":"#0"},"up":{"uv":[1.5,2.9375,1.625,2.6875],"rotation":180,"texture":"#0"},"down":{"uv":[1.5,2.9375,1.625,2.6875],"rotation":180,"texture":"#0"}}},{"from":[5.85,7.10041,-6.82895],"to":[10.15,10.10041,-5.82895],"rotation":{"angle":45,"axis":"x","origin":[8,8.30286,-6.25328]},"faces":{"north":{"uv":[2.25,2.0625,1.6875,2.4375],"texture":"#0"},"east":{"uv":[1.625,2.3125,1.5,2.6875],"texture":"#0"},"south":{"uv":[2.25,2.0625,1.6875,2.4375],"texture":"#0"},"west":{"uv":[1.625,2.3125,1.5,2.6875],"texture":"#0"},"up":{"uv":[1.6875,2.5625,2.25,2.4375],"rotation":180,"texture":"#0"},"down":{"uv":[1.6875,2.5625,2.25,2.4375],"rotation":180,"texture":"#0"}}},{"from":[5.85,10.10041,-5.82895],"to":[10.15,13.10041,-4.82895],"rotation":{"angle":45,"axis":"x","origin":[8,8.30286,-6.25328]},"faces":{"north":{"uv":[2.25,2.0625,1.6875,2.4375],"texture":"#0"},"east":{"uv":[1.625,2.3125,1.5,2.6875],"texture":"#0"},"south":{"uv":[2.25,2.0625,1.6875,2.4375],"texture":"#0"},"west":{"uv":[1.625,2.3125,1.5,2.6875],"texture":"#0"},"up":{"uv":[1.6875,2.5625,2.25,2.4375],"rotation":180,"texture":"#0"},"down":{"uv":[1.6875,2.5625,2.25,2.4375],"rotation":180,"texture":"#0"}}},{"from":[5.85,10.10041,-6.82895],"to":[10.15,13.10041,-5.82895],"rotation":{"angle":45,"axis":"x","origin":[8,8.30286,-6.25328]},"faces":{"north":{"uv":[2.25,2.0625,1.6875,2.4375],"texture":"#0"},"east":{"uv":[1.625,2.3125,1.5,2.6875],"texture":"#0"},"south":{"uv":[2.25,2.0625,1.6875,2.4375],"texture":"#0"},"west":{"uv":[1.625,2.3125,1.5,2.6875],"texture":"#0"},"up":{"uv":[1.6875,2.5625,2.25,2.4375],"rotation":180,"texture":"#0"},"down":{"uv":[1.6875,2.5625,2.25,2.4375],"rotation":180,"texture":"#0"}}},{"from":[8.01781,10.5,5],"to":[14.01781,12,11],"rotation":{"angle":-22.5,"axis":"z","origin":[10.7,13.13746,8.01781]},"faces":{"north":{"uv":[3.25,2.125,4,2.3125],"texture":"#0"},"east":{"uv":[3.25,2.125,4,2.3125],"texture":"#0"},"south":{"uv":[3.25,2.125,4,2.3125],"texture":"#0"},"west":{"uv":[3.25,2.125,4,2.3125],"texture":"#0"},"up":{"uv":[3.25,1.375,4,2.125],"rotation":180,"texture":"#0"},"down":{"uv":[3.25,1.375,4,2.125],"rotation":180,"texture":"#0"}}},{"from":[8.51781,12,5.5],"to":[13.51781,17.5,10.5],"rotation":{"angle":-22.5,"axis":"z","origin":[10.7,13.13746,8.01781]},"faces":{"north":{"uv":[4,1.375,4.625,2.0625],"texture":"#0"},"east":{"uv":[4,1.375,4.625,2.0625],"texture":"#0"},"south":{"uv":[4,1.375,4.625,2.0625],"texture":"#0"},"west":{"uv":[4,1.375,4.625,2.0625],"texture":"#0"},"up":{"uv":[4,2.0625,4.625,2.6875],"rotation":180,"texture":"#0"},"down":{"uv":[4,2.0625,4.625,2.6875],"rotation":180,"texture":"#0"}}},{"from":[8.01781,10.5,11],"to":[14.01781,12,12.5],"rotation":{"angle":-22.5,"axis":"z","origin":[10.7,13.13746,8.01781]},"faces":{"north":{"uv":[3.25,2.3125,4,2.5],"texture":"#0"},"east":{"uv":[3.0625,2.8125,3.25,3],"texture":"#0"},"south":{"uv":[3.25,2.3125,4,2.5],"texture":"#0"},"west":{"uv":[3.0625,2.8125,3.25,3],"texture":"#0"},"up":{"uv":[3.25,2.5,4,2.6875],"rotation":180,"texture":"#0"},"down":{"uv":[3.25,2.5,4,2.6875],"rotation":180,"texture":"#0"}}},{"from":[8.01781,10.5,3.5],"to":[14.01781,12,5],"rotation":{"angle":-22.5,"axis":"z","origin":[10.7,13.13746,7.68219]},"faces":{"north":{"uv":[4,2.3125,3.25,2.5],"texture":"#0"},"east":{"uv":[3.25,2.8125,3.0625,3],"texture":"#0"},"south":{"uv":[4,2.3125,3.25,2.5],"texture":"#0"},"west":{"uv":[3.25,2.8125,3.0625,3],"texture":"#0"},"up":{"uv":[3.25,2.6875,4,2.5],"rotation":180,"texture":"#0"},"down":{"uv":[3.25,2.6875,4,2.5],"rotation":180,"texture":"#0"}}},{"from":[9.2,23.5,6.8],"to":[9.2,26.5,9.3],"rotation":{"angle":0,"axis":"y","origin":[3.3,12,8]},"faces":{"north":{"uv":[4,1.375,4.625,2.0625],"texture":"#0"},"east":{"uv":[3.125,3.0625,2.5,3.875],"texture":"#0"},"south":{"uv":[4,1.375,4.625,2.0625],"texture":"#0"},"west":{"uv":[2.5,3.0625,3.125,3.875],"texture":"#0"},"up":{"uv":[4,2.0625,4.625,2.6875],"rotation":270,"texture":"#0"},"down":{"uv":[4,2.0625,4.625,2.6875],"rotation":90,"texture":"#0"}}},{"from":[9.4,23.5,6.8],"to":[9.4,26.5,9.3],"rotation":{"angle":0,"axis":"y","origin":[3.3,12,8]},"faces":{"north":{"uv":[4,1.375,4.625,2.0625],"texture":"#0"},"east":{"uv":[2.5,3.0625,3.125,3.875],"texture":"#0"},"south":{"uv":[4,1.375,4.625,2.0625],"texture":"#0"},"west":{"uv":[3.125,3.0625,2.5,3.875],"texture":"#0"},"up":{"uv":[4,2.0625,4.625,2.6875],"rotation":270,"texture":"#0"},"down":{"uv":[4,2.0625,4.625,2.6875],"rotation":90,"texture":"#0"}}},{"from":[9.3,23.50287,6.8],"to":[9.3,26.50287,9.3],"rotation":{"angle":0,"axis":"y","origin":[8.7,12.13746,8.01781]},"faces":{"north":{"uv":[4.625,1.375,4,2.0625],"texture":"#0"},"east":{"uv":[2.375,3.8125,2.0625,4.1875],"texture":"#0"},"south":{"uv":[4.625,1.375,4,2.0625],"texture":"#0"},"west":{"uv":[2.375,3.8125,2.0625,4.1875],"texture":"#0"},"up":{"uv":[4,2.6875,4.625,2.0625],"rotation":270,"texture":"#0"},"down":{"uv":[4,2.6875,4.625,2.0625],"rotation":90,"texture":"#0"}}},{"from":[9.2,22.5,12.8],"to":[9.2,25.5,15.3],"rotation":{"angle":45,"axis":"x","origin":[9.3,24.00144,13.05]},"faces":{"north":{"uv":[4,1.375,4.625,2.0625],"texture":"#0"},"east":{"uv":[3.125,3.0625,2.5,3.875],"texture":"#0"},"south":{"uv":[4,1.375,4.625,2.0625],"texture":"#0"},"west":{"uv":[2.5,3.0625,3.125,3.875],"texture":"#0"},"up":{"uv":[4,2.0625,4.625,2.6875],"rotation":270,"texture":"#0"},"down":{"uv":[4,2.0625,4.625,2.6875],"rotation":90,"texture":"#0"}}},{"from":[9.3,22.50287,12.8],"to":[9.3,25.50287,15.3],"rotation":{"angle":45,"axis":"x","origin":[9.3,24.00144,13.05]},"faces":{"north":{"uv":[4.625,1.375,4,2.0625],"texture":"#0"},"east":{"uv":[2.375,3.8125,2.0625,4.1875],"texture":"#0"},"south":{"uv":[4.625,1.375,4,2.0625],"texture":"#0"},"west":{"uv":[2.375,3.8125,2.0625,4.1875],"texture":"#0"},"up":{"uv":[4,2.6875,4.625,2.0625],"rotation":270,"texture":"#0"},"down":{"uv":[4,2.6875,4.625,2.0625],"rotation":90,"texture":"#0"}}},{"from":[9.4,22.5,12.8],"to":[9.4,25.5,15.3],"rotation":{"angle":45,"axis":"x","origin":[9.3,24.00144,13.05]},"faces":{"north":{"uv":[4,1.375,4.625,2.0625],"texture":"#0"},"east":{"uv":[2.5,3.0625,3.125,3.875],"texture":"#0"},"south":{"uv":[4,1.375,4.625,2.0625],"texture":"#0"},"west":{"uv":[3.125,3.0625,2.5,3.875],"texture":"#0"},"up":{"uv":[4,2.0625,4.625,2.6875],"rotation":270,"texture":"#0"},"down":{"uv":[4,2.0625,4.625,2.6875],"rotation":90,"texture":"#0"}}},{"from":[9.2,16.75144,13.94856],"to":[9.2,19.25144,16.94856],"rotation":{"angle":0,"axis":"y","origin":[9.3,20.00144,17.05]},"faces":{"north":{"uv":[4,2.0625,4.625,2.6875],"rotation":270,"texture":"#0"},"east":{"uv":[3.125,3.0625,2.5,3.875],"rotation":270,"texture":"#0"},"south":{"uv":[4,2.0625,4.625,2.6875],"rotation":270,"texture":"#0"},"west":{"uv":[2.5,3.0625,3.125,3.875],"rotation":90,"texture":"#0"},"up":{"uv":[4,1.375,4.625,2.0625],"rotation":180,"texture":"#0"},"down":{"uv":[4,1.375,4.625,2.0625],"texture":"#0"}}},{"from":[9.3,16.75144,13.95144],"to":[9.3,19.25144,16.95144],"rotation":{"angle":0,"axis":"y","origin":[9.3,20.00144,17.05]},"faces":{"north":{"uv":[4,2.6875,4.625,2.0625],"rotation":270,"texture":"#0"},"east":{"uv":[2.375,3.8125,2.0625,4.1875],"rotation":270,"texture":"#0"},"south":{"uv":[4,2.6875,4.625,2.0625],"rotation":270,"texture":"#0"},"west":{"uv":[2.375,3.8125,2.0625,4.1875],"rotation":90,"texture":"#0"},"up":{"uv":[4.625,1.375,4,2.0625],"rotation":180,"texture":"#0"},"down":{"uv":[4.625,1.375,4,2.0625],"texture":"#0"}}},{"from":[9.4,16.75144,13.94856],"to":[9.4,19.25144,16.94856],"rotation":{"angle":0,"axis":"y","origin":[9.3,20.00144,17.05]},"faces":{"north":{"uv":[4,2.0625,4.625,2.6875],"rotation":270,"texture":"#0"},"east":{"uv":[2.5,3.0625,3.125,3.875],"rotation":270,"texture":"#0"},"south":{"uv":[4,2.0625,4.625,2.6875],"rotation":270,"texture":"#0"},"west":{"uv":[3.125,3.0625,2.5,3.875],"rotation":90,"texture":"#0"},"up":{"uv":[4,1.375,4.625,2.0625],"rotation":180,"texture":"#0"},"down":{"uv":[4,1.375,4.625,2.0625],"texture":"#0"}}},{"from":[9.4,16.75144,-0.94856],"to":[9.4,19.25144,2.05144],"rotation":{"angle":0,"axis":"y","origin":[9.3,20.00144,-1.05]},"faces":{"north":{"uv":[4,2.6875,4.625,2.0625],"rotation":270,"texture":"#0"},"east":{"uv":[2.5,3.875,3.125,3.0625],"rotation":270,"texture":"#0"},"south":{"uv":[4,2.6875,4.625,2.0625],"rotation":270,"texture":"#0"},"west":{"uv":[3.125,3.875,2.5,3.0625],"rotation":90,"texture":"#0"},"up":{"uv":[4,2.0625,4.625,1.375],"rotation":180,"texture":"#0"},"down":{"uv":[4,2.0625,4.625,1.375],"texture":"#0"}}},{"from":[9.2,16.75144,-0.94856],"to":[9.2,19.25144,2.05144],"rotation":{"angle":0,"axis":"y","origin":[9.3,20.00144,-1.05]},"faces":{"north":{"uv":[4,2.6875,4.625,2.0625],"rotation":270,"texture":"#0"},"east":{"uv":[3.125,3.875,2.5,3.0625],"rotation":270,"texture":"#0"},"south":{"uv":[4,2.6875,4.625,2.0625],"rotation":270,"texture":"#0"},"west":{"uv":[2.5,3.875,3.125,3.0625],"rotation":90,"texture":"#0"},"up":{"uv":[4,2.0625,4.625,1.375],"rotation":180,"texture":"#0"},"down":{"uv":[4,2.0625,4.625,1.375],"texture":"#0"}}},{"from":[9.3,16.75144,-0.95144],"to":[9.3,19.25144,2.04856],"rotation":{"angle":0,"axis":"y","origin":[9.3,20.00144,-1.05]},"faces":{"north":{"uv":[4,2.0625,4.625,2.6875],"rotation":270,"texture":"#0"},"east":{"uv":[2.375,4.1875,2.0625,3.8125],"rotation":270,"texture":"#0"},"south":{"uv":[4,2.0625,4.625,2.6875],"rotation":270,"texture":"#0"},"west":{"uv":[2.375,4.1875,2.0625,3.8125],"rotation":90,"texture":"#0"},"up":{"uv":[4.625,2.0625,4,1.375],"rotation":180,"texture":"#0"},"down":{"uv":[4.625,2.0625,4,1.375],"texture":"#0"}}},{"from":[9.2,22.5,0.7],"to":[9.2,25.5,3.2],"rotation":{"angle":-45,"axis":"x","origin":[9.3,24.00144,2.95]},"faces":{"north":{"uv":[4.625,1.375,4,2.0625],"texture":"#0"},"east":{"uv":[2.5,3.0625,3.125,3.875],"texture":"#0"},"south":{"uv":[4.625,1.375,4,2.0625],"texture":"#0"},"west":{"uv":[3.125,3.0625,2.5,3.875],"texture":"#0"},"up":{"uv":[4.625,2.0625,4,2.6875],"rotation":270,"texture":"#0"},"down":{"uv":[4.625,2.0625,4,2.6875],"rotation":90,"texture":"#0"}}},{"from":[9.3,22.50287,0.7],"to":[9.3,25.50287,3.2],"rotation":{"angle":-45,"axis":"x","origin":[9.3,24.00144,2.95]},"faces":{"north":{"uv":[4,1.375,4.625,2.0625],"texture":"#0"},"east":{"uv":[2.0625,3.8125,2.375,4.1875],"texture":"#0"},"south":{"uv":[4,1.375,4.625,2.0625],"texture":"#0"},"west":{"uv":[2.0625,3.8125,2.375,4.1875],"texture":"#0"},"up":{"uv":[4.625,2.6875,4,2.0625],"rotation":270,"texture":"#0"},"down":{"uv":[4.625,2.6875,4,2.0625],"rotation":90,"texture":"#0"}}},{"from":[9.4,22.5,0.7],"to":[9.4,25.5,3.2],"rotation":{"angle":-45,"axis":"x","origin":[9.3,24.00144,2.95]},"faces":{"north":{"uv":[4.625,1.375,4,2.0625],"texture":"#0"},"east":{"uv":[3.125,3.0625,2.5,3.875],"texture":"#0"},"south":{"uv":[4.625,1.375,4,2.0625],"texture":"#0"},"west":{"uv":[2.5,3.0625,3.125,3.875],"texture":"#0"},"up":{"uv":[4.625,2.0625,4,2.6875],"rotation":270,"texture":"#0"},"down":{"uv":[4.625,2.0625,4,2.6875],"rotation":90,"texture":"#0"}}},{"from":[7.51499,1.06499,17.25],"to":[7.51499,14.56499,30.75],"rotation":{"angle":0,"axis":"y","origin":[9.2,7.81499,24]},"faces":{"north":{"uv":[0,0,5.75,0],"rotation":90,"texture":"#1"},"east":{"uv":[6.75,6.75,0,0],"rotation":270,"texture":"#1"},"south":{"uv":[0,0,5.75,0],"rotation":270,"texture":"#1"},"west":{"uv":[6.75,6.75,0,0],"rotation":270,"texture":"#1"},"up":{"uv":[0,0,5.75,0],"rotation":270,"texture":"#1"},"down":{"uv":[0,0,5.75,0],"rotation":270,"texture":"#1"}}},{"from":[7.51499,1.06499,17.25],"to":[7.51499,14.56499,30.75],"rotation":{"angle":22.5,"axis":"x","origin":[9.2,7.81499,24]},"faces":{"north":{"uv":[0,0,5.75,0],"rotation":90,"texture":"#1"},"east":{"uv":[13.5,6.75,6.75,0],"rotation":270,"texture":"#1"},"south":{"uv":[0,0,5.75,0],"rotation":270,"texture":"#1"},"west":{"uv":[13.5,6.75,6.75,0],"rotation":270,"texture":"#1"},"up":{"uv":[0,0,5.75,0],"rotation":270,"texture":"#1"},"down":{"uv":[0,0,5.75,0],"rotation":270,"texture":"#1"}}},{"from":[7.51499,1.06499,17.25],"to":[7.51499,14.56499,30.75],"rotation":{"angle":45,"axis":"x","origin":[9.2,7.81499,24]},"faces":{"north":{"uv":[0,0,5.75,0],"rotation":90,"texture":"#1"},"east":{"uv":[13.5,13.5,6.75,6.75],"rotation":270,"texture":"#1"},"south":{"uv":[0,0,5.75,0],"rotation":270,"texture":"#1"},"west":{"uv":[13.5,13.5,6.75,6.75],"rotation":270,"texture":"#1"},"up":{"uv":[0,0,5.75,0],"rotation":270,"texture":"#1"},"down":{"uv":[0,0,5.75,0],"rotation":270,"texture":"#1"}}},{"from":[7.51499,1.06499,17.25],"to":[7.51499,14.56499,30.75],"rotation":{"angle":-22.5,"axis":"x","origin":[9.2,7.81499,24]},"faces":{"north":{"uv":[0,0,5.75,0],"rotation":90,"texture":"#1"},"east":{"uv":[6.75,13.5,0,6.75],"rotation":180,"texture":"#1"},"south":{"uv":[0,0,5.75,0],"rotation":270,"texture":"#1"},"west":{"uv":[6.75,13.5,0,6.75],"rotation":180,"texture":"#1"},"up":{"uv":[0,0,5.75,0],"rotation":270,"texture":"#1"},"down":{"uv":[0,0,5.75,0],"rotation":270,"texture":"#1"}}},{"from":[7.51499,1.06499,-14.75],"to":[7.51499,14.56499,-1.25],"rotation":{"angle":0,"axis":"y","origin":[9.2,7.81499,-8]},"faces":{"north":{"uv":[0,0,5.75,0],"rotation":270,"texture":"#1"},"east":{"uv":[6.75,0,0,6.75],"rotation":270,"texture":"#1"},"south":{"uv":[0,0,5.75,0],"rotation":90,"texture":"#1"},"west":{"uv":[6.75,0,0,6.75],"rotation":270,"texture":"#1"},"up":{"uv":[5.75,0,0,0],"rotation":270,"texture":"#1"},"down":{"uv":[5.75,0,0,0],"rotation":270,"texture":"#1"}}},{"from":[7.51499,1.06499,-14.75],"to":[7.51499,14.56499,-1.25],"rotation":{"angle":-22.5,"axis":"x","origin":[9.2,7.81499,-8]},"faces":{"north":{"uv":[0,0,5.75,0],"rotation":270,"texture":"#1"},"east":{"uv":[13.5,0,6.75,6.75],"rotation":270,"texture":"#1"},"south":{"uv":[0,0,5.75,0],"rotation":90,"texture":"#1"},"west":{"uv":[13.5,0,6.75,6.75],"rotation":270,"texture":"#1"},"up":{"uv":[5.75,0,0,0],"rotation":270,"texture":"#1"},"down":{"uv":[5.75,0,0,0],"rotation":270,"texture":"#1"}}},{"from":[7.51499,1.06499,-14.75],"to":[7.51499,14.56499,-1.25],"rotation":{"angle":-45,"axis":"x","origin":[9.2,7.81499,-8]},"faces":{"north":{"uv":[0,0,5.75,0],"rotation":270,"texture":"#1"},"east":{"uv":[13.5,6.75,6.75,13.5],"rotation":270,"texture":"#1"},"south":{"uv":[0,0,5.75,0],"rotation":90,"texture":"#1"},"west":{"uv":[13.5,6.75,6.75,13.5],"rotation":270,"texture":"#1"},"up":{"uv":[5.75,0,0,0],"rotation":270,"texture":"#1"},"down":{"uv":[5.75,0,0,0],"rotation":270,"texture":"#1"}}},{"from":[7.51499,1.06499,-14.75],"to":[7.51499,14.56499,-1.25],"rotation":{"angle":22.5,"axis":"x","origin":[9.2,7.81499,-8]},"faces":{"north":{"uv":[0,0,5.75,0],"rotation":270,"texture":"#1"},"east":{"uv":[0,13.5,6.75,6.75],"rotation":180,"texture":"#1"},"south":{"uv":[0,0,5.75,0],"rotation":90,"texture":"#1"},"west":{"uv":[0,13.5,6.75,6.75],"rotation":180,"texture":"#1"},"up":{"uv":[5.75,0,0,0],"rotation":270,"texture":"#1"},"down":{"uv":[5.75,0,0,0],"rotation":270,"texture":"#1"}}},{"from":[8,0,6],"to":[10,3,9],"rotation":{"angle":45,"axis":"x","origin":[8,1,8]},"faces":{"north":{"uv":[4.75,3.0625,4.5,2.6875],"texture":"#0"},"east":{"uv":[4.5,3.0625,4.125,2.6875],"texture":"#0"},"south":{"uv":[4.75,2.6875,4.5,3.0625],"texture":"#0"},"west":{"uv":[4.125,3.0625,4.5,2.6875],"texture":"#0"},"up":{"uv":[4.75,3.0625,4.5,2.6875],"texture":"#0"},"down":{"uv":[4.75,3.0625,4.5,2.6875],"texture":"#0"}}},{"from":[6.5,2,4.5],"to":[9.5,4,11.5],"rotation":{"angle":0,"axis":"y","origin":[0,1.5,16]},"faces":{"north":{"uv":[1.6875,4.0625,2.0625,3.8125],"texture":"#0"},"east":{"uv":[2.25,2.8125,3.125,2.5625],"texture":"#0"},"south":{"uv":[1.6875,4.0625,2.0625,3.8125],"texture":"#0"},"west":{"uv":[2.25,2.8125,3.125,2.5625],"texture":"#0"},"up":{"uv":[1.6875,3.8125,2.0625,2.9375],"texture":"#0"},"down":{"uv":[1.6875,3.8125,2.0625,2.9375],"texture":"#0"}}},{"from":[6.6,1.1,8.5],"to":[9.4,3.1,13.5],"rotation":{"angle":22.5,"axis":"x","origin":[8,3,10]},"faces":{"north":{"uv":[2.0625,3.8125,2.4375,3.5625],"texture":"#0"},"east":{"uv":[2.4375,3.0625,3.0625,2.8125],"texture":"#0"},"south":{"uv":[2.0625,3.8125,2.4375,3.5625],"texture":"#0"},"west":{"uv":[3.0625,3.0625,2.4375,2.8125],"texture":"#0"},"up":{"uv":[2.0625,3.5625,2.4375,2.9375],"texture":"#0"},"down":{"uv":[2.0625,3.5625,2.4375,2.9375],"texture":"#0"}}},{"from":[6.6,1.1,2.5],"to":[9.4,3.1,7.5],"rotation":{"angle":-22.5,"axis":"x","origin":[8,3,6]},"faces":{"north":{"uv":[2.4375,3.8125,2.0625,3.5625],"texture":"#0"},"east":{"uv":[3.0625,3.0625,2.4375,2.8125],"texture":"#0"},"south":{"uv":[2.4375,3.8125,2.0625,3.5625],"texture":"#0"},"west":{"uv":[2.4375,3.0625,3.0625,2.8125],"texture":"#0"},"up":{"uv":[2.0625,2.9375,2.4375,3.5625],"texture":"#0"},"down":{"uv":[2.0625,2.9375,2.4375,3.5625],"texture":"#0"}}},{"from":[8,-2,4.5],"to":[8,5,11.5],"rotation":{"angle":-22.5,"axis":"x","origin":[8,1.5,8]},"faces":{"north":{"uv":[0,0,14,0],"rotation":90,"texture":"#4"},"east":{"uv":[7,14,0,7],"rotation":90,"texture":"#4"},"south":{"uv":[0,0,14,0],"rotation":270,"texture":"#4"},"west":{"uv":[7,14,0,7],"rotation":270,"texture":"#4"},"up":{"uv":[0,0,14,0],"rotation":270,"texture":"#4"},"down":{"uv":[0,0,14,0],"rotation":270,"texture":"#4"}}},{"from":[8,-2,4.5],"to":[8,5,11.5],"rotation":{"angle":45,"axis":"x","origin":[8,1.5,8]},"faces":{"north":{"uv":[0,0,14,0],"rotation":90,"texture":"#4"},"east":{"uv":[14,14,7,7],"rotation":180,"texture":"#4"},"south":{"uv":[0,0,14,0],"rotation":270,"texture":"#4"},"west":{"uv":[14,14,7,7],"texture":"#4"},"up":{"uv":[0,0,14,0],"rotation":270,"texture":"#4"},"down":{"uv":[0,0,14,0],"rotation":270,"texture":"#4"}}},{"from":[8,-2,4.5],"to":[8,5,11.5],"rotation":{"angle":22.5,"axis":"x","origin":[8,1.5,8]},"faces":{"north":{"uv":[0,0,14,0],"rotation":90,"texture":"#4"},"east":{"uv":[14,7,7,0],"rotation":180,"texture":"#4"},"south":{"uv":[0,0,14,0],"rotation":270,"texture":"#4"},"west":{"uv":[14,7,7,0],"texture":"#4"},"up":{"uv":[0,0,14,0],"rotation":270,"texture":"#4"},"down":{"uv":[0,0,14,0],"rotation":270,"texture":"#4"}}},{"from":[8,-2,4.5],"to":[8,5,11.5],"rotation":{"angle":0,"axis":"y","origin":[8,1.5,8]},"faces":{"north":{"uv":[0,0,14,0],"rotation":90,"texture":"#4"},"east":{"uv":[7,7,0,0],"rotation":180,"texture":"#4"},"south":{"uv":[0,0,14,0],"rotation":270,"texture":"#4"},"west":{"uv":[7,7,0,0],"texture":"#4"},"up":{"uv":[0,0,14,0],"rotation":270,"texture":"#4"},"down":{"uv":[0,0,14,0],"rotation":270,"texture":"#4"}}},{"from":[8,14,17.3],"to":[8,21,24.3],"rotation":{"angle":-22.5,"axis":"x","origin":[8,17.5,20.8]},"faces":{"north":{"uv":[0,0,14,0],"rotation":90,"texture":"#4"},"east":{"uv":[7,14,0,7],"rotation":90,"texture":"#4"},"south":{"uv":[0,0,14,0],"rotation":270,"texture":"#4"},"west":{"uv":[7,14,0,7],"rotation":270,"texture":"#4"},"up":{"uv":[0,0,14,0],"rotation":270,"texture":"#4"},"down":{"uv":[0,0,14,0],"rotation":270,"texture":"#4"}}},{"from":[8,14,17.3],"to":[8,21,24.3],"rotation":{"angle":45,"axis":"x","origin":[8,17.5,20.8]},"faces":{"north":{"uv":[0,0,14,0],"rotation":90,"texture":"#4"},"east":{"uv":[14,14,7,7],"rotation":180,"texture":"#4"},"south":{"uv":[0,0,14,0],"rotation":270,"texture":"#4"},"west":{"uv":[14,14,7,7],"texture":"#4"},"up":{"uv":[0,0,14,0],"rotation":270,"texture":"#4"},"down":{"uv":[0,0,14,0],"rotation":270,"texture":"#4"}}},{"from":[8,14,17.3],"to":[8,21,24.3],"rotation":{"angle":22.5,"axis":"x","origin":[8,17.5,20.8]},"faces":{"north":{"uv":[0,0,14,0],"rotation":90,"texture":"#4"},"east":{"uv":[14,7,7,0],"rotation":180,"texture":"#4"},"south":{"uv":[0,0,14,0],"rotation":270,"texture":"#4"},"west":{"uv":[14,7,7,0],"texture":"#4"},"up":{"uv":[0,0,14,0],"rotation":270,"texture":"#4"},"down":{"uv":[0,0,14,0],"rotation":270,"texture":"#4"}}},{"from":[8,14,17.3],"to":[8,21,24.3],"rotation":{"angle":0,"axis":"y","origin":[8,17.5,20.8]},"faces":{"north":{"uv":[0,0,14,0],"rotation":90,"texture":"#4"},"east":{"uv":[7,7,0,0],"rotation":180,"texture":"#4"},"south":{"uv":[0,0,14,0],"rotation":270,"texture":"#4"},"west":{"uv":[7,7,0,0],"texture":"#4"},"up":{"uv":[0,0,14,0],"rotation":270,"texture":"#4"},"down":{"uv":[0,0,14,0],"rotation":270,"texture":"#4"}}},{"from":[8,14,-8.3],"to":[8,21,-1.3],"rotation":{"angle":22.5,"axis":"x","origin":[8,17.5,-4.8]},"faces":{"north":{"uv":[0,0,14,0],"rotation":270,"texture":"#4"},"east":{"uv":[7,7,0,14],"rotation":90,"texture":"#4"},"south":{"uv":[0,0,14,0],"rotation":90,"texture":"#4"},"west":{"uv":[7,7,0,14],"rotation":270,"texture":"#4"},"up":{"uv":[14,0,0,0],"rotation":270,"texture":"#4"},"down":{"uv":[14,0,0,0],"rotation":270,"texture":"#4"}}},{"from":[8,14,-8.3],"to":[8,21,-1.3],"rotation":{"angle":-45,"axis":"x","origin":[8,17.5,-4.8]},"faces":{"north":{"uv":[0,0,14,0],"rotation":270,"texture":"#4"},"east":{"uv":[7,14,14,7],"rotation":180,"texture":"#4"},"south":{"uv":[0,0,14,0],"rotation":90,"texture":"#4"},"west":{"uv":[7,14,14,7],"texture":"#4"},"up":{"uv":[14,0,0,0],"rotation":270,"texture":"#4"},"down":{"uv":[14,0,0,0],"rotation":270,"texture":"#4"}}},{"from":[8,14,-8.3],"to":[8,21,-1.3],"rotation":{"angle":-22.5,"axis":"x","origin":[8,17.5,-4.8]},"faces":{"north":{"uv":[0,0,14,0],"rotation":270,"texture":"#4"},"east":{"uv":[7,7,14,0],"rotation":180,"texture":"#4"},"south":{"uv":[0,0,14,0],"rotation":90,"texture":"#4"},"west":{"uv":[7,7,14,0],"texture":"#4"},"up":{"uv":[14,0,0,0],"rotation":270,"texture":"#4"},"down":{"uv":[14,0,0,0],"rotation":270,"texture":"#4"}}},{"from":[8,14,-8.3],"to":[8,21,-1.3],"rotation":{"angle":0,"axis":"y","origin":[8,17.5,-4.8]},"faces":{"north":{"uv":[0,0,14,0],"rotation":270,"texture":"#4"},"east":{"uv":[0,7,7,0],"rotation":180,"texture":"#4"},"south":{"uv":[0,0,14,0],"rotation":90,"texture":"#4"},"west":{"uv":[0,7,7,0],"texture":"#4"},"up":{"uv":[14,0,0,0],"rotation":270,"texture":"#4"},"down":{"uv":[14,0,0,0],"rotation":270,"texture":"#4"}}},{"from":[14.73358,11,15.88936],"to":[20.73358,16,15.88936],"rotation":{"angle":-22.5,"axis":"y","origin":[17.75039,13.5,14.91602]},"faces":{"north":{"uv":[15.375,6.4375,14.625,7.0625],"texture":"#0"},"east":{"uv":[0.625,0,0.625,0.625],"texture":"#missing"},"south":{"uv":[14.625,6.4375,15.375,7.0625],"texture":"#0"},"west":{"uv":[0.625,0,0.625,0.625],"texture":"#missing"},"up":{"uv":[0.625,0,0.625,0.75],"rotation":270,"texture":"#missing"},"down":{"uv":[0.625,0,0.625,0.75],"rotation":90,"texture":"#missing"}}},{"from":[20.10682,11,16.88706],"to":[25.10682,16,16.88706],"rotation":{"angle":0,"axis":"y","origin":[17.75039,13.5,14.91602]},"faces":{"north":{"uv":[16,6.4375,15.375,7.0625],"texture":"#0"},"east":{"uv":[0.625,0,0.625,0.625],"texture":"#missing"},"south":{"uv":[15.375,6.4375,16,7.0625],"texture":"#0"},"west":{"uv":[0.625,0,0.625,0.625],"texture":"#missing"},"up":{"uv":[0.625,0,0.625,0.625],"rotation":270,"texture":"#missing"},"down":{"uv":[0.625,0,0.625,0.625],"rotation":90,"texture":"#missing"}}},{"from":[15.71011,11,7.58826],"to":[15.71011,16,12.58826],"rotation":{"angle":45,"axis":"y","origin":[17.75039,13.5,14.91602]},"faces":{"north":{"uv":[0,0,0,0.625],"texture":"#missing"},"east":{"uv":[14.625,6.4375,14,7.0625],"texture":"#0"},"south":{"uv":[0,0,0,0.625],"texture":"#missing"},"west":{"uv":[14,6.4375,14.625,7.0625],"texture":"#0"},"up":{"uv":[0,0,0,0.625],"texture":"#missing"},"down":{"uv":[0,0,0,0.625],"texture":"#missing"}}},{"from":[15.71011,11,3.41174],"to":[15.71011,16,8.41174],"rotation":{"angle":-45,"axis":"y","origin":[17.75039,13.5,1.08398]},"faces":{"north":{"uv":[0,0,0,0.625],"texture":"#missing"},"east":{"uv":[14,6.4375,14.625,7.0625],"texture":"#0"},"south":{"uv":[0,0,0,0.625],"texture":"#missing"},"west":{"uv":[14.625,6.4375,14,7.0625],"texture":"#0"},"up":{"uv":[0,0.625,0,0],"texture":"#missing"},"down":{"uv":[0,0.625,0,0],"texture":"#missing"}}},{"from":[14.73358,11,0.11064],"to":[20.73358,16,0.11064],"rotation":{"angle":22.5,"axis":"y","origin":[17.75039,13.5,1.08398]},"faces":{"north":{"uv":[15.375,6.4375,14.625,7.0625],"texture":"#0"},"east":{"uv":[0.625,0,0.625,0.625],"texture":"#missing"},"south":{"uv":[14.625,6.4375,15.375,7.0625],"texture":"#0"},"west":{"uv":[0.625,0,0.625,0.625],"texture":"#missing"},"up":{"uv":[0.625,0,0.625,0.75],"rotation":270,"texture":"#missing"},"down":{"uv":[0.625,0,0.625,0.75],"rotation":90,"texture":"#missing"}}},{"from":[20.10682,11,-0.88706],"to":[25.10682,16,-0.88706],"rotation":{"angle":0,"axis":"y","origin":[17.75039,13.5,1.08398]},"faces":{"north":{"uv":[16,6.4375,15.375,7.0625],"texture":"#0"},"east":{"uv":[0.625,0,0.625,0.625],"texture":"#missing"},"south":{"uv":[15.375,6.4375,16,7.0625],"texture":"#0"},"west":{"uv":[0.625,0,0.625,0.625],"texture":"#missing"},"up":{"uv":[0.625,0,0.625,0.625],"rotation":270,"texture":"#missing"},"down":{"uv":[0.625,0,0.625,0.625],"rotation":90,"texture":"#missing"}}},{"from":[10.5,19,5.75],"to":[10.5,24.5,10.25],"rotation":{"angle":0,"axis":"y","origin":[24,23.75,6.25]},"faces":{"north":{"uv":[0,0,0,11],"texture":"#3"},"east":{"uv":[0,0,9,11],"texture":"#3"},"south":{"uv":[0,0,0,11],"texture":"#3"},"west":{"uv":[9,0,0,11],"texture":"#3"},"up":{"uv":[0,9,0,0],"texture":"#3"},"down":{"uv":[0,0,0,9],"texture":"#3"}}},{"from":[8.5,20,-13.5],"to":[8.5,25.5,-9],"rotation":{"angle":-22.5,"axis":"x","origin":[20,14.82627,2.56668]},"faces":{"north":{"uv":[0,0,0,11],"texture":"#2"},"east":{"uv":[0,0,9,11],"texture":"#2"},"south":{"uv":[0,0,0,11],"texture":"#2"},"west":{"uv":[9,0,0,11],"texture":"#2"},"up":{"uv":[0,9,0,0],"texture":"#2"},"down":{"uv":[0,0,0,9],"texture":"#2"}}},{"from":[8.5,20,25],"to":[8.5,25.5,29.5],"rotation":{"angle":22.5,"axis":"x","origin":[20,14.82627,13.43332]},"faces":{"north":{"uv":[0,0,0,11],"texture":"#2"},"east":{"uv":[9,0,0,11],"texture":"#2"},"south":{"uv":[0,0,0,11],"texture":"#2"},"west":{"uv":[0,0,9,11],"texture":"#2"},"up":{"uv":[0,0,0,9],"texture":"#2"},"down":{"uv":[0,9,0,0],"texture":"#2"}}},{"from":[7.5,0.04502,13.09446],"to":[8.5,2.04502,15.09446],"rotation":{"angle":22.5,"axis":"x","origin":[8,-1.36507,14.77609]},"faces":{"north":{"uv":[3.25,0.875,3.375,0.625],"texture":"#0"},"east":{"uv":[2.25,2.3125,2.5,2.0625],"texture":"#0"},"south":{"uv":[3.25,0.875,3.375,0.625],"texture":"#0"},"west":{"uv":[2.5,2.3125,2.25,2.0625],"texture":"#0"},"up":{"uv":[3.375,0.625,3.25,0.875],"rotation":180,"texture":"#0"},"down":{"uv":[3.375,0.625,3.25,0.875],"rotation":180,"texture":"#0"}}},{"from":[7,-1.62078,15.34269],"to":[9,0.37922,16.34269],"rotation":{"angle":-22.5,"axis":"x","origin":[8,-1.36507,14.77609]},"faces":{"north":{"uv":[2.25,2.3125,2.5,2.5625],"rotation":180,"texture":"#0"},"east":{"uv":[1.625,2.6875,1.5,2.9375],"rotation":180,"texture":"#0"},"south":{"uv":[2.5,2.3125,2.25,2.5625],"rotation":180,"texture":"#0"},"west":{"uv":[1.625,2.6875,1.5,2.9375],"rotation":180,"texture":"#0"},"up":{"uv":[1.5,2.9375,1.625,2.6875],"rotation":90,"texture":"#0"},"down":{"uv":[1.5,2.9375,1.625,2.6875],"rotation":270,"texture":"#0"}}},{"from":[7.5,-1.83534,14.70815],"to":[8.5,0.16466,16.70815],"rotation":{"angle":45,"axis":"x","origin":[8,-1.36507,14.77609]},"faces":{"north":{"uv":[3.25,0.875,3.375,0.625],"texture":"#0"},"east":{"uv":[2.25,2.3125,2.5,2.0625],"texture":"#0"},"south":{"uv":[3.25,0.875,3.375,0.625],"texture":"#0"},"west":{"uv":[2.5,2.3125,2.25,2.0625],"texture":"#0"},"up":{"uv":[3.375,0.625,3.25,0.875],"rotation":180,"texture":"#0"},"down":{"uv":[3.375,0.625,3.25,0.875],"rotation":180,"texture":"#0"}}},{"from":[7,-4.09672,15.4747],"to":[9,-2.09672,16.4747],"rotation":{"angle":0,"axis":"y","origin":[8,-1.86507,14.87609]},"faces":{"north":{"uv":[2.5,2.5625,2.25,2.3125],"texture":"#0"},"east":{"uv":[1.5,2.9375,1.625,2.6875],"texture":"#0"},"south":{"uv":[2.25,2.5625,2.5,2.3125],"texture":"#0"},"west":{"uv":[1.5,2.9375,1.625,2.6875],"texture":"#0"},"up":{"uv":[1.625,2.6875,1.5,2.9375],"rotation":270,"texture":"#0"},"down":{"uv":[1.625,2.6875,1.5,2.9375],"rotation":90,"texture":"#0"}}},{"from":[7.5,-5.55125,13.65388],"to":[8.5,-3.55125,15.65388],"rotation":{"angle":-22.5,"axis":"x","origin":[8,-1.86507,14.87609]},"faces":{"north":{"uv":[3.25,0.875,3.375,0.625],"rotation":180,"texture":"#0"},"east":{"uv":[2.5,2.0625,2.25,2.3125],"rotation":90,"texture":"#0"},"south":{"uv":[3.25,0.875,3.375,0.625],"texture":"#0"},"west":{"uv":[2.25,2.0625,2.5,2.3125],"rotation":270,"texture":"#0"},"up":{"uv":[3.375,0.625,3.25,0.875],"texture":"#0"},"down":{"uv":[3.375,0.625,3.25,0.875],"rotation":180,"texture":"#0"}}},{"from":[7.5,0.04502,0.90554],"to":[8.5,2.04502,2.90554],"rotation":{"angle":-22.5,"axis":"x","origin":[8,-1.36507,1.22391]},"faces":{"north":{"uv":[3.375,0.875,3.25,0.625],"texture":"#0"},"east":{"uv":[2.5,2.3125,2.25,2.0625],"texture":"#0"},"south":{"uv":[3.375,0.875,3.25,0.625],"texture":"#0"},"west":{"uv":[2.25,2.3125,2.5,2.0625],"texture":"#0"},"up":{"uv":[3.375,0.875,3.25,0.625],"rotation":180,"texture":"#0"},"down":{"uv":[3.375,0.875,3.25,0.625],"rotation":180,"texture":"#0"}}},{"from":[7,-1.62078,-0.34269],"to":[9,0.37922,0.65731],"rotation":{"angle":22.5,"axis":"x","origin":[8,-1.36507,1.22391]},"faces":{"north":{"uv":[2.25,2.3125,2.5,2.5625],"rotation":180,"texture":"#0"},"east":{"uv":[1.5,2.6875,1.625,2.9375],"rotation":180,"texture":"#0"},"south":{"uv":[2.5,2.3125,2.25,2.5625],"rotation":180,"texture":"#0"},"west":{"uv":[1.5,2.6875,1.625,2.9375],"rotation":180,"texture":"#0"},"up":{"uv":[1.625,2.9375,1.5,2.6875],"rotation":90,"texture":"#0"},"down":{"uv":[1.625,2.9375,1.5,2.6875],"rotation":270,"texture":"#0"}}},{"from":[7.5,-1.83534,-0.70815],"to":[8.5,0.16466,1.29185],"rotation":{"angle":-45,"axis":"x","origin":[8,-1.36507,1.22391]},"faces":{"north":{"uv":[3.375,0.875,3.25,0.625],"texture":"#0"},"east":{"uv":[2.5,2.3125,2.25,2.0625],"texture":"#0"},"south":{"uv":[3.375,0.875,3.25,0.625],"texture":"#0"},"west":{"uv":[2.25,2.3125,2.5,2.0625],"texture":"#0"},"up":{"uv":[3.375,0.875,3.25,0.625],"rotation":180,"texture":"#0"},"down":{"uv":[3.375,0.875,3.25,0.625],"rotation":180,"texture":"#0"}}},{"from":[7,-4.09672,-0.4747],"to":[9,-2.09672,0.5253],"rotation":{"angle":0,"axis":"y","origin":[8,-1.86507,1.12391]},"faces":{"north":{"uv":[2.5,2.5625,2.25,2.3125],"texture":"#0"},"east":{"uv":[1.625,2.9375,1.5,2.6875],"texture":"#0"},"south":{"uv":[2.25,2.5625,2.5,2.3125],"texture":"#0"},"west":{"uv":[1.625,2.9375,1.5,2.6875],"texture":"#0"},"up":{"uv":[1.5,2.6875,1.625,2.9375],"rotation":270,"texture":"#0"},"down":{"uv":[1.5,2.6875,1.625,2.9375],"rotation":90,"texture":"#0"}}},{"from":[7.5,-5.55125,0.34612],"to":[8.5,-3.55125,2.34612],"rotation":{"angle":22.5,"axis":"x","origin":[8,-1.86507,1.12391]},"faces":{"north":{"uv":[3.375,0.875,3.25,0.625],"texture":"#0"},"east":{"uv":[2.5,2.3125,2.25,2.0625],"rotation":90,"texture":"#0"},"south":{"uv":[3.375,0.875,3.25,0.625],"rotation":180,"texture":"#0"},"west":{"uv":[2.25,2.3125,2.5,2.0625],"rotation":270,"texture":"#0"},"up":{"uv":[3.375,0.875,3.25,0.625],"texture":"#0"},"down":{"uv":[3.375,0.875,3.25,0.625],"rotation":180,"texture":"#0"}}}],"gui_light":"front","display":{"thirdperson_righthand":{"rotation":[67.5,90,0],"translation":[0,1,0],"scale":[0.28906,0.28906,0.28906]},"thirdperson_lefthand":{"rotation":[67.5,90,0],"translation":[-6,-7.75,9],"scale":[0.9,0.9,0.9]},"firstperson_righthand":{"rotation":[0,-90,0],"translation":[1.5,3,0],"scale":[0.34219,0.34219,0.34219]},"firstperson_lefthand":{"translation":[16,0,0],"scale":[0,0,0]},"ground":{"translation":[0,11,0],"scale":[0.6,0.6,0.6]},"gui":{"rotation":[0,90,0],"translation":[0,-0.75,-1.5],"scale":[0.33984,0.33984,0.33984]},"head":{"scale":[0,0,0]},"fixed":{"rotation":[0,90,0],"translation":[0,-0.5,-5],"scale":[1.8,1.8,1.8]}},"groups":[{"name":"group","origin":[8,-12,8],"color":0,"children":[]},0,1,2,3,4,5,6,7,8,9,10,11,12,13,14,15,16,17,18,19,20,21,22,23,24,25,26,27,28,29,30,31,32,33,{"name":"group","origin":[8.31781,26.13746,4],"color":0,"children":[]},{"name":"group","origin":[7.75,8.5,-7.65],"color":0,"children":[34,35,36,37,38,39,40,41,42,43,44,45,46,47,48,49,50,51,52]},{"name":"group","origin":[8,5.81499,8],"color":0,"children":[53,54,55,56,57,58,59,60]},61,62,63,64,{"name":"group","origin":[8,-12,8],"color":0,"children":[65,66,67,68]},{"name":"group","origin":[8,-12,8],"color":0,"children":[69,70,71,72]},{"name":"group","origin":[8,-12,8],"color":0,"children":[73,74,75,76]},77,78,79,80,81,82,83,84,85,86,87,88,89,90,91,92,93,94,95]}