{
   "credit":"Made with Blockbench",
   "texture_size":[
      128,
      128
   ],
   "textures":{
      "0":"elitecreatures:thanks_giving_2023_v2/thanksgiving_texture_01",
      "particle":"elitecreatures:thanks_giving_2023_v2/thanksgiving_texture_01"
   },
   "elements":[
      {
         "from":[
            3.5,
            1.5,
            3.5
         ],
         "to":[
            12.5,
            5.5,
            12.5
         ],
         "rotation":{
            "angle":0,
            "axis":"y",
            "origin":[
               0,
               0,
               -2
            ]
         },
         "faces":{
            "north":{
               "uv":[
                  6.125,
                  6.5,
                  7.25,
                  7
               ],
               "texture":"#0"
            },
            "east":{
               "uv":[
                  5,
                  6.8125,
                  6.125,
                  7.3125
               ],
               "texture":"#0"
            },
            "south":{
               "uv":[
                  6,
                  8.625,
                  7.125,
                  9.125
               ],
               "texture":"#0"
            },
            "west":{
               "uv":[
                  5,
                  6.8125,
                  6.125,
                  7.3125
               ],
               "texture":"#0"
            },
            "up":{
               "uv":[
                  5,
                  7.3125,
                  6.125,
                  8.4375
               ],
               "texture":"#0"
            },
            "down":{
               "uv":[
                  5,
                  7.3125,
                  6.125,
                  8.4375
               ],
               "texture":"#0"
            }
         }
      },
      {
         "from":[
            4,
            5.5,
            4
         ],
         "to":[
            12,
            10.5,
            12
         ],
         "rotation":{
            "angle":0,
            "axis":"y",
            "origin":[
               0,
               0,
               -2
            ]
         },
         "faces":{
            "north":{
               "uv":[
                  5,
                  8.4375,
                  6,
                  9.0625
               ],
               "texture":"#0"
            },
            "east":{
               "uv":[
                  6.125,
                  8,
                  7.125,
                  8.625
               ],
               "texture":"#0"
            },
            "south":{
               "uv":[
                  5,
                  8.4375,
                  6,
                  9.0625
               ],
               "texture":"#0"
            },
            "west":{
               "uv":[
                  6.125,
                  8,
                  7.125,
                  8.625
               ],
               "texture":"#0"
            },
            "up":{
               "uv":[
                  6.125,
                  7,
                  7.125,
                  8
               ],
               "texture":"#0"
            },
            "down":{
               "uv":[
                  6.125,
                  7,
                  7.125,
                  8
               ],
               "texture":"#0"
            }
         }
      },
      {
         "from":[
            3.3,
            1.5,
            5.5
         ],
         "to":[
            3.3,
            10.5,
            11.5
         ],
         "rotation":{
            "angle":-22.5,
            "axis":"y",
            "origin":[
               4.32731,
               6,
               8.37269
            ]
         },
         "faces":{
            "north":{
               "uv":[
                  0,
                  0,
                  0,
                  0.875
               ],
               "texture":"#missing"
            },
            "east":{
               "uv":[
                  3.5,
                  7.5625,
                  2.75,
                  8.6875
               ],
               "texture":"#0"
            },
            "south":{
               "uv":[
                  0,
                  0,
                  0,
                  0.875
               ],
               "texture":"#missing"
            },
            "west":{
               "uv":[
                  2.75,
                  7.5625,
                  3.5,
                  8.6875
               ],
               "texture":"#0"
            },
            "up":{
               "uv":[
                  0,
                  0,
                  0,
                  0.625
               ],
               "texture":"#missing"
            },
            "down":{
               "uv":[
                  0,
                  0,
                  0,
                  0.625
               ],
               "texture":"#missing"
            }
         }
      },
      {
         "from":[
            12.7,
            1.5,
            5.5
         ],
         "to":[
            12.7,
            10.5,
            11.5
         ],
         "rotation":{
            "angle":22.5,
            "axis":"y",
            "origin":[
               11.72731,
               6,
               8.37269
            ]
         },
         "faces":{
            "north":{
               "uv":[
                  0,
                  0,
                  0,
                  0.875
               ],
               "texture":"#missing"
            },
            "east":{
               "uv":[
                  3.5,
                  7.5625,
                  2.75,
                  8.6875
               ],
               "texture":"#0"
            },
            "south":{
               "uv":[
                  0,
                  0,
                  0,
                  0.875
               ],
               "texture":"#missing"
            },
            "west":{
               "uv":[
                  2.75,
                  7.5625,
                  3.5,
                  8.6875
               ],
               "texture":"#0"
            },
            "up":{
               "uv":[
                  0,
                  0,
                  0,
                  0.625
               ],
               "texture":"#missing"
            },
            "down":{
               "uv":[
                  0,
                  0,
                  0,
                  0.625
               ],
               "texture":"#missing"
            }
         }
      },
      {
         "from":[
            -3,
            1.49896,
            11.17269
         ],
         "to":[
            5,
            4.49896,
            11.17269
         ],
         "rotation":{
            "angle":0,
            "axis":"y",
            "origin":[
               2.3,
               5.84358,
               11.27269
            ]
         },
         "faces":{
            "north":{
               "uv":[
                  0.875,
                  6.25,
                  0.5,
                  5.25
               ],
               "rotation":270,
               "texture":"#0"
            },
            "east":{
               "uv":[
                  0,
                  0,
                  0,
                  0.375
               ],
               "rotation":180,
               "texture":"#0"
            },
            "south":{
               "uv":[
                  0.5,
                  6.25,
                  0.875,
                  5.25
               ],
               "rotation":90,
               "texture":"#0"
            },
            "west":{
               "uv":[
                  0,
                  0,
                  0,
                  0.375
               ],
               "texture":"#0"
            },
            "up":{
               "uv":[
                  0,
                  1,
                  0,
                  0
               ],
               "rotation":90,
               "texture":"#0"
            },
            "down":{
               "uv":[
                  0,
                  1,
                  0,
                  0
               ],
               "rotation":90,
               "texture":"#0"
            }
         }
      },
      {
         "from":[
            -3,
            3.61492,
            11.37269
         ],
         "to":[
            5,
            6.61492,
            11.37269
         ],
         "rotation":{
            "angle":-22.5,
            "axis":"z",
            "origin":[
               2.3,
               5.84358,
               11.27269
            ]
         },
         "faces":{
            "north":{
               "uv":[
                  1.25,
                  6.25,
                  0.875,
                  5.25
               ],
               "rotation":270,
               "texture":"#0"
            },
            "east":{
               "uv":[
                  0,
                  0,
                  0,
                  0.375
               ],
               "rotation":180,
               "texture":"#0"
            },
            "south":{
               "uv":[
                  0.875,
                  6.25,
                  1.25,
                  5.25
               ],
               "rotation":90,
               "texture":"#0"
            },
            "west":{
               "uv":[
                  0,
                  0,
                  0,
                  0.375
               ],
               "texture":"#0"
            },
            "up":{
               "uv":[
                  0,
                  1,
                  0,
                  0
               ],
               "rotation":90,
               "texture":"#0"
            },
            "down":{
               "uv":[
                  0,
                  1,
                  0,
                  0
               ],
               "rotation":90,
               "texture":"#0"
            }
         }
      },
      {
         "from":[
            -3.5,
            4.99613,
            11.17269
         ],
         "to":[
            4.5,
            7.99613,
            11.17269
         ],
         "rotation":{
            "angle":-45,
            "axis":"z",
            "origin":[
               2.3,
               5.84358,
               11.27269
            ]
         },
         "faces":{
            "north":{
               "uv":[
                  0.875,
                  6.25,
                  0.5,
                  5.25
               ],
               "rotation":270,
               "texture":"#0"
            },
            "east":{
               "uv":[
                  0,
                  0,
                  0,
                  0.375
               ],
               "rotation":180,
               "texture":"#0"
            },
            "south":{
               "uv":[
                  0.5,
                  6.25,
                  0.875,
                  5.25
               ],
               "rotation":90,
               "texture":"#0"
            },
            "west":{
               "uv":[
                  0,
                  0,
                  0,
                  0.375
               ],
               "texture":"#0"
            },
            "up":{
               "uv":[
                  0,
                  1,
                  0,
                  0
               ],
               "rotation":90,
               "texture":"#0"
            },
            "down":{
               "uv":[
                  0,
                  1,
                  0,
                  0
               ],
               "rotation":90,
               "texture":"#0"
            }
         }
      },
      {
         "from":[
            3,
            4,
            11.37269
         ],
         "to":[
            6,
            12,
            11.37269
         ],
         "rotation":{
            "angle":22.5,
            "axis":"z",
            "origin":[
               2.3,
               5.84358,
               11.27269
            ]
         },
         "faces":{
            "north":{
               "uv":[
                  0.875,
                  5.25,
                  1.25,
                  6.25
               ],
               "texture":"#0"
            },
            "east":{
               "uv":[
                  0,
                  0,
                  0,
                  1
               ],
               "texture":"#0"
            },
            "south":{
               "uv":[
                  1.25,
                  5.25,
                  0.875,
                  6.25
               ],
               "texture":"#0"
            },
            "west":{
               "uv":[
                  0,
                  0,
                  0,
                  1
               ],
               "texture":"#0"
            },
            "up":{
               "uv":[
                  0,
                  0.375,
                  0,
                  0
               ],
               "rotation":270,
               "texture":"#0"
            },
            "down":{
               "uv":[
                  0,
                  0.375,
                  0,
                  0
               ],
               "rotation":90,
               "texture":"#0"
            }
         }
      },
      {
         "from":[
            10,
            4,
            11.37269
         ],
         "to":[
            13,
            12,
            11.37269
         ],
         "rotation":{
            "angle":-22.5,
            "axis":"z",
            "origin":[
               13.7,
               5.84358,
               11.27269
            ]
         },
         "faces":{
            "north":{
               "uv":[
                  1.25,
                  5.25,
                  0.875,
                  6.25
               ],
               "texture":"#0"
            },
            "east":{
               "uv":[
                  0,
                  0,
                  0,
                  1
               ],
               "texture":"#0"
            },
            "south":{
               "uv":[
                  0.875,
                  5.25,
                  1.25,
                  6.25
               ],
               "texture":"#0"
            },
            "west":{
               "uv":[
                  0,
                  0,
                  0,
                  1
               ],
               "texture":"#0"
            },
            "up":{
               "uv":[
                  0,
                  0,
                  0,
                  0.375
               ],
               "rotation":270,
               "texture":"#0"
            },
            "down":{
               "uv":[
                  0,
                  0,
                  0,
                  0.375
               ],
               "rotation":90,
               "texture":"#0"
            }
         }
      },
      {
         "from":[
            11.5,
            4.99613,
            11.17269
         ],
         "to":[
            19.5,
            7.99613,
            11.17269
         ],
         "rotation":{
            "angle":45,
            "axis":"z",
            "origin":[
               13.7,
               5.84358,
               11.27269
            ]
         },
         "faces":{
            "north":{
               "uv":[
                  0.875,
                  5.25,
                  0.5,
                  6.25
               ],
               "rotation":270,
               "texture":"#0"
            },
            "east":{
               "uv":[
                  0,
                  0,
                  0,
                  0.375
               ],
               "texture":"#0"
            },
            "south":{
               "uv":[
                  0.5,
                  5.25,
                  0.875,
                  6.25
               ],
               "rotation":90,
               "texture":"#0"
            },
            "west":{
               "uv":[
                  0,
                  0,
                  0,
                  0.375
               ],
               "rotation":180,
               "texture":"#0"
            },
            "up":{
               "uv":[
                  0,
                  0,
                  0,
                  1
               ],
               "rotation":90,
               "texture":"#0"
            },
            "down":{
               "uv":[
                  0,
                  0,
                  0,
                  1
               ],
               "rotation":90,
               "texture":"#0"
            }
         }
      },
      {
         "from":[
            11,
            3.61492,
            11.37269
         ],
         "to":[
            19,
            6.61492,
            11.37269
         ],
         "rotation":{
            "angle":22.5,
            "axis":"z",
            "origin":[
               13.7,
               5.84358,
               11.27269
            ]
         },
         "faces":{
            "north":{
               "uv":[
                  1.25,
                  5.25,
                  0.875,
                  6.25
               ],
               "rotation":270,
               "texture":"#0"
            },
            "east":{
               "uv":[
                  0,
                  0,
                  0,
                  0.375
               ],
               "texture":"#0"
            },
            "south":{
               "uv":[
                  0.875,
                  5.25,
                  1.25,
                  6.25
               ],
               "rotation":90,
               "texture":"#0"
            },
            "west":{
               "uv":[
                  0,
                  0,
                  0,
                  0.375
               ],
               "rotation":180,
               "texture":"#0"
            },
            "up":{
               "uv":[
                  0,
                  0,
                  0,
                  1
               ],
               "rotation":90,
               "texture":"#0"
            },
            "down":{
               "uv":[
                  0,
                  0,
                  0,
                  1
               ],
               "rotation":90,
               "texture":"#0"
            }
         }
      },
      {
         "from":[
            11,
            1.49896,
            11.17269
         ],
         "to":[
            19,
            4.49896,
            11.17269
         ],
         "rotation":{
            "angle":0,
            "axis":"y",
            "origin":[
               13.7,
               5.84358,
               11.27269
            ]
         },
         "faces":{
            "north":{
               "uv":[
                  0.875,
                  5.25,
                  0.5,
                  6.25
               ],
               "rotation":270,
               "texture":"#0"
            },
            "east":{
               "uv":[
                  0,
                  0,
                  0,
                  0.375
               ],
               "texture":"#0"
            },
            "south":{
               "uv":[
                  0.5,
                  5.25,
                  0.875,
                  6.25
               ],
               "rotation":90,
               "texture":"#0"
            },
            "west":{
               "uv":[
                  0,
                  0,
                  0,
                  0.375
               ],
               "rotation":180,
               "texture":"#0"
            },
            "up":{
               "uv":[
                  0,
                  0,
                  0,
                  1
               ],
               "rotation":90,
               "texture":"#0"
            },
            "down":{
               "uv":[
                  0,
                  0,
                  0,
                  1
               ],
               "rotation":90,
               "texture":"#0"
            }
         }
      },
      {
         "from":[
            6.5,
            2.5,
            1.6
         ],
         "to":[
            9.5,
            5,
            2.6
         ],
         "rotation":{
            "angle":22.5,
            "axis":"x",
            "origin":[
               0,
               0,
               -0.5
            ]
         },
         "faces":{
            "north":{
               "uv":[
                  1.6875,
                  8.5625,
                  2.0625,
                  8.875
               ],
               "texture":"#0"
            },
            "east":{
               "uv":[
                  2.0625,
                  8.5625,
                  2.1875,
                  8.875
               ],
               "texture":"#0"
            },
            "south":{
               "uv":[
                  1.6875,
                  8.5625,
                  2.0625,
                  8.875
               ],
               "texture":"#0"
            },
            "west":{
               "uv":[
                  2.0625,
                  8.5625,
                  2.1875,
                  8.875
               ],
               "texture":"#0"
            },
            "up":{
               "uv":[
                  1.6875,
                  8.875,
                  2.0625,
                  9
               ],
               "texture":"#0"
            },
            "down":{
               "uv":[
                  1.6875,
                  8.875,
                  2.0625,
                  9
               ],
               "texture":"#0"
            }
         }
      },
      {
         "from":[
            2,
            0,
            2
         ],
         "to":[
            14,
            1.5,
            14
         ],
         "faces":{
            "north":{
               "uv":[
                  3.5,
                  8.5,
                  5,
                  8.6875
               ],
               "texture":"#0"
            },
            "east":{
               "uv":[
                  3.5,
                  8.6875,
                  5,
                  8.875
               ],
               "texture":"#0"
            },
            "south":{
               "uv":[
                  3.5,
                  8.5,
                  5,
                  8.6875
               ],
               "texture":"#0"
            },
            "west":{
               "uv":[
                  3.5,
                  8.6875,
                  5,
                  8.875
               ],
               "texture":"#0"
            },
            "up":{
               "uv":[
                  3.5,
                  7,
                  5,
                  8.5
               ],
               "texture":"#0"
            },
            "down":{
               "uv":[
                  3.5,
                  7,
                  5,
                  8.5
               ],
               "texture":"#0"
            }
         }
      }
   ],
   "gui_light":"front",
   "display":{
      "thirdperson_righthand":{
         "rotation":[
            64.35,
            20,
            1.11
         ],
         "translation":[
            0,
            2.75,
            0.5
         ],
         "scale":[
            0.53086,
            0.53086,
            0.53086
         ]
      },
      "thirdperson_lefthand":{
         "rotation":[
            64.35,
            20,
            1.11
         ],
         "translation":[
            0,
            2.75,
            0.5
         ],
         "scale":[
            0.53086,
            0.53086,
            0.53086
         ]
      },
      "firstperson_righthand":{
         "rotation":[
            -164.18,
            50.43,
            167.69
         ],
         "translation":[
            -2.5,
            5,
            -0.5
         ],
         "scale":[
            0.6,
            0.6,
            0.6
         ]
      },
      "firstperson_lefthand":{
         "rotation":[
            -164.18,
            50.43,
            167.69
         ],
         "translation":[
            -2.5,
            5,
            -0.5
         ],
         "scale":[
            0.6,
            0.6,
            0.6
         ]
      },
      "ground":{
         "translation":[
            0,
            3.75,
            0
         ],
         "scale":[
            0.82,
            0.82,
            0.82
         ]
      },
      "gui":{
         "rotation":[
            19,
            163,
            0
         ],
         "translation":[
            -0.25,
            1,
            0
         ],
         "scale":[
            0.69922,
            0.69922,
            0.69922
         ]
      },
      "head":{
         "translation":[
            0,
            16.5,
            0.25
         ],
         "scale":[
            1.6,
            1.6,
            1.6
         ]
      },
      "fixed":{
         "translation":[
            0,
            3,
            -8
         ],
         "scale":[
            1.88867,
            1.88867,
            1.88867
         ]
      }
   },
   "groups":[
      {
         "name":"group",
         "origin":[
            14,
            17.5,
            1.5
         ],
         "color":0,
         "boneType":"",
         "children":[
            
         ]
      },
      {
         "name":"group",
         "origin":[
            14,
            17.5,
            1.5
         ],
         "color":0,
         "boneType":"",
         "children":[
            
         ]
      },
      0,
      1,
      2,
      3,
      4,
      5,
      6,
      7,
      8,
      9,
      10,
      11,
      12,
      13
   ]
}