{
   "credit":"Made with Blockbench",
   "texture_size":[
      128,
      128
   ],
   "textures":{
      "0":"elitecreatures:thanks_giving_2023_v2/thanksgiving_texture_01",
      "particle":"elitecreatures:thanks_giving_2023_v2/thanksgiving_texture_01"
   },
   "elements":[
      {
         "from":[
            7,
            -13,
            7
         ],
         "to":[
            9,
            -3,
            9
         ],
         "rotation":{
            "angle":0,
            "axis":"y",
            "origin":[
               0,
               -1,
               0
            ]
         },
         "faces":{
            "north":{
               "uv":[
                  0,
                  0,
                  0.25,
                  1.25
               ],
               "texture":"#0"
            },
            "east":{
               "uv":[
                  0.25,
                  0,
                  0.5,
                  1.25
               ],
               "texture":"#0"
            },
            "south":{
               "uv":[
                  0,
                  0,
                  0.25,
                  1.25
               ],
               "texture":"#0"
            },
            "west":{
               "uv":[
                  0.25,
                  0,
                  0.5,
                  1.25
               ],
               "texture":"#0"
            },
            "up":{
               "uv":[
                  0,
                  1.25,
                  0.25,
                  1.5
               ],
               "texture":"#0"
            },
            "down":{
               "uv":[
                  0,
                  1.25,
                  0.25,
                  1.5
               ],
               "texture":"#0"
            }
         }
      },
      {
         "from":[
            7,
            -3,
            7
         ],
         "to":[
            9,
            1,
            9
         ],
         "rotation":{
            "angle":0,
            "axis":"y",
            "origin":[
               0,
               -1,
               0
            ]
         },
         "faces":{
            "north":{
               "uv":[
                  0.25,
                  0,
                  0,
                  0.5
               ],
               "texture":"#0"
            },
            "east":{
               "uv":[
                  0.25,
                  0.75,
                  0.5,
                  1.25
               ],
               "texture":"#0"
            },
            "south":{
               "uv":[
                  0,
                  0,
                  0.25,
                  0.5
               ],
               "texture":"#0"
            },
            "west":{
               "uv":[
                  0.25,
                  0.75,
                  0.5,
                  1.25
               ],
               "texture":"#0"
            },
            "up":{
               "uv":[
                  0,
                  1.25,
                  0.25,
                  1.5
               ],
               "texture":"#0"
            },
            "down":{
               "uv":[
                  0,
                  1.25,
                  0.25,
                  1.5
               ],
               "texture":"#0"
            }
         }
      },
      {
         "from":[
            6.75,
            -14,
            8.5
         ],
         "to":[
            9.25,
            -11.5,
            11
         ],
         "rotation":{
            "angle":0,
            "axis":"y",
            "origin":[
               7,
               11.5,
               8
            ]
         },
         "faces":{
            "north":{
               "uv":[
                  0.8125,
                  0.625,
                  0.5,
                  0.9375
               ],
               "texture":"#0"
            },
            "east":{
               "uv":[
                  0.5,
                  0.3125,
                  0.8125,
                  0
               ],
               "texture":"#0"
            },
            "south":{
               "uv":[
                  0.8125,
                  0.625,
                  0.5,
                  0.3125
               ],
               "texture":"#0"
            },
            "west":{
               "uv":[
                  0.8125,
                  0.3125,
                  0.5,
                  0
               ],
               "texture":"#0"
            },
            "up":{
               "uv":[
                  0.5,
                  0.625,
                  0.8125,
                  0.9375
               ],
               "texture":"#0"
            },
            "down":{
               "uv":[
                  0.5,
                  0.9375,
                  0.8125,
                  1.25
               ],
               "texture":"#0"
            }
         }
      },
      {
         "from":[
            5,
            0,
            5
         ],
         "to":[
            11,
            6,
            11
         ],
         "rotation":{
            "angle":-45,
            "axis":"y",
            "origin":[
               8,
               3,
               8
            ]
         },
         "faces":{
            "north":{
               "uv":[
                  0.75,
                  3.75,
                  1.5,
                  4.5
               ],
               "texture":"#0"
            },
            "east":{
               "uv":[
                  0.75,
                  3.75,
                  1.5,
                  4.5
               ],
               "texture":"#0"
            },
            "south":{
               "uv":[
                  0.75,
                  3.75,
                  1.5,
                  4.5
               ],
               "texture":"#0"
            },
            "west":{
               "uv":[
                  0.75,
                  3.75,
                  1.5,
                  4.5
               ],
               "texture":"#0"
            },
            "up":{
               "uv":[
                  0.75,
                  4.5,
                  1.5,
                  5.25
               ],
               "texture":"#0"
            },
            "down":{
               "uv":[
                  0.75,
                  4.5,
                  1.5,
                  5.25
               ],
               "texture":"#0"
            }
         }
      },
      {
         "from":[
            5,
            -0.1,
            5
         ],
         "to":[
            11,
            6.1,
            11
         ],
         "rotation":{
            "angle":0,
            "axis":"y",
            "origin":[
               8,
               -9,
               8
            ]
         },
         "faces":{
            "north":{
               "uv":[
                  0.75,
                  3.75,
                  1.5,
                  4.5
               ],
               "texture":"#0"
            },
            "east":{
               "uv":[
                  0.75,
                  3.75,
                  1.5,
                  4.5
               ],
               "texture":"#0"
            },
            "south":{
               "uv":[
                  0.75,
                  3.75,
                  1.5,
                  4.5
               ],
               "texture":"#0"
            },
            "west":{
               "uv":[
                  0.75,
                  3.75,
                  1.5,
                  4.5
               ],
               "texture":"#0"
            },
            "up":{
               "uv":[
                  0.75,
                  4.5,
                  1.5,
                  5.25
               ],
               "rotation":90,
               "texture":"#0"
            },
            "down":{
               "uv":[
                  0.75,
                  4.5,
                  1.5,
                  5.25
               ],
               "rotation":270,
               "texture":"#0"
            }
         }
      },
      {
         "from":[
            9,
            6,
            6
         ],
         "to":[
            9,
            9.5,
            9
         ],
         "rotation":{
            "angle":-22.5,
            "axis":"x",
            "origin":[
               9,
               7.75,
               8
            ]
         },
         "faces":{
            "north":{
               "uv":[
                  0,
                  0,
                  0,
                  0.4375
               ],
               "texture":"#missing"
            },
            "east":{
               "uv":[
                  1.875,
                  3.875,
                  1.5,
                  4.3125
               ],
               "texture":"#0"
            },
            "south":{
               "uv":[
                  0,
                  0,
                  0,
                  0.4375
               ],
               "texture":"#missing"
            },
            "west":{
               "uv":[
                  1.5,
                  3.875,
                  1.875,
                  4.3125
               ],
               "texture":"#0"
            },
            "up":{
               "uv":[
                  0,
                  0,
                  0,
                  0.5
               ],
               "texture":"#missing"
            },
            "down":{
               "uv":[
                  0,
                  0,
                  0,
                  0.5
               ],
               "texture":"#missing"
            }
         }
      },
      {
         "from":[
            7,
            6,
            6
         ],
         "to":[
            7,
            9.5,
            9
         ],
         "rotation":{
            "angle":-22.5,
            "axis":"x",
            "origin":[
               7,
               7.75,
               8
            ]
         },
         "faces":{
            "north":{
               "uv":[
                  0,
                  0,
                  0,
                  0.4375
               ],
               "texture":"#missing"
            },
            "east":{
               "uv":[
                  1.875,
                  3.875,
                  1.5,
                  4.3125
               ],
               "texture":"#0"
            },
            "south":{
               "uv":[
                  0,
                  0,
                  0,
                  0.4375
               ],
               "texture":"#missing"
            },
            "west":{
               "uv":[
                  1.5,
                  3.875,
                  1.875,
                  4.3125
               ],
               "texture":"#0"
            },
            "up":{
               "uv":[
                  0,
                  0,
                  0,
                  0.5
               ],
               "texture":"#missing"
            },
            "down":{
               "uv":[
                  0,
                  0,
                  0,
                  0.5
               ],
               "texture":"#missing"
            }
         }
      },
      {
         "from":[
            6.75,
            -14,
            5
         ],
         "to":[
            9.25,
            -11.5,
            7.5
         ],
         "rotation":{
            "angle":0,
            "axis":"y",
            "origin":[
               7,
               11.5,
               8
            ]
         },
         "faces":{
            "north":{
               "uv":[
                  0.5,
                  0.625,
                  0.8125,
                  0.3125
               ],
               "texture":"#0"
            },
            "east":{
               "uv":[
                  0.8125,
                  0.3125,
                  0.5,
                  0
               ],
               "texture":"#0"
            },
            "south":{
               "uv":[
                  0.5,
                  0.625,
                  0.8125,
                  0.9375
               ],
               "texture":"#0"
            },
            "west":{
               "uv":[
                  0.5,
                  0.3125,
                  0.8125,
                  0
               ],
               "texture":"#0"
            },
            "up":{
               "uv":[
                  0.5,
                  0.9375,
                  0.8125,
                  0.625
               ],
               "texture":"#0"
            },
            "down":{
               "uv":[
                  0.5,
                  1.25,
                  0.8125,
                  0.9375
               ],
               "texture":"#0"
            }
         }
      },
      {
         "from":[
            6.75,
            1,
            6.5
         ],
         "to":[
            9.25,
            4.5,
            9.5
         ],
         "rotation":{
            "angle":0,
            "axis":"y",
            "origin":[
               7,
               2.5,
               8
            ]
         },
         "color":4,
         "faces":{
            "north":{
               "uv":[
                  9,
                  6.5,
                  9.3125,
                  7.0625
               ],
               "texture":"#missing"
            },
            "east":{
               "uv":[
                  6.5,
                  6.5,
                  6.8125,
                  7.0625
               ],
               "texture":"#missing"
            },
            "south":{
               "uv":[
                  9,
                  6.5,
                  9.3125,
                  7.0625
               ],
               "texture":"#missing"
            },
            "west":{
               "uv":[
                  6.5,
                  6.5,
                  6.8125,
                  7.0625
               ],
               "texture":"#missing"
            },
            "up":{
               "uv":[
                  6.5,
                  10,
                  6.8125,
                  10.3125
               ],
               "texture":"#missing"
            },
            "down":{
               "uv":[
                  6.5,
                  10,
                  6.8125,
                  10.3125
               ],
               "texture":"#missing"
            }
         }
      },
      {
         "from":[
            6.25,
            -4,
            7.5
         ],
         "to":[
            9.75,
            1.5,
            9.5
         ],
         "rotation":{
            "angle":45,
            "axis":"x",
            "origin":[
               9,
               -1,
               8
            ]
         },
         "faces":{
            "north":{
               "uv":[
                  1.5625,
                  0,
                  2,
                  0.6875
               ],
               "texture":"#0"
            },
            "east":{
               "uv":[
                  1.3125,
                  0,
                  1.5625,
                  0.6875
               ],
               "texture":"#0"
            },
            "south":{
               "uv":[
                  1.5625,
                  0,
                  2,
                  0.6875
               ],
               "texture":"#0"
            },
            "west":{
               "uv":[
                  1.3125,
                  0,
                  1.5625,
                  0.6875
               ],
               "texture":"#0"
            },
            "up":{
               "uv":[
                  1.5625,
                  0.6875,
                  2,
                  0.9375
               ],
               "texture":"#0"
            },
            "down":{
               "uv":[
                  1.5625,
                  0.6875,
                  2,
                  0.9375
               ],
               "texture":"#0"
            }
         }
      },
      {
         "from":[
            6.55,
            -4,
            6.5
         ],
         "to":[
            9.45,
            1.5,
            8.5
         ],
         "rotation":{
            "angle":-45,
            "axis":"x",
            "origin":[
               9,
               -1,
               8
            ]
         },
         "faces":{
            "north":{
               "uv":[
                  1.875,
                  0,
                  1.5625,
                  0.6875
               ],
               "texture":"#0"
            },
            "east":{
               "uv":[
                  1.5625,
                  0,
                  1.3125,
                  0.6875
               ],
               "texture":"#0"
            },
            "south":{
               "uv":[
                  1.875,
                  0,
                  1.5625,
                  0.6875
               ],
               "texture":"#0"
            },
            "west":{
               "uv":[
                  1.5625,
                  0,
                  1.3125,
                  0.6875
               ],
               "texture":"#0"
            },
            "up":{
               "uv":[
                  1.5625,
                  0.9375,
                  1.875,
                  0.6875
               ],
               "texture":"#0"
            },
            "down":{
               "uv":[
                  1.5625,
                  0.9375,
                  1.875,
                  0.6875
               ],
               "texture":"#0"
            }
         }
      },
      {
         "from":[
            7.5,
            5,
            5
         ],
         "to":[
            8.5,
            23.5,
            11
         ],
         "rotation":{
            "angle":0,
            "axis":"y",
            "origin":[
               0,
               2,
               0
            ]
         },
         "faces":{
            "north":{
               "uv":[
                  3.25,
                  3.125,
                  3.375,
                  5.4375
               ],
               "texture":"#0"
            },
            "east":{
               "uv":[
                  3.125,
                  3.625,
                  2.375,
                  5.9375
               ],
               "texture":"#0"
            },
            "south":{
               "uv":[
                  3.125,
                  3.125,
                  3.25,
                  5.4375
               ],
               "texture":"#0"
            },
            "west":{
               "uv":[
                  2.375,
                  3.625,
                  3.125,
                  5.9375
               ],
               "texture":"#0"
            },
            "up":{
               "uv":[
                  1.3125,
                  0.75,
                  1.4375,
                  1.5
               ],
               "texture":"#0"
            },
            "down":{
               "uv":[
                  1.3125,
                  0.75,
                  1.4375,
                  1.5
               ],
               "texture":"#0"
            }
         }
      },
      {
         "from":[
            8,
            5,
            3
         ],
         "to":[
            8,
            32,
            13
         ],
         "rotation":{
            "angle":0,
            "axis":"y",
            "origin":[
               0,
               2,
               0
            ]
         },
         "faces":{
            "north":{
               "uv":[
                  3.25,
                  3.125,
                  3.375,
                  5.4375
               ],
               "texture":"#0"
            },
            "east":{
               "uv":[
                  12.5,
                  0,
                  13.75,
                  3.375
               ],
               "texture":"#0"
            },
            "south":{
               "uv":[
                  3.125,
                  3.125,
                  3.25,
                  5.4375
               ],
               "texture":"#0"
            },
            "west":{
               "uv":[
                  13.75,
                  0,
                  12.5,
                  3.375
               ],
               "texture":"#0"
            },
            "up":{
               "uv":[
                  1.3125,
                  0.75,
                  1.4375,
                  1.5
               ],
               "texture":"#0"
            },
            "down":{
               "uv":[
                  1.3125,
                  0.75,
                  1.4375,
                  1.5
               ],
               "texture":"#0"
            }
         }
      },
      {
         "from":[
            7.6,
            21.3,
            5.6
         ],
         "to":[
            8.4,
            25.2,
            9.5
         ],
         "rotation":{
            "angle":45,
            "axis":"x",
            "origin":[
               8,
               22.8,
               8
            ]
         },
         "faces":{
            "north":{
               "uv":[
                  1.125,
                  1.5,
                  1.25,
                  1.875
               ],
               "texture":"#0"
            },
            "east":{
               "uv":[
                  1,
                  1.5,
                  0.625,
                  1.875
               ],
               "texture":"#0"
            },
            "south":{
               "uv":[
                  1.125,
                  1.5,
                  1.25,
                  1.875
               ],
               "texture":"#0"
            },
            "west":{
               "uv":[
                  0.625,
                  1.5,
                  1,
                  1.875
               ],
               "texture":"#0"
            },
            "up":{
               "uv":[
                  1,
                  1.5,
                  1.125,
                  1.875
               ],
               "texture":"#0"
            },
            "down":{
               "uv":[
                  1,
                  1.5,
                  1.125,
                  1.875
               ],
               "texture":"#0"
            }
         }
      },
      {
         "from":[
            6.75,
            6,
            10.95
         ],
         "to":[
            9.25,
            8,
            12.95
         ],
         "rotation":{
            "angle":22.5,
            "axis":"x",
            "origin":[
               8,
               -2,
               12.75
            ]
         },
         "faces":{
            "north":{
               "uv":[
                  1.4375,
                  1.25,
                  1.75,
                  1
               ],
               "texture":"#0"
            },
            "east":{
               "uv":[
                  0.5,
                  1.25,
                  0.75,
                  1.5
               ],
               "rotation":180,
               "texture":"#0"
            },
            "south":{
               "uv":[
                  1.4375,
                  1,
                  1.75,
                  1.25
               ],
               "rotation":180,
               "texture":"#0"
            },
            "west":{
               "uv":[
                  0.5,
                  1.5,
                  0.75,
                  1.25
               ],
               "texture":"#0"
            },
            "up":{
               "uv":[
                  0.75,
                  1.5,
                  1.0625,
                  1.25
               ],
               "texture":"#0"
            },
            "down":{
               "uv":[
                  1.375,
                  1.5,
                  1.6875,
                  1.25
               ],
               "rotation":180,
               "texture":"#0"
            }
         }
      },
      {
         "from":[
            6.75,
            6,
            13.95
         ],
         "to":[
            9.25,
            8,
            15.95
         ],
         "rotation":{
            "angle":22.5,
            "axis":"x",
            "origin":[
               8,
               -2,
               12.75
            ]
         },
         "faces":{
            "north":{
               "uv":[
                  1.4375,
                  1,
                  1.75,
                  1.25
               ],
               "texture":"#0"
            },
            "east":{
               "uv":[
                  0.75,
                  1.25,
                  0.5,
                  1.5
               ],
               "rotation":180,
               "texture":"#0"
            },
            "south":{
               "uv":[
                  1.4375,
                  1,
                  1.75,
                  1.25
               ],
               "rotation":180,
               "texture":"#0"
            },
            "west":{
               "uv":[
                  0.75,
                  1.5,
                  0.5,
                  1.25
               ],
               "texture":"#0"
            },
            "up":{
               "uv":[
                  0.75,
                  1.25,
                  1.0625,
                  1.5
               ],
               "texture":"#0"
            },
            "down":{
               "uv":[
                  1.375,
                  1.25,
                  1.6875,
                  1.5
               ],
               "rotation":180,
               "texture":"#0"
            }
         }
      },
      {
         "from":[
            6.75,
            -0.5,
            2.25
         ],
         "to":[
            9.25,
            1.5,
            4.25
         ],
         "rotation":{
            "angle":0,
            "axis":"y",
            "origin":[
               8,
               0.5,
               3.25
            ]
         },
         "faces":{
            "north":{
               "uv":[
                  1.0625,
                  1.5,
                  0.75,
                  1.25
               ],
               "texture":"#0"
            },
            "east":{
               "uv":[
                  0.5,
                  1.5,
                  0.75,
                  1.25
               ],
               "rotation":90,
               "texture":"#0"
            },
            "south":{
               "uv":[
                  1.6875,
                  1.5,
                  1.375,
                  1.25
               ],
               "texture":"#0"
            },
            "west":{
               "uv":[
                  0.5,
                  1.25,
                  0.75,
                  1.5
               ],
               "rotation":90,
               "texture":"#0"
            },
            "up":{
               "uv":[
                  1.4375,
                  1,
                  1.75,
                  1.25
               ],
               "rotation":180,
               "texture":"#0"
            },
            "down":{
               "uv":[
                  1.4375,
                  1.25,
                  1.75,
                  1
               ],
               "rotation":180,
               "texture":"#0"
            }
         }
      },
      {
         "from":[
            7.25,
            5.5,
            13.5
         ],
         "to":[
            8.75,
            8.5,
            15.5
         ],
         "rotation":{
            "angle":22.5,
            "axis":"x",
            "origin":[
               13,
               1.53035,
               8.82503
            ]
         },
         "faces":{
            "north":{
               "uv":[
                  3.875,
                  2.375,
                  4.0625,
                  2.75
               ],
               "rotation":180,
               "texture":"#0"
            },
            "east":{
               "uv":[
                  3.625,
                  2.75,
                  3.875,
                  2.375
               ],
               "rotation":180,
               "texture":"#0"
            },
            "south":{
               "uv":[
                  3.875,
                  2.75,
                  4.0625,
                  2.375
               ],
               "texture":"#0"
            },
            "west":{
               "uv":[
                  3.625,
                  2.375,
                  3.875,
                  2.75
               ],
               "texture":"#0"
            },
            "up":{
               "uv":[
                  4.25,
                  2.625,
                  4.0625,
                  2.375
               ],
               "texture":"#0"
            },
            "down":{
               "uv":[
                  4.25,
                  2.625,
                  4.0625,
                  2.375
               ],
               "rotation":180,
               "texture":"#0"
            }
         }
      },
      {
         "from":[
            6.75,
            6,
            3.05
         ],
         "to":[
            9.25,
            8,
            5.05
         ],
         "rotation":{
            "angle":-22.5,
            "axis":"x",
            "origin":[
               8,
               -2,
               3.25
            ]
         },
         "faces":{
            "north":{
               "uv":[
                  1.75,
                  1,
                  1.4375,
                  1.25
               ],
               "rotation":180,
               "texture":"#0"
            },
            "east":{
               "uv":[
                  0.75,
                  1.25,
                  0.5,
                  1.5
               ],
               "rotation":180,
               "texture":"#0"
            },
            "south":{
               "uv":[
                  1.75,
                  1.25,
                  1.4375,
                  1
               ],
               "texture":"#0"
            },
            "west":{
               "uv":[
                  0.75,
                  1.5,
                  0.5,
                  1.25
               ],
               "texture":"#0"
            },
            "up":{
               "uv":[
                  0.75,
                  1.25,
                  1.0625,
                  1.5
               ],
               "texture":"#0"
            },
            "down":{
               "uv":[
                  1.375,
                  1.25,
                  1.6875,
                  1.5
               ],
               "rotation":180,
               "texture":"#0"
            }
         }
      },
      {
         "from":[
            7.25,
            5.5,
            0.5
         ],
         "to":[
            8.75,
            8.5,
            2.5
         ],
         "rotation":{
            "angle":-22.5,
            "axis":"x",
            "origin":[
               13,
               1.53035,
               7.17497
            ]
         },
         "faces":{
            "north":{
               "uv":[
                  4.0625,
                  2.75,
                  3.875,
                  2.375
               ],
               "texture":"#0"
            },
            "east":{
               "uv":[
                  3.875,
                  2.75,
                  3.625,
                  2.375
               ],
               "rotation":180,
               "texture":"#0"
            },
            "south":{
               "uv":[
                  4.0625,
                  2.375,
                  3.875,
                  2.75
               ],
               "rotation":180,
               "texture":"#0"
            },
            "west":{
               "uv":[
                  3.875,
                  2.375,
                  3.625,
                  2.75
               ],
               "texture":"#0"
            },
            "up":{
               "uv":[
                  4.25,
                  2.375,
                  4.0625,
                  2.625
               ],
               "texture":"#0"
            },
            "down":{
               "uv":[
                  4.25,
                  2.375,
                  4.0625,
                  2.625
               ],
               "rotation":180,
               "texture":"#0"
            }
         }
      },
      {
         "from":[
            6.75,
            6,
            0.05
         ],
         "to":[
            9.25,
            8,
            2.05
         ],
         "rotation":{
            "angle":-22.5,
            "axis":"x",
            "origin":[
               8,
               -2,
               3.25
            ]
         },
         "faces":{
            "north":{
               "uv":[
                  1.75,
                  1,
                  1.4375,
                  1.25
               ],
               "rotation":180,
               "texture":"#0"
            },
            "east":{
               "uv":[
                  0.5,
                  1.25,
                  0.75,
                  1.5
               ],
               "rotation":180,
               "texture":"#0"
            },
            "south":{
               "uv":[
                  1.75,
                  1,
                  1.4375,
                  1.25
               ],
               "texture":"#0"
            },
            "west":{
               "uv":[
                  0.5,
                  1.5,
                  0.75,
                  1.25
               ],
               "texture":"#0"
            },
            "up":{
               "uv":[
                  0.75,
                  1.5,
                  1.0625,
                  1.25
               ],
               "texture":"#0"
            },
            "down":{
               "uv":[
                  1.375,
                  1.5,
                  1.6875,
                  1.25
               ],
               "rotation":180,
               "texture":"#0"
            }
         }
      },
      {
         "from":[
            7,
            5,
            11
         ],
         "to":[
            9,
            8,
            14
         ],
         "rotation":{
            "angle":45,
            "axis":"x",
            "origin":[
               13,
               1.53035,
               8.82503
            ]
         },
         "faces":{
            "north":{
               "uv":[
                  3.125,
                  2.375,
                  3.375,
                  2.75
               ],
               "texture":"#0"
            },
            "east":{
               "uv":[
                  2.75,
                  2.375,
                  3.125,
                  2.75
               ],
               "texture":"#0"
            },
            "south":{
               "uv":[
                  3.125,
                  2.375,
                  3.375,
                  2.75
               ],
               "texture":"#0"
            },
            "west":{
               "uv":[
                  2.75,
                  2.375,
                  3.125,
                  2.75
               ],
               "texture":"#0"
            },
            "up":{
               "uv":[
                  3.375,
                  2.375,
                  3.625,
                  2.75
               ],
               "texture":"#0"
            },
            "down":{
               "uv":[
                  3.375,
                  2.375,
                  3.625,
                  2.75
               ],
               "texture":"#0"
            }
         }
      },
      {
         "from":[
            6.7,
            -3,
            8.06465
         ],
         "to":[
            9.3,
            2,
            14.06465
         ],
         "rotation":{
            "angle":-22.5,
            "axis":"x",
            "origin":[
               13,
               1.53035,
               8.82503
            ]
         },
         "faces":{
            "north":{
               "uv":[
                  2.75,
                  3,
                  2.375,
                  2.375
               ],
               "texture":"#0"
            },
            "east":{
               "uv":[
                  0.625,
                  2.375,
                  1.25,
                  3.125
               ],
               "rotation":270,
               "texture":"#0"
            },
            "south":{
               "uv":[
                  2.375,
                  3,
                  2,
                  2.375
               ],
               "rotation":180,
               "texture":"#0"
            },
            "west":{
               "uv":[
                  0.625,
                  2.375,
                  1.25,
                  3.125
               ],
               "rotation":90,
               "texture":"#0"
            },
            "up":{
               "uv":[
                  1.625,
                  3.125,
                  1.25,
                  2.375
               ],
               "texture":"#0"
            },
            "down":{
               "uv":[
                  2,
                  3.125,
                  1.625,
                  2.375
               ],
               "rotation":180,
               "texture":"#0"
            }
         }
      },
      {
         "from":[
            7,
            5,
            2
         ],
         "to":[
            9,
            8,
            5
         ],
         "rotation":{
            "angle":-45,
            "axis":"x",
            "origin":[
               13,
               1.53035,
               7.17497
            ]
         },
         "faces":{
            "north":{
               "uv":[
                  3.375,
                  2.375,
                  3.125,
                  2.75
               ],
               "texture":"#0"
            },
            "east":{
               "uv":[
                  3.125,
                  2.375,
                  2.75,
                  2.75
               ],
               "texture":"#0"
            },
            "south":{
               "uv":[
                  3.375,
                  2.375,
                  3.125,
                  2.75
               ],
               "texture":"#0"
            },
            "west":{
               "uv":[
                  3.125,
                  2.375,
                  2.75,
                  2.75
               ],
               "texture":"#0"
            },
            "up":{
               "uv":[
                  3.375,
                  2.75,
                  3.625,
                  2.375
               ],
               "texture":"#0"
            },
            "down":{
               "uv":[
                  3.375,
                  2.75,
                  3.625,
                  2.375
               ],
               "texture":"#0"
            }
         }
      },
      {
         "from":[
            6.7,
            -3,
            1.93535
         ],
         "to":[
            9.3,
            2,
            7.93535
         ],
         "rotation":{
            "angle":22.5,
            "axis":"x",
            "origin":[
               13,
               1.53035,
               7.17497
            ]
         },
         "faces":{
            "north":{
               "uv":[
                  2,
                  3,
                  2.375,
                  2.375
               ],
               "rotation":180,
               "texture":"#0"
            },
            "east":{
               "uv":[
                  0.625,
                  3.125,
                  1.25,
                  2.375
               ],
               "rotation":270,
               "texture":"#0"
            },
            "south":{
               "uv":[
                  2.375,
                  3,
                  2.75,
                  2.375
               ],
               "texture":"#0"
            },
            "west":{
               "uv":[
                  0.625,
                  3.125,
                  1.25,
                  2.375
               ],
               "rotation":90,
               "texture":"#0"
            },
            "up":{
               "uv":[
                  1.625,
                  2.375,
                  1.25,
                  3.125
               ],
               "texture":"#0"
            },
            "down":{
               "uv":[
                  2,
                  2.375,
                  1.625,
                  3.125
               ],
               "rotation":180,
               "texture":"#0"
            }
         }
      },
      {
         "from":[
            7.9,
            -0.61492,
            9.09139
         ],
         "to":[
            7.9,
            2.38508,
            17.09139
         ],
         "rotation":{
            "angle":22.5,
            "axis":"x",
            "origin":[
               8,
               0.15642,
               11.72731
            ]
         },
         "faces":{
            "north":{
               "uv":[
                  0,
                  0.375,
                  0,
                  0
               ],
               "rotation":180,
               "texture":"#0"
            },
            "east":{
               "uv":[
                  0.875,
                  5.25,
                  1.25,
                  6.25
               ],
               "rotation":270,
               "texture":"#0"
            },
            "south":{
               "uv":[
                  0,
                  0.375,
                  0,
                  0
               ],
               "texture":"#0"
            },
            "west":{
               "uv":[
                  1.25,
                  5.25,
                  0.875,
                  6.25
               ],
               "rotation":90,
               "texture":"#0"
            },
            "up":{
               "uv":[
                  0,
                  1,
                  0,
                  0
               ],
               "texture":"#0"
            },
            "down":{
               "uv":[
                  0,
                  1,
                  0,
                  0
               ],
               "rotation":180,
               "texture":"#0"
            }
         }
      },
      {
         "from":[
            8.1,
            -1.99613,
            9.70871
         ],
         "to":[
            8.1,
            1.00387,
            17.70871
         ],
         "rotation":{
            "angle":45,
            "axis":"x",
            "origin":[
               8,
               0.15642,
               11.72731
            ]
         },
         "faces":{
            "north":{
               "uv":[
                  0,
                  0.375,
                  0,
                  0
               ],
               "rotation":180,
               "texture":"#0"
            },
            "east":{
               "uv":[
                  0.5,
                  5.25,
                  0.875,
                  6.25
               ],
               "rotation":270,
               "texture":"#0"
            },
            "south":{
               "uv":[
                  0,
                  0.375,
                  0,
                  0
               ],
               "texture":"#0"
            },
            "west":{
               "uv":[
                  0.875,
                  5.25,
                  0.5,
                  6.25
               ],
               "rotation":90,
               "texture":"#0"
            },
            "up":{
               "uv":[
                  0,
                  1,
                  0,
                  0
               ],
               "texture":"#0"
            },
            "down":{
               "uv":[
                  0,
                  1,
                  0,
                  0
               ],
               "rotation":180,
               "texture":"#0"
            }
         }
      },
      {
         "from":[
            7.9,
            -6,
            8
         ],
         "to":[
            7.9,
            2,
            11
         ],
         "rotation":{
            "angle":-22.5,
            "axis":"x",
            "origin":[
               8,
               0.15642,
               11.72731
            ]
         },
         "faces":{
            "north":{
               "uv":[
                  0,
                  1,
                  0,
                  0
               ],
               "texture":"#0"
            },
            "east":{
               "uv":[
                  1.25,
                  6.25,
                  0.875,
                  5.25
               ],
               "texture":"#0"
            },
            "south":{
               "uv":[
                  0,
                  1,
                  0,
                  0
               ],
               "texture":"#0"
            },
            "west":{
               "uv":[
                  0.875,
                  6.25,
                  1.25,
                  5.25
               ],
               "texture":"#0"
            },
            "up":{
               "uv":[
                  0,
                  0.375,
                  0,
                  0
               ],
               "texture":"#0"
            },
            "down":{
               "uv":[
                  0,
                  0.375,
                  0,
                  0
               ],
               "texture":"#0"
            }
         }
      },
      {
         "from":[
            7.9,
            -6,
            5
         ],
         "to":[
            7.9,
            2,
            8
         ],
         "rotation":{
            "angle":22.5,
            "axis":"x",
            "origin":[
               8,
               0.15642,
               4.27269
            ]
         },
         "faces":{
            "north":{
               "uv":[
                  0,
                  1,
                  0,
                  0
               ],
               "texture":"#0"
            },
            "east":{
               "uv":[
                  0.875,
                  6.25,
                  1.25,
                  5.25
               ],
               "texture":"#0"
            },
            "south":{
               "uv":[
                  0,
                  1,
                  0,
                  0
               ],
               "texture":"#0"
            },
            "west":{
               "uv":[
                  1.25,
                  6.25,
                  0.875,
                  5.25
               ],
               "texture":"#0"
            },
            "up":{
               "uv":[
                  0,
                  0,
                  0,
                  0.375
               ],
               "texture":"#0"
            },
            "down":{
               "uv":[
                  0,
                  0,
                  0,
                  0.375
               ],
               "texture":"#0"
            }
         }
      },
      {
         "from":[
            8.1,
            -1.99613,
            -1.70871
         ],
         "to":[
            8.1,
            1.00387,
            6.29129
         ],
         "rotation":{
            "angle":-45,
            "axis":"x",
            "origin":[
               8,
               0.15642,
               4.27269
            ]
         },
         "faces":{
            "north":{
               "uv":[
                  0,
                  0.375,
                  0,
                  0
               ],
               "texture":"#0"
            },
            "east":{
               "uv":[
                  0.5,
                  6.25,
                  0.875,
                  5.25
               ],
               "rotation":270,
               "texture":"#0"
            },
            "south":{
               "uv":[
                  0,
                  0.375,
                  0,
                  0
               ],
               "rotation":180,
               "texture":"#0"
            },
            "west":{
               "uv":[
                  0.875,
                  6.25,
                  0.5,
                  5.25
               ],
               "rotation":90,
               "texture":"#0"
            },
            "up":{
               "uv":[
                  0,
                  0,
                  0,
                  1
               ],
               "texture":"#0"
            },
            "down":{
               "uv":[
                  0,
                  0,
                  0,
                  1
               ],
               "rotation":180,
               "texture":"#0"
            }
         }
      },
      {
         "from":[
            7.9,
            -0.61492,
            -1.09139
         ],
         "to":[
            7.9,
            2.38508,
            6.90861
         ],
         "rotation":{
            "angle":-22.5,
            "axis":"x",
            "origin":[
               8,
               0.15642,
               4.27269
            ]
         },
         "faces":{
            "north":{
               "uv":[
                  0,
                  0.375,
                  0,
                  0
               ],
               "texture":"#0"
            },
            "east":{
               "uv":[
                  0.875,
                  6.25,
                  1.25,
                  5.25
               ],
               "rotation":270,
               "texture":"#0"
            },
            "south":{
               "uv":[
                  0,
                  0.375,
                  0,
                  0
               ],
               "rotation":180,
               "texture":"#0"
            },
            "west":{
               "uv":[
                  1.25,
                  6.25,
                  0.875,
                  5.25
               ],
               "rotation":90,
               "texture":"#0"
            },
            "up":{
               "uv":[
                  0,
                  0,
                  0,
                  1
               ],
               "texture":"#0"
            },
            "down":{
               "uv":[
                  0,
                  0,
                  0,
                  1
               ],
               "rotation":180,
               "texture":"#0"
            }
         }
      }
   ],
   "gui_light":"front",
   "display":{
      "thirdperson_righthand":{
         "translation":[
            0,
            6.25,
            1.5
         ],
         "scale":[
            0.5,
            0.5,
            0.5
         ]
      },
      "thirdperson_lefthand":{
         "translation":[
            0,
            6.25,
            1.5
         ],
         "scale":[
            0.5,
            0.5,
            0.5
         ]
      },
      "firstperson_righthand":{
         "rotation":[
            -12,
            15,
            3
         ],
         "translation":[
            3.25,
            3.75,
            -1.5
         ],
         "scale":[
            0.5,
            0.5,
            0.5
         ]
      },
      "firstperson_lefthand":{
         "rotation":[
            -12,
            15,
            3
         ],
         "translation":[
            3.25,
            3.75,
            -1.5
         ],
         "scale":[
            0.5,
            0.5,
            0.5
         ]
      },
      "ground":{
         "rotation":[
            0,
            0,
            90
         ],
         "translation":[
            1.25,
            0.25,
            0
         ],
         "scale":[
            0.5,
            0.5,
            0.5
         ]
      },
      "gui":{
         "rotation":[
            90,
            135,
            -90
         ],
         "translation":[
            0.25,
            -0.25,
            -1.25
         ],
         "scale":[
            0.38336,
            0.38336,
            0.38336
         ]
      },
      "head":{
         "rotation":[
            90,
            -168,
            90
         ],
         "translation":[
            -0.5,
            11.75,
            0
         ],
         "scale":[
            0.56,
            0.56,
            0.56
         ]
      },
      "fixed":{
         "rotation":[
            0,
            90,
            0
         ],
         "translation":[
            0,
            -2.25,
            -2.25
         ],
         "scale":[
            0.87,
            0.87,
            0.87
         ]
      }
   }
}