{
   "credit":"Made with Blockbench",
   "texture_size":[
      128,
      128
   ],
   "textures":{
      "0":"elitecreatures:thanks_giving_2023_v2/thanksgiving_texture_01",
      "particle":"elitecreatures:thanks_giving_2023_v2/thanksgiving_texture_01"
   },
   "elements":[
      {
         "from":[
            3.5,
            1,
            2.69468
         ],
         "to":[
            12.5,
            9,
            13.69468
         ],
         "rotation":{
            "angle":0,
            "axis":"y",
            "origin":[
               8,
               5.53035,
               8.82503
            ]
         },
         "faces":{
            "north":{
               "uv":[
                  4.25,
                  2.375,
                  3.125,
                  1.375
               ],
               "texture":"#0"
            },
            "east":{
               "uv":[
                  2,
                  1.375,
                  3,
                  0
               ],
               "rotation":90,
               "texture":"#0"
            },
            "south":{
               "uv":[
                  3.125,
                  2.375,
                  2,
                  1.375
               ],
               "rotation":180,
               "texture":"#0"
            },
            "west":{
               "uv":[
                  3,
                  1.375,
                  2,
                  0
               ],
               "rotation":270,
               "texture":"#0"
            },
            "up":{
               "uv":[
                  4.125,
                  1.375,
                  3,
                  0
               ],
               "texture":"#0"
            },
            "down":{
               "uv":[
                  5.25,
                  1.375,
                  4.125,
                  0
               ],
               "rotation":180,
               "texture":"#0"
            }
         }
      },
      {
         "from":[
            4.5,
            2.5,
            1
         ],
         "to":[
            11.5,
            7.5,
            3
         ],
         "rotation":{
            "angle":0,
            "axis":"y",
            "origin":[
               8,
               5.53035,
               8.82503
            ]
         },
         "faces":{
            "north":{
               "uv":[
                  5.125,
                  2,
                  4.25,
                  1.375
               ],
               "texture":"#0"
            },
            "east":{
               "uv":[
                  1.375,
                  1.75,
                  2,
                  1.5
               ],
               "rotation":90,
               "texture":"#0"
            },
            "south":{
               "uv":[
                  5.125,
                  2,
                  4.25,
                  1.375
               ],
               "rotation":180,
               "texture":"#0"
            },
            "west":{
               "uv":[
                  2,
                  1.75,
                  1.375,
                  1.5
               ],
               "rotation":270,
               "texture":"#0"
            },
            "up":{
               "uv":[
                  5.125,
                  2.25,
                  4.25,
                  2
               ],
               "texture":"#0"
            },
            "down":{
               "uv":[
                  5.125,
                  2.5,
                  4.25,
                  2.25
               ],
               "rotation":180,
               "texture":"#0"
            }
         }
      },
      {
         "from":[
            12.25,
            9.2,
            13.5
         ],
         "to":[
            13.75,
            12.2,
            15.5
         ],
         "rotation":{
            "angle":22.5,
            "axis":"x",
            "origin":[
               8,
               5.53035,
               8.82503
            ]
         },
         "faces":{
            "north":{
               "uv":[
                  4.0625,
                  2.375,
                  3.875,
                  2.75
               ],
               "rotation":180,
               "texture":"#0"
            },
            "east":{
               "uv":[
                  3.875,
                  2.375,
                  3.625,
                  2.75
               ],
               "texture":"#0"
            },
            "south":{
               "uv":[
                  4.0625,
                  2.75,
                  3.875,
                  2.375
               ],
               "texture":"#0"
            },
            "west":{
               "uv":[
                  3.875,
                  2.75,
                  3.625,
                  2.375
               ],
               "rotation":180,
               "texture":"#0"
            },
            "up":{
               "uv":[
                  4.0625,
                  2.625,
                  4.25,
                  2.375
               ],
               "texture":"#0"
            },
            "down":{
               "uv":[
                  4.0625,
                  2.625,
                  4.25,
                  2.375
               ],
               "rotation":180,
               "texture":"#0"
            }
         }
      },
      {
         "from":[
            12,
            9,
            11
         ],
         "to":[
            14,
            12,
            14
         ],
         "rotation":{
            "angle":45,
            "axis":"x",
            "origin":[
               8,
               5.53035,
               8.82503
            ]
         },
         "faces":{
            "north":{
               "uv":[
                  3.375,
                  2.375,
                  3.125,
                  2.75
               ],
               "texture":"#0"
            },
            "east":{
               "uv":[
                  3.125,
                  2.375,
                  2.75,
                  2.75
               ],
               "texture":"#0"
            },
            "south":{
               "uv":[
                  3.375,
                  2.375,
                  3.125,
                  2.75
               ],
               "texture":"#0"
            },
            "west":{
               "uv":[
                  3.125,
                  2.375,
                  2.75,
                  2.75
               ],
               "texture":"#0"
            },
            "up":{
               "uv":[
                  3.625,
                  2.375,
                  3.375,
                  2.75
               ],
               "texture":"#0"
            },
            "down":{
               "uv":[
                  3.625,
                  2.375,
                  3.375,
                  2.75
               ],
               "texture":"#0"
            }
         }
      },
      {
         "from":[
            5,
            15.9,
            5
         ],
         "to":[
            11,
            22.1,
            11
         ],
         "rotation":{
            "angle":0,
            "axis":"y",
            "origin":[
               8,
               19,
               8
            ]
         },
         "faces":{
            "north":{
               "uv":[
                  0.75,
                  3.75,
                  1.5,
                  4.5
               ],
               "texture":"#0"
            },
            "east":{
               "uv":[
                  0.75,
                  3.75,
                  1.5,
                  4.5
               ],
               "texture":"#0"
            },
            "south":{
               "uv":[
                  0.75,
                  3.75,
                  1.5,
                  4.5
               ],
               "texture":"#0"
            },
            "west":{
               "uv":[
                  0.75,
                  3.75,
                  1.5,
                  4.5
               ],
               "texture":"#0"
            },
            "up":{
               "uv":[
                  0.75,
                  4.5,
                  1.5,
                  5.25
               ],
               "rotation":90,
               "texture":"#0"
            },
            "down":{
               "uv":[
                  0.75,
                  4.5,
                  1.5,
                  5.25
               ],
               "rotation":270,
               "texture":"#0"
            }
         }
      },
      {
         "from":[
            5,
            16,
            5
         ],
         "to":[
            11,
            22,
            11
         ],
         "rotation":{
            "angle":-45,
            "axis":"y",
            "origin":[
               8,
               19,
               8
            ]
         },
         "faces":{
            "north":{
               "uv":[
                  0.75,
                  3.75,
                  1.5,
                  4.5
               ],
               "texture":"#0"
            },
            "east":{
               "uv":[
                  0.75,
                  3.75,
                  1.5,
                  4.5
               ],
               "texture":"#0"
            },
            "south":{
               "uv":[
                  0.75,
                  3.75,
                  1.5,
                  4.5
               ],
               "texture":"#0"
            },
            "west":{
               "uv":[
                  0.75,
                  3.75,
                  1.5,
                  4.5
               ],
               "texture":"#0"
            },
            "up":{
               "uv":[
                  0.75,
                  4.5,
                  1.5,
                  5.25
               ],
               "texture":"#0"
            },
            "down":{
               "uv":[
                  0.75,
                  4.5,
                  1.5,
                  5.25
               ],
               "texture":"#0"
            }
         }
      },
      {
         "from":[
            6,
            22,
            6
         ],
         "to":[
            10,
            25.5,
            10
         ],
         "rotation":{
            "angle":0,
            "axis":"y",
            "origin":[
               8,
               31,
               8
            ]
         },
         "faces":{
            "north":{
               "uv":[
                  1.875,
                  3.875,
                  2.375,
                  4.3125
               ],
               "texture":"#0"
            },
            "east":{
               "uv":[
                  1.875,
                  3.875,
                  2.375,
                  4.3125
               ],
               "texture":"#0"
            },
            "south":{
               "uv":[
                  1.875,
                  3.875,
                  2.375,
                  4.3125
               ],
               "texture":"#0"
            },
            "west":{
               "uv":[
                  1.875,
                  3.875,
                  2.375,
                  4.3125
               ],
               "texture":"#0"
            },
            "up":{
               "uv":[
                  1.5,
                  4.3125,
                  2,
                  4.8125
               ],
               "texture":"#0"
            },
            "down":{
               "uv":[
                  1.5,
                  4.3125,
                  2,
                  4.8125
               ],
               "texture":"#0"
            }
         }
      },
      {
         "from":[
            8,
            25.5,
            7.2
         ],
         "to":[
            8,
            28,
            9.2
         ],
         "rotation":{
            "angle":0,
            "axis":"y",
            "origin":[
               8,
               31,
               8
            ]
         },
         "faces":{
            "north":{
               "uv":[
                  1.875,
                  3.875,
                  2.375,
                  4.3125
               ],
               "texture":"#0"
            },
            "east":{
               "uv":[
                  0.75,
                  4.4375,
                  0.5,
                  4.75
               ],
               "texture":"#0"
            },
            "south":{
               "uv":[
                  1.875,
                  3.875,
                  2.375,
                  4.3125
               ],
               "texture":"#0"
            },
            "west":{
               "uv":[
                  0.5,
                  4.4375,
                  0.75,
                  4.75
               ],
               "texture":"#0"
            },
            "up":{
               "uv":[
                  1.5,
                  4.3125,
                  2,
                  4.8125
               ],
               "texture":"#0"
            },
            "down":{
               "uv":[
                  1.5,
                  4.3125,
                  2,
                  4.8125
               ],
               "texture":"#0"
            }
         }
      },
      {
         "from":[
            2.5,
            14,
            6
         ],
         "to":[
            2.5,
            23,
            12
         ],
         "rotation":{
            "angle":-45,
            "axis":"y",
            "origin":[
               3.5,
               18.5,
               9
            ]
         },
         "faces":{
            "north":{
               "uv":[
                  0,
                  0,
                  0,
                  0.875
               ],
               "texture":"#missing"
            },
            "east":{
               "uv":[
                  3.5,
                  7.5625,
                  2.75,
                  8.6875
               ],
               "texture":"#0"
            },
            "south":{
               "uv":[
                  0,
                  0,
                  0,
                  0.875
               ],
               "texture":"#missing"
            },
            "west":{
               "uv":[
                  2.75,
                  7.5625,
                  3.5,
                  8.6875
               ],
               "texture":"#0"
            },
            "up":{
               "uv":[
                  0,
                  0,
                  0,
                  0.625
               ],
               "texture":"#missing"
            },
            "down":{
               "uv":[
                  0,
                  0,
                  0,
                  0.625
               ],
               "texture":"#missing"
            }
         }
      },
      {
         "from":[
            13.5,
            14,
            6
         ],
         "to":[
            13.5,
            23,
            12
         ],
         "rotation":{
            "angle":45,
            "axis":"y",
            "origin":[
               12.5,
               18.5,
               9
            ]
         },
         "faces":{
            "north":{
               "uv":[
                  0,
                  0,
                  0,
                  0.875
               ],
               "texture":"#missing"
            },
            "east":{
               "uv":[
                  3.5,
                  7.5625,
                  2.75,
                  8.6875
               ],
               "texture":"#0"
            },
            "south":{
               "uv":[
                  0,
                  0,
                  0,
                  0.875
               ],
               "texture":"#missing"
            },
            "west":{
               "uv":[
                  2.75,
                  7.5625,
                  3.5,
                  8.6875
               ],
               "texture":"#0"
            },
            "up":{
               "uv":[
                  0,
                  0,
                  0,
                  0.625
               ],
               "texture":"#missing"
            },
            "down":{
               "uv":[
                  0,
                  0,
                  0,
                  0.625
               ],
               "texture":"#missing"
            }
         }
      },
      {
         "from":[
            4.5,
            5.22867,
            8.9779
         ],
         "to":[
            11.5,
            10.22867,
            14.9779
         ],
         "rotation":{
            "angle":45,
            "axis":"x",
            "origin":[
               8,
               5.53035,
               8.82503
            ]
         },
         "faces":{
            "north":{
               "uv":[
                  0.625,
                  3.125,
                  1.5,
                  3.75
               ],
               "texture":"#0"
            },
            "east":{
               "uv":[
                  2.375,
                  3,
                  3.125,
                  3.625
               ],
               "texture":"#0"
            },
            "south":{
               "uv":[
                  0.625,
                  3.125,
                  1.5,
                  3.75
               ],
               "texture":"#0"
            },
            "west":{
               "uv":[
                  2.375,
                  3,
                  3.125,
                  3.625
               ],
               "texture":"#0"
            },
            "up":{
               "uv":[
                  1.5,
                  3.125,
                  2.375,
                  3.875
               ],
               "texture":"#0"
            },
            "down":{
               "uv":[
                  1.5,
                  3.125,
                  2.375,
                  3.875
               ],
               "texture":"#0"
            }
         }
      },
      {
         "from":[
            11.5,
            1,
            8.06465
         ],
         "to":[
            14.5,
            6,
            14.06465
         ],
         "rotation":{
            "angle":-22.5,
            "axis":"x",
            "origin":[
               8,
               5.53035,
               8.82503
            ]
         },
         "faces":{
            "north":{
               "uv":[
                  2.375,
                  3,
                  2.75,
                  2.375
               ],
               "texture":"#0"
            },
            "east":{
               "uv":[
                  0.625,
                  3.125,
                  1.25,
                  2.375
               ],
               "rotation":90,
               "texture":"#0"
            },
            "south":{
               "uv":[
                  2,
                  3,
                  2.375,
                  2.375
               ],
               "rotation":180,
               "texture":"#0"
            },
            "west":{
               "uv":[
                  0.625,
                  3.125,
                  1.25,
                  2.375
               ],
               "rotation":270,
               "texture":"#0"
            },
            "up":{
               "uv":[
                  1.25,
                  3.125,
                  1.625,
                  2.375
               ],
               "texture":"#0"
            },
            "down":{
               "uv":[
                  1.625,
                  3.125,
                  2,
                  2.375
               ],
               "rotation":180,
               "texture":"#0"
            }
         }
      },
      {
         "from":[
            11.5,
            1.5,
            2
         ],
         "to":[
            13.5,
            4.5,
            6
         ],
         "rotation":{
            "angle":0,
            "axis":"y",
            "origin":[
               8,
               5.53035,
               8.82503
            ]
         },
         "faces":{
            "north":{
               "uv":[
                  1.75,
                  2.125,
                  2,
                  1.75
               ],
               "texture":"#0"
            },
            "east":{
               "uv":[
                  0.875,
                  2.375,
                  1.25,
                  1.875
               ],
               "rotation":90,
               "texture":"#0"
            },
            "south":{
               "uv":[
                  1.5,
                  2.125,
                  1.75,
                  1.75
               ],
               "rotation":180,
               "texture":"#0"
            },
            "west":{
               "uv":[
                  0.875,
                  2.375,
                  1.25,
                  1.875
               ],
               "rotation":270,
               "texture":"#0"
            },
            "up":{
               "uv":[
                  0.625,
                  2.375,
                  0.875,
                  1.875
               ],
               "texture":"#0"
            },
            "down":{
               "uv":[
                  1.25,
                  2.375,
                  1.5,
                  1.875
               ],
               "rotation":180,
               "texture":"#0"
            }
         }
      },
      {
         "from":[
            2.25,
            9.2,
            13.5
         ],
         "to":[
            3.75,
            12.2,
            15.5
         ],
         "rotation":{
            "angle":22.5,
            "axis":"x",
            "origin":[
               8,
               5.53035,
               8.82503
            ]
         },
         "faces":{
            "north":{
               "uv":[
                  3.875,
                  2.375,
                  4.0625,
                  2.75
               ],
               "rotation":180,
               "texture":"#0"
            },
            "east":{
               "uv":[
                  3.625,
                  2.75,
                  3.875,
                  2.375
               ],
               "rotation":180,
               "texture":"#0"
            },
            "south":{
               "uv":[
                  3.875,
                  2.75,
                  4.0625,
                  2.375
               ],
               "texture":"#0"
            },
            "west":{
               "uv":[
                  3.625,
                  2.375,
                  3.875,
                  2.75
               ],
               "texture":"#0"
            },
            "up":{
               "uv":[
                  4.25,
                  2.625,
                  4.0625,
                  2.375
               ],
               "texture":"#0"
            },
            "down":{
               "uv":[
                  4.25,
                  2.625,
                  4.0625,
                  2.375
               ],
               "rotation":180,
               "texture":"#0"
            }
         }
      },
      {
         "from":[
            2,
            9,
            11
         ],
         "to":[
            4,
            12,
            14
         ],
         "rotation":{
            "angle":45,
            "axis":"x",
            "origin":[
               8,
               5.53035,
               8.82503
            ]
         },
         "faces":{
            "north":{
               "uv":[
                  3.125,
                  2.375,
                  3.375,
                  2.75
               ],
               "texture":"#0"
            },
            "east":{
               "uv":[
                  2.75,
                  2.375,
                  3.125,
                  2.75
               ],
               "texture":"#0"
            },
            "south":{
               "uv":[
                  3.125,
                  2.375,
                  3.375,
                  2.75
               ],
               "texture":"#0"
            },
            "west":{
               "uv":[
                  2.75,
                  2.375,
                  3.125,
                  2.75
               ],
               "texture":"#0"
            },
            "up":{
               "uv":[
                  3.375,
                  2.375,
                  3.625,
                  2.75
               ],
               "texture":"#0"
            },
            "down":{
               "uv":[
                  3.375,
                  2.375,
                  3.625,
                  2.75
               ],
               "texture":"#0"
            }
         }
      },
      {
         "from":[
            1.5,
            1,
            8.06465
         ],
         "to":[
            4.5,
            6,
            14.06465
         ],
         "rotation":{
            "angle":-22.5,
            "axis":"x",
            "origin":[
               8,
               5.53035,
               8.82503
            ]
         },
         "faces":{
            "north":{
               "uv":[
                  2.75,
                  3,
                  2.375,
                  2.375
               ],
               "texture":"#0"
            },
            "east":{
               "uv":[
                  0.625,
                  2.375,
                  1.25,
                  3.125
               ],
               "rotation":270,
               "texture":"#0"
            },
            "south":{
               "uv":[
                  2.375,
                  3,
                  2,
                  2.375
               ],
               "rotation":180,
               "texture":"#0"
            },
            "west":{
               "uv":[
                  0.625,
                  2.375,
                  1.25,
                  3.125
               ],
               "rotation":90,
               "texture":"#0"
            },
            "up":{
               "uv":[
                  1.625,
                  3.125,
                  1.25,
                  2.375
               ],
               "texture":"#0"
            },
            "down":{
               "uv":[
                  2,
                  3.125,
                  1.625,
                  2.375
               ],
               "rotation":180,
               "texture":"#0"
            }
         }
      },
      {
         "from":[
            2.5,
            1.5,
            2
         ],
         "to":[
            4.5,
            4.5,
            6
         ],
         "rotation":{
            "angle":0,
            "axis":"y",
            "origin":[
               8,
               5.53035,
               8.82503
            ]
         },
         "faces":{
            "north":{
               "uv":[
                  2,
                  2.125,
                  1.75,
                  1.75
               ],
               "texture":"#0"
            },
            "east":{
               "uv":[
                  0.875,
                  1.875,
                  1.25,
                  2.375
               ],
               "rotation":270,
               "texture":"#0"
            },
            "south":{
               "uv":[
                  1.75,
                  2.125,
                  1.5,
                  1.75
               ],
               "rotation":180,
               "texture":"#0"
            },
            "west":{
               "uv":[
                  0.875,
                  1.875,
                  1.25,
                  2.375
               ],
               "rotation":90,
               "texture":"#0"
            },
            "up":{
               "uv":[
                  0.875,
                  2.375,
                  0.625,
                  1.875
               ],
               "texture":"#0"
            },
            "down":{
               "uv":[
                  1.5,
                  2.375,
                  1.25,
                  1.875
               ],
               "rotation":180,
               "texture":"#0"
            }
         }
      },
      {
         "from":[
            1,
            0,
            0
         ],
         "to":[
            15,
            1,
            16
         ],
         "faces":{
            "north":{
               "uv":[
                  6.125,
                  2.0625,
                  7.875,
                  2.1875
               ],
               "texture":"#0"
            },
            "east":{
               "uv":[
                  5.875,
                  2.3125,
                  7.875,
                  2.4375
               ],
               "texture":"#0"
            },
            "south":{
               "uv":[
                  6.125,
                  2.0625,
                  7.875,
                  2.1875
               ],
               "texture":"#0"
            },
            "west":{
               "uv":[
                  5.875,
                  2.3125,
                  7.875,
                  2.4375
               ],
               "texture":"#0"
            },
            "up":{
               "uv":[
                  6.125,
                  0.0625,
                  7.875,
                  2.0625
               ],
               "texture":"#0"
            },
            "down":{
               "uv":[
                  6.125,
                  0.0625,
                  7.875,
                  2.0625
               ],
               "texture":"#0"
            }
         }
      },
      {
         "from":[
            3.5,
            9,
            4.5
         ],
         "to":[
            12.5,
            16,
            11.5
         ],
         "rotation":{
            "angle":0,
            "axis":"y",
            "origin":[
               0,
               0,
               16
            ]
         },
         "faces":{
            "north":{
               "uv":[
                  7,
                  2.4375,
                  5.875,
                  3.3125
               ],
               "texture":"#0"
            },
            "east":{
               "uv":[
                  7.875,
                  2.4375,
                  7,
                  3.3125
               ],
               "texture":"#0"
            },
            "south":{
               "uv":[
                  9,
                  2.4375,
                  7.875,
                  3.3125
               ],
               "texture":"#0"
            },
            "west":{
               "uv":[
                  7.875,
                  2.4375,
                  7,
                  3.3125
               ],
               "texture":"#0"
            },
            "up":{
               "uv":[
                  5.9375,
                  4.1875,
                  7.0625,
                  3.3125
               ],
               "texture":"#0"
            },
            "down":{
               "uv":[
                  5.9375,
                  4.1875,
                  7.0625,
                  3.3125
               ],
               "texture":"#0"
            }
         }
      },
      {
         "from":[
            3,
            12,
            4
         ],
         "to":[
            13,
            14,
            12
         ],
         "rotation":{
            "angle":0,
            "axis":"y",
            "origin":[
               0,
               0,
               16
            ]
         },
         "faces":{
            "north":{
               "uv":[
                  7.1875,
                  5.1875,
                  5.9375,
                  5.4375
               ],
               "texture":"#0"
            },
            "east":{
               "uv":[
                  5.9375,
                  5.1875,
                  4.9375,
                  5.4375
               ],
               "texture":"#0"
            },
            "south":{
               "uv":[
                  6.1875,
                  5.4375,
                  4.9375,
                  5.6875
               ],
               "texture":"#0"
            },
            "west":{
               "uv":[
                  5.9375,
                  5.1875,
                  4.9375,
                  5.4375
               ],
               "texture":"#0"
            },
            "up":{
               "uv":[
                  5.9375,
                  5.1875,
                  7.1875,
                  4.1875
               ],
               "texture":"#0"
            },
            "down":{
               "uv":[
                  5.9375,
                  5.1875,
                  7.1875,
                  4.1875
               ],
               "texture":"#0"
            }
         }
      },
      {
         "from":[
            10,
            14,
            4
         ],
         "to":[
            12,
            16.5,
            12
         ],
         "rotation":{
            "angle":0,
            "axis":"y",
            "origin":[
               0,
               0,
               16
            ]
         },
         "faces":{
            "north":{
               "uv":[
                  8.3125,
                  3.3125,
                  8.0625,
                  3.625
               ],
               "texture":"#0"
            },
            "east":{
               "uv":[
                  8.0625,
                  3.3125,
                  7.0625,
                  3.625
               ],
               "texture":"#0"
            },
            "south":{
               "uv":[
                  8.3125,
                  3.3125,
                  8.0625,
                  3.625
               ],
               "texture":"#0"
            },
            "west":{
               "uv":[
                  8.0625,
                  3.3125,
                  7.0625,
                  3.625
               ],
               "texture":"#0"
            },
            "up":{
               "uv":[
                  7.1875,
                  4.625,
                  7.4375,
                  3.625
               ],
               "texture":"#0"
            },
            "down":{
               "uv":[
                  7.1875,
                  4.625,
                  7.4375,
                  3.625
               ],
               "texture":"#0"
            }
         }
      },
      {
         "from":[
            4,
            14,
            4
         ],
         "to":[
            6,
            16.5,
            12
         ],
         "rotation":{
            "angle":0,
            "axis":"y",
            "origin":[
               16,
               0,
               16
            ]
         },
         "faces":{
            "north":{
               "uv":[
                  8.0625,
                  3.3125,
                  8.3125,
                  3.625
               ],
               "texture":"#0"
            },
            "east":{
               "uv":[
                  7.0625,
                  3.3125,
                  8.0625,
                  3.625
               ],
               "texture":"#0"
            },
            "south":{
               "uv":[
                  8.0625,
                  3.3125,
                  8.3125,
                  3.625
               ],
               "texture":"#0"
            },
            "west":{
               "uv":[
                  7.0625,
                  3.3125,
                  8.0625,
                  3.625
               ],
               "texture":"#0"
            },
            "up":{
               "uv":[
                  7.4375,
                  4.625,
                  7.1875,
                  3.625
               ],
               "texture":"#0"
            },
            "down":{
               "uv":[
                  7.4375,
                  4.625,
                  7.1875,
                  3.625
               ],
               "texture":"#0"
            }
         }
      },
      {
         "from":[
            7,
            11,
            3.5
         ],
         "to":[
            9,
            13.5,
            5.5
         ],
         "rotation":{
            "angle":0,
            "axis":"y",
            "origin":[
               0,
               0,
               16
            ]
         },
         "faces":{
            "north":{
               "uv":[
                  5.625,
                  4.875,
                  5.375,
                  5.1875
               ],
               "texture":"#0"
            },
            "east":{
               "uv":[
                  5.375,
                  4.875,
                  5.125,
                  5.1875
               ],
               "texture":"#0"
            },
            "south":{
               "uv":[
                  5.625,
                  4.875,
                  5.375,
                  5.1875
               ],
               "texture":"#0"
            },
            "west":{
               "uv":[
                  5.375,
                  4.875,
                  5.125,
                  5.1875
               ],
               "texture":"#0"
            },
            "up":{
               "uv":[
                  5.125,
                  4.875,
                  5.375,
                  4.625
               ],
               "texture":"#0"
            },
            "down":{
               "uv":[
                  5.125,
                  4.875,
                  5.375,
                  4.625
               ],
               "texture":"#0"
            }
         }
      },
      {
         "from":[
            2.72731,
            6.5,
            12.32731
         ],
         "to":[
            5.72731,
            14.5,
            12.32731
         ],
         "rotation":{
            "angle":22.5,
            "axis":"z",
            "origin":[
               2,
               8.34358,
               12.22731
            ]
         },
         "faces":{
            "north":{
               "uv":[
                  0.875,
                  5.25,
                  1.25,
                  6.25
               ],
               "texture":"#0"
            },
            "east":{
               "uv":[
                  0,
                  0,
                  0,
                  1
               ],
               "texture":"#0"
            },
            "south":{
               "uv":[
                  1.25,
                  5.25,
                  0.875,
                  6.25
               ],
               "texture":"#0"
            },
            "west":{
               "uv":[
                  0,
                  0,
                  0,
                  1
               ],
               "texture":"#0"
            },
            "up":{
               "uv":[
                  0,
                  0,
                  0,
                  0.375
               ],
               "rotation":90,
               "texture":"#0"
            },
            "down":{
               "uv":[
                  0,
                  0,
                  0,
                  0.375
               ],
               "rotation":270,
               "texture":"#0"
            }
         }
      },
      {
         "from":[
            -3.9814,
            7.49613,
            12.12731
         ],
         "to":[
            4.0186,
            10.49613,
            12.12731
         ],
         "rotation":{
            "angle":-45,
            "axis":"z",
            "origin":[
               2,
               8.34358,
               12.22731
            ]
         },
         "faces":{
            "north":{
               "uv":[
                  0.875,
                  6.25,
                  0.5,
                  5.25
               ],
               "rotation":270,
               "texture":"#0"
            },
            "east":{
               "uv":[
                  0,
                  0,
                  0,
                  0.375
               ],
               "rotation":180,
               "texture":"#0"
            },
            "south":{
               "uv":[
                  0.5,
                  6.25,
                  0.875,
                  5.25
               ],
               "rotation":90,
               "texture":"#0"
            },
            "west":{
               "uv":[
                  0,
                  0,
                  0,
                  0.375
               ],
               "texture":"#0"
            },
            "up":{
               "uv":[
                  0,
                  0,
                  0,
                  1
               ],
               "rotation":270,
               "texture":"#0"
            },
            "down":{
               "uv":[
                  0,
                  0,
                  0,
                  1
               ],
               "rotation":270,
               "texture":"#0"
            }
         }
      },
      {
         "from":[
            -3.36409,
            6.11492,
            12.32731
         ],
         "to":[
            4.63591,
            9.11492,
            12.32731
         ],
         "rotation":{
            "angle":-22.5,
            "axis":"z",
            "origin":[
               2,
               8.34358,
               12.22731
            ]
         },
         "faces":{
            "north":{
               "uv":[
                  1.25,
                  6.25,
                  0.875,
                  5.25
               ],
               "rotation":270,
               "texture":"#0"
            },
            "east":{
               "uv":[
                  0,
                  0,
                  0,
                  0.375
               ],
               "rotation":180,
               "texture":"#0"
            },
            "south":{
               "uv":[
                  0.875,
                  6.25,
                  1.25,
                  5.25
               ],
               "rotation":90,
               "texture":"#0"
            },
            "west":{
               "uv":[
                  0,
                  0,
                  0,
                  0.375
               ],
               "texture":"#0"
            },
            "up":{
               "uv":[
                  0,
                  0,
                  0,
                  1
               ],
               "rotation":270,
               "texture":"#0"
            },
            "down":{
               "uv":[
                  0,
                  0,
                  0,
                  1
               ],
               "rotation":270,
               "texture":"#0"
            }
         }
      },
      {
         "from":[
            -3.77269,
            4.49896,
            12.12731
         ],
         "to":[
            4.22731,
            7.49896,
            12.12731
         ],
         "rotation":{
            "angle":0,
            "axis":"y",
            "origin":[
               2,
               8.84358,
               12.22731
            ]
         },
         "faces":{
            "north":{
               "uv":[
                  0.875,
                  6.25,
                  0.5,
                  5.25
               ],
               "rotation":270,
               "texture":"#0"
            },
            "east":{
               "uv":[
                  0,
                  0,
                  0,
                  0.375
               ],
               "rotation":180,
               "texture":"#0"
            },
            "south":{
               "uv":[
                  0.5,
                  6.25,
                  0.875,
                  5.25
               ],
               "rotation":90,
               "texture":"#0"
            },
            "west":{
               "uv":[
                  0,
                  0,
                  0,
                  0.375
               ],
               "texture":"#0"
            },
            "up":{
               "uv":[
                  0,
                  0,
                  0,
                  1
               ],
               "rotation":270,
               "texture":"#0"
            },
            "down":{
               "uv":[
                  0,
                  0,
                  0,
                  1
               ],
               "rotation":270,
               "texture":"#0"
            }
         }
      },
      {
         "from":[
            10.27269,
            6.5,
            12.32731
         ],
         "to":[
            13.27269,
            14.5,
            12.32731
         ],
         "rotation":{
            "angle":-22.5,
            "axis":"z",
            "origin":[
               14,
               8.34358,
               12.22731
            ]
         },
         "faces":{
            "north":{
               "uv":[
                  1.25,
                  5.25,
                  0.875,
                  6.25
               ],
               "texture":"#0"
            },
            "east":{
               "uv":[
                  0,
                  0,
                  0,
                  1
               ],
               "texture":"#0"
            },
            "south":{
               "uv":[
                  0.875,
                  5.25,
                  1.25,
                  6.25
               ],
               "texture":"#0"
            },
            "west":{
               "uv":[
                  0,
                  0,
                  0,
                  1
               ],
               "texture":"#0"
            },
            "up":{
               "uv":[
                  0,
                  0.375,
                  0,
                  0
               ],
               "rotation":90,
               "texture":"#0"
            },
            "down":{
               "uv":[
                  0,
                  0.375,
                  0,
                  0
               ],
               "rotation":270,
               "texture":"#0"
            }
         }
      },
      {
         "from":[
            11.9814,
            7.49613,
            12.12731
         ],
         "to":[
            19.9814,
            10.49613,
            12.12731
         ],
         "rotation":{
            "angle":45,
            "axis":"z",
            "origin":[
               14,
               8.34358,
               12.22731
            ]
         },
         "faces":{
            "north":{
               "uv":[
                  0.875,
                  5.25,
                  0.5,
                  6.25
               ],
               "rotation":270,
               "texture":"#0"
            },
            "east":{
               "uv":[
                  0,
                  0,
                  0,
                  0.375
               ],
               "texture":"#0"
            },
            "south":{
               "uv":[
                  0.5,
                  5.25,
                  0.875,
                  6.25
               ],
               "rotation":90,
               "texture":"#0"
            },
            "west":{
               "uv":[
                  0,
                  0,
                  0,
                  0.375
               ],
               "rotation":180,
               "texture":"#0"
            },
            "up":{
               "uv":[
                  0,
                  1,
                  0,
                  0
               ],
               "rotation":270,
               "texture":"#0"
            },
            "down":{
               "uv":[
                  0,
                  1,
                  0,
                  0
               ],
               "rotation":270,
               "texture":"#0"
            }
         }
      },
      {
         "from":[
            11.36409,
            6.11492,
            12.32731
         ],
         "to":[
            19.36409,
            9.11492,
            12.32731
         ],
         "rotation":{
            "angle":22.5,
            "axis":"z",
            "origin":[
               14,
               8.34358,
               12.22731
            ]
         },
         "faces":{
            "north":{
               "uv":[
                  1.25,
                  5.25,
                  0.875,
                  6.25
               ],
               "rotation":270,
               "texture":"#0"
            },
            "east":{
               "uv":[
                  0,
                  0,
                  0,
                  0.375
               ],
               "texture":"#0"
            },
            "south":{
               "uv":[
                  0.875,
                  5.25,
                  1.25,
                  6.25
               ],
               "rotation":90,
               "texture":"#0"
            },
            "west":{
               "uv":[
                  0,
                  0,
                  0,
                  0.375
               ],
               "rotation":180,
               "texture":"#0"
            },
            "up":{
               "uv":[
                  0,
                  1,
                  0,
                  0
               ],
               "rotation":270,
               "texture":"#0"
            },
            "down":{
               "uv":[
                  0,
                  1,
                  0,
                  0
               ],
               "rotation":270,
               "texture":"#0"
            }
         }
      },
      {
         "from":[
            11.77269,
            4.49896,
            12.12731
         ],
         "to":[
            19.77269,
            7.49896,
            12.12731
         ],
         "rotation":{
            "angle":0,
            "axis":"y",
            "origin":[
               14,
               8.84358,
               12.22731
            ]
         },
         "faces":{
            "north":{
               "uv":[
                  0.875,
                  5.25,
                  0.5,
                  6.25
               ],
               "rotation":270,
               "texture":"#0"
            },
            "east":{
               "uv":[
                  0,
                  0,
                  0,
                  0.375
               ],
               "texture":"#0"
            },
            "south":{
               "uv":[
                  0.5,
                  5.25,
                  0.875,
                  6.25
               ],
               "rotation":90,
               "texture":"#0"
            },
            "west":{
               "uv":[
                  0,
                  0,
                  0,
                  0.375
               ],
               "rotation":180,
               "texture":"#0"
            },
            "up":{
               "uv":[
                  0,
                  1,
                  0,
                  0
               ],
               "rotation":270,
               "texture":"#0"
            },
            "down":{
               "uv":[
                  0,
                  1,
                  0,
                  0
               ],
               "rotation":270,
               "texture":"#0"
            }
         }
      }
   ],
   "gui_light":"front",
   "display":{
      "thirdperson_righthand":{
         "rotation":[
            46,
            0,
            0
         ],
         "translation":[
            0,
            2.75,
            1.5
         ],
         "scale":[
            0.49234,
            0.49234,
            0.49234
         ]
      },
      "thirdperson_lefthand":{
         "rotation":[
            46,
            0,
            0
         ],
         "translation":[
            0,
            2.75,
            1.5
         ],
         "scale":[
            0.49234,
            0.49234,
            0.49234
         ]
      },
      "firstperson_righthand":{
         "rotation":[
            23,
            151,
            -10
         ],
         "translation":[
            4.13,
            2.45,
            -8.75
         ],
         "scale":[
            0.61523,
            0.61523,
            0.61523
         ]
      },
      "firstperson_lefthand":{
         "rotation":[
            23,
            151,
            -10
         ],
         "translation":[
            4.13,
            2.45,
            -8.75
         ],
         "scale":[
            0.61523,
            0.61523,
            0.61523
         ]
      },
      "ground":{
         "translation":[
            0,
            1,
            0
         ],
         "scale":[
            0.5,
            0.5,
            0.5
         ]
      },
      "gui":{
         "rotation":[
            24,
            156,
            0
         ],
         "translation":[
            0,
            -1.5,
            0
         ],
         "scale":[
            0.5411,
            0.5411,
            0.5411
         ]
      },
      "head":{
         "translation":[
            0,
            -30.5,
            0
         ],
         "scale":[
            1.57813,
            1.57813,
            1.57813
         ]
      },
      "fixed":{
         "rotation":[
            -90,
            0,
            0
         ],
         "translation":[
            0,
            -0.75,
            -16.5
         ],
         "scale":[
            2.10352,
            2.10352,
            2.10352
         ]
      }
   },
   "groups":[
      {
         "name":"group",
         "origin":[
            14,
            17.5,
            1.5
         ],
         "color":0,
         "boneType":"",
         "children":[
            0,
            1,
            2,
            3,
            4,
            5,
            6,
            7,
            8,
            9,
            10,
            11,
            12,
            13,
            14,
            15,
            16,
            17
         ]
      },
      18,
      19,
      20,
      21,
      22,
      23,
      24,
      25,
      26,
      27,
      28,
      29,
      30
   ]
}