{
   "credit":"Made with Blockbench",
   "texture_size":[
      128,
      128
   ],
   "textures":{
      "0":"elitecreatures:thanks_giving_2023_v2/thanksgiving_texture_01",
      "particle":"elitecreatures:thanks_giving_2023_v2/thanksgiving_texture_01"
   },
   "elements":[
      {
         "from":[
            -1.5,
            -2.5,
            3.55005
         ],
         "to":[
            6.5,
            8.5,
            12.55005
         ],
         "rotation":{
            "angle":0,
            "axis":"z",
            "origin":[
               3.23248,
               2.40811,
               8.05005
            ]
         },
         "faces":{
            "north":{
               "uv":[
                  2,
                  1.375,
                  3,
                  0
               ],
               "texture":"#0"
            },
            "east":{
               "uv":[
                  4.125,
                  1.375,
                  3,
                  0
               ],
               "texture":"#0"
            },
            "south":{
               "uv":[
                  3,
                  1.375,
                  2,
                  0
               ],
               "texture":"#0"
            },
            "west":{
               "uv":[
                  5.25,
                  1.375,
                  4.125,
                  0
               ],
               "texture":"#0"
            },
            "up":{
               "uv":[
                  4.25,
                  2.375,
                  3.125,
                  1.375
               ],
               "rotation":90,
               "texture":"#0"
            },
            "down":{
               "uv":[
                  3.125,
                  2.375,
                  2,
                  1.375
               ],
               "rotation":270,
               "texture":"#0"
            }
         }
      },
      {
         "from":[
            6.97092,
            -4.09827,
            2.30005
         ],
         "to":[
            9.97092,
            -2.09827,
            3.80005
         ],
         "rotation":{
            "angle":-22.5,
            "axis":"z",
            "origin":[
               3.23248,
               2.40811,
               8.05005
            ]
         },
         "faces":{
            "north":{
               "uv":[
                  3.875,
                  2.375,
                  3.625,
                  2.75
               ],
               "rotation":270,
               "texture":"#0"
            },
            "east":{
               "uv":[
                  4.0625,
                  2.625,
                  4.25,
                  2.375
               ],
               "texture":"#0"
            },
            "south":{
               "uv":[
                  3.875,
                  2.75,
                  3.625,
                  2.375
               ],
               "rotation":270,
               "texture":"#0"
            },
            "west":{
               "uv":[
                  4.0625,
                  2.625,
                  4.25,
                  2.375
               ],
               "texture":"#0"
            },
            "up":{
               "uv":[
                  4.0625,
                  2.375,
                  3.875,
                  2.75
               ],
               "rotation":270,
               "texture":"#0"
            },
            "down":{
               "uv":[
                  4.0625,
                  2.75,
                  3.875,
                  2.375
               ],
               "rotation":90,
               "texture":"#0"
            }
         }
      },
      {
         "from":[
            6.48165,
            -2.70019,
            2.05005
         ],
         "to":[
            9.48165,
            0.29981,
            4.05005
         ],
         "rotation":{
            "angle":-45,
            "axis":"z",
            "origin":[
               3.23248,
               2.40811,
               8.05005
            ]
         },
         "faces":{
            "north":{
               "uv":[
                  3.125,
                  2.375,
                  2.75,
                  2.75
               ],
               "rotation":270,
               "texture":"#0"
            },
            "east":{
               "uv":[
                  3.625,
                  2.375,
                  3.375,
                  2.75
               ],
               "texture":"#0"
            },
            "south":{
               "uv":[
                  3.125,
                  2.375,
                  2.75,
                  2.75
               ],
               "rotation":90,
               "texture":"#0"
            },
            "west":{
               "uv":[
                  3.625,
                  2.375,
                  3.375,
                  2.75
               ],
               "rotation":180,
               "texture":"#0"
            },
            "up":{
               "uv":[
                  3.375,
                  2.375,
                  3.125,
                  2.75
               ],
               "rotation":90,
               "texture":"#0"
            },
            "down":{
               "uv":[
                  3.375,
                  2.375,
                  3.125,
                  2.75
               ],
               "rotation":90,
               "texture":"#0"
            }
         }
      },
      {
         "from":[
            0.46137,
            -5.40407,
            4.52503
         ],
         "to":[
            5.46137,
            -1.40407,
            11.52503
         ],
         "rotation":{
            "angle":-22.5,
            "axis":"z",
            "origin":[
               2.96137,
               -3.40407,
               8.02503
            ]
         },
         "faces":{
            "north":{
               "uv":[
                  2.375,
                  3,
                  3,
                  3.625
               ],
               "rotation":270,
               "texture":"#0"
            },
            "east":{
               "uv":[
                  1.5,
                  3.375,
                  2.375,
                  3.875
               ],
               "texture":"#0"
            },
            "south":{
               "uv":[
                  2.375,
                  3,
                  3,
                  3.625
               ],
               "rotation":90,
               "texture":"#0"
            },
            "west":{
               "uv":[
                  1.5,
                  3.125,
                  2.375,
                  3.75
               ],
               "rotation":180,
               "texture":"#0"
            },
            "up":{
               "uv":[
                  0.625,
                  3.125,
                  1.5,
                  3.75
               ],
               "rotation":90,
               "texture":"#0"
            },
            "down":{
               "uv":[
                  0.625,
                  3.125,
                  1.5,
                  3.75
               ],
               "rotation":90,
               "texture":"#0"
            }
         }
      },
      {
         "from":[
            -1.33552,
            -2.42034,
            1.55005
         ],
         "to":[
            3.66448,
            3.57966,
            4.55005
         ],
         "rotation":{
            "angle":22.5,
            "axis":"z",
            "origin":[
               3.23248,
               2.40811,
               8.05005
            ]
         },
         "faces":{
            "north":{
               "uv":[
                  0.625,
                  3.125,
                  1.25,
                  2.375
               ],
               "texture":"#0"
            },
            "east":{
               "uv":[
                  1.25,
                  3.125,
                  1.625,
                  2.375
               ],
               "texture":"#0"
            },
            "south":{
               "uv":[
                  0.625,
                  3.125,
                  1.25,
                  2.375
               ],
               "texture":"#0"
            },
            "west":{
               "uv":[
                  1.625,
                  3.125,
                  2,
                  2.375
               ],
               "texture":"#0"
            },
            "up":{
               "uv":[
                  2.375,
                  3,
                  2.75,
                  2.375
               ],
               "rotation":90,
               "texture":"#0"
            },
            "down":{
               "uv":[
                  2,
                  3,
                  2.375,
                  2.375
               ],
               "rotation":270,
               "texture":"#0"
            }
         }
      },
      {
         "from":[
            2,
            8,
            6
         ],
         "to":[
            5,
            15,
            10
         ],
         "rotation":{
            "angle":0,
            "axis":"z",
            "origin":[
               4.23248,
               4.40811,
               8.05005
            ]
         },
         "faces":{
            "north":{
               "uv":[
                  2.125,
                  10.125,
                  1.75,
                  9.25
               ],
               "texture":"#0"
            },
            "east":{
               "uv":[
                  1.25,
                  10.125,
                  1.75,
                  9.25
               ],
               "texture":"#0"
            },
            "south":{
               "uv":[
                  1.75,
                  10.125,
                  2.125,
                  9.25
               ],
               "texture":"#0"
            },
            "west":{
               "uv":[
                  1.25,
                  10.125,
                  1.75,
                  9.25
               ],
               "texture":"#0"
            },
            "up":{
               "uv":[
                  1.25,
                  10.5,
                  1.75,
                  10.125
               ],
               "rotation":90,
               "texture":"#0"
            },
            "down":{
               "uv":[
                  1.25,
                  10.5,
                  1.75,
                  10.125
               ],
               "rotation":90,
               "texture":"#0"
            }
         }
      },
      {
         "from":[
            5,
            9,
            6.5
         ],
         "to":[
            6,
            13.5,
            9.5
         ],
         "rotation":{
            "angle":0,
            "axis":"z",
            "origin":[
               4.23248,
               4.40811,
               8.05005
            ]
         },
         "faces":{
            "north":{
               "uv":[
                  1.625,
                  11.0625,
                  1.75,
                  10.5
               ],
               "texture":"#0"
            },
            "east":{
               "uv":[
                  1.25,
                  11.0625,
                  1.625,
                  10.5
               ],
               "texture":"#0"
            },
            "south":{
               "uv":[
                  1.75,
                  11.0625,
                  1.625,
                  10.5
               ],
               "texture":"#0"
            },
            "west":{
               "uv":[
                  1.25,
                  11.0625,
                  1.625,
                  10.5
               ],
               "texture":"#0"
            },
            "up":{
               "uv":[
                  1.125,
                  11.1875,
                  1.5,
                  11.0625
               ],
               "rotation":90,
               "texture":"#0"
            },
            "down":{
               "uv":[
                  1.125,
                  11.1875,
                  1.5,
                  11.0625
               ],
               "rotation":90,
               "texture":"#0"
            }
         }
      },
      {
         "from":[
            0,
            12,
            6
         ],
         "to":[
            2,
            15,
            10
         ],
         "rotation":{
            "angle":0,
            "axis":"z",
            "origin":[
               1.23248,
               4.40811,
               8.05005
            ]
         },
         "faces":{
            "north":{
               "uv":[
                  2.875,
                  9.625,
                  2.625,
                  9.25
               ],
               "texture":"#0"
            },
            "east":{
               "uv":[
                  2.125,
                  9.625,
                  2.625,
                  9.25
               ],
               "texture":"#0"
            },
            "south":{
               "uv":[
                  2.625,
                  9.625,
                  2.875,
                  9.25
               ],
               "texture":"#0"
            },
            "west":{
               "uv":[
                  2.125,
                  9.625,
                  2.625,
                  9.25
               ],
               "texture":"#0"
            },
            "up":{
               "uv":[
                  2.125,
                  9.875,
                  2.625,
                  9.625
               ],
               "rotation":90,
               "texture":"#0"
            },
            "down":{
               "uv":[
                  2.125,
                  9.875,
                  2.625,
                  9.625
               ],
               "rotation":90,
               "texture":"#0"
            }
         }
      },
      {
         "from":[
            1,
            7.5,
            8
         ],
         "to":[
            4,
            14.5,
            12
         ],
         "rotation":{
            "angle":22.5,
            "axis":"x",
            "origin":[
               4.23248,
               4.40811,
               8.05005
            ]
         },
         "faces":{
            "north":{
               "uv":[
                  2.125,
                  10.125,
                  1.75,
                  9.25
               ],
               "texture":"#0"
            },
            "east":{
               "uv":[
                  1.25,
                  10.125,
                  1.75,
                  9.25
               ],
               "texture":"#0"
            },
            "south":{
               "uv":[
                  1.75,
                  10.125,
                  2.125,
                  9.25
               ],
               "texture":"#0"
            },
            "west":{
               "uv":[
                  1.25,
                  10.125,
                  1.75,
                  9.25
               ],
               "texture":"#0"
            },
            "up":{
               "uv":[
                  1.25,
                  10.5,
                  1.75,
                  10.125
               ],
               "rotation":90,
               "texture":"#0"
            },
            "down":{
               "uv":[
                  1.25,
                  10.5,
                  1.75,
                  10.125
               ],
               "rotation":90,
               "texture":"#0"
            }
         }
      },
      {
         "from":[
            -1,
            11.5,
            8
         ],
         "to":[
            1,
            14.5,
            12
         ],
         "rotation":{
            "angle":22.5,
            "axis":"x",
            "origin":[
               1.23248,
               4.40811,
               8.05005
            ]
         },
         "faces":{
            "north":{
               "uv":[
                  2.875,
                  9.625,
                  2.625,
                  9.25
               ],
               "texture":"#0"
            },
            "east":{
               "uv":[
                  2.125,
                  9.625,
                  2.625,
                  9.25
               ],
               "texture":"#0"
            },
            "south":{
               "uv":[
                  2.625,
                  9.625,
                  2.875,
                  9.25
               ],
               "texture":"#0"
            },
            "west":{
               "uv":[
                  2.125,
                  9.625,
                  2.625,
                  9.25
               ],
               "texture":"#0"
            },
            "up":{
               "uv":[
                  2.125,
                  9.875,
                  2.625,
                  9.625
               ],
               "rotation":90,
               "texture":"#0"
            },
            "down":{
               "uv":[
                  2.125,
                  9.875,
                  2.625,
                  9.625
               ],
               "rotation":90,
               "texture":"#0"
            }
         }
      },
      {
         "from":[
            4,
            8.5,
            8.5
         ],
         "to":[
            5,
            13,
            11.5
         ],
         "rotation":{
            "angle":22.5,
            "axis":"x",
            "origin":[
               4.23248,
               4.40811,
               8.05005
            ]
         },
         "faces":{
            "north":{
               "uv":[
                  1.625,
                  11.0625,
                  1.75,
                  10.5
               ],
               "texture":"#0"
            },
            "east":{
               "uv":[
                  1.25,
                  11.0625,
                  1.625,
                  10.5
               ],
               "texture":"#0"
            },
            "south":{
               "uv":[
                  1.75,
                  11.0625,
                  1.625,
                  10.5
               ],
               "texture":"#0"
            },
            "west":{
               "uv":[
                  1.25,
                  11.0625,
                  1.625,
                  10.5
               ],
               "texture":"#0"
            },
            "up":{
               "uv":[
                  1.125,
                  11.1875,
                  1.5,
                  11.0625
               ],
               "rotation":90,
               "texture":"#0"
            },
            "down":{
               "uv":[
                  1.125,
                  11.1875,
                  1.5,
                  11.0625
               ],
               "rotation":90,
               "texture":"#0"
            }
         }
      },
      {
         "from":[
            4,
            8.5,
            4.5
         ],
         "to":[
            5,
            13,
            7.5
         ],
         "rotation":{
            "angle":-22.5,
            "axis":"x",
            "origin":[
               4.23248,
               4.40811,
               7.94995
            ]
         },
         "faces":{
            "north":{
               "uv":[
                  1.625,
                  11.0625,
                  1.75,
                  10.5
               ],
               "texture":"#0"
            },
            "east":{
               "uv":[
                  1.625,
                  11.0625,
                  1.25,
                  10.5
               ],
               "texture":"#0"
            },
            "south":{
               "uv":[
                  1.75,
                  11.0625,
                  1.625,
                  10.5
               ],
               "texture":"#0"
            },
            "west":{
               "uv":[
                  1.625,
                  11.0625,
                  1.25,
                  10.5
               ],
               "texture":"#0"
            },
            "up":{
               "uv":[
                  1.5,
                  11.1875,
                  1.125,
                  11.0625
               ],
               "rotation":90,
               "texture":"#0"
            },
            "down":{
               "uv":[
                  1.5,
                  11.1875,
                  1.125,
                  11.0625
               ],
               "rotation":90,
               "texture":"#0"
            }
         }
      },
      {
         "from":[
            -1,
            11.5,
            4
         ],
         "to":[
            1,
            14.5,
            8
         ],
         "rotation":{
            "angle":-22.5,
            "axis":"x",
            "origin":[
               1.23248,
               4.40811,
               7.94995
            ]
         },
         "faces":{
            "north":{
               "uv":[
                  2.875,
                  9.625,
                  2.625,
                  9.25
               ],
               "texture":"#0"
            },
            "east":{
               "uv":[
                  2.625,
                  9.625,
                  2.125,
                  9.25
               ],
               "texture":"#0"
            },
            "south":{
               "uv":[
                  2.625,
                  9.625,
                  2.875,
                  9.25
               ],
               "texture":"#0"
            },
            "west":{
               "uv":[
                  2.625,
                  9.625,
                  2.125,
                  9.25
               ],
               "texture":"#0"
            },
            "up":{
               "uv":[
                  2.625,
                  9.875,
                  2.125,
                  9.625
               ],
               "rotation":90,
               "texture":"#0"
            },
            "down":{
               "uv":[
                  2.625,
                  9.875,
                  2.125,
                  9.625
               ],
               "rotation":90,
               "texture":"#0"
            }
         }
      },
      {
         "from":[
            1,
            7.5,
            4
         ],
         "to":[
            4,
            14.5,
            8
         ],
         "rotation":{
            "angle":-22.5,
            "axis":"x",
            "origin":[
               4.23248,
               4.40811,
               7.94995
            ]
         },
         "faces":{
            "north":{
               "uv":[
                  2.125,
                  10.125,
                  1.75,
                  9.25
               ],
               "texture":"#0"
            },
            "east":{
               "uv":[
                  1.75,
                  10.125,
                  1.25,
                  9.25
               ],
               "texture":"#0"
            },
            "south":{
               "uv":[
                  1.75,
                  10.125,
                  2.125,
                  9.25
               ],
               "texture":"#0"
            },
            "west":{
               "uv":[
                  1.75,
                  10.125,
                  1.25,
                  9.25
               ],
               "texture":"#0"
            },
            "up":{
               "uv":[
                  1.75,
                  10.5,
                  1.25,
                  10.125
               ],
               "rotation":90,
               "texture":"#0"
            },
            "down":{
               "uv":[
                  1.75,
                  10.5,
                  1.25,
                  10.125
               ],
               "rotation":90,
               "texture":"#0"
            }
         }
      },
      {
         "from":[
            -1.33552,
            -2.42034,
            11.55005
         ],
         "to":[
            3.66448,
            3.57966,
            14.55005
         ],
         "rotation":{
            "angle":22.5,
            "axis":"z",
            "origin":[
               3.23248,
               2.40811,
               8.05005
            ]
         },
         "faces":{
            "north":{
               "uv":[
                  1.25,
                  3.125,
                  0.625,
                  2.375
               ],
               "texture":"#0"
            },
            "east":{
               "uv":[
                  1.625,
                  3.125,
                  1.25,
                  2.375
               ],
               "texture":"#0"
            },
            "south":{
               "uv":[
                  1.25,
                  3.125,
                  0.625,
                  2.375
               ],
               "texture":"#0"
            },
            "west":{
               "uv":[
                  2,
                  3.125,
                  1.625,
                  2.375
               ],
               "texture":"#0"
            },
            "up":{
               "uv":[
                  2.75,
                  3,
                  2.375,
                  2.375
               ],
               "rotation":90,
               "texture":"#0"
            },
            "down":{
               "uv":[
                  2.375,
                  3,
                  2,
                  2.375
               ],
               "rotation":270,
               "texture":"#0"
            }
         }
      },
      {
         "from":[
            6.48165,
            -2.70019,
            12.05005
         ],
         "to":[
            9.48165,
            0.29981,
            14.05005
         ],
         "rotation":{
            "angle":-45,
            "axis":"z",
            "origin":[
               3.23248,
               2.40811,
               8.05005
            ]
         },
         "faces":{
            "north":{
               "uv":[
                  3.125,
                  2.75,
                  2.75,
                  2.375
               ],
               "rotation":90,
               "texture":"#0"
            },
            "east":{
               "uv":[
                  3.375,
                  2.375,
                  3.625,
                  2.75
               ],
               "texture":"#0"
            },
            "south":{
               "uv":[
                  3.125,
                  2.75,
                  2.75,
                  2.375
               ],
               "rotation":270,
               "texture":"#0"
            },
            "west":{
               "uv":[
                  3.375,
                  2.375,
                  3.625,
                  2.75
               ],
               "rotation":180,
               "texture":"#0"
            },
            "up":{
               "uv":[
                  3.125,
                  2.375,
                  3.375,
                  2.75
               ],
               "rotation":90,
               "texture":"#0"
            },
            "down":{
               "uv":[
                  3.125,
                  2.375,
                  3.375,
                  2.75
               ],
               "rotation":90,
               "texture":"#0"
            }
         }
      },
      {
         "from":[
            6.97092,
            -4.09827,
            12.30005
         ],
         "to":[
            9.97092,
            -2.09827,
            13.80005
         ],
         "rotation":{
            "angle":-22.5,
            "axis":"z",
            "origin":[
               3.23248,
               2.40811,
               8.05005
            ]
         },
         "faces":{
            "north":{
               "uv":[
                  3.875,
                  2.375,
                  3.625,
                  2.75
               ],
               "rotation":270,
               "texture":"#0"
            },
            "east":{
               "uv":[
                  4.25,
                  2.625,
                  4.0625,
                  2.375
               ],
               "texture":"#0"
            },
            "south":{
               "uv":[
                  3.875,
                  2.75,
                  3.625,
                  2.375
               ],
               "rotation":270,
               "texture":"#0"
            },
            "west":{
               "uv":[
                  4.25,
                  2.625,
                  4.0625,
                  2.375
               ],
               "texture":"#0"
            },
            "up":{
               "uv":[
                  3.875,
                  2.375,
                  4.0625,
                  2.75
               ],
               "rotation":270,
               "texture":"#0"
            },
            "down":{
               "uv":[
                  3.875,
                  2.75,
                  4.0625,
                  2.375
               ],
               "rotation":90,
               "texture":"#0"
            }
         }
      },
      {
         "from":[
            4.1,
            -12.32499,
            9.62015
         ],
         "to":[
            4.1,
            -4.32499,
            12.62015
         ],
         "rotation":{
            "angle":-22.5,
            "axis":"x",
            "origin":[
               4,
               -6.34358,
               11.77269
            ]
         },
         "faces":{
            "north":{
               "uv":[
                  0,
                  0,
                  0,
                  1
               ],
               "rotation":180,
               "texture":"#0"
            },
            "east":{
               "uv":[
                  0.5,
                  5.25,
                  0.875,
                  6.25
               ],
               "rotation":180,
               "texture":"#0"
            },
            "south":{
               "uv":[
                  0,
                  0,
                  0,
                  1
               ],
               "rotation":180,
               "texture":"#0"
            },
            "west":{
               "uv":[
                  0.875,
                  5.25,
                  0.5,
                  6.25
               ],
               "rotation":180,
               "texture":"#0"
            },
            "up":{
               "uv":[
                  0,
                  0.375,
                  0,
                  0
               ],
               "texture":"#0"
            },
            "down":{
               "uv":[
                  0,
                  0.375,
                  0,
                  0
               ],
               "texture":"#0"
            }
         }
      },
      {
         "from":[
            3.9,
            -11.70767,
            11.00136
         ],
         "to":[
            3.9,
            -3.70767,
            14.00136
         ],
         "rotation":{
            "angle":-45,
            "axis":"x",
            "origin":[
               4,
               -6.34358,
               11.77269
            ]
         },
         "faces":{
            "north":{
               "uv":[
                  0,
                  0,
                  0,
                  1
               ],
               "rotation":180,
               "texture":"#0"
            },
            "east":{
               "uv":[
                  0.875,
                  5.25,
                  1.25,
                  6.25
               ],
               "rotation":180,
               "texture":"#0"
            },
            "south":{
               "uv":[
                  0,
                  0,
                  0,
                  1
               ],
               "rotation":180,
               "texture":"#0"
            },
            "west":{
               "uv":[
                  1.25,
                  5.25,
                  0.875,
                  6.25
               ],
               "rotation":180,
               "texture":"#0"
            },
            "up":{
               "uv":[
                  0,
                  0.375,
                  0,
                  0
               ],
               "texture":"#0"
            },
            "down":{
               "uv":[
                  0,
                  0.375,
                  0,
                  0
               ],
               "texture":"#0"
            }
         }
      },
      {
         "from":[
            4.1,
            -5.49896,
            9.54539
         ],
         "to":[
            4.1,
            -2.49896,
            17.54539
         ],
         "rotation":{
            "angle":22.5,
            "axis":"x",
            "origin":[
               4,
               -6.84358,
               11.77269
            ]
         },
         "faces":{
            "north":{
               "uv":[
                  0,
                  0.375,
                  0,
                  0
               ],
               "rotation":180,
               "texture":"#0"
            },
            "east":{
               "uv":[
                  0.5,
                  5.25,
                  0.875,
                  6.25
               ],
               "rotation":270,
               "texture":"#0"
            },
            "south":{
               "uv":[
                  0,
                  0.375,
                  0,
                  0
               ],
               "texture":"#0"
            },
            "west":{
               "uv":[
                  0.875,
                  5.25,
                  0.5,
                  6.25
               ],
               "rotation":90,
               "texture":"#0"
            },
            "up":{
               "uv":[
                  0,
                  0,
                  0,
                  1
               ],
               "rotation":180,
               "texture":"#0"
            },
            "down":{
               "uv":[
                  0,
                  0,
                  0,
                  1
               ],
               "texture":"#0"
            }
         }
      },
      {
         "from":[
            4.1,
            -12.32499,
            3.37985
         ],
         "to":[
            4.1,
            -4.32499,
            6.37985
         ],
         "rotation":{
            "angle":22.5,
            "axis":"x",
            "origin":[
               4,
               -6.34358,
               4.22731
            ]
         },
         "faces":{
            "north":{
               "uv":[
                  0,
                  0,
                  0,
                  1
               ],
               "rotation":180,
               "texture":"#0"
            },
            "east":{
               "uv":[
                  0.875,
                  5.25,
                  0.5,
                  6.25
               ],
               "rotation":180,
               "texture":"#0"
            },
            "south":{
               "uv":[
                  0,
                  0,
                  0,
                  1
               ],
               "rotation":180,
               "texture":"#0"
            },
            "west":{
               "uv":[
                  0.5,
                  5.25,
                  0.875,
                  6.25
               ],
               "rotation":180,
               "texture":"#0"
            },
            "up":{
               "uv":[
                  0,
                  0,
                  0,
                  0.375
               ],
               "texture":"#0"
            },
            "down":{
               "uv":[
                  0,
                  0,
                  0,
                  0.375
               ],
               "texture":"#0"
            }
         }
      },
      {
         "from":[
            3.9,
            -11.70767,
            1.99864
         ],
         "to":[
            3.9,
            -3.70767,
            4.99864
         ],
         "rotation":{
            "angle":45,
            "axis":"x",
            "origin":[
               4,
               -6.34358,
               4.22731
            ]
         },
         "faces":{
            "north":{
               "uv":[
                  0,
                  0,
                  0,
                  1
               ],
               "rotation":180,
               "texture":"#0"
            },
            "east":{
               "uv":[
                  1.25,
                  5.25,
                  0.875,
                  6.25
               ],
               "rotation":180,
               "texture":"#0"
            },
            "south":{
               "uv":[
                  0,
                  0,
                  0,
                  1
               ],
               "rotation":180,
               "texture":"#0"
            },
            "west":{
               "uv":[
                  0.875,
                  5.25,
                  1.25,
                  6.25
               ],
               "rotation":180,
               "texture":"#0"
            },
            "up":{
               "uv":[
                  0,
                  0,
                  0,
                  0.375
               ],
               "texture":"#0"
            },
            "down":{
               "uv":[
                  0,
                  0,
                  0,
                  0.375
               ],
               "texture":"#0"
            }
         }
      },
      {
         "from":[
            4.1,
            -5.49896,
            -1.54539
         ],
         "to":[
            4.1,
            -2.49896,
            6.45461
         ],
         "rotation":{
            "angle":-22.5,
            "axis":"x",
            "origin":[
               4,
               -6.84358,
               4.22731
            ]
         },
         "faces":{
            "north":{
               "uv":[
                  0,
                  0.375,
                  0,
                  0
               ],
               "texture":"#0"
            },
            "east":{
               "uv":[
                  0.5,
                  6.25,
                  0.875,
                  5.25
               ],
               "rotation":270,
               "texture":"#0"
            },
            "south":{
               "uv":[
                  0,
                  0.375,
                  0,
                  0
               ],
               "rotation":180,
               "texture":"#0"
            },
            "west":{
               "uv":[
                  0.875,
                  6.25,
                  0.5,
                  5.25
               ],
               "rotation":90,
               "texture":"#0"
            },
            "up":{
               "uv":[
                  0,
                  1,
                  0,
                  0
               ],
               "rotation":180,
               "texture":"#0"
            },
            "down":{
               "uv":[
                  0,
                  1,
                  0,
                  0
               ],
               "texture":"#0"
            }
         }
      },
      {
         "from":[
            2,
            -3.5,
            13
         ],
         "to":[
            11,
            2.5,
            13
         ],
         "rotation":{
            "angle":-22.5,
            "axis":"z",
            "origin":[
               9.5,
               -1.5,
               12.5
            ]
         },
         "faces":{
            "north":{
               "uv":[
                  3.5,
                  7.5625,
                  2.75,
                  8.6875
               ],
               "rotation":270,
               "texture":"#0"
            },
            "east":{
               "uv":[
                  0,
                  0.625,
                  0,
                  0
               ],
               "rotation":180,
               "texture":"#missing"
            },
            "south":{
               "uv":[
                  2.75,
                  7.5625,
                  3.5,
                  8.6875
               ],
               "rotation":90,
               "texture":"#0"
            },
            "west":{
               "uv":[
                  0,
                  0.625,
                  0,
                  0
               ],
               "texture":"#missing"
            },
            "up":{
               "uv":[
                  0,
                  0,
                  0,
                  0.875
               ],
               "rotation":90,
               "texture":"#missing"
            },
            "down":{
               "uv":[
                  0,
                  0,
                  0,
                  0.875
               ],
               "rotation":90,
               "texture":"#missing"
            }
         }
      },
      {
         "from":[
            2,
            -3.5,
            3
         ],
         "to":[
            11,
            2.5,
            3
         ],
         "rotation":{
            "angle":-22.5,
            "axis":"z",
            "origin":[
               9.5,
               -1.5,
               3.5
            ]
         },
         "faces":{
            "north":{
               "uv":[
                  2.75,
                  8.6875,
                  3.5,
                  7.5625
               ],
               "rotation":90,
               "texture":"#0"
            },
            "east":{
               "uv":[
                  0,
                  0.625,
                  0,
                  0
               ],
               "rotation":180,
               "texture":"#missing"
            },
            "south":{
               "uv":[
                  3.5,
                  8.6875,
                  2.75,
                  7.5625
               ],
               "rotation":270,
               "texture":"#0"
            },
            "west":{
               "uv":[
                  0,
                  0.625,
                  0,
                  0
               ],
               "texture":"#missing"
            },
            "up":{
               "uv":[
                  0,
                  0,
                  0,
                  0.875
               ],
               "rotation":90,
               "texture":"#missing"
            },
            "down":{
               "uv":[
                  0,
                  0,
                  0,
                  0.875
               ],
               "rotation":90,
               "texture":"#missing"
            }
         }
      },
      {
         "from":[
            9.95,
            1.75,
            7.2
         ],
         "to":[
            12.45,
            1.75,
            9.2
         ],
         "rotation":{
            "angle":0,
            "axis":"z",
            "origin":[
               2,
               -14.25,
               8.1
            ]
         },
         "faces":{
            "north":{
               "uv":[
                  1.875,
                  4.3125,
                  2.375,
                  3.875
               ],
               "rotation":90,
               "texture":"#0"
            },
            "east":{
               "uv":[
                  1.5,
                  4.8125,
                  2,
                  4.3125
               ],
               "rotation":270,
               "texture":"#0"
            },
            "south":{
               "uv":[
                  1.875,
                  4.3125,
                  2.375,
                  3.875
               ],
               "rotation":270,
               "texture":"#0"
            },
            "west":{
               "uv":[
                  1.5,
                  4.8125,
                  2,
                  4.3125
               ],
               "rotation":270,
               "texture":"#0"
            },
            "up":{
               "uv":[
                  0.75,
                  4.75,
                  0.5,
                  4.4375
               ],
               "rotation":270,
               "texture":"#0"
            },
            "down":{
               "uv":[
                  0.5,
                  4.75,
                  0.75,
                  4.4375
               ],
               "rotation":270,
               "texture":"#0"
            }
         }
      },
      {
         "from":[
            6.45,
            -0.25,
            6
         ],
         "to":[
            9.95,
            3.75,
            10
         ],
         "rotation":{
            "angle":0,
            "axis":"z",
            "origin":[
               2,
               -14.25,
               8.1
            ]
         },
         "faces":{
            "north":{
               "uv":[
                  1.875,
                  4.3125,
                  2.375,
                  3.875
               ],
               "rotation":90,
               "texture":"#0"
            },
            "east":{
               "uv":[
                  1.5,
                  4.8125,
                  2,
                  4.3125
               ],
               "rotation":270,
               "texture":"#0"
            },
            "south":{
               "uv":[
                  1.875,
                  4.3125,
                  2.375,
                  3.875
               ],
               "rotation":270,
               "texture":"#0"
            },
            "west":{
               "uv":[
                  1.5,
                  4.8125,
                  2,
                  4.3125
               ],
               "rotation":270,
               "texture":"#0"
            },
            "up":{
               "uv":[
                  1.875,
                  4.3125,
                  2.375,
                  3.875
               ],
               "rotation":270,
               "texture":"#0"
            },
            "down":{
               "uv":[
                  1.875,
                  4.3125,
                  2.375,
                  3.875
               ],
               "rotation":270,
               "texture":"#0"
            }
         }
      }
   ],
   "gui_light":"front",
   "display":{
      "thirdperson_righthand":{
         "rotation":[
            -90,
            0,
            0
         ],
         "translation":[
            4.5,
            -2,
            1.25
         ],
         "scale":[
            0.7,
            0.7,
            0.7
         ]
      },
      "thirdperson_lefthand":{
         "rotation":[
            90,
            0,
            180
         ],
         "translation":[
            5.25,
            -2,
            0.75
         ],
         "scale":[
            0.7,
            0.7,
            0.7
         ]
      },
      "firstperson_righthand":{
         "rotation":[
            16.38,
            -76.89,
            49.53
         ],
         "translation":[
            3.5,
            4.25,
            -5.5
         ],
         "scale":[
            0.69922,
            0.69922,
            0.69922
         ]
      },
      "firstperson_lefthand":{
         "rotation":[
            -52,
            86,
            9
         ],
         "translation":[
            3.75,
            4.25,
            -4.5
         ],
         "scale":[
            0.69922,
            0.69922,
            0.69922
         ]
      },
      "ground":{
         "rotation":[
            0,
            0,
            90
         ],
         "translation":[
            -4,
            0.25,
            0
         ],
         "scale":[
            0.5,
            0.5,
            0.5
         ]
      },
      "gui":{
         "rotation":[
            -126,
            135,
            -90
         ],
         "translation":[
            -2.5,
            -0.25,
            -1.25
         ],
         "scale":[
            0.54938,
            0.54938,
            0.54938
         ]
      },
      "head":{
         "rotation":[
            90,
            -168,
            90
         ],
         "translation":[
            -0.5,
            11.75,
            0
         ],
         "scale":[
            0.56,
            0.56,
            0.56
         ]
      },
      "fixed":{
         "rotation":[
            0,
            90,
            0
         ],
         "translation":[
            0,
            6.75,
            -12.5
         ],
         "scale":[
            1.25281,
            1.25281,
            1.25281
         ]
      }
   },
   "groups":[
      {
         "name":"group",
         "origin":[
            14,
            17.5,
            1.5
         ],
         "color":0,
         "boneType":"",
         "children":[
            0,
            1,
            2,
            3,
            4,
            5,
            6,
            7,
            8,
            9,
            10,
            11,
            12,
            13,
            14,
            15,
            16
         ]
      },
      17,
      18,
      19,
      20,
      21,
      22,
      23,
      24,
      25,
      26
   ]
}