{
   "credit":"Made with Blockbench",
   "texture_size":[
      128,
      128
   ],
   "textures":{
      "particle":"elitecreatures:thanks_giving_2023_v2/thanksgiving_texture_01"
   },
   "elements":[
      {
         "from":[
            7,
            -13,
            7
         ],
         "to":[
            9,
            10,
            9
         ],
         "rotation":{
            "angle":0,
            "axis":"y",
            "origin":[
               0,
               -1,
               0
            ]
         },
         "faces":{
            "north":{
               "uv":[
                  0.25,
                  3.75,
                  0.5,
                  6.625
               ],
               "texture":"#particle"
            },
            "east":{
               "uv":[
                  0.25,
                  3.75,
                  0,
                  6.625
               ],
               "texture":"#particle"
            },
            "south":{
               "uv":[
                  0.25,
                  3.75,
                  0.5,
                  6.625
               ],
               "texture":"#particle"
            },
            "west":{
               "uv":[
                  0.25,
                  3.75,
                  0,
                  6.625
               ],
               "texture":"#particle"
            },
            "up":{
               "uv":[
                  0,
                  1.25,
                  0.25,
                  1.5
               ],
               "texture":"#particle"
            },
            "down":{
               "uv":[
                  0,
                  1.25,
                  0.25,
                  1.5
               ],
               "texture":"#particle"
            }
         }
      },
      {
         "from":[
            7.1,
            7,
            3
         ],
         "to":[
            8.9,
            9,
            13
         ],
         "rotation":{
            "angle":0,
            "axis":"y",
            "origin":[
               0,
               8,
               0
            ]
         },
         "faces":{
            "north":{
               "uv":[
                  0.25,
                  1.25,
                  0.5,
                  1.5
               ],
               "texture":"#particle"
            },
            "east":{
               "uv":[
                  0.8125,
                  0,
                  1.0625,
                  1.25
               ],
               "rotation":270,
               "texture":"#particle"
            },
            "south":{
               "uv":[
                  0.25,
                  1.25,
                  0.5,
                  1.5
               ],
               "texture":"#particle"
            },
            "west":{
               "uv":[
                  0.8125,
                  0,
                  1.0625,
                  1.25
               ],
               "rotation":270,
               "texture":"#particle"
            },
            "up":{
               "uv":[
                  1.3125,
                  0,
                  1.0625,
                  1.25
               ],
               "rotation":180,
               "texture":"#particle"
            },
            "down":{
               "uv":[
                  1.3125,
                  0,
                  1.0625,
                  1.25
               ],
               "rotation":180,
               "texture":"#particle"
            }
         }
      },
      {
         "from":[
            6.75,
            -14,
            8.5
         ],
         "to":[
            9.25,
            -11.5,
            11
         ],
         "rotation":{
            "angle":0,
            "axis":"y",
            "origin":[
               7,
               11.5,
               8
            ]
         },
         "faces":{
            "north":{
               "uv":[
                  0.8125,
                  0.625,
                  0.5,
                  0.9375
               ],
               "texture":"#particle"
            },
            "east":{
               "uv":[
                  0.5,
                  0.3125,
                  0.8125,
                  0
               ],
               "texture":"#particle"
            },
            "south":{
               "uv":[
                  0.8125,
                  0.625,
                  0.5,
                  0.3125
               ],
               "texture":"#particle"
            },
            "west":{
               "uv":[
                  0.8125,
                  0.3125,
                  0.5,
                  0
               ],
               "texture":"#particle"
            },
            "up":{
               "uv":[
                  0.5,
                  0.625,
                  0.8125,
                  0.9375
               ],
               "texture":"#particle"
            },
            "down":{
               "uv":[
                  0.5,
                  0.9375,
                  0.8125,
                  1.25
               ],
               "texture":"#particle"
            }
         }
      },
      {
         "from":[
            6.75,
            -14,
            5
         ],
         "to":[
            9.25,
            -11.5,
            7.5
         ],
         "rotation":{
            "angle":0,
            "axis":"y",
            "origin":[
               7,
               11.5,
               8
            ]
         },
         "faces":{
            "north":{
               "uv":[
                  0.5,
                  0.625,
                  0.8125,
                  0.3125
               ],
               "texture":"#particle"
            },
            "east":{
               "uv":[
                  0.8125,
                  0.3125,
                  0.5,
                  0
               ],
               "texture":"#particle"
            },
            "south":{
               "uv":[
                  0.5,
                  0.625,
                  0.8125,
                  0.9375
               ],
               "texture":"#particle"
            },
            "west":{
               "uv":[
                  0.5,
                  0.3125,
                  0.8125,
                  0
               ],
               "texture":"#particle"
            },
            "up":{
               "uv":[
                  0.5,
                  0.9375,
                  0.8125,
                  0.625
               ],
               "texture":"#particle"
            },
            "down":{
               "uv":[
                  0.5,
                  1.25,
                  0.8125,
                  0.9375
               ],
               "texture":"#particle"
            }
         }
      },
      {
         "from":[
            6.75,
            8.5,
            11.75
         ],
         "to":[
            9.25,
            10.5,
            13.75
         ],
         "rotation":{
            "angle":0,
            "axis":"y",
            "origin":[
               8,
               9.5,
               12.75
            ]
         },
         "faces":{
            "north":{
               "uv":[
                  1.4375,
                  1.5,
                  1.75,
                  1.25
               ],
               "texture":"#particle"
            },
            "east":{
               "uv":[
                  0.5,
                  1.25,
                  0.75,
                  1.5
               ],
               "rotation":90,
               "texture":"#particle"
            },
            "south":{
               "uv":[
                  0.75,
                  1.5,
                  1.0625,
                  1.25
               ],
               "texture":"#particle"
            },
            "west":{
               "uv":[
                  0.5,
                  1.5,
                  0.75,
                  1.25
               ],
               "rotation":90,
               "texture":"#particle"
            },
            "up":{
               "uv":[
                  1.4375,
                  1.25,
                  1.75,
                  1
               ],
               "rotation":180,
               "texture":"#particle"
            },
            "down":{
               "uv":[
                  1.4375,
                  1,
                  1.75,
                  1.25
               ],
               "rotation":180,
               "texture":"#particle"
            }
         }
      },
      {
         "from":[
            6.75,
            5.5,
            11.75
         ],
         "to":[
            9.25,
            7.5,
            13.75
         ],
         "rotation":{
            "angle":0,
            "axis":"y",
            "origin":[
               8,
               24.5,
               12.75
            ]
         },
         "faces":{
            "north":{
               "uv":[
                  1.4375,
                  1.25,
                  1.75,
                  1.5
               ],
               "texture":"#particle"
            },
            "east":{
               "uv":[
                  0.75,
                  1.25,
                  0.5,
                  1.5
               ],
               "rotation":90,
               "texture":"#particle"
            },
            "south":{
               "uv":[
                  0.75,
                  1.25,
                  1.0625,
                  1.5
               ],
               "texture":"#particle"
            },
            "west":{
               "uv":[
                  0.75,
                  1.5,
                  0.5,
                  1.25
               ],
               "rotation":90,
               "texture":"#particle"
            },
            "up":{
               "uv":[
                  1.4375,
                  1.25,
                  1.75,
                  1
               ],
               "rotation":180,
               "texture":"#particle"
            },
            "down":{
               "uv":[
                  1.4375,
                  1,
                  1.75,
                  1.25
               ],
               "rotation":180,
               "texture":"#particle"
            }
         }
      },
      {
         "from":[
            6.75,
            8.5,
            2.25
         ],
         "to":[
            9.25,
            10.5,
            4.25
         ],
         "rotation":{
            "angle":0,
            "axis":"y",
            "origin":[
               8,
               9.5,
               3.25
            ]
         },
         "faces":{
            "north":{
               "uv":[
                  1.0625,
                  1.5,
                  0.75,
                  1.25
               ],
               "texture":"#particle"
            },
            "east":{
               "uv":[
                  0.5,
                  1.5,
                  0.75,
                  1.25
               ],
               "rotation":90,
               "texture":"#particle"
            },
            "south":{
               "uv":[
                  1.75,
                  1.5,
                  1.4375,
                  1.25
               ],
               "texture":"#particle"
            },
            "west":{
               "uv":[
                  0.5,
                  1.25,
                  0.75,
                  1.5
               ],
               "rotation":90,
               "texture":"#particle"
            },
            "up":{
               "uv":[
                  1.4375,
                  1,
                  1.75,
                  1.25
               ],
               "rotation":180,
               "texture":"#particle"
            },
            "down":{
               "uv":[
                  1.4375,
                  1.25,
                  1.75,
                  1
               ],
               "rotation":180,
               "texture":"#particle"
            }
         }
      },
      {
         "from":[
            7.9,
            11,
            4
         ],
         "to":[
            7.9,
            28,
            10
         ],
         "rotation":{
            "angle":22.5,
            "axis":"x",
            "origin":[
               13.3,
               9,
               6.9
            ]
         },
         "faces":{
            "north":{
               "uv":[
                  0,
                  0,
                  0,
                  2
               ],
               "rotation":180,
               "texture":"#particle"
            },
            "east":{
               "uv":[
                  13.875,
                  4,
                  16,
                  4.75
               ],
               "rotation":90,
               "texture":"#particle"
            },
            "south":{
               "uv":[
                  0,
                  0,
                  0,
                  2
               ],
               "texture":"#particle"
            },
            "west":{
               "uv":[
                  16,
                  4,
                  13.875,
                  4.75
               ],
               "rotation":270,
               "texture":"#particle"
            },
            "up":{
               "uv":[
                  0,
                  0,
                  0,
                  0.75
               ],
               "texture":"#particle"
            },
            "down":{
               "uv":[
                  0,
                  0,
                  0,
                  0.75
               ],
               "rotation":180,
               "texture":"#particle"
            }
         }
      },
      {
         "from":[
            8,
            9,
            4
         ],
         "to":[
            8,
            26,
            10
         ],
         "rotation":{
            "angle":45,
            "axis":"x",
            "origin":[
               13.3,
               9,
               6.9
            ]
         },
         "faces":{
            "north":{
               "uv":[
                  0,
                  0,
                  0,
                  2
               ],
               "rotation":180,
               "texture":"#particle"
            },
            "east":{
               "uv":[
                  13.875,
                  4,
                  16,
                  4.75
               ],
               "rotation":90,
               "texture":"#particle"
            },
            "south":{
               "uv":[
                  0,
                  0,
                  0,
                  2
               ],
               "texture":"#particle"
            },
            "west":{
               "uv":[
                  16,
                  4,
                  13.875,
                  4.75
               ],
               "rotation":270,
               "texture":"#particle"
            },
            "up":{
               "uv":[
                  0,
                  0,
                  0,
                  0.75
               ],
               "texture":"#particle"
            },
            "down":{
               "uv":[
                  0,
                  0,
                  0,
                  0.75
               ],
               "rotation":180,
               "texture":"#particle"
            }
         }
      },
      {
         "from":[
            8.1,
            5.9,
            5.9
         ],
         "to":[
            8.1,
            11.9,
            22.9
         ],
         "rotation":{
            "angle":-22.5,
            "axis":"x",
            "origin":[
               13.3,
               9,
               6.9
            ]
         },
         "faces":{
            "north":{
               "uv":[
                  0,
                  0,
                  0,
                  0.75
               ],
               "texture":"#particle"
            },
            "east":{
               "uv":[
                  13.875,
                  4,
                  16,
                  4.75
               ],
               "texture":"#particle"
            },
            "south":{
               "uv":[
                  0,
                  0,
                  0,
                  0.75
               ],
               "texture":"#particle"
            },
            "west":{
               "uv":[
                  16,
                  4,
                  13.875,
                  4.75
               ],
               "texture":"#particle"
            },
            "up":{
               "uv":[
                  0,
                  0,
                  0,
                  2
               ],
               "texture":"#particle"
            },
            "down":{
               "uv":[
                  0,
                  0,
                  0,
                  2
               ],
               "texture":"#particle"
            }
         }
      },
      {
         "from":[
            6.75,
            5.5,
            2.25
         ],
         "to":[
            9.25,
            7.5,
            4.25
         ],
         "rotation":{
            "angle":0,
            "axis":"y",
            "origin":[
               8,
               24.5,
               3.25
            ]
         },
         "faces":{
            "north":{
               "uv":[
                  1.0625,
                  1.25,
                  0.75,
                  1.5
               ],
               "texture":"#particle"
            },
            "east":{
               "uv":[
                  0.75,
                  1.5,
                  0.5,
                  1.25
               ],
               "rotation":90,
               "texture":"#particle"
            },
            "south":{
               "uv":[
                  1.75,
                  1.25,
                  1.4375,
                  1.5
               ],
               "texture":"#particle"
            },
            "west":{
               "uv":[
                  0.75,
                  1.25,
                  0.5,
                  1.5
               ],
               "rotation":90,
               "texture":"#particle"
            },
            "up":{
               "uv":[
                  1.4375,
                  1,
                  1.75,
                  1.25
               ],
               "rotation":180,
               "texture":"#particle"
            },
            "down":{
               "uv":[
                  1.4375,
                  1.25,
                  1.75,
                  1
               ],
               "rotation":180,
               "texture":"#particle"
            }
         }
      },
      {
         "from":[
            6.25,
            5,
            7.5
         ],
         "to":[
            9.75,
            10.5,
            9.5
         ],
         "rotation":{
            "angle":45,
            "axis":"x",
            "origin":[
               9,
               8,
               8
            ]
         },
         "faces":{
            "north":{
               "uv":[
                  1.5625,
                  0,
                  2,
                  0.6875
               ],
               "texture":"#particle"
            },
            "east":{
               "uv":[
                  1.5625,
                  0,
                  1.3125,
                  0.6875
               ],
               "texture":"#particle"
            },
            "south":{
               "uv":[
                  1.5625,
                  0,
                  2,
                  0.6875
               ],
               "texture":"#particle"
            },
            "west":{
               "uv":[
                  1.3125,
                  0,
                  1.5625,
                  0.6875
               ],
               "texture":"#particle"
            },
            "up":{
               "uv":[
                  1.5625,
                  0.6875,
                  2,
                  0.9375
               ],
               "texture":"#particle"
            },
            "down":{
               "uv":[
                  1.5625,
                  0.6875,
                  2,
                  0.9375
               ],
               "texture":"#particle"
            }
         }
      },
      {
         "from":[
            6.75,
            5,
            6.5
         ],
         "to":[
            9.25,
            10.5,
            8.5
         ],
         "rotation":{
            "angle":-45,
            "axis":"x",
            "origin":[
               9,
               8,
               8
            ]
         },
         "faces":{
            "north":{
               "uv":[
                  1.875,
                  0,
                  1.5625,
                  0.6875
               ],
               "texture":"#particle"
            },
            "east":{
               "uv":[
                  0.5,
                  3.75,
                  0.75,
                  4.4375
               ],
               "texture":"#particle"
            },
            "south":{
               "uv":[
                  1.875,
                  0,
                  1.5625,
                  0.6875
               ],
               "texture":"#particle"
            },
            "west":{
               "uv":[
                  0.75,
                  3.75,
                  0.5,
                  4.4375
               ],
               "texture":"#particle"
            },
            "up":{
               "uv":[
                  1.5625,
                  0.9375,
                  1.875,
                  0.6875
               ],
               "texture":"#particle"
            },
            "down":{
               "uv":[
                  1.5625,
                  0.9375,
                  1.875,
                  0.6875
               ],
               "texture":"#particle"
            }
         }
      },
      {
         "from":[
            5,
            10,
            5
         ],
         "to":[
            11,
            16,
            11
         ],
         "rotation":{
            "angle":-45,
            "axis":"y",
            "origin":[
               8,
               13,
               8
            ]
         },
         "faces":{
            "north":{
               "uv":[
                  0.75,
                  3.75,
                  1.5,
                  4.5
               ],
               "texture":"#particle"
            },
            "east":{
               "uv":[
                  0.75,
                  3.75,
                  1.5,
                  4.5
               ],
               "texture":"#particle"
            },
            "south":{
               "uv":[
                  0.75,
                  3.75,
                  1.5,
                  4.5
               ],
               "texture":"#particle"
            },
            "west":{
               "uv":[
                  0.75,
                  3.75,
                  1.5,
                  4.5
               ],
               "texture":"#particle"
            },
            "up":{
               "uv":[
                  0.75,
                  4.5,
                  1.5,
                  5.25
               ],
               "texture":"#particle"
            },
            "down":{
               "uv":[
                  0.75,
                  4.5,
                  1.5,
                  5.25
               ],
               "texture":"#particle"
            }
         }
      },
      {
         "from":[
            5,
            9.9,
            5
         ],
         "to":[
            11,
            16.1,
            11
         ],
         "rotation":{
            "angle":0,
            "axis":"y",
            "origin":[
               8,
               13,
               8
            ]
         },
         "faces":{
            "north":{
               "uv":[
                  0.75,
                  3.75,
                  1.5,
                  4.5
               ],
               "texture":"#particle"
            },
            "east":{
               "uv":[
                  0.75,
                  3.75,
                  1.5,
                  4.5
               ],
               "texture":"#particle"
            },
            "south":{
               "uv":[
                  0.75,
                  3.75,
                  1.5,
                  4.5
               ],
               "texture":"#particle"
            },
            "west":{
               "uv":[
                  0.75,
                  3.75,
                  1.5,
                  4.5
               ],
               "texture":"#particle"
            },
            "up":{
               "uv":[
                  0.75,
                  4.5,
                  1.5,
                  5.25
               ],
               "rotation":90,
               "texture":"#particle"
            },
            "down":{
               "uv":[
                  0.75,
                  4.5,
                  1.5,
                  5.25
               ],
               "rotation":270,
               "texture":"#particle"
            }
         }
      },
      {
         "from":[
            6.7,
            16,
            6
         ],
         "to":[
            6.7,
            19.5,
            9
         ],
         "rotation":{
            "angle":-22.5,
            "axis":"x",
            "origin":[
               6,
               17.75,
               8
            ]
         },
         "faces":{
            "north":{
               "uv":[
                  0,
                  0,
                  0,
                  0.4375
               ],
               "texture":"#particle"
            },
            "east":{
               "uv":[
                  1.875,
                  3.875,
                  1.5,
                  4.3125
               ],
               "texture":"#particle"
            },
            "south":{
               "uv":[
                  0,
                  0,
                  0,
                  0.4375
               ],
               "texture":"#particle"
            },
            "west":{
               "uv":[
                  1.5,
                  3.875,
                  1.875,
                  4.3125
               ],
               "texture":"#particle"
            },
            "up":{
               "uv":[
                  0,
                  0,
                  0,
                  0.5
               ],
               "texture":"#particle"
            },
            "down":{
               "uv":[
                  0,
                  0,
                  0,
                  0.5
               ],
               "texture":"#particle"
            }
         }
      },
      {
         "from":[
            9.3,
            16,
            6
         ],
         "to":[
            9.3,
            19.5,
            9
         ],
         "rotation":{
            "angle":-22.5,
            "axis":"x",
            "origin":[
               10,
               17.75,
               8
            ]
         },
         "faces":{
            "north":{
               "uv":[
                  0,
                  0,
                  0,
                  0.4375
               ],
               "texture":"#particle"
            },
            "east":{
               "uv":[
                  1.875,
                  3.875,
                  1.5,
                  4.3125
               ],
               "texture":"#particle"
            },
            "south":{
               "uv":[
                  0,
                  0,
                  0,
                  0.4375
               ],
               "texture":"#particle"
            },
            "west":{
               "uv":[
                  1.5,
                  3.875,
                  1.875,
                  4.3125
               ],
               "texture":"#particle"
            },
            "up":{
               "uv":[
                  0,
                  0,
                  0,
                  0.5
               ],
               "texture":"#particle"
            },
            "down":{
               "uv":[
                  0,
                  0,
                  0,
                  0.5
               ],
               "texture":"#particle"
            }
         }
      },
      {
         "from":[
            8,
            1,
            1
         ],
         "to":[
            8,
            10,
            7
         ],
         "rotation":{
            "angle":45,
            "axis":"x",
            "origin":[
               8.5,
               6,
               1
            ]
         },
         "faces":{
            "north":{
               "uv":[
                  0,
                  0.875,
                  0,
                  0
               ],
               "texture":"#particle"
            },
            "east":{
               "uv":[
                  2.75,
                  8.6875,
                  3.5,
                  7.5625
               ],
               "texture":"#particle"
            },
            "south":{
               "uv":[
                  0,
                  0.875,
                  0,
                  0
               ],
               "texture":"#particle"
            },
            "west":{
               "uv":[
                  3.5,
                  8.6875,
                  2.75,
                  7.5625
               ],
               "texture":"#particle"
            },
            "up":{
               "uv":[
                  0,
                  0,
                  0,
                  0.625
               ],
               "texture":"#particle"
            },
            "down":{
               "uv":[
                  0,
                  0,
                  0,
                  0.625
               ],
               "texture":"#particle"
            }
         }
      },
      {
         "from":[
            8,
            1,
            9
         ],
         "to":[
            8,
            10,
            15
         ],
         "rotation":{
            "angle":-45,
            "axis":"x",
            "origin":[
               8.5,
               6,
               15
            ]
         },
         "faces":{
            "north":{
               "uv":[
                  0,
                  0.875,
                  0,
                  0
               ],
               "texture":"#particle"
            },
            "east":{
               "uv":[
                  3.5,
                  8.6875,
                  2.75,
                  7.5625
               ],
               "texture":"#particle"
            },
            "south":{
               "uv":[
                  0,
                  0.875,
                  0,
                  0
               ],
               "texture":"#particle"
            },
            "west":{
               "uv":[
                  2.75,
                  8.6875,
                  3.5,
                  7.5625
               ],
               "texture":"#particle"
            },
            "up":{
               "uv":[
                  0,
                  0.625,
                  0,
                  0
               ],
               "texture":"#particle"
            },
            "down":{
               "uv":[
                  0,
                  0.625,
                  0,
                  0
               ],
               "texture":"#particle"
            }
         }
      },
      {
         "from":[
            7.4,
            10,
            9
         ],
         "to":[
            7.4,
            18,
            12
         ],
         "rotation":{
            "angle":22.5,
            "axis":"x",
            "origin":[
               7.3,
               11.84358,
               12.72731
            ]
         },
         "faces":{
            "north":{
               "uv":[
                  0,
                  0,
                  0,
                  1
               ],
               "texture":"#particle"
            },
            "east":{
               "uv":[
                  1.25,
                  5.25,
                  0.875,
                  6.25
               ],
               "texture":"#particle"
            },
            "south":{
               "uv":[
                  0,
                  0,
                  0,
                  1
               ],
               "texture":"#particle"
            },
            "west":{
               "uv":[
                  0.875,
                  5.25,
                  1.25,
                  6.25
               ],
               "texture":"#particle"
            },
            "up":{
               "uv":[
                  0,
                  0,
                  0,
                  0.375
               ],
               "texture":"#particle"
            },
            "down":{
               "uv":[
                  0,
                  0,
                  0,
                  0.375
               ],
               "texture":"#particle"
            }
         }
      },
      {
         "from":[
            7.2,
            10.99613,
            10.70871
         ],
         "to":[
            7.2,
            13.99613,
            18.70871
         ],
         "rotation":{
            "angle":-45,
            "axis":"x",
            "origin":[
               7.3,
               11.84358,
               12.72731
            ]
         },
         "faces":{
            "north":{
               "uv":[
                  0,
                  0,
                  0,
                  0.375
               ],
               "rotation":180,
               "texture":"#particle"
            },
            "east":{
               "uv":[
                  0.5,
                  6.25,
                  0.875,
                  5.25
               ],
               "rotation":90,
               "texture":"#particle"
            },
            "south":{
               "uv":[
                  0,
                  0,
                  0,
                  0.375
               ],
               "texture":"#particle"
            },
            "west":{
               "uv":[
                  0.875,
                  6.25,
                  0.5,
                  5.25
               ],
               "rotation":270,
               "texture":"#particle"
            },
            "up":{
               "uv":[
                  0,
                  0,
                  0,
                  1
               ],
               "rotation":180,
               "texture":"#particle"
            },
            "down":{
               "uv":[
                  0,
                  0,
                  0,
                  1
               ],
               "texture":"#particle"
            }
         }
      },
      {
         "from":[
            7.4,
            9.61492,
            10.09139
         ],
         "to":[
            7.4,
            12.61492,
            18.09139
         ],
         "rotation":{
            "angle":-22.5,
            "axis":"x",
            "origin":[
               7.3,
               11.84358,
               12.72731
            ]
         },
         "faces":{
            "north":{
               "uv":[
                  0,
                  0,
                  0,
                  0.375
               ],
               "rotation":180,
               "texture":"#particle"
            },
            "east":{
               "uv":[
                  0.875,
                  6.25,
                  1.25,
                  5.25
               ],
               "rotation":90,
               "texture":"#particle"
            },
            "south":{
               "uv":[
                  0,
                  0,
                  0,
                  0.375
               ],
               "texture":"#particle"
            },
            "west":{
               "uv":[
                  1.25,
                  6.25,
                  0.875,
                  5.25
               ],
               "rotation":270,
               "texture":"#particle"
            },
            "up":{
               "uv":[
                  0,
                  0,
                  0,
                  1
               ],
               "rotation":180,
               "texture":"#particle"
            },
            "down":{
               "uv":[
                  0,
                  0,
                  0,
                  1
               ],
               "texture":"#particle"
            }
         }
      },
      {
         "from":[
            7.2,
            7.49896,
            9.95984
         ],
         "to":[
            7.2,
            10.49896,
            17.95984
         ],
         "rotation":{
            "angle":0,
            "axis":"y",
            "origin":[
               7.3,
               11.84358,
               12.72731
            ]
         },
         "faces":{
            "north":{
               "uv":[
                  0,
                  0,
                  0,
                  0.375
               ],
               "rotation":180,
               "texture":"#particle"
            },
            "east":{
               "uv":[
                  0.5,
                  6.25,
                  0.875,
                  5.25
               ],
               "rotation":90,
               "texture":"#particle"
            },
            "south":{
               "uv":[
                  0,
                  0,
                  0,
                  0.375
               ],
               "texture":"#particle"
            },
            "west":{
               "uv":[
                  0.875,
                  6.25,
                  0.5,
                  5.25
               ],
               "rotation":270,
               "texture":"#particle"
            },
            "up":{
               "uv":[
                  0,
                  0,
                  0,
                  1
               ],
               "rotation":180,
               "texture":"#particle"
            },
            "down":{
               "uv":[
                  0,
                  0,
                  0,
                  1
               ],
               "texture":"#particle"
            }
         }
      },
      {
         "from":[
            8.6,
            10,
            9
         ],
         "to":[
            8.6,
            18,
            12
         ],
         "rotation":{
            "angle":22.5,
            "axis":"x",
            "origin":[
               8.7,
               11.84358,
               12.72731
            ]
         },
         "faces":{
            "north":{
               "uv":[
                  0,
                  0,
                  0,
                  1
               ],
               "texture":"#particle"
            },
            "east":{
               "uv":[
                  1.25,
                  5.25,
                  0.875,
                  6.25
               ],
               "texture":"#particle"
            },
            "south":{
               "uv":[
                  0,
                  0,
                  0,
                  1
               ],
               "texture":"#particle"
            },
            "west":{
               "uv":[
                  0.875,
                  5.25,
                  1.25,
                  6.25
               ],
               "texture":"#particle"
            },
            "up":{
               "uv":[
                  0,
                  0,
                  0,
                  0.375
               ],
               "texture":"#particle"
            },
            "down":{
               "uv":[
                  0,
                  0,
                  0,
                  0.375
               ],
               "texture":"#particle"
            }
         }
      },
      {
         "from":[
            8.8,
            10.99613,
            10.70871
         ],
         "to":[
            8.8,
            13.99613,
            18.70871
         ],
         "rotation":{
            "angle":-45,
            "axis":"x",
            "origin":[
               8.7,
               11.84358,
               12.72731
            ]
         },
         "faces":{
            "north":{
               "uv":[
                  0,
                  0,
                  0,
                  0.375
               ],
               "rotation":180,
               "texture":"#particle"
            },
            "east":{
               "uv":[
                  0.875,
                  5.25,
                  0.5,
                  6.25
               ],
               "rotation":270,
               "texture":"#particle"
            },
            "south":{
               "uv":[
                  0,
                  0,
                  0,
                  0.375
               ],
               "texture":"#particle"
            },
            "west":{
               "uv":[
                  0.5,
                  5.25,
                  0.875,
                  6.25
               ],
               "rotation":90,
               "texture":"#particle"
            },
            "up":{
               "uv":[
                  0,
                  0,
                  0,
                  1
               ],
               "rotation":180,
               "texture":"#particle"
            },
            "down":{
               "uv":[
                  0,
                  0,
                  0,
                  1
               ],
               "texture":"#particle"
            }
         }
      },
      {
         "from":[
            8.6,
            9.61492,
            10.09139
         ],
         "to":[
            8.6,
            12.61492,
            18.09139
         ],
         "rotation":{
            "angle":-22.5,
            "axis":"x",
            "origin":[
               8.7,
               11.84358,
               12.72731
            ]
         },
         "faces":{
            "north":{
               "uv":[
                  0,
                  0,
                  0,
                  0.375
               ],
               "rotation":180,
               "texture":"#particle"
            },
            "east":{
               "uv":[
                  1.25,
                  5.25,
                  0.875,
                  6.25
               ],
               "rotation":270,
               "texture":"#particle"
            },
            "south":{
               "uv":[
                  0,
                  0,
                  0,
                  0.375
               ],
               "texture":"#particle"
            },
            "west":{
               "uv":[
                  0.875,
                  5.25,
                  1.25,
                  6.25
               ],
               "rotation":90,
               "texture":"#particle"
            },
            "up":{
               "uv":[
                  0,
                  0,
                  0,
                  1
               ],
               "rotation":180,
               "texture":"#particle"
            },
            "down":{
               "uv":[
                  0,
                  0,
                  0,
                  1
               ],
               "texture":"#particle"
            }
         }
      },
      {
         "from":[
            8.8,
            7.49896,
            9.95984
         ],
         "to":[
            8.8,
            10.49896,
            17.95984
         ],
         "rotation":{
            "angle":0,
            "axis":"y",
            "origin":[
               8.7,
               11.84358,
               12.72731
            ]
         },
         "faces":{
            "north":{
               "uv":[
                  0,
                  0,
                  0,
                  0.375
               ],
               "rotation":180,
               "texture":"#particle"
            },
            "east":{
               "uv":[
                  0.875,
                  5.25,
                  0.5,
                  6.25
               ],
               "rotation":270,
               "texture":"#particle"
            },
            "south":{
               "uv":[
                  0,
                  0,
                  0,
                  0.375
               ],
               "texture":"#particle"
            },
            "west":{
               "uv":[
                  0.5,
                  5.25,
                  0.875,
                  6.25
               ],
               "rotation":90,
               "texture":"#particle"
            },
            "up":{
               "uv":[
                  0,
                  0,
                  0,
                  1
               ],
               "rotation":180,
               "texture":"#particle"
            },
            "down":{
               "uv":[
                  0,
                  0,
                  0,
                  1
               ],
               "texture":"#particle"
            }
         }
      },
      {
         "from":[
            8,
            15,
            4.5
         ],
         "to":[
            8,
            32,
            10.5
         ],
         "rotation":{
            "angle":0,
            "axis":"y",
            "origin":[
               0,
               6,
               -0.5
            ]
         },
         "faces":{
            "north":{
               "uv":[
                  3.25,
                  3.125,
                  3.375,
                  5.4375
               ],
               "texture":"#particle"
            },
            "east":{
               "uv":[
                  14.625,
                  0,
                  13.875,
                  2.125
               ],
               "texture":"#particle"
            },
            "south":{
               "uv":[
                  3.125,
                  3.125,
                  3.25,
                  5.4375
               ],
               "texture":"#particle"
            },
            "west":{
               "uv":[
                  13.875,
                  0,
                  14.625,
                  2.125
               ],
               "texture":"#particle"
            },
            "up":{
               "uv":[
                  1.3125,
                  0.75,
                  1.4375,
                  1.5
               ],
               "texture":"#particle"
            },
            "down":{
               "uv":[
                  1.3125,
                  0.75,
                  1.4375,
                  1.5
               ],
               "texture":"#particle"
            }
         }
      },
      {
         "from":[
            7.6,
            25.3,
            5.4
         ],
         "to":[
            8.4,
            28.2,
            8.3
         ],
         "rotation":{
            "angle":45,
            "axis":"x",
            "origin":[
               8,
               25.8,
               6.8
            ]
         },
         "faces":{
            "north":{
               "uv":[
                  1.125,
                  1.5,
                  1.225,
                  1.8625
               ],
               "texture":"#particle"
            },
            "east":{
               "uv":[
                  0.9875,
                  1.5,
                  0.625,
                  1.8625
               ],
               "texture":"#particle"
            },
            "south":{
               "uv":[
                  1.125,
                  1.5,
                  1.225,
                  1.8625
               ],
               "texture":"#particle"
            },
            "west":{
               "uv":[
                  0.625,
                  1.5,
                  0.9875,
                  1.8625
               ],
               "texture":"#particle"
            },
            "up":{
               "uv":[
                  1,
                  1.5,
                  1.1,
                  1.8625
               ],
               "texture":"#particle"
            },
            "down":{
               "uv":[
                  1,
                  1.5,
                  1.1,
                  1.8625
               ],
               "texture":"#particle"
            }
         }
      },
      {
         "from":[
            7.5,
            15,
            5.5
         ],
         "to":[
            8.5,
            26.5,
            9.5
         ],
         "rotation":{
            "angle":0,
            "axis":"y",
            "origin":[
               0,
               11,
               -0.5
            ]
         },
         "faces":{
            "north":{
               "uv":[
                  3.25,
                  4,
                  3.375,
                  5.4375
               ],
               "texture":"#particle"
            },
            "east":{
               "uv":[
                  3,
                  4.5,
                  2.5,
                  5.9375
               ],
               "texture":"#particle"
            },
            "south":{
               "uv":[
                  3.125,
                  3.125,
                  3.25,
                  4.5625
               ],
               "texture":"#particle"
            },
            "west":{
               "uv":[
                  2.5,
                  4.5,
                  3,
                  5.9375
               ],
               "texture":"#particle"
            },
            "up":{
               "uv":[
                  1.3125,
                  0.75,
                  1.4375,
                  1.25
               ],
               "texture":"#particle"
            },
            "down":{
               "uv":[
                  1.3125,
                  0.75,
                  1.4375,
                  1.25
               ],
               "texture":"#particle"
            }
         }
      },
      {
         "from":[
            7,
            18.5,
            7.5
         ],
         "to":[
            9,
            20.5,
            9
         ],
         "rotation":{
            "angle":0,
            "axis":"y",
            "origin":[
               0,
               13,
               -0.5
            ]
         },
         "faces":{
            "north":{
               "uv":[
                  5.6875,
                  3.875,
                  5.9375,
                  4.0625
               ],
               "texture":"#particle"
            },
            "east":{
               "uv":[
                  5.6875,
                  3.875,
                  5.5,
                  4.125
               ],
               "texture":"#particle"
            },
            "south":{
               "uv":[
                  5.6875,
                  3.875,
                  5.9375,
                  4.0625
               ],
               "texture":"#particle"
            },
            "west":{
               "uv":[
                  5.5,
                  3.875,
                  5.6875,
                  4.125
               ],
               "texture":"#particle"
            },
            "up":{
               "uv":[
                  5.5,
                  4.125,
                  5.75,
                  4.3125
               ],
               "texture":"#particle"
            },
            "down":{
               "uv":[
                  5.5,
                  4.125,
                  5.75,
                  4.3125
               ],
               "texture":"#particle"
            }
         }
      },
      {
         "from":[
            7,
            17.5,
            9
         ],
         "to":[
            9,
            20.5,
            10.5
         ],
         "rotation":{
            "angle":0,
            "axis":"y",
            "origin":[
               0,
               13,
               -0.5
            ]
         },
         "faces":{
            "north":{
               "uv":[
                  5.6875,
                  3.5,
                  5.9375,
                  3.875
               ],
               "texture":"#particle"
            },
            "east":{
               "uv":[
                  5.6875,
                  3.5,
                  5.5,
                  3.875
               ],
               "texture":"#particle"
            },
            "south":{
               "uv":[
                  5.6875,
                  3.5,
                  5.9375,
                  3.875
               ],
               "texture":"#particle"
            },
            "west":{
               "uv":[
                  5.5,
                  3.5,
                  5.6875,
                  3.875
               ],
               "texture":"#particle"
            },
            "up":{
               "uv":[
                  5.25,
                  4.375,
                  5.5,
                  4.5625
               ],
               "texture":"#particle"
            },
            "down":{
               "uv":[
                  5.25,
                  4.375,
                  5.5,
                  4.5625
               ],
               "texture":"#particle"
            }
         }
      },
      {
         "from":[
            7,
            16,
            5
         ],
         "to":[
            9,
            17.5,
            10.5
         ],
         "rotation":{
            "angle":0,
            "axis":"y",
            "origin":[
               0,
               13,
               -0.5
            ]
         },
         "faces":{
            "north":{
               "uv":[
                  5.25,
                  4.1875,
                  5.5,
                  4.375
               ],
               "texture":"#particle"
            },
            "east":{
               "uv":[
                  5.9375,
                  3.3125,
                  5.25,
                  3.5
               ],
               "texture":"#particle"
            },
            "south":{
               "uv":[
                  5.25,
                  4.1875,
                  5.5,
                  4.375
               ],
               "texture":"#particle"
            },
            "west":{
               "uv":[
                  5.25,
                  3.3125,
                  5.9375,
                  3.5
               ],
               "texture":"#particle"
            },
            "up":{
               "uv":[
                  5.25,
                  3.5,
                  5.5,
                  4.1875
               ],
               "texture":"#particle"
            },
            "down":{
               "uv":[
                  5.25,
                  3.5,
                  5.5,
                  4.1875
               ],
               "texture":"#particle"
            }
         }
      }
   ],
   "gui_light":"front",
   "display":{
      "thirdperson_righthand":{
         "translation":[
            0,
            4.5,
            1.5
         ],
         "scale":[
            0.65,
            0.65,
            0.65
         ]
      },
      "thirdperson_lefthand":{
         "translation":[
            0,
            4.5,
            1.5
         ],
         "scale":[
            0.65,
            0.65,
            0.65
         ]
      },
      "firstperson_righthand":{
         "rotation":[
            -12,
            15,
            3
         ],
         "translation":[
            2.75,
            3.5,
            -2.25
         ],
         "scale":[
            0.51953,
            0.51953,
            0.51953
         ]
      },
      "firstperson_lefthand":{
         "rotation":[
            -12,
            15,
            3
         ],
         "translation":[
            2.75,
            3.5,
            -2.25
         ],
         "scale":[
            0.51953,
            0.51953,
            0.51953
         ]
      },
      "ground":{
         "rotation":[
            0,
            0,
            90
         ],
         "translation":[
            1.25,
            0.25,
            0
         ],
         "scale":[
            0.5,
            0.5,
            0.5
         ]
      },
      "gui":{
         "rotation":[
            106,
            135,
            -90
         ],
         "translation":[
            0,
            -0.25,
            -1.25
         ],
         "scale":[
            0.4068,
            0.4068,
            0.4068
         ]
      },
      "head":{
         "rotation":[
            90,
            -168,
            90
         ],
         "translation":[
            -0.5,
            11.75,
            0
         ],
         "scale":[
            0.56,
            0.56,
            0.56
         ]
      },
      "fixed":{
         "rotation":[
            0,
            90,
            0
         ],
         "translation":[
            0,
            -2,
            -2.25
         ],
         "scale":[
            0.87,
            0.87,
            0.87
         ]
      }
   },
   "groups":[
      0,
      1,
      2,
      3,
      4,
      5,
      6,
      7,
      8,
      9,
      10,
      11,
      12,
      {
         "name":"group",
         "origin":[
            14,
            17.5,
            1.5
         ],
         "color":0,
         "boneType":"",
         "children":[
            
         ]
      },
      {
         "name":"group",
         "origin":[
            14,
            17.5,
            1.5
         ],
         "color":0,
         "boneType":"",
         "children":[
            
         ]
      },
      13,
      14,
      15,
      16,
      17,
      18,
      19,
      20,
      21,
      22,
      23,
      24,
      25,
      26,
      27,
      28,
      29,
      30,
      31,
      32
   ]
}