{
   "credit":"Made with Blockbench",
   "texture_size":[
      128,
      128
   ],
   "textures":{
      "0":"elitecreatures:thanks_giving_2023_v2/thanksgiving_texture_01",
      "particle":"elitecreatures:thanks_giving_2023_v2/thanksgiving_texture_01"
   },
   "elements":[
      {
         "from":[
            7,
            -13,
            7
         ],
         "to":[
            9,
            10,
            9
         ],
         "rotation":{
            "angle":0,
            "axis":"y",
            "origin":[
               0,
               -1,
               0
            ]
         },
         "faces":{
            "north":{
               "uv":[
                  0.25,
                  3.75,
                  0.5,
                  6.625
               ],
               "texture":"#0"
            },
            "east":{
               "uv":[
                  0.25,
                  3.75,
                  0,
                  6.625
               ],
               "texture":"#0"
            },
            "south":{
               "uv":[
                  0.25,
                  3.75,
                  0.5,
                  6.625
               ],
               "texture":"#0"
            },
            "west":{
               "uv":[
                  0.25,
                  3.75,
                  0,
                  6.625
               ],
               "texture":"#0"
            },
            "up":{
               "uv":[
                  0,
                  1.25,
                  0.25,
                  1.5
               ],
               "texture":"#0"
            },
            "down":{
               "uv":[
                  0,
                  1.25,
                  0.25,
                  1.5
               ],
               "texture":"#0"
            }
         }
      },
      {
         "from":[
            7.1,
            7,
            3
         ],
         "to":[
            8.9,
            9,
            13
         ],
         "rotation":{
            "angle":0,
            "axis":"y",
            "origin":[
               0,
               8,
               0
            ]
         },
         "faces":{
            "north":{
               "uv":[
                  0.25,
                  1.25,
                  0.5,
                  1.5
               ],
               "texture":"#0"
            },
            "east":{
               "uv":[
                  0.8125,
                  0,
                  1.0625,
                  1.25
               ],
               "rotation":270,
               "texture":"#0"
            },
            "south":{
               "uv":[
                  0.25,
                  1.25,
                  0.5,
                  1.5
               ],
               "texture":"#0"
            },
            "west":{
               "uv":[
                  0.8125,
                  0,
                  1.0625,
                  1.25
               ],
               "rotation":270,
               "texture":"#0"
            },
            "up":{
               "uv":[
                  1.3125,
                  0,
                  1.0625,
                  1.25
               ],
               "rotation":180,
               "texture":"#0"
            },
            "down":{
               "uv":[
                  1.3125,
                  0,
                  1.0625,
                  1.25
               ],
               "rotation":180,
               "texture":"#0"
            }
         }
      },
      {
         "from":[
            6.75,
            -14,
            8.5
         ],
         "to":[
            9.25,
            -11.5,
            11
         ],
         "rotation":{
            "angle":0,
            "axis":"y",
            "origin":[
               7,
               11.5,
               8
            ]
         },
         "faces":{
            "north":{
               "uv":[
                  0.8125,
                  0.625,
                  0.5,
                  0.9375
               ],
               "texture":"#0"
            },
            "east":{
               "uv":[
                  0.5,
                  0.3125,
                  0.8125,
                  0
               ],
               "texture":"#0"
            },
            "south":{
               "uv":[
                  0.8125,
                  0.625,
                  0.5,
                  0.3125
               ],
               "texture":"#0"
            },
            "west":{
               "uv":[
                  0.8125,
                  0.3125,
                  0.5,
                  0
               ],
               "texture":"#0"
            },
            "up":{
               "uv":[
                  0.5,
                  0.625,
                  0.8125,
                  0.9375
               ],
               "texture":"#0"
            },
            "down":{
               "uv":[
                  0.5,
                  0.9375,
                  0.8125,
                  1.25
               ],
               "texture":"#0"
            }
         }
      },
      {
         "from":[
            6.75,
            -14,
            5
         ],
         "to":[
            9.25,
            -11.5,
            7.5
         ],
         "rotation":{
            "angle":0,
            "axis":"y",
            "origin":[
               7,
               11.5,
               8
            ]
         },
         "faces":{
            "north":{
               "uv":[
                  0.5,
                  0.625,
                  0.8125,
                  0.3125
               ],
               "texture":"#0"
            },
            "east":{
               "uv":[
                  0.8125,
                  0.3125,
                  0.5,
                  0
               ],
               "texture":"#0"
            },
            "south":{
               "uv":[
                  0.5,
                  0.625,
                  0.8125,
                  0.9375
               ],
               "texture":"#0"
            },
            "west":{
               "uv":[
                  0.5,
                  0.3125,
                  0.8125,
                  0
               ],
               "texture":"#0"
            },
            "up":{
               "uv":[
                  0.5,
                  0.9375,
                  0.8125,
                  0.625
               ],
               "texture":"#0"
            },
            "down":{
               "uv":[
                  0.5,
                  1.25,
                  0.8125,
                  0.9375
               ],
               "texture":"#0"
            }
         }
      },
      {
         "from":[
            6.75,
            8.5,
            11.75
         ],
         "to":[
            9.25,
            10.5,
            13.75
         ],
         "rotation":{
            "angle":0,
            "axis":"y",
            "origin":[
               8,
               9.5,
               12.75
            ]
         },
         "faces":{
            "north":{
               "uv":[
                  1.375,
                  1.5,
                  1.6875,
                  1.25
               ],
               "texture":"#0"
            },
            "east":{
               "uv":[
                  0.5,
                  1.25,
                  0.75,
                  1.5
               ],
               "rotation":90,
               "texture":"#0"
            },
            "south":{
               "uv":[
                  0.75,
                  1.5,
                  1.0625,
                  1.25
               ],
               "texture":"#0"
            },
            "west":{
               "uv":[
                  0.5,
                  1.5,
                  0.75,
                  1.25
               ],
               "rotation":90,
               "texture":"#0"
            },
            "up":{
               "uv":[
                  1.0625,
                  1.5,
                  1.375,
                  1.25
               ],
               "rotation":180,
               "texture":"#0"
            },
            "down":{
               "uv":[
                  1.0625,
                  1.5,
                  1.375,
                  1.25
               ],
               "rotation":180,
               "texture":"#0"
            }
         }
      },
      {
         "from":[
            6.75,
            5.5,
            11.75
         ],
         "to":[
            9.25,
            7.5,
            13.75
         ],
         "rotation":{
            "angle":0,
            "axis":"y",
            "origin":[
               8,
               24.5,
               12.75
            ]
         },
         "faces":{
            "north":{
               "uv":[
                  1.375,
                  1.25,
                  1.6875,
                  1.5
               ],
               "texture":"#0"
            },
            "east":{
               "uv":[
                  0.75,
                  1.25,
                  0.5,
                  1.5
               ],
               "rotation":90,
               "texture":"#0"
            },
            "south":{
               "uv":[
                  0.75,
                  1.25,
                  1.0625,
                  1.5
               ],
               "texture":"#0"
            },
            "west":{
               "uv":[
                  0.75,
                  1.5,
                  0.5,
                  1.25
               ],
               "rotation":90,
               "texture":"#0"
            },
            "up":{
               "uv":[
                  1.0625,
                  1.25,
                  1.375,
                  1.5
               ],
               "rotation":180,
               "texture":"#0"
            },
            "down":{
               "uv":[
                  1.0625,
                  1.25,
                  1.375,
                  1.5
               ],
               "rotation":180,
               "texture":"#0"
            }
         }
      },
      {
         "from":[
            6.75,
            8.5,
            2.25
         ],
         "to":[
            9.25,
            10.5,
            4.25
         ],
         "rotation":{
            "angle":0,
            "axis":"y",
            "origin":[
               8,
               9.5,
               3.25
            ]
         },
         "faces":{
            "north":{
               "uv":[
                  1.0625,
                  1.5,
                  0.75,
                  1.25
               ],
               "texture":"#0"
            },
            "east":{
               "uv":[
                  0.5,
                  1.5,
                  0.75,
                  1.25
               ],
               "rotation":90,
               "texture":"#0"
            },
            "south":{
               "uv":[
                  1.6875,
                  1.5,
                  1.375,
                  1.25
               ],
               "texture":"#0"
            },
            "west":{
               "uv":[
                  0.5,
                  1.25,
                  0.75,
                  1.5
               ],
               "rotation":90,
               "texture":"#0"
            },
            "up":{
               "uv":[
                  1.0625,
                  1.25,
                  1.375,
                  1.5
               ],
               "rotation":180,
               "texture":"#0"
            },
            "down":{
               "uv":[
                  1.0625,
                  1.25,
                  1.375,
                  1.5
               ],
               "rotation":180,
               "texture":"#0"
            }
         }
      },
      {
         "from":[
            6.75,
            5.5,
            2.25
         ],
         "to":[
            9.25,
            7.5,
            4.25
         ],
         "rotation":{
            "angle":0,
            "axis":"y",
            "origin":[
               8,
               24.5,
               3.25
            ]
         },
         "faces":{
            "north":{
               "uv":[
                  1.0625,
                  1.25,
                  0.75,
                  1.5
               ],
               "texture":"#0"
            },
            "east":{
               "uv":[
                  0.75,
                  1.5,
                  0.5,
                  1.25
               ],
               "rotation":90,
               "texture":"#0"
            },
            "south":{
               "uv":[
                  1.6875,
                  1.25,
                  1.375,
                  1.5
               ],
               "texture":"#0"
            },
            "west":{
               "uv":[
                  0.75,
                  1.25,
                  0.5,
                  1.5
               ],
               "rotation":90,
               "texture":"#0"
            },
            "up":{
               "uv":[
                  1.0625,
                  1.5,
                  1.375,
                  1.25
               ],
               "rotation":180,
               "texture":"#0"
            },
            "down":{
               "uv":[
                  1.0625,
                  1.5,
                  1.375,
                  1.25
               ],
               "rotation":180,
               "texture":"#0"
            }
         }
      },
      {
         "from":[
            6.25,
            5,
            7.5
         ],
         "to":[
            9.75,
            10.5,
            9.5
         ],
         "rotation":{
            "angle":45,
            "axis":"x",
            "origin":[
               9,
               8,
               8
            ]
         },
         "faces":{
            "north":{
               "uv":[
                  1.5625,
                  0,
                  2,
                  0.6875
               ],
               "texture":"#0"
            },
            "east":{
               "uv":[
                  1.5625,
                  0,
                  1.3125,
                  0.6875
               ],
               "texture":"#0"
            },
            "south":{
               "uv":[
                  1.5625,
                  0,
                  2,
                  0.6875
               ],
               "texture":"#0"
            },
            "west":{
               "uv":[
                  1.3125,
                  0,
                  1.5625,
                  0.6875
               ],
               "texture":"#0"
            },
            "up":{
               "uv":[
                  1.5625,
                  0.6875,
                  2,
                  0.9375
               ],
               "texture":"#0"
            },
            "down":{
               "uv":[
                  1.5625,
                  0.6875,
                  2,
                  0.9375
               ],
               "texture":"#0"
            }
         }
      },
      {
         "from":[
            6.75,
            5,
            6.5
         ],
         "to":[
            9.25,
            10.5,
            8.5
         ],
         "rotation":{
            "angle":-45,
            "axis":"x",
            "origin":[
               9,
               8,
               8
            ]
         },
         "faces":{
            "north":{
               "uv":[
                  1.875,
                  0,
                  1.5625,
                  0.6875
               ],
               "texture":"#0"
            },
            "east":{
               "uv":[
                  0.5,
                  3.75,
                  0.75,
                  4.4375
               ],
               "texture":"#0"
            },
            "south":{
               "uv":[
                  1.875,
                  0,
                  1.5625,
                  0.6875
               ],
               "texture":"#0"
            },
            "west":{
               "uv":[
                  0.75,
                  3.75,
                  0.5,
                  4.4375
               ],
               "texture":"#0"
            },
            "up":{
               "uv":[
                  1.5625,
                  0.9375,
                  1.875,
                  0.6875
               ],
               "texture":"#0"
            },
            "down":{
               "uv":[
                  1.5625,
                  0.9375,
                  1.875,
                  0.6875
               ],
               "texture":"#0"
            }
         }
      },
      {
         "from":[
            1.5,
            15,
            -2
         ],
         "to":[
            4.5,
            21,
            3
         ],
         "rotation":{
            "angle":-22.5,
            "axis":"x",
            "origin":[
               2,
               17.5,
               0.5
            ]
         },
         "faces":{
            "north":{
               "uv":[
                  1.25,
                  2.375,
                  1.625,
                  3.125
               ],
               "texture":"#0"
            },
            "east":{
               "uv":[
                  0.625,
                  2.375,
                  1.25,
                  3.125
               ],
               "texture":"#0"
            },
            "south":{
               "uv":[
                  1.625,
                  2.375,
                  2,
                  3.125
               ],
               "texture":"#0"
            },
            "west":{
               "uv":[
                  0.625,
                  2.375,
                  1.25,
                  3.125
               ],
               "texture":"#0"
            },
            "up":{
               "uv":[
                  2,
                  2.375,
                  2.375,
                  3
               ],
               "texture":"#0"
            },
            "down":{
               "uv":[
                  2.375,
                  2.375,
                  2.75,
                  3
               ],
               "texture":"#0"
            }
         }
      },
      {
         "from":[
            7.9,
            6.38508,
            9.09139
         ],
         "to":[
            7.9,
            9.38508,
            17.09139
         ],
         "rotation":{
            "angle":22.5,
            "axis":"x",
            "origin":[
               8,
               7.15642,
               11.72731
            ]
         },
         "faces":{
            "north":{
               "uv":[
                  0,
                  0.375,
                  0,
                  0
               ],
               "rotation":180,
               "texture":"#0"
            },
            "east":{
               "uv":[
                  0.875,
                  5.25,
                  1.25,
                  6.25
               ],
               "rotation":270,
               "texture":"#0"
            },
            "south":{
               "uv":[
                  0,
                  0.375,
                  0,
                  0
               ],
               "texture":"#0"
            },
            "west":{
               "uv":[
                  1.25,
                  5.25,
                  0.875,
                  6.25
               ],
               "rotation":90,
               "texture":"#0"
            },
            "up":{
               "uv":[
                  0,
                  1,
                  0,
                  0
               ],
               "texture":"#0"
            },
            "down":{
               "uv":[
                  0,
                  1,
                  0,
                  0
               ],
               "rotation":180,
               "texture":"#0"
            }
         }
      },
      {
         "from":[
            8.1,
            5.00387,
            9.70871
         ],
         "to":[
            8.1,
            8.00387,
            17.70871
         ],
         "rotation":{
            "angle":45,
            "axis":"x",
            "origin":[
               8,
               7.15642,
               11.72731
            ]
         },
         "faces":{
            "north":{
               "uv":[
                  0,
                  0.375,
                  0,
                  0
               ],
               "rotation":180,
               "texture":"#0"
            },
            "east":{
               "uv":[
                  0.5,
                  5.25,
                  0.875,
                  6.25
               ],
               "rotation":270,
               "texture":"#0"
            },
            "south":{
               "uv":[
                  0,
                  0.375,
                  0,
                  0
               ],
               "texture":"#0"
            },
            "west":{
               "uv":[
                  0.875,
                  5.25,
                  0.5,
                  6.25
               ],
               "rotation":90,
               "texture":"#0"
            },
            "up":{
               "uv":[
                  0,
                  1,
                  0,
                  0
               ],
               "texture":"#0"
            },
            "down":{
               "uv":[
                  0,
                  1,
                  0,
                  0
               ],
               "rotation":180,
               "texture":"#0"
            }
         }
      },
      {
         "from":[
            7.9,
            1,
            8
         ],
         "to":[
            7.9,
            9,
            11
         ],
         "rotation":{
            "angle":-22.5,
            "axis":"x",
            "origin":[
               8,
               7.15642,
               11.72731
            ]
         },
         "faces":{
            "north":{
               "uv":[
                  0,
                  1,
                  0,
                  0
               ],
               "texture":"#0"
            },
            "east":{
               "uv":[
                  1.25,
                  6.25,
                  0.875,
                  5.25
               ],
               "texture":"#0"
            },
            "south":{
               "uv":[
                  0,
                  1,
                  0,
                  0
               ],
               "texture":"#0"
            },
            "west":{
               "uv":[
                  0.875,
                  6.25,
                  1.25,
                  5.25
               ],
               "texture":"#0"
            },
            "up":{
               "uv":[
                  0,
                  0.375,
                  0,
                  0
               ],
               "texture":"#0"
            },
            "down":{
               "uv":[
                  0,
                  0.375,
                  0,
                  0
               ],
               "texture":"#0"
            }
         }
      },
      {
         "from":[
            7.9,
            6.38508,
            -1.09139
         ],
         "to":[
            7.9,
            9.38508,
            6.90861
         ],
         "rotation":{
            "angle":-22.5,
            "axis":"x",
            "origin":[
               8,
               7.15642,
               4.27269
            ]
         },
         "faces":{
            "north":{
               "uv":[
                  0,
                  0.375,
                  0,
                  0
               ],
               "texture":"#0"
            },
            "east":{
               "uv":[
                  0.875,
                  6.25,
                  1.25,
                  5.25
               ],
               "rotation":270,
               "texture":"#0"
            },
            "south":{
               "uv":[
                  0,
                  0.375,
                  0,
                  0
               ],
               "rotation":180,
               "texture":"#0"
            },
            "west":{
               "uv":[
                  1.25,
                  6.25,
                  0.875,
                  5.25
               ],
               "rotation":90,
               "texture":"#0"
            },
            "up":{
               "uv":[
                  0,
                  0,
                  0,
                  1
               ],
               "texture":"#0"
            },
            "down":{
               "uv":[
                  0,
                  0,
                  0,
                  1
               ],
               "rotation":180,
               "texture":"#0"
            }
         }
      },
      {
         "from":[
            8.1,
            5.00387,
            -1.70871
         ],
         "to":[
            8.1,
            8.00387,
            6.29129
         ],
         "rotation":{
            "angle":-45,
            "axis":"x",
            "origin":[
               8,
               7.15642,
               4.27269
            ]
         },
         "faces":{
            "north":{
               "uv":[
                  0,
                  0.375,
                  0,
                  0
               ],
               "texture":"#0"
            },
            "east":{
               "uv":[
                  0.5,
                  6.25,
                  0.875,
                  5.25
               ],
               "rotation":270,
               "texture":"#0"
            },
            "south":{
               "uv":[
                  0,
                  0.375,
                  0,
                  0
               ],
               "rotation":180,
               "texture":"#0"
            },
            "west":{
               "uv":[
                  0.875,
                  6.25,
                  0.5,
                  5.25
               ],
               "rotation":90,
               "texture":"#0"
            },
            "up":{
               "uv":[
                  0,
                  0,
                  0,
                  1
               ],
               "texture":"#0"
            },
            "down":{
               "uv":[
                  0,
                  0,
                  0,
                  1
               ],
               "rotation":180,
               "texture":"#0"
            }
         }
      },
      {
         "from":[
            7.9,
            1,
            5
         ],
         "to":[
            7.9,
            9,
            8
         ],
         "rotation":{
            "angle":22.5,
            "axis":"x",
            "origin":[
               8,
               7.15642,
               4.27269
            ]
         },
         "faces":{
            "north":{
               "uv":[
                  0,
                  1,
                  0,
                  0
               ],
               "texture":"#0"
            },
            "east":{
               "uv":[
                  0.875,
                  6.25,
                  1.25,
                  5.25
               ],
               "texture":"#0"
            },
            "south":{
               "uv":[
                  0,
                  1,
                  0,
                  0
               ],
               "texture":"#0"
            },
            "west":{
               "uv":[
                  1.25,
                  6.25,
                  0.875,
                  5.25
               ],
               "texture":"#0"
            },
            "up":{
               "uv":[
                  0,
                  0,
                  0,
                  0.375
               ],
               "texture":"#0"
            },
            "down":{
               "uv":[
                  0,
                  0,
                  0,
                  0.375
               ],
               "texture":"#0"
            }
         }
      },
      {
         "from":[
            2.25,
            21.06936,
            -4.88801
         ],
         "to":[
            3.75,
            23.06936,
            -1.88801
         ],
         "rotation":{
            "angle":22.5,
            "axis":"x",
            "origin":[
               3,
               22.06936,
               -2.88801
            ]
         },
         "faces":{
            "north":{
               "uv":[
                  4.0625,
                  2.375,
                  4.25,
                  2.625
               ],
               "texture":"#0"
            },
            "east":{
               "uv":[
                  3.625,
                  2.75,
                  3.875,
                  2.375
               ],
               "rotation":270,
               "texture":"#0"
            },
            "south":{
               "uv":[
                  4.0625,
                  2.375,
                  4.25,
                  2.625
               ],
               "texture":"#0"
            },
            "west":{
               "uv":[
                  3.625,
                  2.375,
                  3.875,
                  2.75
               ],
               "rotation":270,
               "texture":"#0"
            },
            "up":{
               "uv":[
                  4.0625,
                  2.375,
                  3.875,
                  2.75
               ],
               "rotation":180,
               "texture":"#0"
            },
            "down":{
               "uv":[
                  4.0625,
                  2.75,
                  3.875,
                  2.375
               ],
               "rotation":180,
               "texture":"#0"
            }
         }
      },
      {
         "from":[
            2,
            20,
            0
         ],
         "to":[
            4,
            23,
            3
         ],
         "rotation":{
            "angle":-45,
            "axis":"x",
            "origin":[
               2,
               17.5,
               0.5
            ]
         },
         "faces":{
            "north":{
               "uv":[
                  3.125,
                  2.75,
                  3.375,
                  3.125
               ],
               "texture":"#0"
            },
            "east":{
               "uv":[
                  2.75,
                  2.375,
                  3.125,
                  2.75
               ],
               "texture":"#0"
            },
            "south":{
               "uv":[
                  3.125,
                  2.375,
                  3.375,
                  2.75
               ],
               "texture":"#0"
            },
            "west":{
               "uv":[
                  2.75,
                  2.375,
                  3.125,
                  2.75
               ],
               "texture":"#0"
            },
            "up":{
               "uv":[
                  3.375,
                  2.375,
                  3.625,
                  2.75
               ],
               "texture":"#0"
            },
            "down":{
               "uv":[
                  3.375,
                  2.375,
                  3.625,
                  2.75
               ],
               "texture":"#0"
            }
         }
      },
      {
         "from":[
            3.5,
            9,
            -4
         ],
         "to":[
            12.5,
            20,
            4
         ],
         "rotation":{
            "angle":0,
            "axis":"y",
            "origin":[
               0,
               -2,
               -1
            ]
         },
         "faces":{
            "north":{
               "uv":[
                  3,
                  0,
                  4.125,
                  1.375
               ],
               "texture":"#0"
            },
            "east":{
               "uv":[
                  3,
                  0,
                  2,
                  1.375
               ],
               "texture":"#0"
            },
            "south":{
               "uv":[
                  4.125,
                  0,
                  5.25,
                  1.375
               ],
               "texture":"#0"
            },
            "west":{
               "uv":[
                  2,
                  0,
                  3,
                  1.375
               ],
               "texture":"#0"
            },
            "up":{
               "uv":[
                  2,
                  1.375,
                  3.125,
                  2.375
               ],
               "texture":"#0"
            },
            "down":{
               "uv":[
                  3.125,
                  1.375,
                  4.25,
                  2.375
               ],
               "texture":"#0"
            }
         }
      },
      {
         "from":[
            2.5,
            8,
            0.5
         ],
         "to":[
            4.5,
            12,
            3.5
         ],
         "rotation":{
            "angle":0,
            "axis":"y",
            "origin":[
               2,
               17.5,
               0.5
            ]
         },
         "faces":{
            "north":{
               "uv":[
                  0.625,
                  1.875,
                  0.875,
                  2.375
               ],
               "texture":"#0"
            },
            "east":{
               "uv":[
                  0.875,
                  1.875,
                  1.25,
                  2.375
               ],
               "texture":"#0"
            },
            "south":{
               "uv":[
                  1.25,
                  1.875,
                  1.5,
                  2.375
               ],
               "texture":"#0"
            },
            "west":{
               "uv":[
                  0.875,
                  1.875,
                  1.25,
                  2.375
               ],
               "texture":"#0"
            },
            "up":{
               "uv":[
                  1.5,
                  1.75,
                  1.75,
                  2.125
               ],
               "texture":"#0"
            },
            "down":{
               "uv":[
                  1.75,
                  1.75,
                  2,
                  2.125
               ],
               "texture":"#0"
            }
         }
      },
      {
         "from":[
            4.5,
            7,
            -2.5
         ],
         "to":[
            11.5,
            9,
            2.5
         ],
         "rotation":{
            "angle":0,
            "axis":"y",
            "origin":[
               0,
               -2,
               -1
            ]
         },
         "faces":{
            "north":{
               "uv":[
                  4.25,
                  2,
                  5.125,
                  2.25
               ],
               "texture":"#0"
            },
            "east":{
               "uv":[
                  2,
                  1.5,
                  1.375,
                  1.75
               ],
               "texture":"#0"
            },
            "south":{
               "uv":[
                  4.25,
                  2.25,
                  5.125,
                  2.5
               ],
               "texture":"#0"
            },
            "west":{
               "uv":[
                  1.375,
                  1.5,
                  2,
                  1.75
               ],
               "texture":"#0"
            },
            "up":{
               "uv":[
                  4.25,
                  1.375,
                  5.125,
                  2
               ],
               "texture":"#0"
            },
            "down":{
               "uv":[
                  4.25,
                  1.375,
                  5.125,
                  2
               ],
               "texture":"#0"
            }
         }
      },
      {
         "from":[
            12.25,
            21.06936,
            -4.88801
         ],
         "to":[
            13.75,
            23.06936,
            -1.88801
         ],
         "rotation":{
            "angle":22.5,
            "axis":"x",
            "origin":[
               13,
               22.06936,
               -2.88801
            ]
         },
         "faces":{
            "north":{
               "uv":[
                  4.25,
                  2.375,
                  4.0625,
                  2.625
               ],
               "texture":"#0"
            },
            "east":{
               "uv":[
                  3.625,
                  2.75,
                  3.875,
                  2.375
               ],
               "rotation":270,
               "texture":"#0"
            },
            "south":{
               "uv":[
                  4.25,
                  2.375,
                  4.0625,
                  2.625
               ],
               "texture":"#0"
            },
            "west":{
               "uv":[
                  3.625,
                  2.375,
                  3.875,
                  2.75
               ],
               "rotation":270,
               "texture":"#0"
            },
            "up":{
               "uv":[
                  3.875,
                  2.375,
                  4.0625,
                  2.75
               ],
               "rotation":180,
               "texture":"#0"
            },
            "down":{
               "uv":[
                  3.875,
                  2.75,
                  4.0625,
                  2.375
               ],
               "rotation":180,
               "texture":"#0"
            }
         }
      },
      {
         "from":[
            12,
            20,
            0
         ],
         "to":[
            14,
            23,
            3
         ],
         "rotation":{
            "angle":-45,
            "axis":"x",
            "origin":[
               14,
               17.5,
               0.5
            ]
         },
         "faces":{
            "north":{
               "uv":[
                  3.375,
                  2.375,
                  3.125,
                  2.75
               ],
               "texture":"#0"
            },
            "east":{
               "uv":[
                  3.125,
                  2.375,
                  2.75,
                  2.75
               ],
               "texture":"#0"
            },
            "south":{
               "uv":[
                  3.375,
                  2.375,
                  3.125,
                  2.75
               ],
               "texture":"#0"
            },
            "west":{
               "uv":[
                  3.125,
                  2.375,
                  2.75,
                  2.75
               ],
               "texture":"#0"
            },
            "up":{
               "uv":[
                  3.625,
                  2.375,
                  3.375,
                  2.75
               ],
               "texture":"#0"
            },
            "down":{
               "uv":[
                  3.625,
                  2.375,
                  3.375,
                  2.75
               ],
               "texture":"#0"
            }
         }
      },
      {
         "from":[
            4.5,
            16,
            -2
         ],
         "to":[
            11.5,
            21,
            4
         ],
         "rotation":{
            "angle":-45,
            "axis":"x",
            "origin":[
               8,
               17.5,
               0
            ]
         },
         "faces":{
            "north":{
               "uv":[
                  0.625,
                  3.125,
                  1.5,
                  3.75
               ],
               "texture":"#0"
            },
            "east":{
               "uv":[
                  2.375,
                  3,
                  3.125,
                  3.625
               ],
               "texture":"#0"
            },
            "south":{
               "uv":[
                  0.625,
                  3.125,
                  1.5,
                  3.75
               ],
               "texture":"#0"
            },
            "west":{
               "uv":[
                  2.375,
                  3,
                  3.125,
                  3.625
               ],
               "texture":"#0"
            },
            "up":{
               "uv":[
                  1.5,
                  3.125,
                  2.375,
                  3.875
               ],
               "texture":"#0"
            },
            "down":{
               "uv":[
                  1.5,
                  3.125,
                  2.375,
                  3.875
               ],
               "texture":"#0"
            }
         }
      },
      {
         "from":[
            11.5,
            15,
            -2
         ],
         "to":[
            14.5,
            21,
            3
         ],
         "rotation":{
            "angle":-22.5,
            "axis":"x",
            "origin":[
               14,
               17.5,
               0.5
            ]
         },
         "faces":{
            "north":{
               "uv":[
                  1.625,
                  2.375,
                  1.25,
                  3.125
               ],
               "texture":"#0"
            },
            "east":{
               "uv":[
                  1.25,
                  2.375,
                  0.625,
                  3.125
               ],
               "texture":"#0"
            },
            "south":{
               "uv":[
                  2,
                  2.375,
                  1.625,
                  3.125
               ],
               "texture":"#0"
            },
            "west":{
               "uv":[
                  1.25,
                  2.375,
                  0.625,
                  3.125
               ],
               "texture":"#0"
            },
            "up":{
               "uv":[
                  2.375,
                  2.375,
                  2,
                  3
               ],
               "texture":"#0"
            },
            "down":{
               "uv":[
                  2.75,
                  2.375,
                  2.375,
                  3
               ],
               "texture":"#0"
            }
         }
      },
      {
         "from":[
            11.5,
            8,
            0.5
         ],
         "to":[
            13.5,
            12,
            3.5
         ],
         "rotation":{
            "angle":0,
            "axis":"y",
            "origin":[
               14,
               17.5,
               0.5
            ]
         },
         "faces":{
            "north":{
               "uv":[
                  0.875,
                  1.875,
                  0.625,
                  2.375
               ],
               "texture":"#0"
            },
            "east":{
               "uv":[
                  1.25,
                  1.875,
                  0.875,
                  2.375
               ],
               "texture":"#0"
            },
            "south":{
               "uv":[
                  1.5,
                  1.875,
                  1.25,
                  2.375
               ],
               "texture":"#0"
            },
            "west":{
               "uv":[
                  1.25,
                  1.875,
                  0.875,
                  2.375
               ],
               "texture":"#0"
            },
            "up":{
               "uv":[
                  1.75,
                  1.75,
                  1.5,
                  2.125
               ],
               "texture":"#0"
            },
            "down":{
               "uv":[
                  2,
                  1.75,
                  1.75,
                  2.125
               ],
               "texture":"#0"
            }
         }
      },
      {
         "from":[
            1.5,
            15,
            13
         ],
         "to":[
            4.5,
            21,
            18
         ],
         "rotation":{
            "angle":22.5,
            "axis":"x",
            "origin":[
               2,
               17.5,
               15.5
            ]
         },
         "faces":{
            "north":{
               "uv":[
                  2,
                  2.375,
                  1.625,
                  3.125
               ],
               "texture":"#0"
            },
            "east":{
               "uv":[
                  1.25,
                  2.375,
                  0.625,
                  3.125
               ],
               "texture":"#0"
            },
            "south":{
               "uv":[
                  1.625,
                  2.375,
                  1.25,
                  3.125
               ],
               "texture":"#0"
            },
            "west":{
               "uv":[
                  1.25,
                  2.375,
                  0.625,
                  3.125
               ],
               "texture":"#0"
            },
            "up":{
               "uv":[
                  2,
                  3,
                  2.375,
                  2.375
               ],
               "texture":"#0"
            },
            "down":{
               "uv":[
                  2.375,
                  3,
                  2.75,
                  2.375
               ],
               "texture":"#0"
            }
         }
      },
      {
         "from":[
            2.25,
            21.06936,
            17.88801
         ],
         "to":[
            3.75,
            23.06936,
            20.88801
         ],
         "rotation":{
            "angle":-22.5,
            "axis":"x",
            "origin":[
               3,
               22.06936,
               18.88801
            ]
         },
         "faces":{
            "north":{
               "uv":[
                  4.25,
                  2.375,
                  4.0625,
                  2.625
               ],
               "texture":"#0"
            },
            "east":{
               "uv":[
                  3.625,
                  2.375,
                  3.875,
                  2.75
               ],
               "rotation":270,
               "texture":"#0"
            },
            "south":{
               "uv":[
                  4.25,
                  2.375,
                  4.0625,
                  2.625
               ],
               "texture":"#0"
            },
            "west":{
               "uv":[
                  3.625,
                  2.75,
                  3.875,
                  2.375
               ],
               "rotation":270,
               "texture":"#0"
            },
            "up":{
               "uv":[
                  4.0625,
                  2.75,
                  3.875,
                  2.375
               ],
               "rotation":180,
               "texture":"#0"
            },
            "down":{
               "uv":[
                  4.0625,
                  2.375,
                  3.875,
                  2.75
               ],
               "rotation":180,
               "texture":"#0"
            }
         }
      },
      {
         "from":[
            2,
            20,
            13
         ],
         "to":[
            4,
            23,
            16
         ],
         "rotation":{
            "angle":45,
            "axis":"x",
            "origin":[
               2,
               17.5,
               15.5
            ]
         },
         "faces":{
            "north":{
               "uv":[
                  3.375,
                  2.375,
                  3.125,
                  2.75
               ],
               "texture":"#0"
            },
            "east":{
               "uv":[
                  3.125,
                  2.375,
                  2.75,
                  2.75
               ],
               "texture":"#0"
            },
            "south":{
               "uv":[
                  3.375,
                  2.75,
                  3.125,
                  3.125
               ],
               "texture":"#0"
            },
            "west":{
               "uv":[
                  3.125,
                  2.375,
                  2.75,
                  2.75
               ],
               "texture":"#0"
            },
            "up":{
               "uv":[
                  3.375,
                  2.75,
                  3.625,
                  2.375
               ],
               "texture":"#0"
            },
            "down":{
               "uv":[
                  3.375,
                  2.75,
                  3.625,
                  2.375
               ],
               "texture":"#0"
            }
         }
      },
      {
         "from":[
            3.5,
            9,
            12
         ],
         "to":[
            12.5,
            20,
            20
         ],
         "rotation":{
            "angle":0,
            "axis":"y",
            "origin":[
               0,
               -2,
               17
            ]
         },
         "faces":{
            "north":{
               "uv":[
                  5.25,
                  0,
                  4.125,
                  1.375
               ],
               "texture":"#0"
            },
            "east":{
               "uv":[
                  2,
                  0,
                  3,
                  1.375
               ],
               "texture":"#0"
            },
            "south":{
               "uv":[
                  4.125,
                  0,
                  3,
                  1.375
               ],
               "texture":"#0"
            },
            "west":{
               "uv":[
                  3,
                  0,
                  2,
                  1.375
               ],
               "texture":"#0"
            },
            "up":{
               "uv":[
                  2,
                  2.375,
                  3.125,
                  1.375
               ],
               "texture":"#0"
            },
            "down":{
               "uv":[
                  3.125,
                  2.375,
                  4.25,
                  1.375
               ],
               "texture":"#0"
            }
         }
      },
      {
         "from":[
            2.5,
            8,
            12.5
         ],
         "to":[
            4.5,
            12,
            15.5
         ],
         "rotation":{
            "angle":0,
            "axis":"y",
            "origin":[
               2,
               17.5,
               15.5
            ]
         },
         "faces":{
            "north":{
               "uv":[
                  1.5,
                  1.875,
                  1.25,
                  2.375
               ],
               "texture":"#0"
            },
            "east":{
               "uv":[
                  1.25,
                  1.875,
                  0.875,
                  2.375
               ],
               "texture":"#0"
            },
            "south":{
               "uv":[
                  0.875,
                  1.875,
                  0.625,
                  2.375
               ],
               "texture":"#0"
            },
            "west":{
               "uv":[
                  1.25,
                  1.875,
                  0.875,
                  2.375
               ],
               "texture":"#0"
            },
            "up":{
               "uv":[
                  1.5,
                  2.125,
                  1.75,
                  1.75
               ],
               "texture":"#0"
            },
            "down":{
               "uv":[
                  1.75,
                  2.125,
                  2,
                  1.75
               ],
               "texture":"#0"
            }
         }
      },
      {
         "from":[
            4.5,
            7,
            13.5
         ],
         "to":[
            11.5,
            9,
            18.5
         ],
         "rotation":{
            "angle":0,
            "axis":"y",
            "origin":[
               0,
               -2,
               17
            ]
         },
         "faces":{
            "north":{
               "uv":[
                  5.125,
                  2.25,
                  4.25,
                  2.5
               ],
               "texture":"#0"
            },
            "east":{
               "uv":[
                  1.375,
                  1.5,
                  2,
                  1.75
               ],
               "texture":"#0"
            },
            "south":{
               "uv":[
                  5.125,
                  2,
                  4.25,
                  2.25
               ],
               "texture":"#0"
            },
            "west":{
               "uv":[
                  2,
                  1.5,
                  1.375,
                  1.75
               ],
               "texture":"#0"
            },
            "up":{
               "uv":[
                  4.25,
                  2,
                  5.125,
                  1.375
               ],
               "texture":"#0"
            },
            "down":{
               "uv":[
                  4.25,
                  2,
                  5.125,
                  1.375
               ],
               "texture":"#0"
            }
         }
      },
      {
         "from":[
            12.25,
            21.06936,
            17.88801
         ],
         "to":[
            13.75,
            23.06936,
            20.88801
         ],
         "rotation":{
            "angle":-22.5,
            "axis":"x",
            "origin":[
               13,
               22.06936,
               18.88801
            ]
         },
         "faces":{
            "north":{
               "uv":[
                  4.0625,
                  2.375,
                  4.25,
                  2.625
               ],
               "texture":"#0"
            },
            "east":{
               "uv":[
                  3.625,
                  2.375,
                  3.875,
                  2.75
               ],
               "rotation":270,
               "texture":"#0"
            },
            "south":{
               "uv":[
                  4.0625,
                  2.375,
                  4.25,
                  2.625
               ],
               "texture":"#0"
            },
            "west":{
               "uv":[
                  3.625,
                  2.75,
                  3.875,
                  2.375
               ],
               "rotation":270,
               "texture":"#0"
            },
            "up":{
               "uv":[
                  3.875,
                  2.75,
                  4.0625,
                  2.375
               ],
               "rotation":180,
               "texture":"#0"
            },
            "down":{
               "uv":[
                  3.875,
                  2.375,
                  4.0625,
                  2.75
               ],
               "rotation":180,
               "texture":"#0"
            }
         }
      },
      {
         "from":[
            12,
            20,
            13
         ],
         "to":[
            14,
            23,
            16
         ],
         "rotation":{
            "angle":45,
            "axis":"x",
            "origin":[
               14,
               17.5,
               15.5
            ]
         },
         "faces":{
            "north":{
               "uv":[
                  3.125,
                  2.375,
                  3.375,
                  2.75
               ],
               "texture":"#0"
            },
            "east":{
               "uv":[
                  2.75,
                  2.375,
                  3.125,
                  2.75
               ],
               "texture":"#0"
            },
            "south":{
               "uv":[
                  3.125,
                  2.375,
                  3.375,
                  2.75
               ],
               "texture":"#0"
            },
            "west":{
               "uv":[
                  2.75,
                  2.375,
                  3.125,
                  2.75
               ],
               "texture":"#0"
            },
            "up":{
               "uv":[
                  3.625,
                  2.75,
                  3.375,
                  2.375
               ],
               "texture":"#0"
            },
            "down":{
               "uv":[
                  3.625,
                  2.75,
                  3.375,
                  2.375
               ],
               "texture":"#0"
            }
         }
      },
      {
         "from":[
            4.5,
            16,
            12
         ],
         "to":[
            11.5,
            21,
            18
         ],
         "rotation":{
            "angle":45,
            "axis":"x",
            "origin":[
               8,
               17.5,
               16
            ]
         },
         "faces":{
            "north":{
               "uv":[
                  1.5,
                  3.125,
                  0.625,
                  3.75
               ],
               "texture":"#0"
            },
            "east":{
               "uv":[
                  3.125,
                  3,
                  2.375,
                  3.625
               ],
               "texture":"#0"
            },
            "south":{
               "uv":[
                  1.5,
                  3.125,
                  0.625,
                  3.75
               ],
               "texture":"#0"
            },
            "west":{
               "uv":[
                  3.125,
                  3,
                  2.375,
                  3.625
               ],
               "texture":"#0"
            },
            "up":{
               "uv":[
                  1.5,
                  3.875,
                  2.375,
                  3.125
               ],
               "texture":"#0"
            },
            "down":{
               "uv":[
                  1.5,
                  3.875,
                  2.375,
                  3.125
               ],
               "texture":"#0"
            }
         }
      },
      {
         "from":[
            11.5,
            15,
            13
         ],
         "to":[
            14.5,
            21,
            18
         ],
         "rotation":{
            "angle":22.5,
            "axis":"x",
            "origin":[
               14,
               17.5,
               15.5
            ]
         },
         "faces":{
            "north":{
               "uv":[
                  1.625,
                  2.375,
                  2,
                  3.125
               ],
               "texture":"#0"
            },
            "east":{
               "uv":[
                  0.625,
                  2.375,
                  1.25,
                  3.125
               ],
               "texture":"#0"
            },
            "south":{
               "uv":[
                  1.25,
                  2.375,
                  1.625,
                  3.125
               ],
               "texture":"#0"
            },
            "west":{
               "uv":[
                  0.625,
                  2.375,
                  1.25,
                  3.125
               ],
               "texture":"#0"
            },
            "up":{
               "uv":[
                  2.375,
                  3,
                  2,
                  2.375
               ],
               "texture":"#0"
            },
            "down":{
               "uv":[
                  2.75,
                  3,
                  2.375,
                  2.375
               ],
               "texture":"#0"
            }
         }
      },
      {
         "from":[
            11.5,
            8,
            12.5
         ],
         "to":[
            13.5,
            12,
            15.5
         ],
         "rotation":{
            "angle":0,
            "axis":"y",
            "origin":[
               14,
               17.5,
               15.5
            ]
         },
         "faces":{
            "north":{
               "uv":[
                  1.25,
                  1.875,
                  1.5,
                  2.375
               ],
               "texture":"#0"
            },
            "east":{
               "uv":[
                  0.875,
                  1.875,
                  1.25,
                  2.375
               ],
               "texture":"#0"
            },
            "south":{
               "uv":[
                  0.625,
                  1.875,
                  0.875,
                  2.375
               ],
               "texture":"#0"
            },
            "west":{
               "uv":[
                  0.875,
                  1.875,
                  1.25,
                  2.375
               ],
               "texture":"#0"
            },
            "up":{
               "uv":[
                  1.75,
                  2.125,
                  1.5,
                  1.75
               ],
               "texture":"#0"
            },
            "down":{
               "uv":[
                  2,
                  2.125,
                  1.75,
                  1.75
               ],
               "texture":"#0"
            }
         }
      },
      {
         "from":[
            5,
            10,
            5
         ],
         "to":[
            11,
            16,
            11
         ],
         "rotation":{
            "angle":-45,
            "axis":"y",
            "origin":[
               8,
               13,
               8
            ]
         },
         "faces":{
            "north":{
               "uv":[
                  0.75,
                  3.75,
                  1.5,
                  4.5
               ],
               "texture":"#0"
            },
            "east":{
               "uv":[
                  0.75,
                  3.75,
                  1.5,
                  4.5
               ],
               "texture":"#0"
            },
            "south":{
               "uv":[
                  0.75,
                  3.75,
                  1.5,
                  4.5
               ],
               "texture":"#0"
            },
            "west":{
               "uv":[
                  0.75,
                  3.75,
                  1.5,
                  4.5
               ],
               "texture":"#0"
            },
            "up":{
               "uv":[
                  0.75,
                  4.5,
                  1.5,
                  5.25
               ],
               "texture":"#0"
            },
            "down":{
               "uv":[
                  0.75,
                  4.5,
                  1.5,
                  5.25
               ],
               "texture":"#0"
            }
         }
      },
      {
         "from":[
            5,
            9.9,
            5
         ],
         "to":[
            11,
            16.1,
            11
         ],
         "rotation":{
            "angle":0,
            "axis":"y",
            "origin":[
               8,
               13,
               8
            ]
         },
         "faces":{
            "north":{
               "uv":[
                  0.75,
                  3.75,
                  1.5,
                  4.5
               ],
               "texture":"#0"
            },
            "east":{
               "uv":[
                  0.75,
                  3.75,
                  1.5,
                  4.5
               ],
               "texture":"#0"
            },
            "south":{
               "uv":[
                  0.75,
                  3.75,
                  1.5,
                  4.5
               ],
               "texture":"#0"
            },
            "west":{
               "uv":[
                  0.75,
                  3.75,
                  1.5,
                  4.5
               ],
               "texture":"#0"
            },
            "up":{
               "uv":[
                  0.75,
                  4.5,
                  1.5,
                  5.25
               ],
               "rotation":90,
               "texture":"#0"
            },
            "down":{
               "uv":[
                  0.75,
                  4.5,
                  1.5,
                  5.25
               ],
               "rotation":270,
               "texture":"#0"
            }
         }
      },
      {
         "from":[
            6,
            16,
            6
         ],
         "to":[
            10,
            19.5,
            10
         ],
         "rotation":{
            "angle":0,
            "axis":"y",
            "origin":[
               8,
               25,
               8
            ]
         },
         "faces":{
            "north":{
               "uv":[
                  1.875,
                  3.875,
                  2.375,
                  4.3125
               ],
               "texture":"#0"
            },
            "east":{
               "uv":[
                  1.875,
                  3.875,
                  2.375,
                  4.3125
               ],
               "texture":"#0"
            },
            "south":{
               "uv":[
                  1.875,
                  3.875,
                  2.375,
                  4.3125
               ],
               "texture":"#0"
            },
            "west":{
               "uv":[
                  1.875,
                  3.875,
                  2.375,
                  4.3125
               ],
               "texture":"#0"
            },
            "up":{
               "uv":[
                  1.5,
                  4.3125,
                  2,
                  4.8125
               ],
               "texture":"#0"
            },
            "down":{
               "uv":[
                  1.5,
                  4.3125,
                  2,
                  4.8125
               ],
               "texture":"#0"
            }
         }
      },
      {
         "from":[
            8,
            19.5,
            7.2
         ],
         "to":[
            8,
            22,
            9.2
         ],
         "rotation":{
            "angle":0,
            "axis":"y",
            "origin":[
               8,
               25,
               8
            ]
         },
         "faces":{
            "north":{
               "uv":[
                  1.875,
                  3.875,
                  2.375,
                  4.3125
               ],
               "texture":"#0"
            },
            "east":{
               "uv":[
                  0.75,
                  4.4375,
                  0.5,
                  4.75
               ],
               "texture":"#0"
            },
            "south":{
               "uv":[
                  1.875,
                  3.875,
                  2.375,
                  4.3125
               ],
               "texture":"#0"
            },
            "west":{
               "uv":[
                  0.5,
                  4.4375,
                  0.75,
                  4.75
               ],
               "texture":"#0"
            },
            "up":{
               "uv":[
                  1.5,
                  4.3125,
                  2,
                  4.8125
               ],
               "texture":"#0"
            },
            "down":{
               "uv":[
                  1.5,
                  4.3125,
                  2,
                  4.8125
               ],
               "texture":"#0"
            }
         }
      }
   ],
   "gui_light":"front",
   "display":{
      "thirdperson_righthand":{
         "translation":[
            0,
            7.75,
            1.5
         ],
         "scale":[
            0.65,
            0.65,
            0.65
         ]
      },
      "thirdperson_lefthand":{
         "translation":[
            0,
            7.75,
            1.5
         ],
         "scale":[
            0.65,
            0.65,
            0.65
         ]
      },
      "firstperson_righthand":{
         "rotation":[
            -12,
            15,
            3
         ],
         "translation":[
            4.75,
            4.25,
            -5.5
         ],
         "scale":[
            0.51953,
            0.51953,
            0.51953
         ]
      },
      "firstperson_lefthand":{
         "rotation":[
            -12,
            15,
            3
         ],
         "translation":[
            4.75,
            4.25,
            -5.5
         ],
         "scale":[
            0.51953,
            0.51953,
            0.51953
         ]
      },
      "ground":{
         "rotation":[
            0,
            0,
            90
         ],
         "translation":[
            1.25,
            0.25,
            0
         ],
         "scale":[
            0.5,
            0.5,
            0.5
         ]
      },
      "gui":{
         "rotation":[
            106,
            135,
            -90
         ],
         "translation":[
            0.25,
            -0.5,
            -1.25
         ],
         "scale":[
            0.4068,
            0.4068,
            0.4068
         ]
      },
      "head":{
         "rotation":[
            90,
            -168,
            90
         ],
         "translation":[
            -0.5,
            11.75,
            0
         ],
         "scale":[
            0.56,
            0.56,
            0.56
         ]
      },
      "fixed":{
         "rotation":[
            0,
            90,
            0
         ],
         "translation":[
            0,
            1,
            -2.25
         ],
         "scale":[
            1.2118,
            1.2118,
            1.2118
         ]
      }
   },
   "groups":[
      0,
      1,
      2,
      3,
      4,
      5,
      6,
      7,
      8,
      9,
      {
         "name":"group",
         "origin":[
            14,
            17.5,
            1.5
         ],
         "color":0,
         "boneType":"",
         "children":[
            10,
            11,
            12,
            13,
            14,
            15,
            16,
            17,
            18,
            19,
            20,
            21,
            22,
            23,
            24,
            25,
            26
         ]
      },
      {
         "name":"group",
         "origin":[
            14,
            17.5,
            1.5
         ],
         "color":0,
         "boneType":"",
         "children":[
            27,
            28,
            29,
            30,
            31,
            32,
            33,
            34,
            35,
            36,
            37
         ]
      },
      38,
      39,
      40,
      41
   ]
}