{
   "credit":"Made with Blockbench",
   "texture_size":[
      128,
      128
   ],
   "textures":{
      "0":"elitecreatures:thanks_giving_2023_v2/thanksgiving_texture_01",
      "particle":"elitecreatures:thanks_giving_2023_v2/thanksgiving_texture_01"
   },
   "elements":[
      {
         "from":[
            7,
            10,
            3
         ],
         "to":[
            9,
            12,
            13
         ],
         "rotation":{
            "angle":0,
            "axis":"y",
            "origin":[
               0,
               11,
               0
            ]
         },
         "faces":{
            "north":{
               "uv":[
                  0.25,
                  1.25,
                  0.5,
                  1.5
               ],
               "texture":"#0"
            },
            "east":{
               "uv":[
                  0.8125,
                  0,
                  1.0625,
                  1.25
               ],
               "rotation":270,
               "texture":"#0"
            },
            "south":{
               "uv":[
                  0.25,
                  1.25,
                  0.5,
                  1.5
               ],
               "texture":"#0"
            },
            "west":{
               "uv":[
                  0.8125,
                  0,
                  1.0625,
                  1.25
               ],
               "rotation":270,
               "texture":"#0"
            },
            "up":{
               "uv":[
                  1.3125,
                  0,
                  1.0625,
                  1.25
               ],
               "rotation":180,
               "texture":"#0"
            },
            "down":{
               "uv":[
                  1.3125,
                  0,
                  1.0625,
                  1.25
               ],
               "rotation":180,
               "texture":"#0"
            }
         }
      },
      {
         "from":[
            6.75,
            -14,
            8.5
         ],
         "to":[
            9.25,
            -11.5,
            11
         ],
         "rotation":{
            "angle":0,
            "axis":"y",
            "origin":[
               7,
               11.5,
               8
            ]
         },
         "faces":{
            "north":{
               "uv":[
                  0.8125,
                  0.625,
                  0.5,
                  0.9375
               ],
               "texture":"#0"
            },
            "east":{
               "uv":[
                  0.5,
                  0.3125,
                  0.8125,
                  0
               ],
               "texture":"#0"
            },
            "south":{
               "uv":[
                  0.8125,
                  0.625,
                  0.5,
                  0.3125
               ],
               "texture":"#0"
            },
            "west":{
               "uv":[
                  0.8125,
                  0.3125,
                  0.5,
                  0
               ],
               "texture":"#0"
            },
            "up":{
               "uv":[
                  0.5,
                  0.625,
                  0.8125,
                  0.9375
               ],
               "texture":"#0"
            },
            "down":{
               "uv":[
                  0.5,
                  0.9375,
                  0.8125,
                  1.25
               ],
               "texture":"#0"
            }
         }
      },
      {
         "from":[
            6.75,
            -14,
            5
         ],
         "to":[
            9.25,
            -11.5,
            7.5
         ],
         "rotation":{
            "angle":0,
            "axis":"y",
            "origin":[
               7,
               11.5,
               8
            ]
         },
         "faces":{
            "north":{
               "uv":[
                  0.5,
                  0.625,
                  0.8125,
                  0.3125
               ],
               "texture":"#0"
            },
            "east":{
               "uv":[
                  0.8125,
                  0.3125,
                  0.5,
                  0
               ],
               "texture":"#0"
            },
            "south":{
               "uv":[
                  0.5,
                  0.625,
                  0.8125,
                  0.9375
               ],
               "texture":"#0"
            },
            "west":{
               "uv":[
                  0.5,
                  0.3125,
                  0.8125,
                  0
               ],
               "texture":"#0"
            },
            "up":{
               "uv":[
                  0.5,
                  0.9375,
                  0.8125,
                  0.625
               ],
               "texture":"#0"
            },
            "down":{
               "uv":[
                  0.5,
                  1.25,
                  0.8125,
                  0.9375
               ],
               "texture":"#0"
            }
         }
      },
      {
         "from":[
            6.75,
            8.5,
            11.75
         ],
         "to":[
            9.25,
            10.5,
            13.75
         ],
         "rotation":{
            "angle":0,
            "axis":"y",
            "origin":[
               8,
               27.5,
               12.75
            ]
         },
         "faces":{
            "north":{
               "uv":[
                  1.4375,
                  1.25,
                  1.75,
                  1.5
               ],
               "texture":"#0"
            },
            "east":{
               "uv":[
                  0.75,
                  1.25,
                  0.5,
                  1.5
               ],
               "rotation":90,
               "texture":"#0"
            },
            "south":{
               "uv":[
                  0.75,
                  1.25,
                  1.0625,
                  1.5
               ],
               "texture":"#0"
            },
            "west":{
               "uv":[
                  0.75,
                  1.5,
                  0.5,
                  1.25
               ],
               "rotation":90,
               "texture":"#0"
            },
            "up":{
               "uv":[
                  1.0625,
                  1.25,
                  1.375,
                  1.5
               ],
               "rotation":180,
               "texture":"#0"
            },
            "down":{
               "uv":[
                  1.0625,
                  1.25,
                  1.375,
                  1.5
               ],
               "rotation":180,
               "texture":"#0"
            }
         }
      },
      {
         "from":[
            6.75,
            8.5,
            2.25
         ],
         "to":[
            9.25,
            10.5,
            4.25
         ],
         "rotation":{
            "angle":0,
            "axis":"y",
            "origin":[
               8,
               27.5,
               3.25
            ]
         },
         "faces":{
            "north":{
               "uv":[
                  1.0625,
                  1.25,
                  0.75,
                  1.5
               ],
               "texture":"#0"
            },
            "east":{
               "uv":[
                  0.75,
                  1.5,
                  0.5,
                  1.25
               ],
               "rotation":90,
               "texture":"#0"
            },
            "south":{
               "uv":[
                  1.75,
                  1.25,
                  1.4375,
                  1.5
               ],
               "texture":"#0"
            },
            "west":{
               "uv":[
                  0.75,
                  1.25,
                  0.5,
                  1.5
               ],
               "rotation":90,
               "texture":"#0"
            },
            "up":{
               "uv":[
                  1.0625,
                  1.5,
                  1.375,
                  1.25
               ],
               "rotation":180,
               "texture":"#0"
            },
            "down":{
               "uv":[
                  1.0625,
                  1.5,
                  1.375,
                  1.25
               ],
               "rotation":180,
               "texture":"#0"
            }
         }
      },
      {
         "from":[
            6.25,
            10,
            7.5
         ],
         "to":[
            9.75,
            15.5,
            9.5
         ],
         "rotation":{
            "angle":45,
            "axis":"x",
            "origin":[
               9,
               13,
               8
            ]
         },
         "faces":{
            "north":{
               "uv":[
                  1.5625,
                  0,
                  2,
                  0.6875
               ],
               "texture":"#0"
            },
            "east":{
               "uv":[
                  1.3125,
                  0,
                  1.5625,
                  0.6875
               ],
               "texture":"#0"
            },
            "south":{
               "uv":[
                  1.5625,
                  0,
                  2,
                  0.6875
               ],
               "texture":"#0"
            },
            "west":{
               "uv":[
                  1.3125,
                  0,
                  1.5625,
                  0.6875
               ],
               "texture":"#0"
            },
            "up":{
               "uv":[
                  1.5625,
                  0.6875,
                  2,
                  0.9375
               ],
               "texture":"#0"
            },
            "down":{
               "uv":[
                  1.5625,
                  0.6875,
                  2,
                  0.9375
               ],
               "texture":"#0"
            }
         }
      },
      {
         "from":[
            6.65,
            10,
            6.5
         ],
         "to":[
            9.35,
            15.5,
            8.5
         ],
         "rotation":{
            "angle":-45,
            "axis":"x",
            "origin":[
               9,
               13,
               8
            ]
         },
         "faces":{
            "north":{
               "uv":[
                  1.875,
                  0,
                  1.5625,
                  0.6875
               ],
               "texture":"#0"
            },
            "east":{
               "uv":[
                  1.5625,
                  0,
                  1.3125,
                  0.6875
               ],
               "texture":"#0"
            },
            "south":{
               "uv":[
                  1.875,
                  0,
                  1.5625,
                  0.6875
               ],
               "texture":"#0"
            },
            "west":{
               "uv":[
                  1.5625,
                  0,
                  1.3125,
                  0.6875
               ],
               "texture":"#0"
            },
            "up":{
               "uv":[
                  1.5625,
                  0.9375,
                  1.875,
                  0.6875
               ],
               "texture":"#0"
            },
            "down":{
               "uv":[
                  1.5625,
                  0.9375,
                  1.875,
                  0.6875
               ],
               "texture":"#0"
            }
         }
      },
      {
         "from":[
            7,
            -13,
            7
         ],
         "to":[
            9,
            10,
            9
         ],
         "rotation":{
            "angle":0,
            "axis":"y",
            "origin":[
               0,
               -1,
               0
            ]
         },
         "faces":{
            "north":{
               "uv":[
                  0.25,
                  3.75,
                  0.5,
                  6.625
               ],
               "texture":"#0"
            },
            "east":{
               "uv":[
                  0.25,
                  3.75,
                  0,
                  6.625
               ],
               "texture":"#0"
            },
            "south":{
               "uv":[
                  0.25,
                  3.75,
                  0.5,
                  6.625
               ],
               "texture":"#0"
            },
            "west":{
               "uv":[
                  0.25,
                  3.75,
                  0,
                  6.625
               ],
               "texture":"#0"
            },
            "up":{
               "uv":[
                  0,
                  1.25,
                  0.25,
                  1.5
               ],
               "texture":"#0"
            },
            "down":{
               "uv":[
                  0,
                  1.25,
                  0.25,
                  1.5
               ],
               "texture":"#0"
            }
         }
      },
      {
         "from":[
            8.1,
            13.99613,
            9.70871
         ],
         "to":[
            8.1,
            16.99613,
            17.70871
         ],
         "rotation":{
            "angle":-45,
            "axis":"x",
            "origin":[
               8,
               14.84358,
               11.72731
            ]
         },
         "faces":{
            "north":{
               "uv":[
                  0,
                  0,
                  0,
                  0.375
               ],
               "rotation":180,
               "texture":"#0"
            },
            "east":{
               "uv":[
                  0.875,
                  5.25,
                  0.5,
                  6.25
               ],
               "rotation":270,
               "texture":"#0"
            },
            "south":{
               "uv":[
                  0,
                  0,
                  0,
                  0.375
               ],
               "texture":"#0"
            },
            "west":{
               "uv":[
                  0.5,
                  5.25,
                  0.875,
                  6.25
               ],
               "rotation":90,
               "texture":"#0"
            },
            "up":{
               "uv":[
                  0,
                  0,
                  0,
                  1
               ],
               "rotation":180,
               "texture":"#0"
            },
            "down":{
               "uv":[
                  0,
                  0,
                  0,
                  1
               ],
               "texture":"#0"
            }
         }
      },
      {
         "from":[
            7.9,
            12.61492,
            9.09139
         ],
         "to":[
            7.9,
            15.61492,
            17.09139
         ],
         "rotation":{
            "angle":-22.5,
            "axis":"x",
            "origin":[
               8,
               14.84358,
               11.72731
            ]
         },
         "faces":{
            "north":{
               "uv":[
                  0,
                  0,
                  0,
                  0.375
               ],
               "rotation":180,
               "texture":"#0"
            },
            "east":{
               "uv":[
                  1.25,
                  5.25,
                  0.875,
                  6.25
               ],
               "rotation":270,
               "texture":"#0"
            },
            "south":{
               "uv":[
                  0,
                  0,
                  0,
                  0.375
               ],
               "texture":"#0"
            },
            "west":{
               "uv":[
                  0.875,
                  5.25,
                  1.25,
                  6.25
               ],
               "rotation":90,
               "texture":"#0"
            },
            "up":{
               "uv":[
                  0,
                  0,
                  0,
                  1
               ],
               "rotation":180,
               "texture":"#0"
            },
            "down":{
               "uv":[
                  0,
                  0,
                  0,
                  1
               ],
               "texture":"#0"
            }
         }
      },
      {
         "from":[
            8.1,
            10.49896,
            8.95984
         ],
         "to":[
            8.1,
            13.49896,
            16.95984
         ],
         "rotation":{
            "angle":0,
            "axis":"y",
            "origin":[
               8,
               14.84358,
               11.72731
            ]
         },
         "faces":{
            "north":{
               "uv":[
                  0,
                  0,
                  0,
                  0.375
               ],
               "rotation":180,
               "texture":"#0"
            },
            "east":{
               "uv":[
                  0.875,
                  5.25,
                  0.5,
                  6.25
               ],
               "rotation":270,
               "texture":"#0"
            },
            "south":{
               "uv":[
                  0,
                  0,
                  0,
                  0.375
               ],
               "texture":"#0"
            },
            "west":{
               "uv":[
                  0.5,
                  5.25,
                  0.875,
                  6.25
               ],
               "rotation":90,
               "texture":"#0"
            },
            "up":{
               "uv":[
                  0,
                  0,
                  0,
                  1
               ],
               "rotation":180,
               "texture":"#0"
            },
            "down":{
               "uv":[
                  0,
                  0,
                  0,
                  1
               ],
               "texture":"#0"
            }
         }
      },
      {
         "from":[
            8.1,
            13.99613,
            -1.70871
         ],
         "to":[
            8.1,
            16.99613,
            6.29129
         ],
         "rotation":{
            "angle":45,
            "axis":"x",
            "origin":[
               8,
               14.84358,
               4.27269
            ]
         },
         "faces":{
            "north":{
               "uv":[
                  0,
                  0,
                  0,
                  0.375
               ],
               "texture":"#0"
            },
            "east":{
               "uv":[
                  0.875,
                  6.25,
                  0.5,
                  5.25
               ],
               "rotation":270,
               "texture":"#0"
            },
            "south":{
               "uv":[
                  0,
                  0,
                  0,
                  0.375
               ],
               "rotation":180,
               "texture":"#0"
            },
            "west":{
               "uv":[
                  0.5,
                  6.25,
                  0.875,
                  5.25
               ],
               "rotation":90,
               "texture":"#0"
            },
            "up":{
               "uv":[
                  0,
                  1,
                  0,
                  0
               ],
               "rotation":180,
               "texture":"#0"
            },
            "down":{
               "uv":[
                  0,
                  1,
                  0,
                  0
               ],
               "texture":"#0"
            }
         }
      },
      {
         "from":[
            7.9,
            12.61492,
            -1.09139
         ],
         "to":[
            7.9,
            15.61492,
            6.90861
         ],
         "rotation":{
            "angle":22.5,
            "axis":"x",
            "origin":[
               8,
               14.84358,
               4.27269
            ]
         },
         "faces":{
            "north":{
               "uv":[
                  0,
                  0,
                  0,
                  0.375
               ],
               "texture":"#0"
            },
            "east":{
               "uv":[
                  1.25,
                  6.25,
                  0.875,
                  5.25
               ],
               "rotation":270,
               "texture":"#0"
            },
            "south":{
               "uv":[
                  0,
                  0,
                  0,
                  0.375
               ],
               "rotation":180,
               "texture":"#0"
            },
            "west":{
               "uv":[
                  0.875,
                  6.25,
                  1.25,
                  5.25
               ],
               "rotation":90,
               "texture":"#0"
            },
            "up":{
               "uv":[
                  0,
                  1,
                  0,
                  0
               ],
               "rotation":180,
               "texture":"#0"
            },
            "down":{
               "uv":[
                  0,
                  1,
                  0,
                  0
               ],
               "texture":"#0"
            }
         }
      },
      {
         "from":[
            8.1,
            10.49896,
            -0.95984
         ],
         "to":[
            8.1,
            13.49896,
            7.04016
         ],
         "rotation":{
            "angle":0,
            "axis":"y",
            "origin":[
               8,
               14.84358,
               4.27269
            ]
         },
         "faces":{
            "north":{
               "uv":[
                  0,
                  0,
                  0,
                  0.375
               ],
               "texture":"#0"
            },
            "east":{
               "uv":[
                  0.875,
                  6.25,
                  0.5,
                  5.25
               ],
               "rotation":270,
               "texture":"#0"
            },
            "south":{
               "uv":[
                  0,
                  0,
                  0,
                  0.375
               ],
               "rotation":180,
               "texture":"#0"
            },
            "west":{
               "uv":[
                  0.5,
                  6.25,
                  0.875,
                  5.25
               ],
               "rotation":90,
               "texture":"#0"
            },
            "up":{
               "uv":[
                  0,
                  1,
                  0,
                  0
               ],
               "rotation":180,
               "texture":"#0"
            },
            "down":{
               "uv":[
                  0,
                  1,
                  0,
                  0
               ],
               "texture":"#0"
            }
         }
      },
      {
         "from":[
            6.75,
            11,
            1
         ],
         "to":[
            9.25,
            14.5,
            6.5
         ],
         "rotation":{
            "angle":0,
            "axis":"y",
            "origin":[
               8,
               6.76583,
               -1.094
            ]
         },
         "faces":{
            "north":{
               "uv":[
                  1.75,
                  7.8125,
                  2.0625,
                  8.25
               ],
               "rotation":180,
               "texture":"#0"
            },
            "east":{
               "uv":[
                  1.0625,
                  7.8125,
                  1.75,
                  8.25
               ],
               "texture":"#0"
            },
            "south":{
               "uv":[
                  1.75,
                  7.8125,
                  2.0625,
                  8.25
               ],
               "rotation":180,
               "texture":"#0"
            },
            "west":{
               "uv":[
                  1.75,
                  7.8125,
                  1.0625,
                  8.25
               ],
               "texture":"#0"
            },
            "up":{
               "uv":[
                  1.0625,
                  8.5625,
                  1.75,
                  8.25
               ],
               "rotation":90,
               "texture":"#0"
            },
            "down":{
               "uv":[
                  2.0625,
                  8.1875,
                  2.75,
                  7.875
               ],
               "rotation":90,
               "texture":"#0"
            }
         }
      },
      {
         "from":[
            7.25,
            10.42183,
            -0.16922
         ],
         "to":[
            8.75,
            12.92183,
            3.83078
         ],
         "rotation":{
            "angle":-22.5,
            "axis":"x",
            "origin":[
               8,
               6.56583,
               0.506
            ]
         },
         "faces":{
            "north":{
               "uv":[
                  0.875,
                  8.375,
                  1.0625,
                  8.0625
               ],
               "rotation":180,
               "texture":"#0"
            },
            "east":{
               "uv":[
                  1.5625,
                  8.5625,
                  1.0625,
                  8.875
               ],
               "rotation":180,
               "texture":"#0"
            },
            "south":{
               "uv":[
                  0.875,
                  8.375,
                  1.0625,
                  8.0625
               ],
               "rotation":180,
               "texture":"#0"
            },
            "west":{
               "uv":[
                  1.0625,
                  8.5625,
                  1.5625,
                  8.875
               ],
               "rotation":180,
               "texture":"#0"
            },
            "up":{
               "uv":[
                  1.5625,
                  8.875,
                  1.0625,
                  9.0625
               ],
               "rotation":90,
               "texture":"#0"
            },
            "down":{
               "uv":[
                  2.5625,
                  8.1875,
                  2.0625,
                  8.375
               ],
               "rotation":90,
               "texture":"#0"
            }
         }
      },
      {
         "from":[
            7.5,
            10.42183,
            -0.25983
         ],
         "to":[
            8.5,
            11.92183,
            2.74017
         ],
         "rotation":{
            "angle":-45,
            "axis":"x",
            "origin":[
               8,
               6.56583,
               0.506
            ]
         },
         "faces":{
            "north":{
               "uv":[
                  1.25,
                  7.75,
                  1.375,
                  7.5625
               ],
               "rotation":180,
               "texture":"#0"
            },
            "east":{
               "uv":[
                  2.625,
                  7.5625,
                  2.25,
                  7.75
               ],
               "rotation":180,
               "texture":"#0"
            },
            "south":{
               "uv":[
                  1.25,
                  7.75,
                  1.375,
                  7.5625
               ],
               "rotation":180,
               "texture":"#0"
            },
            "west":{
               "uv":[
                  2.25,
                  7.5625,
                  2.625,
                  7.75
               ],
               "rotation":180,
               "texture":"#0"
            },
            "up":{
               "uv":[
                  2.625,
                  7.75,
                  2.25,
                  7.875
               ],
               "rotation":90,
               "texture":"#0"
            },
            "down":{
               "uv":[
                  2.4375,
                  8.375,
                  2.0625,
                  8.5
               ],
               "rotation":90,
               "texture":"#0"
            }
         }
      },
      {
         "from":[
            6.75,
            11,
            9.5
         ],
         "to":[
            9.25,
            14.5,
            15
         ],
         "rotation":{
            "angle":0,
            "axis":"y",
            "origin":[
               8,
               6.76583,
               17.094
            ]
         },
         "faces":{
            "north":{
               "uv":[
                  2.0625,
                  7.8125,
                  1.75,
                  8.25
               ],
               "rotation":180,
               "texture":"#0"
            },
            "east":{
               "uv":[
                  1.75,
                  7.8125,
                  1.0625,
                  8.25
               ],
               "texture":"#0"
            },
            "south":{
               "uv":[
                  2.0625,
                  7.8125,
                  1.75,
                  8.25
               ],
               "rotation":180,
               "texture":"#0"
            },
            "west":{
               "uv":[
                  1.0625,
                  7.8125,
                  1.75,
                  8.25
               ],
               "texture":"#0"
            },
            "up":{
               "uv":[
                  1.75,
                  8.5625,
                  1.0625,
                  8.25
               ],
               "rotation":90,
               "texture":"#0"
            },
            "down":{
               "uv":[
                  2.75,
                  8.1875,
                  2.0625,
                  7.875
               ],
               "rotation":90,
               "texture":"#0"
            }
         }
      },
      {
         "from":[
            7.25,
            10.42183,
            12.16922
         ],
         "to":[
            8.75,
            12.92183,
            16.16922
         ],
         "rotation":{
            "angle":22.5,
            "axis":"x",
            "origin":[
               8,
               6.56583,
               15.494
            ]
         },
         "faces":{
            "north":{
               "uv":[
                  1.0625,
                  8.375,
                  0.875,
                  8.0625
               ],
               "rotation":180,
               "texture":"#0"
            },
            "east":{
               "uv":[
                  1.0625,
                  8.5625,
                  1.5625,
                  8.875
               ],
               "rotation":180,
               "texture":"#0"
            },
            "south":{
               "uv":[
                  1.0625,
                  8.375,
                  0.875,
                  8.0625
               ],
               "rotation":180,
               "texture":"#0"
            },
            "west":{
               "uv":[
                  1.5625,
                  8.5625,
                  1.0625,
                  8.875
               ],
               "rotation":180,
               "texture":"#0"
            },
            "up":{
               "uv":[
                  1.0625,
                  8.875,
                  1.5625,
                  9.0625
               ],
               "rotation":90,
               "texture":"#0"
            },
            "down":{
               "uv":[
                  2.0625,
                  8.1875,
                  2.5625,
                  8.375
               ],
               "rotation":90,
               "texture":"#0"
            }
         }
      },
      {
         "from":[
            7.5,
            10.42183,
            13.25983
         ],
         "to":[
            8.5,
            11.92183,
            16.25983
         ],
         "rotation":{
            "angle":45,
            "axis":"x",
            "origin":[
               8,
               6.56583,
               15.494
            ]
         },
         "faces":{
            "north":{
               "uv":[
                  1.375,
                  7.75,
                  1.25,
                  7.5625
               ],
               "rotation":180,
               "texture":"#0"
            },
            "east":{
               "uv":[
                  2.25,
                  7.5625,
                  2.625,
                  7.75
               ],
               "rotation":180,
               "texture":"#0"
            },
            "south":{
               "uv":[
                  1.375,
                  7.75,
                  1.25,
                  7.5625
               ],
               "rotation":180,
               "texture":"#0"
            },
            "west":{
               "uv":[
                  2.625,
                  7.5625,
                  2.25,
                  7.75
               ],
               "rotation":180,
               "texture":"#0"
            },
            "up":{
               "uv":[
                  2.25,
                  7.75,
                  2.625,
                  7.875
               ],
               "rotation":90,
               "texture":"#0"
            },
            "down":{
               "uv":[
                  2.0625,
                  8.375,
                  2.4375,
                  8.5
               ],
               "rotation":90,
               "texture":"#0"
            }
         }
      },
      {
         "from":[
            8,
            17.5,
            7.2
         ],
         "to":[
            8,
            20,
            9.2
         ],
         "rotation":{
            "angle":0,
            "axis":"y",
            "origin":[
               8,
               33,
               8
            ]
         },
         "faces":{
            "north":{
               "uv":[
                  1.875,
                  3.875,
                  2.375,
                  4.3125
               ],
               "texture":"#0"
            },
            "east":{
               "uv":[
                  0.75,
                  4.4375,
                  0.5,
                  4.75
               ],
               "texture":"#0"
            },
            "south":{
               "uv":[
                  1.875,
                  3.875,
                  2.375,
                  4.3125
               ],
               "texture":"#0"
            },
            "west":{
               "uv":[
                  0.5,
                  4.4375,
                  0.75,
                  4.75
               ],
               "texture":"#0"
            },
            "up":{
               "uv":[
                  1.5,
                  4.3125,
                  2,
                  4.8125
               ],
               "texture":"#0"
            },
            "down":{
               "uv":[
                  1.5,
                  4.3125,
                  2,
                  4.8125
               ],
               "texture":"#0"
            }
         }
      },
      {
         "from":[
            6,
            14,
            6
         ],
         "to":[
            10,
            17.5,
            10
         ],
         "rotation":{
            "angle":0,
            "axis":"y",
            "origin":[
               8,
               33,
               8
            ]
         },
         "faces":{
            "north":{
               "uv":[
                  1.875,
                  3.875,
                  2.375,
                  4.3125
               ],
               "texture":"#0"
            },
            "east":{
               "uv":[
                  1.875,
                  3.875,
                  2.375,
                  4.3125
               ],
               "texture":"#0"
            },
            "south":{
               "uv":[
                  1.875,
                  3.875,
                  2.375,
                  4.3125
               ],
               "texture":"#0"
            },
            "west":{
               "uv":[
                  1.875,
                  3.875,
                  2.375,
                  4.3125
               ],
               "texture":"#0"
            },
            "up":{
               "uv":[
                  1.5,
                  4.3125,
                  2,
                  4.8125
               ],
               "texture":"#0"
            },
            "down":{
               "uv":[
                  1.5,
                  4.3125,
                  2,
                  4.8125
               ],
               "texture":"#0"
            }
         }
      }
   ],
   "gui_light":"front",
   "display":{
      "thirdperson_righthand":{
         "translation":[
            0,
            5.75,
            1.5
         ],
         "scale":[
            0.65,
            0.65,
            0.65
         ]
      },
      "thirdperson_lefthand":{
         "translation":[
            0,
            5.75,
            1.5
         ],
         "scale":[
            0.65,
            0.65,
            0.65
         ]
      },
      "firstperson_righthand":{
         "rotation":[
            -12,
            15,
            3
         ],
         "translation":[
            0.5,
            4.25,
            -0.75
         ],
         "scale":[
            0.51953,
            0.51953,
            0.51953
         ]
      },
      "firstperson_lefthand":{
         "rotation":[
            -12,
            15,
            3
         ],
         "translation":[
            0.5,
            4.25,
            -0.75
         ],
         "scale":[
            0.51953,
            0.51953,
            0.51953
         ]
      },
      "ground":{
         "rotation":[
            0,
            0,
            90
         ],
         "translation":[
            -3,
            0.25,
            0
         ],
         "scale":[
            0.5,
            0.5,
            0.5
         ]
      },
      "gui":{
         "rotation":[
            106,
            135,
            -90
         ],
         "translation":[
            -1,
            0.5,
            -1.25
         ],
         "scale":[
            0.4068,
            0.4068,
            0.4068
         ]
      },
      "head":{
         "rotation":[
            90,
            -168,
            90
         ],
         "translation":[
            -0.5,
            11.75,
            0
         ],
         "scale":[
            0.56,
            0.56,
            0.56
         ]
      },
      "fixed":{
         "rotation":[
            0,
            90,
            0
         ],
         "translation":[
            0,
            3.75,
            -2.25
         ],
         "scale":[
            0.87,
            0.87,
            0.87
         ]
      }
   }
}