{
	"credit": "Made with Blockbench",
	"texture_size": [60, 60],
	"textures": {
		"2": "earthserver:vehicle_crate/chest",
		"particle": "earthserver:vehicle_crate/chest"
	},
	"elements": [
		{
			"from": [0, 0, 0],
			"to": [2, 2, 2],
			"faces": {
				"north": {"uv": [3.73333, 12.8, 4.26667, 13.33333], "texture": "#2"},
				"east": {"uv": [13.6, 10.66667, 14.13333, 11.2], "texture": "#2"},
				"south": {"uv": [11.2, 13.6, 11.73333, 14.13333], "texture": "#2"},
				"west": {"uv": [13.6, 12.26667, 14.13333, 12.8], "texture": "#2"},
				"up": {"uv": [13.06667, 14.13333, 12.53333, 13.6], "texture": "#2"},
				"down": {"uv": [13.6, 13.6, 13.06667, 14.13333], "texture": "#2"}
			}
		},
		{
			"from": [2, 0, 0.5],
			"to": [14, 1, 2],
			"rotation": {"angle": 0, "axis": "y", "origin": [8, 3.75, 8]},
			"faces": {
				"north": {"uv": [6.4, 10.4, 9.6, 10.66667], "texture": "#2"},
				"south": {"uv": [11.73333, 6.13333, 14.93333, 6.4], "texture": "#2"},
				"up": {"uv": [13.86667, 8.93333, 10.66667, 8.53333], "texture": "#2"},
				"down": {"uv": [14.93333, 3.2, 11.73333, 3.6], "texture": "#2"}
			}
		},
		{
			"from": [2, 1, 0.5],
			"to": [4, 2, 2],
			"rotation": {"angle": 0, "axis": "y", "origin": [8, 3.75, 8]},
			"faces": {
				"north": {"uv": [9.6, 10.4, 10.13333, 10.66667], "texture": "#2"},
				"east": {"uv": [6.93333, 14.13333, 7.33333, 14.4], "texture": "#2"},
				"up": {"uv": [6.93333, 14.26667, 6.4, 13.86667], "texture": "#2"}
			}
		},
		{
			"from": [6.40901, -1.31586, 0.5035],
			"to": [7.90901, -0.31586, 1.9965],
			"rotation": {"angle": -45, "axis": "z", "origin": [8, 3.75, 8]},
			"faces": {
				"north": {"uv": [8.53333, 14.13333, 8.93333, 14.4], "texture": "#2"},
				"south": {"uv": [9.06667, 14.13333, 9.46667, 14.4], "texture": "#2"},
				"up": {"uv": [14.53333, 2.53333, 14.13333, 2.13333], "texture": "#2"}
			}
		},
		{
			"from": [1, 1, 1],
			"to": [15, 7, 15],
			"rotation": {"angle": 0, "axis": "y", "origin": [1, 1, 1]},
			"faces": {
				"north": {"uv": [8, 1.6, 11.73333, 3.2], "texture": "#2"},
				"east": {"uv": [8, 3.2, 11.73333, 4.8], "texture": "#2"},
				"south": {"uv": [8, 4.8, 11.73333, 6.4], "texture": "#2"},
				"west": {"uv": [0, 8.53333, 3.73333, 10.13333], "texture": "#2"},
				"up": {"uv": [8, 3.73333, 4.26667, 0], "texture": "#2"},
				"down": {"uv": [8, 3.73333, 4.26667, 7.46667], "texture": "#2"}
			}
		},
		{
			"from": [0, 5.5, 0],
			"to": [2, 7.5, 2],
			"rotation": {"angle": 0, "axis": "y", "origin": [0, 7.5, 0]},
			"faces": {
				"north": {"uv": [13.6, 13.6, 14.13333, 14.13333], "texture": "#2"},
				"east": {"uv": [0, 13.86667, 0.53333, 14.4], "texture": "#2"},
				"south": {"uv": [0.53333, 13.86667, 1.06667, 14.4], "texture": "#2"},
				"west": {"uv": [1.86667, 13.86667, 2.4, 14.4], "texture": "#2"},
				"up": {"uv": [4.26667, 14.4, 3.73333, 13.86667], "texture": "#2"},
				"down": {"uv": [4.8, 13.86667, 4.26667, 14.4], "texture": "#2"}
			}
		},
		{
			"from": [2, 6.5, 0.5],
			"to": [14, 7.5, 2],
			"rotation": {"angle": 0, "axis": "y", "origin": [8, 3.75, 8]},
			"faces": {
				"north": {"uv": [11.73333, 6.93333, 14.93333, 7.2], "texture": "#2"},
				"south": {"uv": [11.73333, 7.2, 14.93333, 7.46667], "texture": "#2"},
				"up": {"uv": [14.93333, 4.13333, 11.73333, 3.73333], "texture": "#2"},
				"down": {"uv": [14.93333, 4.26667, 11.73333, 4.66667], "texture": "#2"}
			}
		},
		{
			"from": [2, 5.5, 0.5],
			"to": [4, 6.5, 2],
			"rotation": {"angle": 0, "axis": "y", "origin": [8, 3.75, 8]},
			"faces": {
				"north": {"uv": [12.26667, 1.33333, 12.8, 1.6], "texture": "#2"},
				"east": {"uv": [10.4, 14.13333, 10.8, 14.4], "texture": "#2"},
				"down": {"uv": [14.4, 8.53333, 13.86667, 8.93333], "texture": "#2"}
			}
		},
		{
			"from": [6.40901, 7.81586, 0.5035],
			"to": [7.90901, 8.81586, 1.9965],
			"rotation": {"angle": 45, "axis": "z", "origin": [8, 3.75, 8]},
			"faces": {
				"north": {"uv": [10.93333, 14.13333, 11.33333, 14.4], "texture": "#2"},
				"south": {"uv": [12.26667, 14.13333, 12.66667, 14.4], "texture": "#2"},
				"down": {"uv": [14.53333, 2.66667, 14.13333, 3.06667], "texture": "#2"}
			}
		},
		{
			"from": [0.5, 2, 0.5],
			"to": [2, 5.5, 2],
			"rotation": {"angle": 0, "axis": "y", "origin": [0, 5.5, 0]},
			"faces": {
				"north": {"uv": [6.4, 12.8, 6.8, 13.73333], "texture": "#2"},
				"east": {"uv": [8.8, 13.06667, 9.2, 14], "texture": "#2"},
				"south": {"uv": [10.66667, 13.06667, 11.06667, 14], "texture": "#2"},
				"west": {"uv": [1.33333, 13.33333, 1.73333, 14.26667], "texture": "#2"}
			}
		},
		{
			"from": [12, 1, 0.5],
			"to": [14, 2, 2],
			"rotation": {"angle": 0, "axis": "y", "origin": [8, 3.75, 8]},
			"faces": {
				"north": {"uv": [10.13333, 10.4, 9.6, 10.66667], "texture": "#2"},
				"west": {"uv": [7.33333, 14.13333, 6.93333, 14.4], "texture": "#2"},
				"up": {"uv": [6.4, 14.26667, 6.93333, 13.86667], "texture": "#2"}
			}
		},
		{
			"from": [8.09099, -1.31586, 0.5035],
			"to": [9.59099, -0.31586, 1.9965],
			"rotation": {"angle": 45, "axis": "z", "origin": [8, 3.75, 8]},
			"faces": {
				"north": {"uv": [8.93333, 14.13333, 8.53333, 14.4], "texture": "#2"},
				"south": {"uv": [9.46667, 14.13333, 9.06667, 14.4], "texture": "#2"},
				"up": {"uv": [14.13333, 2.53333, 14.53333, 2.13333], "texture": "#2"}
			}
		},
		{
			"from": [14, 0, 0],
			"to": [16, 2, 2],
			"rotation": {"angle": 0, "axis": "y", "origin": [16, 0, 0]},
			"faces": {
				"north": {"uv": [4.26667, 12.8, 3.73333, 13.33333], "texture": "#2"},
				"east": {"uv": [14.13333, 12.26667, 13.6, 12.8], "texture": "#2"},
				"south": {"uv": [11.73333, 13.6, 11.2, 14.13333], "texture": "#2"},
				"west": {"uv": [14.13333, 10.66667, 13.6, 11.2], "texture": "#2"},
				"up": {"uv": [12.53333, 14.13333, 13.06667, 13.6], "texture": "#2"},
				"down": {"uv": [13.06667, 13.6, 13.6, 14.13333], "texture": "#2"}
			}
		},
		{
			"from": [14, 2, 0.5],
			"to": [15.5, 5.5, 2],
			"rotation": {"angle": 0, "axis": "y", "origin": [16, 5.5, 0]},
			"faces": {
				"north": {"uv": [6.8, 12.8, 6.4, 13.73333], "texture": "#2"},
				"east": {"uv": [1.73333, 13.33333, 1.33333, 14.26667], "texture": "#2"},
				"south": {"uv": [11.06667, 13.06667, 10.66667, 14], "texture": "#2"},
				"west": {"uv": [9.2, 13.06667, 8.8, 14], "texture": "#2"}
			}
		},
		{
			"from": [14, 5.5, 0],
			"to": [16, 7.5, 2],
			"rotation": {"angle": 0, "axis": "y", "origin": [16, 7.5, 0]},
			"faces": {
				"north": {"uv": [14.13333, 13.6, 13.6, 14.13333], "texture": "#2"},
				"east": {"uv": [2.4, 13.86667, 1.86667, 14.4], "texture": "#2"},
				"south": {"uv": [1.06667, 13.86667, 0.53333, 14.4], "texture": "#2"},
				"west": {"uv": [0.53333, 13.86667, 0, 14.4], "texture": "#2"},
				"up": {"uv": [3.73333, 14.4, 4.26667, 13.86667], "texture": "#2"},
				"down": {"uv": [4.26667, 13.86667, 4.8, 14.4], "texture": "#2"}
			}
		},
		{
			"from": [12, 5.5, 0.5],
			"to": [14, 6.5, 2],
			"rotation": {"angle": 0, "axis": "y", "origin": [8, 3.75, 8]},
			"faces": {
				"north": {"uv": [12.8, 1.33333, 12.26667, 1.6], "texture": "#2"},
				"west": {"uv": [10.8, 14.13333, 10.4, 14.4], "texture": "#2"},
				"down": {"uv": [13.86667, 8.53333, 14.4, 8.93333], "texture": "#2"}
			}
		},
		{
			"from": [8.09099, 7.81586, 0.5035],
			"to": [9.59099, 8.81586, 1.9965],
			"rotation": {"angle": -45, "axis": "z", "origin": [8, 3.75, 8]},
			"faces": {
				"north": {"uv": [11.33333, 14.13333, 10.93333, 14.4], "texture": "#2"},
				"south": {"uv": [12.66667, 14.13333, 12.26667, 14.4], "texture": "#2"},
				"down": {"uv": [14.13333, 2.66667, 14.53333, 3.06667], "texture": "#2"}
			}
		},
		{
			"from": [2, 6.5, 14],
			"to": [14, 7.5, 15.5],
			"rotation": {"angle": 0, "axis": "y", "origin": [8, 3.75, 8]},
			"faces": {
				"north": {"uv": [14.93333, 7.2, 11.73333, 7.46667], "texture": "#2"},
				"south": {"uv": [14.93333, 6.93333, 11.73333, 7.2], "texture": "#2"},
				"up": {"uv": [14.93333, 3.73333, 11.73333, 4.13333], "texture": "#2"},
				"down": {"uv": [14.93333, 4.66667, 11.73333, 4.26667], "texture": "#2"}
			}
		},
		{
			"from": [12, 5.5, 14],
			"to": [14, 6.5, 15.5],
			"rotation": {"angle": 0, "axis": "y", "origin": [8, 3.75, 8]},
			"faces": {
				"south": {"uv": [12.26667, 1.33333, 12.8, 1.6], "texture": "#2"},
				"west": {"uv": [10.4, 14.13333, 10.8, 14.4], "texture": "#2"},
				"down": {"uv": [13.86667, 8.93333, 14.4, 8.53333], "texture": "#2"}
			}
		},
		{
			"from": [8.09099, 7.81586, 14.0035],
			"to": [9.59099, 8.81586, 15.4965],
			"rotation": {"angle": -45, "axis": "z", "origin": [8, 3.75, 8]},
			"faces": {
				"north": {"uv": [12.26667, 14.13333, 12.66667, 14.4], "texture": "#2"},
				"south": {"uv": [10.93333, 14.13333, 11.33333, 14.4], "texture": "#2"},
				"down": {"uv": [14.13333, 3.06667, 14.53333, 2.66667], "texture": "#2"}
			}
		},
		{
			"from": [2, 5.5, 14],
			"to": [4, 6.5, 15.5],
			"rotation": {"angle": 0, "axis": "y", "origin": [8, 3.75, 8]},
			"faces": {
				"east": {"uv": [10.8, 14.13333, 10.4, 14.4], "texture": "#2"},
				"south": {"uv": [12.8, 1.33333, 12.26667, 1.6], "texture": "#2"},
				"down": {"uv": [14.4, 8.93333, 13.86667, 8.53333], "texture": "#2"}
			}
		},
		{
			"from": [6.40901, 7.81586, 14.0035],
			"to": [7.90901, 8.81586, 15.4965],
			"rotation": {"angle": 45, "axis": "z", "origin": [8, 3.75, 8]},
			"faces": {
				"north": {"uv": [12.66667, 14.13333, 12.26667, 14.4], "texture": "#2"},
				"south": {"uv": [11.33333, 14.13333, 10.93333, 14.4], "texture": "#2"},
				"down": {"uv": [14.53333, 3.06667, 14.13333, 2.66667], "texture": "#2"}
			}
		},
		{
			"from": [2, 1, 14],
			"to": [4, 2, 15.5],
			"rotation": {"angle": 0, "axis": "y", "origin": [8, 3.75, 8]},
			"faces": {
				"east": {"uv": [7.33333, 14.13333, 6.93333, 14.4], "texture": "#2"},
				"south": {"uv": [10.13333, 10.4, 9.6, 10.66667], "texture": "#2"},
				"up": {"uv": [6.93333, 13.86667, 6.4, 14.26667], "texture": "#2"}
			}
		},
		{
			"from": [2, 0, 14],
			"to": [14, 1, 15.5],
			"rotation": {"angle": 0, "axis": "y", "origin": [8, 3.75, 8]},
			"faces": {
				"north": {"uv": [14.93333, 6.13333, 11.73333, 6.4], "texture": "#2"},
				"south": {"uv": [9.6, 10.4, 6.4, 10.66667], "texture": "#2"},
				"up": {"uv": [13.86667, 8.53333, 10.66667, 8.93333], "texture": "#2"},
				"down": {"uv": [14.93333, 3.6, 11.73333, 3.2], "texture": "#2"}
			}
		},
		{
			"from": [6.40901, -1.31586, 14.0035],
			"to": [7.90901, -0.31586, 15.4965],
			"rotation": {"angle": -45, "axis": "z", "origin": [8, 3.75, 8]},
			"faces": {
				"north": {"uv": [9.46667, 14.13333, 9.06667, 14.4], "texture": "#2"},
				"south": {"uv": [8.93333, 14.13333, 8.53333, 14.4], "texture": "#2"},
				"up": {"uv": [14.53333, 2.13333, 14.13333, 2.53333], "texture": "#2"}
			}
		},
		{
			"from": [8.09099, -1.31586, 14.0035],
			"to": [9.59099, -0.31586, 15.4965],
			"rotation": {"angle": 45, "axis": "z", "origin": [8, 3.75, 8]},
			"faces": {
				"north": {"uv": [9.06667, 14.13333, 9.46667, 14.4], "texture": "#2"},
				"south": {"uv": [8.53333, 14.13333, 8.93333, 14.4], "texture": "#2"},
				"up": {"uv": [14.13333, 2.13333, 14.53333, 2.53333], "texture": "#2"}
			}
		},
		{
			"from": [12, 1, 14],
			"to": [14, 2, 15.5],
			"rotation": {"angle": 0, "axis": "y", "origin": [8, 3.75, 8]},
			"faces": {
				"south": {"uv": [9.6, 10.4, 10.13333, 10.66667], "texture": "#2"},
				"west": {"uv": [6.93333, 14.13333, 7.33333, 14.4], "texture": "#2"},
				"up": {"uv": [6.4, 13.86667, 6.93333, 14.26667], "texture": "#2"}
			}
		},
		{
			"from": [14, 1, 12],
			"to": [15.5, 2, 14],
			"rotation": {"angle": 0, "axis": "y", "origin": [8, 3.75, 8]},
			"faces": {
				"north": {"uv": [7.33333, 14.13333, 6.93333, 14.4], "texture": "#2"},
				"east": {"uv": [10.13333, 10.4, 9.6, 10.66667], "texture": "#2"},
				"up": {"uv": [6.4, 14.26667, 6.93333, 13.86667], "rotation": 90, "texture": "#2"}
			}
		},
		{
			"from": [14.0035, -1.31586, 8.09099],
			"to": [15.4965, -0.31586, 9.59099],
			"rotation": {"angle": -45, "axis": "x", "origin": [8, 3.75, 8]},
			"faces": {
				"east": {"uv": [8.93333, 14.13333, 8.53333, 14.4], "texture": "#2"},
				"west": {"uv": [9.46667, 14.13333, 9.06667, 14.4], "texture": "#2"},
				"up": {"uv": [14.13333, 2.53333, 14.53333, 2.13333], "rotation": 90, "texture": "#2"}
			}
		},
		{
			"from": [14, 0, 2],
			"to": [15.5, 1, 14],
			"rotation": {"angle": 0, "axis": "y", "origin": [8, 3.75, 8]},
			"faces": {
				"east": {"uv": [6.4, 10.4, 9.6, 10.66667], "texture": "#2"},
				"west": {"uv": [11.73333, 6.13333, 14.93333, 6.4], "texture": "#2"},
				"up": {"uv": [13.86667, 8.93333, 10.66667, 8.53333], "rotation": 90, "texture": "#2"},
				"down": {"uv": [14.93333, 3.2, 11.73333, 3.6], "rotation": 270, "texture": "#2"}
			}
		},
		{
			"from": [14.0035, -1.31586, 6.40901],
			"to": [15.4965, -0.31586, 7.90901],
			"rotation": {"angle": 45, "axis": "x", "origin": [8, 3.75, 8]},
			"faces": {
				"east": {"uv": [8.53333, 14.13333, 8.93333, 14.4], "texture": "#2"},
				"west": {"uv": [9.06667, 14.13333, 9.46667, 14.4], "texture": "#2"},
				"up": {"uv": [14.53333, 2.53333, 14.13333, 2.13333], "rotation": 90, "texture": "#2"}
			}
		},
		{
			"from": [14, 1, 2],
			"to": [15.5, 2, 4],
			"rotation": {"angle": 0, "axis": "y", "origin": [8, 3.75, 8]},
			"faces": {
				"east": {"uv": [9.6, 10.4, 10.13333, 10.66667], "texture": "#2"},
				"south": {"uv": [6.93333, 14.13333, 7.33333, 14.4], "texture": "#2"},
				"up": {"uv": [6.93333, 14.26667, 6.4, 13.86667], "rotation": 90, "texture": "#2"}
			}
		},
		{
			"from": [14, 5.5, 2],
			"to": [15.5, 6.5, 4],
			"rotation": {"angle": 0, "axis": "y", "origin": [8, 3.75, 8]},
			"faces": {
				"east": {"uv": [12.26667, 1.33333, 12.8, 1.6], "texture": "#2"},
				"south": {"uv": [10.4, 14.13333, 10.8, 14.4], "texture": "#2"},
				"down": {"uv": [14.4, 8.53333, 13.86667, 8.93333], "rotation": 270, "texture": "#2"}
			}
		},
		{
			"from": [14, 6.5, 2],
			"to": [15.5, 7.5, 14],
			"rotation": {"angle": 0, "axis": "y", "origin": [8, 3.75, 8]},
			"faces": {
				"east": {"uv": [11.73333, 6.93333, 14.93333, 7.2], "texture": "#2"},
				"west": {"uv": [11.73333, 7.2, 14.93333, 7.46667], "texture": "#2"},
				"up": {"uv": [14.93333, 4.13333, 11.73333, 3.73333], "rotation": 90, "texture": "#2"},
				"down": {"uv": [14.93333, 4.26667, 11.73333, 4.66667], "rotation": 270, "texture": "#2"}
			}
		},
		{
			"from": [14.0035, 7.81586, 6.40901],
			"to": [15.4965, 8.81586, 7.90901],
			"rotation": {"angle": -45, "axis": "x", "origin": [8, 3.75, 8]},
			"faces": {
				"east": {"uv": [10.93333, 14.13333, 11.33333, 14.4], "texture": "#2"},
				"west": {"uv": [12.26667, 14.13333, 12.66667, 14.4], "texture": "#2"},
				"down": {"uv": [14.53333, 2.66667, 14.13333, 3.06667], "rotation": 270, "texture": "#2"}
			}
		},
		{
			"from": [14.0035, 7.81586, 8.09099],
			"to": [15.4965, 8.81586, 9.59099],
			"rotation": {"angle": 45, "axis": "x", "origin": [8, 3.75, 8]},
			"faces": {
				"east": {"uv": [11.33333, 14.13333, 10.93333, 14.4], "texture": "#2"},
				"west": {"uv": [12.66667, 14.13333, 12.26667, 14.4], "texture": "#2"},
				"down": {"uv": [14.13333, 2.66667, 14.53333, 3.06667], "rotation": 270, "texture": "#2"}
			}
		},
		{
			"from": [14, 5.5, 12],
			"to": [15.5, 6.5, 14],
			"rotation": {"angle": 0, "axis": "y", "origin": [8, 3.75, 8]},
			"faces": {
				"north": {"uv": [10.8, 14.13333, 10.4, 14.4], "texture": "#2"},
				"east": {"uv": [12.8, 1.33333, 12.26667, 1.6], "texture": "#2"},
				"down": {"uv": [13.86667, 8.53333, 14.4, 8.93333], "rotation": 270, "texture": "#2"}
			}
		},
		{
			"from": [0.5, 6.5, 2],
			"to": [2, 7.5, 14],
			"rotation": {"angle": 0, "axis": "y", "origin": [8, 3.75, 8]},
			"faces": {
				"east": {"uv": [14.93333, 7.2, 11.73333, 7.46667], "texture": "#2"},
				"west": {"uv": [14.93333, 6.93333, 11.73333, 7.2], "texture": "#2"},
				"up": {"uv": [14.93333, 3.73333, 11.73333, 4.13333], "rotation": 90, "texture": "#2"},
				"down": {"uv": [14.93333, 4.66667, 11.73333, 4.26667], "rotation": 270, "texture": "#2"}
			}
		},
		{
			"from": [0.5, 5.5, 2],
			"to": [2, 6.5, 4],
			"rotation": {"angle": 0, "axis": "y", "origin": [8, 3.75, 8]},
			"faces": {
				"south": {"uv": [10.8, 14.13333, 10.4, 14.4], "texture": "#2"},
				"west": {"uv": [12.8, 1.33333, 12.26667, 1.6], "texture": "#2"},
				"down": {"uv": [14.4, 8.93333, 13.86667, 8.53333], "rotation": 270, "texture": "#2"}
			}
		},
		{
			"from": [0.5035, 7.81586, 6.40901],
			"to": [1.9965, 8.81586, 7.90901],
			"rotation": {"angle": -45, "axis": "x", "origin": [8, 3.75, 8]},
			"faces": {
				"east": {"uv": [12.66667, 14.13333, 12.26667, 14.4], "texture": "#2"},
				"west": {"uv": [11.33333, 14.13333, 10.93333, 14.4], "texture": "#2"},
				"down": {"uv": [14.53333, 3.06667, 14.13333, 2.66667], "rotation": 270, "texture": "#2"}
			}
		},
		{
			"from": [0.5, 5.5, 12],
			"to": [2, 6.5, 14],
			"rotation": {"angle": 0, "axis": "y", "origin": [8, 3.75, 8]},
			"faces": {
				"north": {"uv": [10.4, 14.13333, 10.8, 14.4], "texture": "#2"},
				"west": {"uv": [12.26667, 1.33333, 12.8, 1.6], "texture": "#2"},
				"down": {"uv": [13.86667, 8.93333, 14.4, 8.53333], "rotation": 270, "texture": "#2"}
			}
		},
		{
			"from": [0.5035, 7.81586, 8.09099],
			"to": [1.9965, 8.81586, 9.59099],
			"rotation": {"angle": 45, "axis": "x", "origin": [8, 3.75, 8]},
			"faces": {
				"east": {"uv": [12.26667, 14.13333, 12.66667, 14.4], "texture": "#2"},
				"west": {"uv": [10.93333, 14.13333, 11.33333, 14.4], "texture": "#2"},
				"down": {"uv": [14.13333, 3.06667, 14.53333, 2.66667], "rotation": 270, "texture": "#2"}
			}
		},
		{
			"from": [0.5, 1, 12],
			"to": [2, 2, 14],
			"rotation": {"angle": 0, "axis": "y", "origin": [8, 3.75, 8]},
			"faces": {
				"north": {"uv": [6.93333, 14.13333, 7.33333, 14.4], "texture": "#2"},
				"west": {"uv": [9.6, 10.4, 10.13333, 10.66667], "texture": "#2"},
				"up": {"uv": [6.4, 13.86667, 6.93333, 14.26667], "rotation": 90, "texture": "#2"}
			}
		},
		{
			"from": [0.5035, -1.31586, 8.09099],
			"to": [1.9965, -0.31586, 9.59099],
			"rotation": {"angle": -45, "axis": "x", "origin": [8, 3.75, 8]},
			"faces": {
				"east": {"uv": [9.06667, 14.13333, 9.46667, 14.4], "texture": "#2"},
				"west": {"uv": [8.53333, 14.13333, 8.93333, 14.4], "texture": "#2"},
				"up": {"uv": [14.13333, 2.13333, 14.53333, 2.53333], "rotation": 90, "texture": "#2"}
			}
		},
		{
			"from": [0.5, 0, 2],
			"to": [2, 1, 14],
			"rotation": {"angle": 0, "axis": "y", "origin": [8, 3.75, 8]},
			"faces": {
				"east": {"uv": [14.93333, 6.13333, 11.73333, 6.4], "texture": "#2"},
				"west": {"uv": [9.6, 10.4, 6.4, 10.66667], "texture": "#2"},
				"up": {"uv": [13.86667, 8.53333, 10.66667, 8.93333], "rotation": 90, "texture": "#2"},
				"down": {"uv": [14.93333, 3.6, 11.73333, 3.2], "rotation": 270, "texture": "#2"}
			}
		},
		{
			"from": [0.5035, -1.31586, 6.40901],
			"to": [1.9965, -0.31586, 7.90901],
			"rotation": {"angle": 45, "axis": "x", "origin": [8, 3.75, 8]},
			"faces": {
				"east": {"uv": [9.46667, 14.13333, 9.06667, 14.4], "texture": "#2"},
				"west": {"uv": [8.93333, 14.13333, 8.53333, 14.4], "texture": "#2"},
				"up": {"uv": [14.53333, 2.13333, 14.13333, 2.53333], "rotation": 90, "texture": "#2"}
			}
		},
		{
			"from": [0.5, 1, 2],
			"to": [2, 2, 4],
			"rotation": {"angle": 0, "axis": "y", "origin": [8, 3.75, 8]},
			"faces": {
				"south": {"uv": [7.33333, 14.13333, 6.93333, 14.4], "texture": "#2"},
				"west": {"uv": [10.13333, 10.4, 9.6, 10.66667], "texture": "#2"},
				"up": {"uv": [6.93333, 13.86667, 6.4, 14.26667], "rotation": 90, "texture": "#2"}
			}
		},
		{
			"from": [0, 5.5, 14],
			"to": [2, 7.5, 16],
			"rotation": {"angle": 0, "axis": "y", "origin": [0, 7.5, 16]},
			"faces": {
				"north": {"uv": [1.06667, 13.86667, 0.53333, 14.4], "texture": "#2"},
				"east": {"uv": [0.53333, 13.86667, 0, 14.4], "texture": "#2"},
				"south": {"uv": [14.13333, 13.6, 13.6, 14.13333], "texture": "#2"},
				"west": {"uv": [2.4, 13.86667, 1.86667, 14.4], "texture": "#2"},
				"up": {"uv": [4.26667, 13.86667, 3.73333, 14.4], "texture": "#2"},
				"down": {"uv": [4.8, 14.4, 4.26667, 13.86667], "texture": "#2"}
			}
		},
		{
			"from": [0.5, 2, 14],
			"to": [2, 5.5, 15.5],
			"rotation": {"angle": 0, "axis": "y", "origin": [0, 5.5, 16]},
			"faces": {
				"north": {"uv": [11.06667, 13.06667, 10.66667, 14], "texture": "#2"},
				"east": {"uv": [9.2, 13.06667, 8.8, 14], "texture": "#2"},
				"south": {"uv": [6.8, 12.8, 6.4, 13.73333], "texture": "#2"},
				"west": {"uv": [1.73333, 13.33333, 1.33333, 14.26667], "texture": "#2"}
			}
		},
		{
			"from": [0, 0, 14],
			"to": [2, 2, 16],
			"rotation": {"angle": 0, "axis": "y", "origin": [0, 0, 16]},
			"faces": {
				"north": {"uv": [11.73333, 13.6, 11.2, 14.13333], "texture": "#2"},
				"east": {"uv": [14.13333, 10.66667, 13.6, 11.2], "texture": "#2"},
				"south": {"uv": [4.26667, 12.8, 3.73333, 13.33333], "texture": "#2"},
				"west": {"uv": [14.13333, 12.26667, 13.6, 12.8], "texture": "#2"},
				"up": {"uv": [13.06667, 13.6, 12.53333, 14.13333], "texture": "#2"},
				"down": {"uv": [13.6, 14.13333, 13.06667, 13.6], "texture": "#2"}
			}
		},
		{
			"from": [14, 0, 14],
			"to": [16, 2, 16],
			"rotation": {"angle": 0, "axis": "y", "origin": [16, 0, 16]},
			"faces": {
				"north": {"uv": [11.2, 13.6, 11.73333, 14.13333], "texture": "#2"},
				"east": {"uv": [13.6, 12.26667, 14.13333, 12.8], "texture": "#2"},
				"south": {"uv": [3.73333, 12.8, 4.26667, 13.33333], "texture": "#2"},
				"west": {"uv": [13.6, 10.66667, 14.13333, 11.2], "texture": "#2"},
				"up": {"uv": [12.53333, 13.6, 13.06667, 14.13333], "texture": "#2"},
				"down": {"uv": [13.06667, 14.13333, 13.6, 13.6], "texture": "#2"}
			}
		},
		{
			"from": [14, 2, 14],
			"to": [15.5, 5.5, 15.5],
			"rotation": {"angle": 0, "axis": "y", "origin": [16, 5.5, 16]},
			"faces": {
				"north": {"uv": [10.66667, 13.06667, 11.06667, 14], "texture": "#2"},
				"east": {"uv": [1.33333, 13.33333, 1.73333, 14.26667], "texture": "#2"},
				"south": {"uv": [6.4, 12.8, 6.8, 13.73333], "texture": "#2"},
				"west": {"uv": [8.8, 13.06667, 9.2, 14], "texture": "#2"}
			}
		},
		{
			"from": [14, 5.5, 14],
			"to": [16, 7.5, 16],
			"rotation": {"angle": 0, "axis": "y", "origin": [16, 7.5, 16]},
			"faces": {
				"north": {"uv": [0.53333, 13.86667, 1.06667, 14.4], "texture": "#2"},
				"east": {"uv": [1.86667, 13.86667, 2.4, 14.4], "texture": "#2"},
				"south": {"uv": [13.6, 13.6, 14.13333, 14.13333], "texture": "#2"},
				"west": {"uv": [0, 13.86667, 0.53333, 14.4], "texture": "#2"},
				"up": {"uv": [3.73333, 13.86667, 4.26667, 14.4], "texture": "#2"},
				"down": {"uv": [4.26667, 14.4, 4.8, 13.86667], "texture": "#2"}
			}
		},
		{
			"from": [7, 15, 6],
			"to": [9, 17, 11],
			"rotation": {"angle": 0, "axis": "y", "origin": [7, 15, 5]},
			"faces": {
				"east": {"uv": [8, 12, 9.33333, 12.53333], "texture": "#2"},
				"west": {"uv": [12, 11.73333, 13.33333, 12.26667], "texture": "#2"},
				"up": {"uv": [9.86667, 13.33333, 9.33333, 12], "texture": "#2"},
				"down": {"uv": [12.8, 0, 12.26667, 1.33333], "texture": "#2"}
			}
		},
		{
			"from": [6.75, 15, 1],
			"to": [9.25, 17.25, 6],
			"rotation": {"angle": 0, "axis": "y", "origin": [7, 15, -1]},
			"faces": {
				"north": {"uv": [9.86667, 13.06667, 10.53333, 13.66667], "texture": "#2"},
				"east": {"uv": [10.66667, 11.73333, 12, 12.33333], "texture": "#2"},
				"south": {"uv": [11.73333, 13.06667, 12.4, 13.66667], "texture": "#2"},
				"west": {"uv": [5.6, 12, 6.93333, 12.6], "texture": "#2"},
				"up": {"uv": [10.53333, 12.53333, 9.86667, 11.2], "texture": "#2"},
				"down": {"uv": [12.4, 4.8, 11.73333, 6.13333], "texture": "#2"}
			}
		},
		{
			"from": [7, 15, 0],
			"to": [9, 17, 1],
			"rotation": {"angle": 0, "axis": "y", "origin": [7, 15, -4]},
			"faces": {
				"north": {"uv": [13.86667, 4.8, 14.4, 5.33333], "texture": "#2"},
				"east": {"uv": [3.46667, 10.13333, 3.73333, 10.66667], "texture": "#2"},
				"west": {"uv": [3.46667, 10.66667, 3.73333, 11.2], "texture": "#2"},
				"up": {"uv": [13.33333, 11.73333, 12.8, 11.46667], "texture": "#2"},
				"down": {"uv": [14.4, 5.86667, 13.86667, 6.13333], "texture": "#2"}
			}
		},
		{
			"from": [6.75, 14.75, 11],
			"to": [9.25, 17.25, 14],
			"rotation": {"angle": 0, "axis": "y", "origin": [7, 14.5, 8]},
			"faces": {
				"north": {"uv": [8, 13.06667, 8.66667, 13.73333], "texture": "#2"},
				"east": {"uv": [12.8, 0.53333, 13.6, 1.2], "texture": "#2"},
				"west": {"uv": [5.6, 12.8, 6.4, 13.46667], "texture": "#2"},
				"up": {"uv": [13.46667, 11.46667, 12.8, 10.66667], "texture": "#2"},
				"down": {"uv": [13.46667, 12.26667, 12.8, 13.06667], "texture": "#2"}
			}
		},
		{
			"from": [7.25, 15.25, -2],
			"to": [8.75, 16.75, 0],
			"rotation": {"angle": 0, "axis": "y", "origin": [7, 15, -6]},
			"faces": {
				"north": {"uv": [5.33333, 14.13333, 5.73333, 14.53333], "texture": "#2"},
				"east": {"uv": [13.86667, 9.6, 14.4, 10], "texture": "#2"},
				"west": {"uv": [9.86667, 13.86667, 10.4, 14.26667], "texture": "#2"},
				"up": {"uv": [14.26667, 11.73333, 13.86667, 11.2], "texture": "#2"},
				"down": {"uv": [12.13333, 13.86667, 11.73333, 14.4], "texture": "#2"}
			}
		},
		{
			"from": [7, 17.25, 1.75],
			"to": [9, 18.5, 4.25],
			"rotation": {"angle": 0, "axis": "y", "origin": [7, 17.25, -1]},
			"faces": {
				"north": {"uv": [14.13333, 0, 14.66667, 0.33333], "texture": "#2"},
				"east": {"uv": [13.86667, 5.33333, 14.53333, 5.66667], "texture": "#2"},
				"south": {"uv": [14.13333, 1.6, 14.66667, 1.93333], "texture": "#2"},
				"west": {"uv": [7.73333, 13.86667, 8.4, 14.2], "texture": "#2"},
				"up": {"uv": [13.86667, 5.46667, 13.33333, 4.8], "texture": "#2"}
			}
		},
		{
			"from": [0.07612, 15.875, 4.63268],
			"to": [6.82612, 16.125, 7.63268],
			"rotation": {"angle": 22.5, "axis": "y", "origin": [5.82612, 15.875, 4.63268]},
			"faces": {
				"north": {"uv": [14.13333, 10.66667, 15.93333, 10.73333], "texture": "#2"},
				"south": {"uv": [14.13333, 10.93333, 15.93333, 11], "texture": "#2"},
				"west": {"uv": [0, 14.4, 0.8, 14.46667], "texture": "#2"},
				"up": {"uv": [13.53333, 2.4, 11.73333, 1.6], "texture": "#2"},
				"down": {"uv": [13.53333, 2.4, 11.73333, 3.2], "texture": "#2"}
			}
		},
		{
			"from": [0.51381, 15.8775, 6.83311],
			"to": [7.76381, 16.1225, 9.83311],
			"rotation": {"angle": 0, "axis": "y", "origin": [3.88881, 16.0025, 8.33311]},
			"faces": {
				"south": {"uv": [13.86667, 13.33333, 15.8, 13.4], "texture": "#2"},
				"west": {"uv": [14.4, 0.53333, 15.2, 0.6], "texture": "#2"},
				"up": {"uv": [7.53333, 12, 5.6, 11.2], "texture": "#2"},
				"down": {"uv": [9.66667, 11.2, 7.73333, 12], "texture": "#2"}
			}
		},
		{
			"from": [6.5, 14.5, 14],
			"to": [9.5, 17.5, 15.5],
			"rotation": {"angle": 0, "axis": "y", "origin": [7, 14.5, 11]},
			"faces": {
				"north": {"uv": [4.26667, 12.53333, 5.06667, 13.33333], "texture": "#2"},
				"east": {"uv": [13.6, 1.6, 14, 2.4], "texture": "#2"},
				"south": {"uv": [12.53333, 4.8, 13.33333, 5.6], "texture": "#2"},
				"west": {"uv": [13.6, 2.4, 14, 3.2], "texture": "#2"},
				"up": {"uv": [5.86667, 14, 5.06667, 13.6], "texture": "#2"},
				"down": {"uv": [7.73333, 13.6, 6.93333, 14], "texture": "#2"}
			}
		},
		{
			"from": [2.32612, 15.875, 11.63268],
			"to": [6.57612, 16.125, 13.63268],
			"rotation": {"angle": 22.5, "axis": "y", "origin": [8.07612, 15.875, 11.63268]},
			"faces": {
				"north": {"uv": [13.33333, 14.13333, 14.46667, 14.2], "texture": "#2"},
				"east": {"uv": [14.4, 0.8, 14.93333, 0.86667], "texture": "#2"},
				"south": {"uv": [14.13333, 13.6, 15.26667, 13.66667], "texture": "#2"},
				"west": {"uv": [14.4, 1.06667, 14.93333, 1.13333], "texture": "#2"},
				"up": {"uv": [13.66667, 6.13333, 12.53333, 5.6], "texture": "#2"},
				"down": {"uv": [9.13333, 12.53333, 8, 13.06667], "texture": "#2"}
			}
		},
		{
			"from": [2.76381, 15.8775, 13.83311],
			"to": [7.01381, 16.1225, 15.83311],
			"rotation": {"angle": 0, "axis": "y", "origin": [6.13881, 16.0025, 15.33311]},
			"faces": {
				"east": {"uv": [1.33333, 14.4, 1.86667, 14.46667], "texture": "#2"},
				"south": {"uv": [14.13333, 13.86667, 15.26667, 13.93333], "texture": "#2"},
				"west": {"uv": [14.4, 1.33333, 14.93333, 1.4], "texture": "#2"},
				"up": {"uv": [11, 13.06667, 9.86667, 12.53333], "texture": "#2"},
				"down": {"uv": [13.93333, 0, 12.8, 0.53333], "texture": "#2"}
			}
		},
		{
			"from": [7.0035, 16.54917, 0.30806],
			"to": [8.9965, 17.79917, 2.55806],
			"rotation": {"angle": -45, "axis": "x", "origin": [8.0035, 17.17417, 1.30806]},
			"faces": {
				"east": {"uv": [13.86667, 11.73333, 14.46667, 12.06667], "texture": "#2"},
				"west": {"uv": [13.86667, 12.8, 14.46667, 13.13333], "texture": "#2"},
				"up": {"uv": [6.4, 14.2, 5.86667, 13.6], "texture": "#2"}
			}
		},
		{
			"from": [7.0035, 16.86706, 3.67519],
			"to": [8.9965, 18.11706, 7.92519],
			"rotation": {"angle": 22.5, "axis": "x", "origin": [8, 17.49206, 5.05019]},
			"faces": {
				"east": {"uv": [12.53333, 13.06667, 13.66667, 13.4], "texture": "#2"},
				"west": {"uv": [3.73333, 13.33333, 4.86667, 13.66667], "texture": "#2"},
				"up": {"uv": [2.66667, 13.66667, 2.13333, 12.53333], "texture": "#2"}
			}
		},
		{
			"from": [6.25, 17, 13],
			"to": [6.5, 21, 15],
			"rotation": {"angle": 22.5, "axis": "z", "origin": [6.375, 19, 14]},
			"faces": {
				"north": {"uv": [1.06667, 13.86667, 1.13333, 14.93333], "texture": "#2"},
				"east": {"uv": [5.06667, 12.53333, 5.6, 13.6], "texture": "#2"},
				"south": {"uv": [2.4, 13.86667, 2.46667, 14.93333], "texture": "#2"},
				"west": {"uv": [11.2, 12.53333, 11.73333, 13.6], "texture": "#2"},
				"up": {"uv": [11.53333, 14.66667, 11.46667, 14.13333], "texture": "#2"}
			}
		},
		{
			"from": [7.75, 13.5, 2],
			"to": [8.25, 14.5, 3],
			"rotation": {"angle": 0, "axis": "y", "origin": [7.25, 13.5, 2]},
			"faces": {
				"north": {"uv": [10.4, 13.86667, 10.53333, 14.13333], "texture": "#2"},
				"east": {"uv": [13.33333, 1.33333, 13.6, 1.6], "texture": "#2"},
				"south": {"uv": [12.26667, 13.86667, 12.4, 14.13333], "texture": "#2"},
				"west": {"uv": [7.73333, 13.6, 8, 13.86667], "texture": "#2"},
				"up": {"uv": [0.93333, 14.66667, 0.8, 14.4], "texture": "#2"}
			}
		},
		{
			"from": [7.5, 14, 2.25],
			"to": [8.5, 15, 2.75],
			"rotation": {"angle": 0, "axis": "y", "origin": [7.25, 14, 2]},
			"faces": {
				"north": {"uv": [13.6, 11.2, 13.86667, 11.46667], "texture": "#2"},
				"east": {"uv": [1.86667, 14.4, 2, 14.66667], "texture": "#2"},
				"south": {"uv": [13.6, 12.8, 13.86667, 13.06667], "texture": "#2"},
				"west": {"uv": [2.13333, 14.4, 2.26667, 14.66667], "texture": "#2"},
				"down": {"uv": [2.93333, 14.4, 2.66667, 14.53333], "texture": "#2"}
			}
		},
		{
			"from": [5.5, 14, 6.25],
			"to": [6.5, 16, 6.75],
			"rotation": {"angle": 0, "axis": "y", "origin": [5.25, 14, 6]},
			"faces": {
				"north": {"uv": [11.73333, 12.53333, 12, 13.06667], "texture": "#2"},
				"east": {"uv": [7.46667, 14.13333, 7.6, 14.66667], "texture": "#2"},
				"south": {"uv": [1.86667, 13.33333, 2.13333, 13.86667], "texture": "#2"},
				"west": {"uv": [9.6, 14.13333, 9.73333, 14.66667], "texture": "#2"},
				"up": {"uv": [4, 14.53333, 3.73333, 14.4], "texture": "#2"},
				"down": {"uv": [4.26667, 14.4, 4, 14.53333], "texture": "#2"}
			}
		},
		{
			"from": [6.5, 6.75, -0.5],
			"to": [9.5, 9.75, 1],
			"rotation": {"angle": 0, "axis": "y", "origin": [6.5, 6.75, 0]},
			"faces": {
				"north": {"uv": [12, 12.26667, 12.8, 13.06667], "texture": "#2"},
				"east": {"uv": [9.33333, 13.33333, 9.73333, 14.13333], "texture": "#2"},
				"south": {"uv": [1.33333, 12.53333, 2.13333, 13.33333], "texture": "#2"},
				"west": {"uv": [13.33333, 11.46667, 13.73333, 12.26667], "texture": "#2"},
				"up": {"uv": [14.4, 0.93333, 13.6, 0.53333], "texture": "#2"},
				"down": {"uv": [14.4, 1.06667, 13.6, 1.46667], "texture": "#2"}
			}
		},
		{
			"from": [0, 7.5, 0],
			"to": [16, 9.5, 16],
			"rotation": {"angle": 0, "axis": "y", "origin": [0, 7.5, 0]},
			"faces": {
				"north": {"uv": [10.13333, 10.13333, 14.4, 10.66667], "texture": "#2"},
				"east": {"uv": [6.4, 10.66667, 10.66667, 11.2], "texture": "#2"},
				"south": {"uv": [10.66667, 7.46667, 14.93333, 8], "texture": "#2"},
				"west": {"uv": [10.66667, 8, 14.93333, 8.53333], "texture": "#2"},
				"up": {"uv": [4.26667, 4.26667, 0, 0], "texture": "#2"},
				"down": {"uv": [4.26667, 4.26667, 0, 8.53333], "texture": "#2"}
			}
		},
		{
			"from": [4, 9.5, 1],
			"to": [12, 13.5, 15],
			"rotation": {"angle": 0, "axis": "y", "origin": [0, 9.5, 0]},
			"faces": {
				"north": {"uv": [1.33333, 10.13333, 3.46667, 11.2], "texture": "#2"},
				"east": {"uv": [8, 6.4, 11.73333, 7.46667], "texture": "#2"},
				"south": {"uv": [10.66667, 10.66667, 12.8, 11.73333], "texture": "#2"},
				"west": {"uv": [10.13333, 9.06667, 13.86667, 10.13333], "texture": "#2"},
				"up": {"uv": [6.4, 11.2, 4.26667, 7.46667], "texture": "#2"}
			}
		},
		{
			"from": [0.76223, 8.15434, 1.0035],
			"to": [5.26223, 13.15434, 14.9965],
			"rotation": {"angle": 22.5, "axis": "z", "origin": [3.76223, 10.15434, 8.0035]},
			"faces": {
				"north": {"uv": [1.33333, 11.2, 2.53333, 12.53333], "texture": "#2"},
				"south": {"uv": [4.26667, 11.2, 5.46667, 12.53333], "texture": "#2"},
				"west": {"uv": [6.4, 9.06667, 10.13333, 10.4], "texture": "#2"},
				"up": {"uv": [1.2, 13.86667, 0, 10.13333], "texture": "#2"}
			}
		},
		{
			"from": [4.50596, 7.40853, 0.2535],
			"to": [6.50596, 12.90853, 15.7535],
			"rotation": {"angle": 22.5, "axis": "z", "origin": [1.75596, 7.15853, 1.0035]},
			"faces": {
				"north": {"uv": [6.93333, 12, 7.46667, 13.46667], "texture": "#2"},
				"east": {"uv": [6.4, 7.46667, 10.53333, 8.93333], "texture": "#2"},
				"south": {"uv": [7.46667, 12, 8, 13.46667], "texture": "#2"},
				"west": {"uv": [8, 0, 12.13333, 1.46667], "texture": "#2"},
				"up": {"uv": [4.26667, 12.66667, 3.73333, 8.53333], "texture": "#2"}
			}
		},
		{
			"from": [10.73777, 8.15434, 1.0035],
			"to": [15.23777, 13.15434, 14.9965],
			"rotation": {"angle": -22.5, "axis": "z", "origin": [12.23777, 10.15434, 8.0035]},
			"faces": {
				"north": {"uv": [2.53333, 11.2, 1.33333, 12.53333], "texture": "#2"},
				"east": {"uv": [10.13333, 9.06667, 6.4, 10.4], "texture": "#2"},
				"south": {"uv": [5.46667, 11.2, 4.26667, 12.53333], "texture": "#2"},
				"up": {"uv": [0, 13.86667, 1.2, 10.13333], "texture": "#2"}
			}
		},
		{
			"from": [9.49404, 7.40853, 0.2535],
			"to": [11.49404, 12.90853, 15.7535],
			"rotation": {"angle": -22.5, "axis": "z", "origin": [14.24404, 7.15853, 1.0035]},
			"faces": {
				"north": {"uv": [7.46667, 12, 6.93333, 13.46667], "texture": "#2"},
				"east": {"uv": [12.13333, 0, 8, 1.46667], "texture": "#2"},
				"south": {"uv": [8, 12, 7.46667, 13.46667], "texture": "#2"},
				"west": {"uv": [10.53333, 7.46667, 6.4, 8.93333], "texture": "#2"},
				"up": {"uv": [3.73333, 12.66667, 4.26667, 8.53333], "texture": "#2"}
			}
		},
		{
			"from": [5.75, 13.5, 6],
			"to": [6.25, 14.5, 7],
			"rotation": {"angle": 0, "axis": "y", "origin": [5.25, 13.5, 3]},
			"faces": {
				"north": {"uv": [10.4, 13.86667, 10.53333, 14.13333], "texture": "#2"},
				"east": {"uv": [13.33333, 1.33333, 13.6, 1.6], "texture": "#2"},
				"south": {"uv": [12.26667, 13.86667, 12.4, 14.13333], "texture": "#2"},
				"west": {"uv": [7.73333, 13.6, 8, 13.86667], "texture": "#2"},
				"up": {"uv": [0.93333, 14.66667, 0.8, 14.4], "texture": "#2"}
			}
		},
		{
			"from": [9.75, 13.5, 6],
			"to": [10.25, 14.5, 7],
			"rotation": {"angle": 0, "axis": "y", "origin": [10.75, 13.5, 3]},
			"faces": {
				"north": {"uv": [10.53333, 13.86667, 10.4, 14.13333], "texture": "#2"},
				"east": {"uv": [8, 13.6, 7.73333, 13.86667], "texture": "#2"},
				"south": {"uv": [12.4, 13.86667, 12.26667, 14.13333], "texture": "#2"},
				"west": {"uv": [13.6, 1.33333, 13.33333, 1.6], "texture": "#2"},
				"up": {"uv": [0.8, 14.66667, 0.93333, 14.4], "texture": "#2"}
			}
		},
		{
			"from": [9.5, 14, 6.25],
			"to": [10.5, 16, 6.75],
			"rotation": {"angle": 0, "axis": "y", "origin": [10.75, 14, 6]},
			"faces": {
				"north": {"uv": [12, 12.53333, 11.73333, 13.06667], "texture": "#2"},
				"east": {"uv": [9.73333, 14.13333, 9.6, 14.66667], "texture": "#2"},
				"south": {"uv": [2.13333, 13.33333, 1.86667, 13.86667], "texture": "#2"},
				"west": {"uv": [7.6, 14.13333, 7.46667, 14.66667], "texture": "#2"},
				"up": {"uv": [3.73333, 14.53333, 4, 14.4], "texture": "#2"},
				"down": {"uv": [4, 14.4, 4.26667, 14.53333], "texture": "#2"}
			}
		},
		{
			"from": [8.23619, 15.8775, 6.83311],
			"to": [15.48619, 16.1225, 9.83311],
			"rotation": {"angle": 0, "axis": "y", "origin": [12.11119, 16.0025, 8.33311]},
			"faces": {
				"east": {"uv": [15.2, 0.53333, 14.4, 0.6], "texture": "#2"},
				"south": {"uv": [15.8, 13.33333, 13.86667, 13.4], "texture": "#2"},
				"up": {"uv": [5.6, 12, 7.53333, 11.2], "texture": "#2"},
				"down": {"uv": [7.73333, 11.2, 9.66667, 12], "texture": "#2"}
			}
		},
		{
			"from": [9.17388, 15.875, 4.63268],
			"to": [15.92388, 16.125, 7.63268],
			"rotation": {"angle": -22.5, "axis": "y", "origin": [10.17388, 15.875, 4.63268]},
			"faces": {
				"north": {"uv": [15.93333, 10.66667, 14.13333, 10.73333], "texture": "#2"},
				"east": {"uv": [0.8, 14.4, 0, 14.46667], "texture": "#2"},
				"south": {"uv": [15.93333, 10.93333, 14.13333, 11], "texture": "#2"},
				"up": {"uv": [11.73333, 2.4, 13.53333, 1.6], "texture": "#2"},
				"down": {"uv": [11.73333, 2.4, 13.53333, 3.2], "texture": "#2"}
			}
		},
		{
			"from": [9.5, 17, 13],
			"to": [9.75, 21, 15],
			"rotation": {"angle": -22.5, "axis": "z", "origin": [9.625, 19, 14]},
			"faces": {
				"north": {"uv": [1.13333, 13.86667, 1.06667, 14.93333], "texture": "#2"},
				"east": {"uv": [11.73333, 12.53333, 11.2, 13.6], "texture": "#2"},
				"south": {"uv": [2.46667, 13.86667, 2.4, 14.93333], "texture": "#2"},
				"west": {"uv": [5.6, 12.53333, 5.06667, 13.6], "texture": "#2"},
				"up": {"uv": [11.46667, 14.66667, 11.53333, 14.13333], "texture": "#2"}
			}
		},
		{
			"from": [8.98619, 15.8775, 13.83311],
			"to": [13.23619, 16.1225, 15.83311],
			"rotation": {"angle": 0, "axis": "y", "origin": [9.86119, 16.0025, 15.33311]},
			"faces": {
				"east": {"uv": [14.93333, 1.33333, 14.4, 1.4], "texture": "#2"},
				"south": {"uv": [15.26667, 13.86667, 14.13333, 13.93333], "texture": "#2"},
				"west": {"uv": [1.86667, 14.4, 1.33333, 14.46667], "texture": "#2"},
				"up": {"uv": [9.86667, 13.06667, 11, 12.53333], "texture": "#2"},
				"down": {"uv": [12.8, 0, 13.93333, 0.53333], "texture": "#2"}
			}
		},
		{
			"from": [9.42388, 15.875, 11.63268],
			"to": [13.67388, 16.125, 13.63268],
			"rotation": {"angle": -22.5, "axis": "y", "origin": [7.92388, 15.875, 11.63268]},
			"faces": {
				"north": {"uv": [14.46667, 14.13333, 13.33333, 14.2], "texture": "#2"},
				"east": {"uv": [14.93333, 1.06667, 14.4, 1.13333], "texture": "#2"},
				"south": {"uv": [15.26667, 13.6, 14.13333, 13.66667], "texture": "#2"},
				"west": {"uv": [14.93333, 0.8, 14.4, 0.86667], "texture": "#2"},
				"up": {"uv": [12.53333, 6.13333, 13.66667, 5.6], "texture": "#2"},
				"down": {"uv": [8, 12.53333, 9.13333, 13.06667], "texture": "#2"}
			}
		}
	],
	"gui_light": "front",
	"display": {
		"thirdperson_righthand": {
			"rotation": [64.75, 0, 0],
			"translation": [0, 5.25, 3.75],
			"scale": [0.7, 0.7, 0.7]
		},
		"thirdperson_lefthand": {
			"rotation": [64.75, 0, 0],
			"translation": [0, 5.25, 3.75],
			"scale": [0.7, 0.7, 0.7]
		},
		"firstperson_righthand": {
			"rotation": [162.5, 0, -180],
			"translation": [-1.25, 4.75, 0],
			"scale": [0.5, 0.5, 0.5]
		},
		"firstperson_lefthand": {
			"rotation": [162.5, 0, -180],
			"translation": [-1.25, 4.75, 0],
			"scale": [0.5, 0.5, 0.5]
		},
		"ground": {
			"translation": [0, 5, 0],
			"scale": [0.7, 0.7, 0.7]
		},
		"gui": {
			"rotation": [0, 135, 0],
			"translation": [0, -1.5, 0],
			"scale": [0.7, 0.7, 0.7]
		},
		"head": {
			"rotation": [0, 180, 0],
			"translation": [0, -30.25, 0],
			"scale": [1.6, 1.6, 1.6]
		},
		"fixed": {
			"rotation": [-90, 0, 0],
			"translation": [0, 0, -16],
			"scale": [2, 2, 2]
		}
	},
	"groups": [
		{
			"name": "group",
			"origin": [16, 7.5, 16],
			"color": 0,
			"children": [
				0,
				1,
				2,
				3,
				4,
				5,
				6,
				7,
				8,
				9,
				10,
				11,
				12,
				13,
				14,
				15,
				16,
				17,
				18,
				19,
				20,
				21,
				22,
				23,
				24,
				25,
				26,
				27,
				28,
				29,
				30,
				31,
				32,
				33,
				34,
				35,
				36,
				37,
				38,
				39,
				40,
				41,
				42,
				43,
				44,
				45,
				46,
				47,
				48,
				49,
				50,
				51,
				52
			]
		},
		{
			"name": "group",
			"origin": [7.92388, 20.875, 11.63268],
			"color": 0,
			"children": [53, 54, 55, 56, 57, 58, 59, 60, 61, 62, 63, 64, 65, 66, 67, 68, 69, 70, 71, 72, 73, 74, 75, 76, 77, 78, 79, 80, 81, 82, 83, 84]
		}
	]
}