{
	"credit": "Made with Blockbench",
	"texture_size": [20, 20],
	"textures": {
		"1": "earthserver:vehicle_crate/key"
	},
	"elements": [
		{
			"from": [7, 6.75, 7.58344],
			"to": [9, 8.75, 9.58344],
			"rotation": {"angle": 0, "axis": "y", "origin": [7, 6.75, 3.58344]},
			"faces": {
				"north": {"uv": [2.4, 6.4, 4, 8], "texture": "#1"},
				"east": {"uv": [10.4, 0, 12, 1.6], "texture": "#1"},
				"west": {"uv": [10.4, 1.6, 12, 3.2], "texture": "#1"},
				"up": {"uv": [12, 4.8, 10.4, 3.2], "texture": "#1"},
				"down": {"uv": [11.2, 10.4, 9.6, 12], "texture": "#1"}
			}
		},
		{
			"from": [7, 6.75, 1.58344],
			"to": [9, 8.75, 4.58344],
			"rotation": {"angle": 0, "axis": "y", "origin": [7, 6.75, 3.58344]},
			"faces": {
				"north": {"uv": [0, 11.2, 1.6, 12.8], "texture": "#1"},
				"east": {"uv": [2.4, 8, 4.8, 9.6], "texture": "#1"},
				"south": {"uv": [3.2, 11.2, 4.8, 12.8], "texture": "#1"},
				"west": {"uv": [4.8, 8, 7.2, 9.6], "texture": "#1"},
				"up": {"uv": [1.6, 11.2, 0, 8.8], "texture": "#1"},
				"down": {"uv": [10.4, 0, 8.8, 2.4], "texture": "#1"}
			}
		},
		{
			"from": [7.5, 6.25, 2.08344],
			"to": [8.5, 6.75, 4.08344],
			"rotation": {"angle": 0, "axis": "y", "origin": [7, 6.75, 3.58344]},
			"faces": {
				"north": {"uv": [1.6, 8.8, 2.4, 9.2], "texture": "#1"},
				"east": {"uv": [12, 6.4, 13.6, 6.8], "texture": "#1"},
				"south": {"uv": [12.8, 0, 13.6, 0.4], "texture": "#1"},
				"west": {"uv": [12, 7.2, 13.6, 7.6], "texture": "#1"},
				"down": {"uv": [5.6, 11.2, 4.8, 12.8], "texture": "#1"}
			}
		},
		{
			"from": [7.25, 7, 4.58344],
			"to": [8.75, 8.5, 7.58344],
			"rotation": {"angle": 0, "axis": "y", "origin": [7, 6.75, 3.58344]},
			"faces": {
				"east": {"uv": [5.6, 9.6, 8, 10.8], "texture": "#1"},
				"west": {"uv": [9.6, 6.4, 12, 7.6], "texture": "#1"},
				"up": {"uv": [9.2, 12, 8, 9.6], "texture": "#1"},
				"down": {"uv": [10.8, 8, 9.6, 10.4], "texture": "#1"}
			}
		},
		{
			"from": [7.75, 4.25, 2.33344],
			"to": [8.25, 6.25, 2.83344],
			"rotation": {"angle": 0, "axis": "y", "origin": [7.75, 4.75, 1.58344]},
			"faces": {
				"north": {"uv": [7.2, 11.2, 7.6, 12.8], "texture": "#1"},
				"east": {"uv": [11.2, 10.4, 11.6, 12], "texture": "#1"},
				"south": {"uv": [12, 0, 12.4, 1.6], "texture": "#1"},
				"west": {"uv": [1.6, 12, 2, 13.6], "texture": "#1"},
				"down": {"uv": [1.2, 12.8, 0.8, 13.2], "texture": "#1"}
			}
		},
		{
			"from": [7.75, 4.25, 3.33344],
			"to": [8.25, 6.25, 3.83344],
			"rotation": {"angle": 0, "axis": "y", "origin": [7.75, 4.75, 1.58344]},
			"faces": {
				"north": {"uv": [12, 1.6, 12.4, 3.2], "texture": "#1"},
				"east": {"uv": [2.4, 12, 2.8, 13.6], "texture": "#1"},
				"south": {"uv": [12, 3.2, 12.4, 4.8], "texture": "#1"},
				"west": {"uv": [12, 4.8, 12.4, 6.4], "texture": "#1"},
				"down": {"uv": [13.2, 1.6, 12.8, 2], "texture": "#1"}
			}
		},
		{
			"from": [7.75, 4.75, 2.83344],
			"to": [8.25, 6.25, 3.33344],
			"rotation": {"angle": 0, "axis": "y", "origin": [7.75, 4.75, 1.58344]},
			"faces": {
				"east": {"uv": [8, 12, 8.4, 13.2], "texture": "#1"},
				"west": {"uv": [8.8, 12, 9.2, 13.2], "texture": "#1"},
				"down": {"uv": [13.2, 0.8, 12.8, 1.2], "texture": "#1"}
			}
		},
		{
			"from": [6.75, 6.5, 9.58344],
			"to": [9.25, 9, 12.58344],
			"rotation": {"angle": 0, "axis": "y", "origin": [7, 6.25, 6.58344]},
			"faces": {
				"north": {"uv": [7.2, 7.2, 9.2, 9.2], "texture": "#1"},
				"east": {"uv": [0, 6.4, 2.4, 8.4], "texture": "#1"},
				"west": {"uv": [6.4, 0, 8.8, 2], "texture": "#1"},
				"up": {"uv": [8.4, 4.8, 6.4, 2.4], "texture": "#1"},
				"down": {"uv": [9.2, 4.8, 7.2, 7.2], "texture": "#1"}
			}
		},
		{
			"from": [6.5, 6.25, 12.58344],
			"to": [9.5, 9.25, 14.08344],
			"rotation": {"angle": 0, "axis": "y", "origin": [7, 6.25, 9.58344]},
			"faces": {
				"north": {"uv": [0, 0, 2.4, 2.4], "texture": "#1"},
				"east": {"uv": [8.8, 2.4, 10, 4.8], "texture": "#1"},
				"south": {"uv": [0, 2.4, 2.4, 4.8], "texture": "#1"},
				"west": {"uv": [1.6, 9.6, 2.8, 12], "texture": "#1"},
				"up": {"uv": [5.6, 10.8, 3.2, 9.6], "texture": "#1"},
				"down": {"uv": [12, 4.8, 9.6, 6], "texture": "#1"}
			}
		},
		{
			"from": [2.32612, 7.625, 10.21613],
			"to": [6.57612, 7.875, 12.21613],
			"rotation": {"angle": 22.5, "axis": "y", "origin": [8.07612, 7.625, 10.21613]},
			"faces": {
				"north": {"uv": [11.2, 8, 14.6, 8.2], "texture": "#1"},
				"east": {"uv": [9.6, 12, 11.2, 12.2], "texture": "#1"},
				"south": {"uv": [11.2, 8.8, 14.6, 9], "texture": "#1"},
				"west": {"uv": [12, 10.4, 13.6, 10.6], "texture": "#1"},
				"up": {"uv": [5.8, 1.6, 2.4, 0], "texture": "#1"},
				"down": {"uv": [5.8, 1.6, 2.4, 3.2], "texture": "#1"}
			}
		},
		{
			"from": [2.76381, 7.6275, 12.41656],
			"to": [7.01381, 7.8725, 14.41656],
			"rotation": {"angle": 0, "axis": "y", "origin": [6.13881, 7.7525, 13.91656]},
			"faces": {
				"east": {"uv": [11.2, 12, 12.8, 12.2], "texture": "#1"},
				"south": {"uv": [11.2, 9.6, 14.6, 9.8], "texture": "#1"},
				"west": {"uv": [12, 11.2, 13.6, 11.4], "texture": "#1"},
				"up": {"uv": [5.8, 4.8, 2.4, 3.2], "texture": "#1"},
				"down": {"uv": [3.4, 4.8, 0, 6.4], "texture": "#1"}
			}
		},
		{
			"from": [6.25, 8.75, 11.58344],
			"to": [6.5, 12.75, 13.58344],
			"rotation": {"angle": 22.5, "axis": "z", "origin": [6.375, 10.75, 12.58344]},
			"faces": {
				"north": {"uv": [5.6, 11.2, 5.8, 14.4], "texture": "#1"},
				"east": {"uv": [4, 4.8, 5.6, 8], "texture": "#1"},
				"south": {"uv": [6.4, 11.2, 6.6, 14.4], "texture": "#1"},
				"west": {"uv": [5.6, 4.8, 7.2, 8], "texture": "#1"},
				"up": {"uv": [0.2, 14.4, 0, 12.8], "texture": "#1"}
			}
		},
		{
			"from": [9.5, 8.75, 11.58344],
			"to": [9.75, 12.75, 13.58344],
			"rotation": {"angle": -22.5, "axis": "z", "origin": [9.625, 10.75, 12.58344]},
			"faces": {
				"north": {"uv": [5.8, 11.2, 5.6, 14.4], "texture": "#1"},
				"east": {"uv": [7.2, 4.8, 5.6, 8], "texture": "#1"},
				"south": {"uv": [6.6, 11.2, 6.4, 14.4], "texture": "#1"},
				"west": {"uv": [5.6, 4.8, 4, 8], "texture": "#1"},
				"up": {"uv": [0, 14.4, 0.2, 12.8], "texture": "#1"}
			}
		},
		{
			"from": [9.42388, 7.625, 10.21613],
			"to": [13.67388, 7.875, 12.21613],
			"rotation": {"angle": -22.5, "axis": "y", "origin": [7.92388, 7.625, 10.21613]},
			"faces": {
				"north": {"uv": [14.6, 8, 11.2, 8.2], "texture": "#1"},
				"east": {"uv": [13.6, 10.4, 12, 10.6], "texture": "#1"},
				"south": {"uv": [14.6, 8.8, 11.2, 9], "texture": "#1"},
				"west": {"uv": [11.2, 12, 9.6, 12.2], "texture": "#1"},
				"up": {"uv": [2.4, 1.6, 5.8, 0], "texture": "#1"},
				"down": {"uv": [2.4, 1.6, 5.8, 3.2], "texture": "#1"}
			}
		},
		{
			"from": [8.98619, 7.6275, 12.41656],
			"to": [13.23619, 7.8725, 14.41656],
			"rotation": {"angle": 0, "axis": "y", "origin": [9.86119, 7.7525, 13.91656]},
			"faces": {
				"east": {"uv": [13.6, 11.2, 12, 11.4], "texture": "#1"},
				"south": {"uv": [14.6, 9.6, 11.2, 9.8], "texture": "#1"},
				"west": {"uv": [12.8, 12, 11.2, 12.2], "texture": "#1"},
				"up": {"uv": [2.4, 4.8, 5.8, 3.2], "texture": "#1"},
				"down": {"uv": [0, 4.8, 3.4, 6.4], "texture": "#1"}
			}
		}
	],
	"gui_light": "front",
	"display": {
		"thirdperson_righthand": {
			"rotation": [90, 0, 0],
			"translation": [0, 6, 1.25]
		},
		"thirdperson_lefthand": {
			"rotation": [90, 0, 0],
			"translation": [0, 6, 1.25]
		},
		"firstperson_righthand": {
			"rotation": [60.25, 0, -12],
			"translation": [1.5, 6.25, 1.25]
		},
		"firstperson_lefthand": {
			"rotation": [60.25, 0, -12],
			"translation": [1.5, 6.25, 1.25]
		},
		"ground": {
			"rotation": [45, 0, 0],
			"translation": [0, 3, 0],
			"scale": [0.7, 0.7, 0.7]
		},
		"gui": {
			"rotation": [-90, 135, 122],
			"translation": [-0.75, 1, 0]
		},
		"head": {
			"translation": [0, 8.25, 0],
			"scale": [1.6, 1.6, 1.6]
		},
		"fixed": {
			"rotation": [-90, 0, 0],
			"translation": [0, 0, -6.5],
			"scale": [2, 2, 2]
		}
	}
}