{
	"credit": "by w11shes",
	"texture_size": [64, 64],
	"textures": {
		"0": "elitecreatures:lunar_assortment/lunar_fishing_rod",
		"particle": "elitecreatures:lunar_assortment/lunar_fishing_rod_e"
	},
	"elements": [
		{
			"from": [5.17649, 11.48423, 11.02155],
			"to": [9.17649, 14.48423, 13.02155],
			"rotation": {"angle": 22.5, "axis": "x", "origin": [7.17649, 9.74473, 8]},
			"faces": {
				"north": {"uv": [5.75, 1, 6.75, 1.75], "texture": "#0"},
				"east": {"uv": [8, 1.5, 7.5, 2.25], "texture": "#0"},
				"south": {"uv": [5.75, 1.75, 6.75, 2.5], "texture": "#0"},
				"west": {"uv": [7.5, 1.5, 8, 2.25], "texture": "#0"},
				"up": {"uv": [4, 6.5, 3.5, 5.5], "rotation": 270, "texture": "#0"}
			}
		},
		{
			"from": [5.17649, 12.48423, 13.02155],
			"to": [9.17649, 14.48423, 14.02155],
			"rotation": {"angle": 22.5, "axis": "x", "origin": [7.17649, 9.74473, 8]},
			"faces": {
				"east": {"uv": [5.75, 1.5, 5.5, 2], "texture": "#0"},
				"south": {"uv": [3.25, 1.5, 4.25, 2], "texture": "#0"},
				"west": {"uv": [5.5, 1.5, 5.75, 2], "texture": "#0"},
				"up": {"uv": [5, 8.25, 4.75, 7.25], "rotation": 270, "texture": "#0"},
				"down": {"uv": [2.25, 7.5, 2, 8.5], "rotation": 90, "texture": "#0"}
			}
		},
		{
			"from": [5.17649, 11.48423, 9.02155],
			"to": [9.17649, 14.48423, 11.02155],
			"rotation": {"angle": 22.5, "axis": "x", "origin": [7.17649, 9.74473, 8]},
			"faces": {
				"east": {"uv": [8.25, 2.25, 7.75, 3], "texture": "#0"},
				"west": {"uv": [7.75, 2.25, 8.25, 3], "texture": "#0"},
				"up": {"uv": [7.75, 3.25, 7.25, 2.25], "rotation": 270, "texture": "#0"}
			}
		},
		{
			"from": [9.17649, 14.48423, 11.02155],
			"to": [5.17649, 11.48423, 9.02155],
			"rotation": {"angle": 22.5, "axis": "x", "origin": [7.17649, 9.74473, 8]},
			"faces": {
				"east": {"uv": [7.75, 3, 8.25, 2.25], "texture": "#0"},
				"west": {"uv": [8.25, 3, 7.75, 2.25], "texture": "#0"},
				"down": {"uv": [7.25, 3.25, 7.75, 2.25], "rotation": 90, "texture": "#0"}
			}
		},
		{
			"from": [4.17649, 6.48423, 11.02155],
			"to": [10.17649, 11.48423, 15.02155],
			"rotation": {"angle": 22.5, "axis": "x", "origin": [7.17649, 9.74473, 8]},
			"faces": {
				"north": {"uv": [4, 2.75, 5.5, 4], "texture": "#0"},
				"east": {"uv": [5, 5.25, 4, 6.5], "texture": "#0"},
				"south": {"uv": [4, 4, 5.5, 5.25], "texture": "#0"},
				"west": {"uv": [4, 5.25, 5, 6.5], "texture": "#0"},
				"up": {"uv": [2.5, 6, 1.5, 4.5], "rotation": 270, "texture": "#0"},
				"down": {"uv": [5.75, 0, 4.75, 1.5], "rotation": 90, "texture": "#0"}
			}
		},
		{
			"from": [4.17649, 2.48423, 11.02155],
			"to": [4.22649, 6.48423, 15.02155],
			"rotation": {"angle": 22.5, "axis": "x", "origin": [7.17649, 9.74473, 8]},
			"faces": {
				"east": {"uv": [6, 5.25, 5, 6.25], "texture": "#0"},
				"west": {"uv": [5, 5.25, 6, 6.25], "texture": "#0"}
			}
		},
		{
			"from": [10.12649, 2.48423, 11.02155],
			"to": [10.17649, 6.48423, 15.02155],
			"rotation": {"angle": 22.5, "axis": "x", "origin": [7.17649, 9.74473, 8]},
			"faces": {
				"east": {"uv": [6, 5.25, 5, 6.25], "texture": "#0"},
				"west": {"uv": [5, 5.25, 6, 6.25], "texture": "#0"}
			}
		},
		{
			"from": [5.15649, 5.5, 8.17649],
			"to": [9.19649, 9.5, 10.17649],
			"rotation": {"angle": 0, "axis": "y", "origin": [7.17649, 9.74473, 8]},
			"faces": {
				"north": {"uv": [2.5, 5.5, 3.5, 6.5], "texture": "#0"},
				"east": {"uv": [3.5, 7.25, 3, 8.25], "texture": "#0"},
				"south": {"uv": [5.5, 2.75, 6.5, 3.75], "texture": "#0"},
				"west": {"uv": [3, 7.25, 3.5, 8.25], "texture": "#0"},
				"down": {"uv": [7.75, 3.25, 7.25, 4.25], "rotation": 90, "texture": "#0"}
			}
		},
		{
			"from": [5.17649, 8.03267, 7.36596],
			"to": [9.17649, 11.03267, 9.36596],
			"rotation": {"angle": -45, "axis": "x", "origin": [7.17649, 9.74473, 8]},
			"faces": {
				"north": {"uv": [1.5, 6, 2.5, 6.75], "texture": "#0"},
				"east": {"uv": [8.25, 3, 7.75, 3.75], "texture": "#0"},
				"south": {"uv": [6, 4.75, 7, 5.5], "texture": "#0"},
				"west": {"uv": [7.75, 3, 8.25, 3.75], "texture": "#0"},
				"up": {"uv": [4.75, 8.25, 4.25, 7.25], "rotation": 270, "texture": "#0"}
			}
		},
		{
			"from": [5.17649, 8.03267, 9.36596],
			"to": [9.17649, 11.03267, 10.36596],
			"rotation": {"angle": -45, "axis": "x", "origin": [7.17649, 9.74473, 8]},
			"faces": {
				"east": {"uv": [7.75, 3.75, 8, 4.5], "texture": "#0"},
				"west": {"uv": [7.75, 3.75, 8, 4.5], "texture": "#0"},
				"up": {"uv": [4.25, 8.5, 4, 7.5], "rotation": 270, "texture": "#0"}
			}
		},
		{
			"from": [9.17649, 11.03267, 10.36596],
			"to": [5.17649, 8.03267, 9.36596],
			"rotation": {"angle": -45, "axis": "x", "origin": [7.17649, 9.74473, 8]},
			"faces": {
				"east": {"uv": [7.75, 4.5, 8, 3.75], "texture": "#0"},
				"west": {"uv": [7.75, 4.5, 8, 3.75], "texture": "#0"},
				"down": {"uv": [4, 8.5, 4.25, 7.5], "rotation": 90, "texture": "#0"}
			}
		},
		{
			"from": [3.17649, 4.5, 13.17649],
			"to": [5.17649, 8.5, 15.17649],
			"rotation": {"angle": 0, "axis": "y", "origin": [7.17649, 9.74473, 8]},
			"faces": {
				"north": {"uv": [1.5, 7.5, 2, 8.5], "texture": "#0"},
				"east": {"uv": [3.5, 7.5, 4, 8.5], "texture": "#0"},
				"south": {"uv": [7.75, 0, 8.25, 1], "texture": "#0"},
				"west": {"uv": [7.25, 6.75, 7.75, 7.75], "texture": "#0"},
				"up": {"uv": [6, 5.25, 5.5, 4.75], "rotation": 270, "texture": "#0"},
				"down": {"uv": [8.25, 1, 7.75, 1.5], "rotation": 90, "texture": "#0"}
			}
		},
		{
			"from": [4.12649, 3.5, 14.17649],
			"to": [4.17649, 6.5, 17.17649],
			"rotation": {"angle": 0, "axis": "y", "origin": [7.17649, 9.74473, 8]},
			"faces": {
				"east": {"uv": [7.75, 4.5, 7, 5.25], "texture": "#0"},
				"west": {"uv": [7, 4.5, 7.75, 5.25], "texture": "#0"}
			}
		},
		{
			"from": [10.17649, 3.5, 14.17649],
			"to": [10.22649, 6.5, 17.17649],
			"rotation": {"angle": 0, "axis": "y", "origin": [7.17649, 9.74473, 8]},
			"faces": {
				"east": {"uv": [7.75, 4.5, 7, 5.25], "texture": "#0"},
				"west": {"uv": [7, 4.5, 7.75, 5.25], "texture": "#0"}
			}
		},
		{
			"from": [9.17649, 4.5, 13.17649],
			"to": [11.17649, 8.5, 15.17649],
			"rotation": {"angle": 0, "axis": "y", "origin": [7.17649, 9.74473, 8]},
			"faces": {
				"north": {"uv": [2, 7.5, 1.5, 8.5], "texture": "#0"},
				"east": {"uv": [7.75, 6.75, 7.25, 7.75], "texture": "#0"},
				"south": {"uv": [8.25, 0, 7.75, 1], "texture": "#0"},
				"west": {"uv": [4, 7.5, 3.5, 8.5], "texture": "#0"},
				"up": {"uv": [6, 4.75, 5.5, 5.25], "rotation": 270, "texture": "#0"},
				"down": {"uv": [8.25, 1.5, 7.75, 1], "rotation": 90, "texture": "#0"}
			}
		},
		{
			"from": [7.07649, 27.35256, -0.89425],
			"to": [7.12649, 30.35256, 16.10575],
			"rotation": {"angle": -22.5, "axis": "x", "origin": [7.17649, 9.74473, 8]},
			"faces": {
				"east": {"uv": [5.75, 2, 1.5, 2.75], "texture": "#0"},
				"west": {"uv": [1.5, 2, 5.75, 2.75], "texture": "#0"}
			}
		},
		{
			"from": [5.57649, 27.35256, 7.10575],
			"to": [8.57649, 30.35256, 10.10575],
			"rotation": {"angle": -22.5, "axis": "x", "origin": [7.17649, 9.74473, 8]},
			"faces": {
				"north": {"uv": [5.75, 7, 6.5, 7.75], "texture": "#0"},
				"east": {"uv": [7, 5.25, 7.75, 6], "texture": "#0"},
				"south": {"uv": [7, 6, 7.75, 6.75], "texture": "#0"},
				"west": {"uv": [7, 5.25, 7.75, 6], "texture": "#0"},
				"up": {"uv": [7.25, 7.75, 6.5, 7], "rotation": 270, "texture": "#0"},
				"down": {"uv": [3, 7.25, 2.25, 8], "rotation": 90, "texture": "#0"}
			}
		},
		{
			"from": [6.17649, -2, 9.17649],
			"to": [8.17649, 32, 11.17649],
			"rotation": {"angle": 0, "axis": "y", "origin": [7.17649, 9.74473, 8]},
			"faces": {
				"north": {"uv": [0.5, 0, 1, 8.5], "texture": "#0"},
				"east": {"uv": [0.5, 0, 0, 8.5], "texture": "#0"},
				"south": {"uv": [1, 0, 1.5, 8.5], "texture": "#0"},
				"west": {"uv": [0, 0, 0.5, 8.5], "texture": "#0"},
				"up": {"uv": [5.5, 2, 5, 1.5], "rotation": 270, "texture": "#0"}
			}
		},
		{
			"from": [4.13748, 29, 8.03901],
			"to": [7.13748, 31, 11.03901],
			"rotation": {"angle": 45, "axis": "y", "origin": [7.17649, 9.74473, 8]},
			"faces": {
				"north": {"uv": [5, 1.5, 4.25, 2], "texture": "#0"},
				"east": {"uv": [4.25, 1.5, 5, 2], "texture": "#0"},
				"south": {"uv": [5, 1.5, 4.25, 2], "texture": "#0"},
				"west": {"uv": [4.25, 1.5, 5, 2], "texture": "#0"},
				"up": {"uv": [5, 7.25, 4.25, 6.5], "rotation": 270, "texture": "#0"},
				"down": {"uv": [2.25, 6.75, 1.5, 7.5], "rotation": 90, "texture": "#0"}
			}
		},
		{
			"from": [5.60525, 30, 6.57124],
			"to": [8.60525, 30.05, 9.57124],
			"rotation": {"angle": 45, "axis": "y", "origin": [7.17649, 9.74473, 8]},
			"faces": {
				"up": {"uv": [7.5, 2.25, 6.75, 1.5], "rotation": 270, "texture": "#0"},
				"down": {"uv": [7.5, 1.5, 6.75, 2.25], "rotation": 90, "texture": "#0"}
			}
		},
		{
			"from": [4.13748, 22, 8.03901],
			"to": [7.13748, 24, 11.03901],
			"rotation": {"angle": 45, "axis": "y", "origin": [7.17649, 9.74473, 8]},
			"faces": {
				"north": {"uv": [5, 1.5, 4.25, 2], "texture": "#0"},
				"east": {"uv": [4.25, 1.5, 5, 2], "texture": "#0"},
				"south": {"uv": [5, 1.5, 4.25, 2], "texture": "#0"},
				"west": {"uv": [4.25, 1.5, 5, 2], "texture": "#0"},
				"up": {"uv": [5, 7.25, 4.25, 6.5], "rotation": 270, "texture": "#0"},
				"down": {"uv": [2.25, 6.75, 1.5, 7.5], "rotation": 90, "texture": "#0"}
			}
		},
		{
			"from": [5.60525, 23, 6.57124],
			"to": [8.60525, 23.05, 9.57124],
			"rotation": {"angle": 45, "axis": "y", "origin": [7.17649, 9.74473, 8]},
			"faces": {
				"up": {"uv": [7.5, 2.25, 6.75, 1.5], "rotation": 270, "texture": "#0"},
				"down": {"uv": [7.5, 1.5, 6.75, 2.25], "rotation": 90, "texture": "#0"}
			}
		},
		{
			"from": [5.60525, 16, 6.57124],
			"to": [8.60525, 16.05, 9.57124],
			"rotation": {"angle": 45, "axis": "y", "origin": [7.17649, 9.74473, 8]},
			"faces": {
				"up": {"uv": [7.5, 2.25, 6.75, 1.5], "rotation": 270, "texture": "#0"},
				"down": {"uv": [7.5, 1.5, 6.75, 2.25], "rotation": 90, "texture": "#0"}
			}
		},
		{
			"from": [4.13748, 15, 8.03901],
			"to": [7.13748, 17, 11.03901],
			"rotation": {"angle": 45, "axis": "y", "origin": [7.17649, 9.74473, 8]},
			"faces": {
				"north": {"uv": [5, 1.5, 4.25, 2], "texture": "#0"},
				"east": {"uv": [4.25, 1.5, 5, 2], "texture": "#0"},
				"south": {"uv": [5, 1.5, 4.25, 2], "texture": "#0"},
				"west": {"uv": [4.25, 1.5, 5, 2], "texture": "#0"},
				"up": {"uv": [5, 7.25, 4.25, 6.5], "rotation": 270, "texture": "#0"},
				"down": {"uv": [2.25, 6.75, 1.5, 7.5], "rotation": 90, "texture": "#0"}
			}
		},
		{
			"from": [5.17649, -5, 8.17649],
			"to": [9.17649, -2, 12.17649],
			"rotation": {"angle": 0, "axis": "y", "origin": [7.17649, 9.74473, 8]},
			"faces": {
				"north": {"uv": [5, 6.25, 6, 7], "texture": "#0"},
				"east": {"uv": [6, 5.5, 7, 6.25], "texture": "#0"},
				"south": {"uv": [6, 6.25, 7, 7], "texture": "#0"},
				"west": {"uv": [6, 5.5, 7, 6.25], "texture": "#0"},
				"up": {"uv": [6.5, 4.75, 5.5, 3.75], "rotation": 270, "texture": "#0"}
			}
		},
		{
			"from": [5.15649, -0.55657, 18.55089],
			"to": [9.19649, 2.27186, 21.37932],
			"rotation": {"angle": 45, "axis": "x", "origin": [7.17649, 9.74473, 8]},
			"faces": {
				"east": {"uv": [5.75, 7, 5, 7.75], "texture": "#0"},
				"south": {"uv": [2.5, 6.5, 3.5, 7.25], "texture": "#0"},
				"west": {"uv": [5, 7, 5.75, 7.75], "texture": "#0"},
				"down": {"uv": [3.25, 4.5, 2.5, 5.5], "rotation": 90, "texture": "#0"}
			}
		},
		{
			"from": [7.15649, -11.55657, 19.37933],
			"to": [7.20649, -0.55657, 22.37933],
			"rotation": {"angle": 45, "axis": "x", "origin": [7.17649, 9.74473, 8]},
			"faces": {
				"east": {"uv": [3.25, 2.75, 4, 5.5], "texture": "#0"},
				"west": {"uv": [3.25, 2.75, 4, 5.5], "texture": "#0"}
			}
		},
		{
			"from": [7.17649, -1.50771, 15.35308],
			"to": [7.22649, 2.49229, 18.35308],
			"rotation": {"angle": 22.5, "axis": "x", "origin": [7.17649, 9.74473, 8]},
			"faces": {
				"east": {"uv": [7.25, 2.5, 6.5, 3.5], "texture": "#0"},
				"west": {"uv": [6.5, 2.5, 7.25, 3.5], "texture": "#0"}
			}
		},
		{
			"from": [7.17649, -3.17352, 1.66854],
			"to": [7.22649, 0.82648, 4.66854],
			"rotation": {"angle": -22.5, "axis": "x", "origin": [7.17649, 9.74473, 8]},
			"faces": {
				"east": {"uv": [6.5, 2.5, 7.25, 3.5], "texture": "#0"},
				"west": {"uv": [7.25, 2.5, 6.5, 3.5], "texture": "#0"}
			}
		},
		{
			"from": [5.72649, 2.91381, 5.71655],
			"to": [8.72649, 6.91381, 9.71655],
			"rotation": {"angle": 45, "axis": "x", "origin": [7.17649, 9.74473, 8]},
			"faces": {
				"north": {"uv": [3.5, 6.5, 4.25, 7.5], "texture": "#0"},
				"east": {"uv": [6.75, 0, 5.75, 1], "texture": "#0"},
				"south": {"uv": [6.5, 3.5, 7.25, 4.5], "texture": "#0"},
				"west": {"uv": [5.75, 0, 6.75, 1], "texture": "#0"},
				"up": {"uv": [7.75, 0.75, 6.75, 0], "rotation": 270, "texture": "#0"},
				"down": {"uv": [7.75, 0.75, 6.75, 1.5], "rotation": 90, "texture": "#0"}
			}
		},
		{
			"from": [7.17649, 12.44414, -3.10667],
			"to": [7.22649, 18.44414, 2.89333],
			"rotation": {"angle": 45, "axis": "x", "origin": [7.17649, 9.74473, 8]},
			"faces": {
				"east": {"uv": [4.75, 0, 3.25, 1.5], "texture": "#0"},
				"west": {"uv": [3.25, 0, 4.75, 1.5], "texture": "#0"}
			}
		},
		{
			"from": [7.17649, 17.44414, -8.10667],
			"to": [7.22649, 24.44414, -1.10667],
			"rotation": {"angle": 45, "axis": "x", "origin": [7.17649, 9.74473, 8]},
			"faces": {
				"east": {"uv": [3.25, 2.75, 1.5, 4.5], "texture": "#0"},
				"west": {"uv": [1.5, 2.75, 3.25, 4.5], "texture": "#0"}
			}
		},
		{
			"from": [7.17649, 4.44414, 1.89333],
			"to": [7.22649, 14.44414, 8.89333],
			"rotation": {"angle": 45, "axis": "x", "origin": [7.17649, 9.74473, 8]},
			"faces": {
				"east": {"uv": [1.75, 8.5, 0, 11], "texture": "#0"},
				"west": {"uv": [0, 8.5, 1.75, 11], "texture": "#0"}
			}
		},
		{
			"from": [5.62854, 5.52, 4.54795],
			"to": [10.62854, 7.52, 9.54795],
			"rotation": {"angle": 45, "axis": "y", "origin": [7.17649, 9.74473, 8]},
			"faces": {
				"north": {"uv": [2.75, 1.25, 1.5, 1.75], "texture": "#0"},
				"east": {"uv": [1.5, 1.25, 2.75, 1.75], "texture": "#0"},
				"south": {"uv": [5, 7.75, 6.25, 8.25], "texture": "#0"},
				"west": {"uv": [6.25, 7.75, 5, 8.25], "texture": "#0"},
				"up": {"uv": [1.5, 0, 2.75, 1.25], "rotation": 270, "texture": "#0"},
				"down": {"uv": [1.75, 9.75, 3, 8.5], "rotation": 90, "texture": "#0"}
			}
		},
		{
			"from": [9.62855, 7.52, 8.54795],
			"to": [6.62855, 5.52, 5.54795],
			"rotation": {"angle": 45, "axis": "y", "origin": [7.17649, 9.74473, 8]},
			"faces": {
				"north": {"uv": [5.25, 8.25, 6, 7.75], "texture": "#0"},
				"east": {"uv": [6, 8.25, 5.25, 7.75], "texture": "#0"},
				"south": {"uv": [2.5, 1.75, 1.75, 1.25], "texture": "#0"},
				"west": {"uv": [1.75, 1.75, 2.5, 1.25], "texture": "#0"}
			}
		}
	],
	"gui_light": "front",
	"display": {
		"thirdperson_righthand": {
			"translation": [0.75, 1.75, 0.25],
			"scale": [0.6, 0.6, 0.6]
		},
		"thirdperson_lefthand": {
			"translation": [0.75, 1.75, 0.25],
			"scale": [0.6, 0.6, 0.6]
		},
		"firstperson_righthand": {
			"rotation": [0, 22, 0],
			"translation": [4.5, 1, -3.5],
			"scale": [0.54883, 0.54883, 0.54883]
		},
		"firstperson_lefthand": {
			"rotation": [0, 22, 0],
			"translation": [4.5, 1, -3.5],
			"scale": [0.54883, 0.54883, 0.54883]
		},
		"ground": {
			"rotation": [94, 85, 0],
			"translation": [0, 0.5, -0.75],
			"scale": [0.5, 0.5, 0.5]
		},
		"gui": {
			"rotation": [-90, 45, 88],
			"translation": [1.75, -2, 0],
			"scale": [0.515, 0.515, 0.515]
		},
		"head": {
			"rotation": [90, -171, 90],
			"translation": [-2.25, 9.25, 0.25],
			"scale": [0.7, 0.7, 0.7]
		},
		"fixed": {
			"rotation": [0, 90, 0],
			"translation": [-1.25, -6.75, -1.25],
			"scale": [1.42109, 1.42109, 1.42109]
		}
	},
	"groups": [
		{
			"name": "head",
			"origin": [9.25, 5, 8],
			"color": 0,
			"boneType": "",
			"children": [0, 1, 2, 3, 4, 5, 6, 7, 8, 9, 10, 11, 12, 13, 14]
		},
		{
			"name": "hook",
			"origin": [0, 0, 0],
			"color": 0,
			"boneType": "",
			"children": [15, 16]
		},
		17,
		18,
		19,
		20,
		21,
		22,
		23,
		24,
		25,
		26,
		27,
		28,
		29,
		30,
		31,
		32,
		33,
		34
	]
}