{
	"credit": "by w11shes",
	"texture_size": [64, 64],
	"textures": {
		"0": "elitecreatures:lunar_assortment/lunar_hammer",
		"particle": "elitecreatures:lunar_assortment/lunar_hammer_e"
	},
	"elements": [
		{
			"from": [6.83717, -1, 8.17283],
			"to": [8.83717, 9, 10.17283],
			"rotation": {"angle": 0, "axis": "y", "origin": [7.83217, 7.7587, 8.005]},
			"faces": {
				"north": {"uv": [7.5, 2.75, 7, 5.25], "texture": "#0"},
				"east": {"uv": [7, 2.75, 7.5, 5.25], "texture": "#0"},
				"south": {"uv": [7.5, 2.75, 7, 5.25], "texture": "#0"},
				"west": {"uv": [7, 2.75, 7.5, 5.25], "texture": "#0"}
			}
		},
		{
			"from": [5.83717, -4, 7.17283],
			"to": [9.83717, -1, 11.17283],
			"rotation": {"angle": 0, "axis": "y", "origin": [7.83217, 7.7587, 8.005]},
			"faces": {
				"north": {"uv": [7.5, 6.5, 8.5, 7.25], "texture": "#0"},
				"east": {"uv": [4.25, 7.5, 5.25, 8.25], "texture": "#0"},
				"south": {"uv": [7.5, 4.25, 8.5, 5], "texture": "#0"},
				"west": {"uv": [4.25, 7.5, 5.25, 8.25], "texture": "#0"},
				"up": {"uv": [8.5, 1, 7.5, 0], "rotation": 90, "texture": "#0"}
			}
		},
		{
			"from": [5.50993, 11, 7.33432],
			"to": [8.50993, 15, 10.33432],
			"rotation": {"angle": 45, "axis": "y", "origin": [7.83217, 7.7587, 8.005]},
			"faces": {
				"north": {"uv": [3.5, 8, 2.75, 9], "texture": "#0"},
				"east": {"uv": [2.75, 8, 3.5, 9], "texture": "#0"},
				"south": {"uv": [3.5, 8, 2.75, 9], "texture": "#0"},
				"west": {"uv": [2.75, 8, 3.5, 9], "texture": "#0"}
			}
		},
		{
			"from": [4.50993, 9, 6.33432],
			"to": [9.50993, 11, 11.33432],
			"rotation": {"angle": 45, "axis": "y", "origin": [7.83217, 7.7587, 8.005]},
			"faces": {
				"north": {"uv": [8.25, 8, 7, 8.5], "texture": "#0"},
				"east": {"uv": [7, 8, 8.25, 8.5], "texture": "#0"},
				"south": {"uv": [8.25, 8, 7, 8.5], "texture": "#0"},
				"west": {"uv": [7, 8, 8.25, 8.5], "texture": "#0"},
				"up": {"uv": [7, 4.25, 5.75, 3], "rotation": 90, "texture": "#0"},
				"down": {"uv": [7, 4.25, 5.75, 5.5], "rotation": 270, "texture": "#0"}
			}
		},
		{
			"from": [4.50993, 15, 6.33432],
			"to": [9.50993, 17, 11.33432],
			"rotation": {"angle": 45, "axis": "y", "origin": [7.83217, 7.7587, 8.005]},
			"faces": {
				"north": {"uv": [2, 8.5, 0.75, 9], "texture": "#0"},
				"east": {"uv": [0.75, 8.5, 2, 9], "texture": "#0"},
				"south": {"uv": [2, 8.5, 0.75, 9], "texture": "#0"},
				"west": {"uv": [0.75, 8.5, 2, 9], "texture": "#0"},
				"up": {"uv": [3.25, 7.25, 2, 6], "rotation": 90, "texture": "#0"},
				"down": {"uv": [7.5, 0, 6.25, 1.25], "rotation": 270, "texture": "#0"}
			}
		},
		{
			"from": [5.81717, -2.79595, -0.89809],
			"to": [9.85717, 0.03248, 1.93034],
			"rotation": {"angle": -45, "axis": "x", "origin": [7.83217, 7.7587, 8.005]},
			"faces": {
				"north": {"uv": [7.5, 7.25, 8.5, 8], "texture": "#0"},
				"east": {"uv": [4.25, 8.25, 5, 9], "texture": "#0"},
				"west": {"uv": [5, 8.25, 4.25, 9], "texture": "#0"},
				"down": {"uv": [8.75, 1, 8, 2], "rotation": 270, "texture": "#0"}
			}
		},
		{
			"from": [7.83717, -15.78071, 3.19154],
			"to": [7.83717, -4.78071, 6.19154],
			"rotation": {"angle": -22.5, "axis": "x", "origin": [7.83217, 7.7587, 8.005]},
			"faces": {
				"east": {"uv": [3.5, 4.5, 4.25, 7.25], "texture": "#0"},
				"west": {"uv": [3.5, 4.5, 4.25, 7.25], "texture": "#0"}
			}
		},
		{
			"from": [3.83717, 17.53668, -0.88936],
			"to": [11.83717, 23.53668, 5.11064],
			"rotation": {"angle": 22.5, "axis": "x", "origin": [7.83217, 7.7587, 8.005]},
			"faces": {
				"north": {"uv": [4.25, 0, 6.25, 1.5], "texture": "#0"},
				"east": {"uv": [2, 4.5, 3.5, 6], "texture": "#0"},
				"south": {"uv": [0, 4, 2, 5.5], "texture": "#0"},
				"west": {"uv": [3.5, 4.5, 2, 6], "texture": "#0"},
				"up": {"uv": [5.75, 3.5, 4.25, 1.5], "rotation": 90, "texture": "#0"},
				"down": {"uv": [5.75, 3.5, 4.25, 5.5], "rotation": 270, "texture": "#0"}
			}
		},
		{
			"from": [11.78717, 17.53668, 5.11064],
			"to": [11.83717, 23.53668, 9.11064],
			"rotation": {"angle": 22.5, "axis": "x", "origin": [7.83217, 7.7587, 8.005]},
			"faces": {
				"east": {"uv": [8.75, 2.75, 9.75, 4.25], "texture": "#0"},
				"west": {"uv": [9.75, 2.75, 8.75, 4.25], "texture": "#0"}
			}
		},
		{
			"from": [3.83717, 17.53668, 5.11064],
			"to": [3.88717, 23.53668, 9.11064],
			"rotation": {"angle": 22.5, "axis": "x", "origin": [7.83217, 7.7587, 8.005]},
			"faces": {
				"east": {"uv": [8.75, 2.75, 9.75, 4.25], "texture": "#0"},
				"west": {"uv": [9.75, 2.75, 8.75, 4.25], "texture": "#0"}
			}
		},
		{
			"from": [4.83717, 17.53668, -5.88936],
			"to": [10.83717, 21.53668, -0.88936],
			"rotation": {"angle": 22.5, "axis": "x", "origin": [7.83217, 7.7587, 8.005]},
			"faces": {
				"north": {"uv": [6.5, 5.5, 8, 6.5], "texture": "#0"},
				"east": {"uv": [5.25, 7, 6.5, 8], "texture": "#0"},
				"west": {"uv": [6.5, 7, 5.25, 8], "texture": "#0"},
				"up": {"uv": [6.5, 7, 5.25, 5.5], "rotation": 90, "texture": "#0"},
				"down": {"uv": [7, 1.5, 5.75, 3], "rotation": 270, "texture": "#0"}
			}
		},
		{
			"from": [4.83717, 15.53668, -5.88936],
			"to": [10.83717, 17.53668, -0.88936],
			"rotation": {"angle": 22.5, "axis": "x", "origin": [7.83217, 7.7587, 8.005]},
			"faces": {
				"north": {"uv": [8, 5.75, 9.5, 6.25], "texture": "#0"},
				"east": {"uv": [8.5, 0.5, 9.75, 1], "texture": "#0"},
				"west": {"uv": [9.75, 0.5, 8.5, 1], "texture": "#0"}
			}
		},
		{
			"from": [10.83717, 17.53668, -0.88936],
			"to": [4.83717, 15.53668, -5.88936],
			"rotation": {"angle": 22.5, "axis": "x", "origin": [7.83217, 7.7587, 8.005]},
			"faces": {
				"east": {"uv": [9.75, 1, 8.5, 0.5], "texture": "#0"},
				"south": {"uv": [8, 6.25, 9.5, 5.75], "texture": "#0"},
				"west": {"uv": [8.5, 1, 9.75, 0.5], "texture": "#0"}
			}
		},
		{
			"from": [4.83717, 21.53668, -5.88936],
			"to": [10.83717, 22.53668, -2.88936],
			"rotation": {"angle": 22.5, "axis": "x", "origin": [7.83217, 7.7587, 8.005]},
			"faces": {
				"north": {"uv": [8.5, 7, 10, 7.25], "texture": "#0"},
				"east": {"uv": [6.25, 1.25, 7, 1.5], "texture": "#0"},
				"south": {"uv": [7, 8.5, 8.5, 8.75], "texture": "#0"},
				"west": {"uv": [7, 1.25, 6.25, 1.5], "texture": "#0"},
				"up": {"uv": [2.75, 8.75, 2, 7.25], "rotation": 90, "texture": "#0"}
			}
		},
		{
			"from": [4.83717, 17, 4.17283],
			"to": [10.83717, 23, 13.17283],
			"rotation": {"angle": 0, "axis": "y", "origin": [7.83217, 7.7587, 8.005]},
			"faces": {
				"east": {"uv": [2, 0, 4.25, 1.5], "texture": "#0"},
				"west": {"uv": [4.25, 0, 2, 1.5], "texture": "#0"},
				"up": {"uv": [4.25, 3, 2, 1.5], "rotation": 90, "texture": "#0"},
				"down": {"uv": [4.25, 3, 2, 4.5], "rotation": 270, "texture": "#0"}
			}
		},
		{
			"from": [3.83717, 16, 13.17283],
			"to": [11.83717, 24, 17.17283],
			"rotation": {"angle": 0, "axis": "y", "origin": [7.83217, 7.7587, 8.005]},
			"faces": {
				"north": {"uv": [0, 2, 2, 4], "texture": "#0"},
				"east": {"uv": [0, 5.5, 1, 7.5], "texture": "#0"},
				"south": {"uv": [0, 0, 2, 2], "texture": "#0"},
				"west": {"uv": [1, 5.5, 0, 7.5], "texture": "#0"},
				"up": {"uv": [2, 7.5, 1, 5.5], "rotation": 90, "texture": "#0"},
				"down": {"uv": [5.25, 5.5, 4.25, 7.5], "rotation": 270, "texture": "#0"}
			}
		},
		{
			"from": [5.83717, 12.7604, 23.14354],
			"to": [9.83717, 15.58883, 25.97197],
			"rotation": {"angle": -45, "axis": "x", "origin": [7.83217, 7.7587, 8.005]},
			"faces": {
				"east": {"uv": [9.25, 5, 8.5, 4.25], "texture": "#0"},
				"south": {"uv": [8, 5, 9, 5.75], "texture": "#0"},
				"west": {"uv": [8.5, 5, 9.25, 4.25], "texture": "#0"},
				"up": {"uv": [4.25, 9, 3.5, 8], "rotation": 90, "texture": "#0"}
			}
		},
		{
			"from": [5.83717, 17.24038, 5.83173],
			"to": [9.83717, 20.06881, 8.66016],
			"rotation": {"angle": 45, "axis": "x", "origin": [7.83217, 7.7587, 8.005]},
			"faces": {
				"east": {"uv": [9.25, 6.25, 8.5, 7], "texture": "#0"},
				"south": {"uv": [5.25, 8, 6.25, 8.75], "texture": "#0"},
				"west": {"uv": [8.5, 6.25, 9.25, 7], "texture": "#0"},
				"down": {"uv": [7, 8, 6.25, 9], "rotation": 270, "texture": "#0"}
			}
		},
		{
			"from": [4.81717, 17.53469, 5.14908],
			"to": [10.85717, 20.53469, 9.14908],
			"rotation": {"angle": -22.5, "axis": "x", "origin": [7.83217, 7.7587, 8.005]},
			"faces": {
				"north": {"uv": [2.75, 7.25, 4.25, 8], "texture": "#0"},
				"east": {"uv": [8, 2, 9, 2.75], "texture": "#0"},
				"west": {"uv": [9, 2, 8, 2.75], "texture": "#0"},
				"up": {"uv": [7.5, 8, 6.5, 6.5], "rotation": 90, "texture": "#0"},
				"down": {"uv": [8, 1.25, 7, 2.75], "rotation": 270, "texture": "#0"}
			}
		},
		{
			"from": [4.83717, 20.53469, 5.14908],
			"to": [10.83717, 21.53469, 8.14908],
			"rotation": {"angle": -22.5, "axis": "x", "origin": [7.83217, 7.7587, 8.005]},
			"faces": {
				"north": {"uv": [8.5, 7.75, 10, 8], "texture": "#0"},
				"east": {"uv": [7, 5.25, 7.75, 5.5], "texture": "#0"},
				"west": {"uv": [7.75, 5.25, 7, 5.5], "texture": "#0"}
			}
		},
		{
			"from": [10.83717, 21.53469, 8.14908],
			"to": [4.83717, 20.53469, 5.14908],
			"rotation": {"angle": -22.5, "axis": "x", "origin": [7.83217, 7.7587, 8.005]},
			"faces": {
				"east": {"uv": [7.75, 5.5, 7, 5.25], "texture": "#0"},
				"south": {"uv": [8.5, 8, 10, 7.75], "texture": "#0"},
				"west": {"uv": [7, 5.5, 7.75, 5.25], "texture": "#0"}
			}
		},
		{
			"from": [11.80717, 23.65, 9.07283],
			"to": [11.85717, 27.65, 13.07283],
			"rotation": {"angle": 0, "axis": "y", "origin": [7.83217, 7.7587, 8.005]},
			"faces": {
				"east": {"uv": [0.75, 7.5, 1.75, 8.5], "texture": "#0"},
				"west": {"uv": [1.75, 7.5, 0.75, 8.5], "texture": "#0"}
			}
		},
		{
			"from": [2.83717, 23.65, 6.07283],
			"to": [5.83717, 25.65, 11.07283],
			"rotation": {"angle": 0, "axis": "y", "origin": [7.83217, 7.7587, 8.005]},
			"faces": {
				"north": {"uv": [9.25, 8.5, 8.5, 9], "texture": "#0"},
				"east": {"uv": [9.75, 0, 8.5, 0.5], "texture": "#0"},
				"south": {"uv": [9.25, 7.25, 8.5, 7.75], "texture": "#0"},
				"west": {"uv": [9.5, 8, 8.25, 8.5], "texture": "#0"},
				"up": {"uv": [8.75, 2.75, 7.5, 3.5], "rotation": 90, "texture": "#0"},
				"down": {"uv": [8.75, 4.25, 7.5, 3.5], "rotation": 270, "texture": "#0"}
			}
		},
		{
			"from": [3.80717, 23.65, 9.07283],
			"to": [3.85717, 27.65, 13.07283],
			"rotation": {"angle": 0, "axis": "y", "origin": [7.83217, 7.7587, 8.005]},
			"faces": {
				"east": {"uv": [0.75, 7.5, 1.75, 8.5], "texture": "#0"},
				"west": {"uv": [1.75, 7.5, 0.75, 8.5], "texture": "#0"}
			}
		},
		{
			"from": [9.83717, 23.65, 6.07283],
			"to": [12.83717, 25.65, 11.07283],
			"rotation": {"angle": 0, "axis": "y", "origin": [7.83217, 7.7587, 8.005]},
			"faces": {
				"north": {"uv": [8.5, 8.5, 9.25, 9], "texture": "#0"},
				"east": {"uv": [8.25, 8, 9.5, 8.5], "texture": "#0"},
				"south": {"uv": [8.5, 7.25, 9.25, 7.75], "texture": "#0"},
				"west": {"uv": [8.5, 0, 9.75, 0.5], "texture": "#0"},
				"up": {"uv": [8.75, 3.5, 7.5, 2.75], "rotation": 90, "texture": "#0"},
				"down": {"uv": [8.75, 3.5, 7.5, 4.25], "rotation": 270, "texture": "#0"}
			}
		},
		{
			"from": [7.78717, 9, 2.67283],
			"to": [7.83717, 13, 5.67283],
			"rotation": {"angle": 0, "axis": "y", "origin": [7.83217, 7.7587, 8.005]},
			"faces": {
				"east": {"uv": [0, 7.5, 0.75, 8.5], "texture": "#0"},
				"west": {"uv": [0.75, 7.5, 0, 8.5], "texture": "#0"}
			}
		},
		{
			"from": [7.78717, 9, 12.67283],
			"to": [7.83717, 13, 15.67283],
			"rotation": {"angle": 0, "axis": "y", "origin": [7.83217, 7.7587, 8.005]},
			"faces": {
				"east": {"uv": [0.75, 7.5, 0, 8.5], "texture": "#0"},
				"west": {"uv": [0, 7.5, 0.75, 8.5], "texture": "#0"}
			}
		},
		{
			"from": [7.78717, -1.12101, 14.2835],
			"to": [7.83717, 2.87899, 17.2835],
			"rotation": {"angle": 22.5, "axis": "x", "origin": [7.83217, 7.7587, 8.005]},
			"faces": {
				"east": {"uv": [0.75, 7.5, 0, 8.5], "texture": "#0"},
				"west": {"uv": [0, 7.5, 0.75, 8.5], "texture": "#0"}
			}
		},
		{
			"from": [7.78717, -2.01483, 0.88436],
			"to": [7.83717, 1.98517, 3.88436],
			"rotation": {"angle": -22.5, "axis": "x", "origin": [7.83217, 7.7587, 8.005]},
			"faces": {
				"east": {"uv": [0, 7.5, 0.75, 8.5], "texture": "#0"},
				"west": {"uv": [0.75, 7.5, 0, 8.5], "texture": "#0"}
			}
		}
	],
	"gui_light": "front",
	"display": {
		"thirdperson_righthand": {
			"translation": [0.75, 2, 0.75],
			"scale": [0.8, 0.8, 0.8]
		},
		"thirdperson_lefthand": {
			"translation": [0.75, 2, 0.75],
			"scale": [0.8, 0.8, 0.8]
		},
		"firstperson_righthand": {
			"rotation": [0, 22, 0],
			"translation": [1, 1.25, -1.75],
			"scale": [0.54883, 0.54883, 0.54883]
		},
		"firstperson_lefthand": {
			"rotation": [0, 22, 0],
			"translation": [1, 1.25, -1.75],
			"scale": [0.54883, 0.54883, 0.54883]
		},
		"ground": {
			"rotation": [94, 85, 0],
			"translation": [0, 0.25, -0.75],
			"scale": [0.5, 0.5, 0.5]
		},
		"gui": {
			"rotation": [-90, 45, 88],
			"translation": [1.25, -1.75, 0],
			"scale": [0.515, 0.515, 0.515]
		},
		"head": {
			"rotation": [90, -171, 90],
			"translation": [-2.25, 9.25, 0.25],
			"scale": [0.7, 0.7, 0.7]
		},
		"fixed": {
			"rotation": [-3, 90, 0],
			"translation": [-1.25, -6.75, -5.5],
			"scale": [1.42109, 1.42109, 1.42109]
		}
	}
}