{
	"credit": "by w11shes",
	"texture_size": [32, 32],
	"textures": {
		"2": "elitecreatures:lunar_assortment/lunar_hoe",
		"particle": "elitecreatures:lunar_assortment/lunar_hoe"
	},
	"elements": [
		{
			"from": [8.5, -15.75, 7.3],
			"to": [8.55, -4.75, 10.3],
			"rotation": {"angle": 22.5, "axis": "x", "origin": [8.5, -5.25, 8]},
			"faces": {
				"east": {"uv": [3, 0, 4.5, 5.5], "texture": "#2"},
				"west": {"uv": [3, 0, 4.5, 5.5], "texture": "#2"}
			}
		},
		{
			"from": [6.5, -4, 7.5],
			"to": [10.5, -1, 11.5],
			"rotation": {"angle": 0, "axis": "y", "origin": [0, 14, 6.75]},
			"faces": {
				"north": {"uv": [9.5, 4, 11.5, 5.5], "texture": "#2"},
				"east": {"uv": [9, 8, 11, 9.5], "texture": "#2"},
				"south": {"uv": [9.5, 5.5, 11.5, 7], "texture": "#2"},
				"west": {"uv": [9, 8, 11, 9.5], "texture": "#2"},
				"up": {"uv": [9.5, 6, 7.5, 4], "rotation": 270, "texture": "#2"}
			}
		},
		{
			"from": [6.48, -6.82843, 8.67157],
			"to": [10.52, -4, 11.5],
			"rotation": {"angle": 45, "axis": "x", "origin": [6.5, -4, 11.5]},
			"faces": {
				"east": {"uv": [12, 0, 10.5, 1.5], "texture": "#2"},
				"south": {"uv": [9, 9.5, 11, 11], "texture": "#2"},
				"west": {"uv": [10.5, 0, 12, 1.5], "texture": "#2"},
				"down": {"uv": [2.5, 10, 1, 12], "rotation": 90, "texture": "#2"}
			}
		},
		{
			"from": [8.5, -3, 10.5],
			"to": [8.55, 1, 13.5],
			"rotation": {"angle": 22.5, "axis": "x", "origin": [8.5, -1, 11.5]},
			"faces": {
				"east": {"uv": [4, 10, 2.5, 12], "texture": "#2"},
				"west": {"uv": [2.5, 10, 4, 12], "texture": "#2"}
			}
		},
		{
			"from": [8.5, -3, 5.5],
			"to": [8.55, 1, 8.5],
			"rotation": {"angle": -22.5, "axis": "x", "origin": [8.5, -1, 7.5]},
			"faces": {
				"east": {"uv": [2.5, 10, 4, 12], "texture": "#2"},
				"west": {"uv": [4, 10, 2.5, 12], "texture": "#2"}
			}
		},
		{
			"from": [7.5, -1, 8.5],
			"to": [9.5, 10, 10.5],
			"rotation": {"angle": 0, "axis": "y", "origin": [0.5, 16, 6.25]},
			"faces": {
				"north": {"uv": [1, 7, 0, 12.5], "texture": "#2"},
				"east": {"uv": [0, 7, 1, 12.5], "texture": "#2"},
				"south": {"uv": [1, 7, 0, 12.5], "texture": "#2"},
				"west": {"uv": [0, 7, 1, 12.5], "texture": "#2"}
			}
		},
		{
			"from": [6, 10, 7],
			"to": [11, 12, 12],
			"rotation": {"angle": 45, "axis": "y", "origin": [8.5, 12.25, 9.5]},
			"faces": {
				"north": {"uv": [12, 7, 9.5, 8], "texture": "#2"},
				"east": {"uv": [9.5, 7, 12, 8], "texture": "#2"},
				"south": {"uv": [12, 7, 9.5, 8], "texture": "#2"},
				"west": {"uv": [9.5, 7, 12, 8], "texture": "#2"},
				"up": {"uv": [2.5, 7, 0, 4.5], "rotation": 270, "texture": "#2"},
				"down": {"uv": [7, 3, 4.5, 5.5], "rotation": 90, "texture": "#2"}
			}
		},
		{
			"from": [6, 17, 7],
			"to": [11, 19, 12],
			"rotation": {"angle": 45, "axis": "y", "origin": [8.5, 11.25, 9.5]},
			"faces": {
				"north": {"uv": [8, 10, 5.5, 11], "texture": "#2"},
				"east": {"uv": [5.5, 10, 8, 11], "texture": "#2"},
				"south": {"uv": [8, 10, 5.5, 11], "texture": "#2"},
				"west": {"uv": [5.5, 10, 8, 11], "texture": "#2"},
				"up": {"uv": [5, 8, 2.5, 5.5], "rotation": 270, "texture": "#2"},
				"down": {"uv": [7.5, 5.5, 5, 8], "rotation": 90, "texture": "#2"}
			}
		},
		{
			"from": [7, 12, 8],
			"to": [10, 17, 11],
			"rotation": {"angle": 45, "axis": "y", "origin": [8.5, 14, 9.5]},
			"faces": {
				"north": {"uv": [10.5, 0, 9, 2.5], "texture": "#2"},
				"east": {"uv": [9, 0, 10.5, 2.5], "texture": "#2"},
				"south": {"uv": [10.5, 0, 9, 2.5], "texture": "#2"},
				"west": {"uv": [9, 0, 10.5, 2.5], "texture": "#2"}
			}
		},
		{
			"from": [6.5, 18, 5.5],
			"to": [10.5, 22, 9.5],
			"rotation": {"angle": 45, "axis": "x", "origin": [8.5, 18, 9.5]},
			"faces": {
				"north": {"uv": [1, 8, 3, 10], "texture": "#2"},
				"east": {"uv": [9.5, 6, 7.5, 8], "texture": "#2"},
				"south": {"uv": [3, 8, 5, 10], "texture": "#2"},
				"west": {"uv": [7.5, 6, 9.5, 8], "texture": "#2"},
				"up": {"uv": [7, 10, 5, 8], "rotation": 270, "texture": "#2"},
				"down": {"uv": [9, 8, 7, 10], "rotation": 90, "texture": "#2"}
			}
		},
		{
			"from": [7, 14, 0.9],
			"to": [10, 16, 8.9],
			"rotation": {"angle": 0, "axis": "y", "origin": [8.5, 16.75, 7.9]},
			"faces": {
				"north": {"uv": [1, 7, 2.5, 8], "texture": "#2"},
				"east": {"uv": [11.5, 3, 7.5, 4], "texture": "#2"},
				"west": {"uv": [7.5, 3, 11.5, 4], "texture": "#2"},
				"up": {"uv": [9, 1.5, 5, 0], "rotation": 270, "texture": "#2"},
				"down": {"uv": [9, 1.5, 5, 3], "rotation": 90, "texture": "#2"}
			}
		},
		{
			"from": [8.5, 17, 13.03553],
			"to": [8.55, 21, 16.03553],
			"rotation": {"angle": 0, "axis": "y", "origin": [0.5, 17, 16.53553]},
			"faces": {
				"east": {"uv": [5.5, 10, 4, 12], "texture": "#2"},
				"west": {"uv": [4, 10, 5.5, 12], "texture": "#2"}
			}
		},
		{
			"from": [8.5, 17, 2.96447],
			"to": [8.55, 21, 5.96447],
			"rotation": {"angle": 0, "axis": "y", "origin": [0.5, 17, 2.46447]},
			"faces": {
				"east": {"uv": [4, 10, 5.5, 12], "texture": "#2"},
				"west": {"uv": [5.5, 10, 4, 12], "texture": "#2"}
			}
		},
		{
			"from": [4, 15, -5.1],
			"to": [13, 15.05, 0.9],
			"rotation": {"angle": -45, "axis": "x", "origin": [8.5, 15, 0.9]},
			"faces": {
				"up": {"uv": [3, 4.5, 0, 0], "rotation": 270, "texture": "#2"},
				"down": {"uv": [3, 4.5, 0, 0], "rotation": 90, "texture": "#2"}
			}
		}
	],
	"gui_light": "front",
	"display": {
		"thirdperson_righthand": {
			"translation": [-0.25, 1, 0.5],
			"scale": [0.75, 0.75, 0.75]
		},
		"thirdperson_lefthand": {
			"translation": [-0.25, 1, 0.5],
			"scale": [0.75, 0.75, 0.75]
		},
		"firstperson_righthand": {
			"rotation": [-11.92, 21.86, 6.48],
			"translation": [1.5, 2.75, -1.5],
			"scale": [0.54883, 0.54883, 0.54883]
		},
		"firstperson_lefthand": {
			"rotation": [-11.92, 21.86, 6.48],
			"translation": [1.5, 2.75, -1.5],
			"scale": [0.54883, 0.54883, 0.54883]
		},
		"ground": {
			"rotation": [94, 85, 0],
			"translation": [0, 0.25, -0.75],
			"scale": [0.5, 0.5, 0.5]
		},
		"gui": {
			"rotation": [-58, 43, 62],
			"translation": [-0.5, 0.25, 0],
			"scale": [0.515, 0.515, 0.515]
		},
		"head": {
			"rotation": [90, -171, 90],
			"translation": [2, 9.25, 0.25],
			"scale": [0.7, 0.7, 0.7]
		},
		"fixed": {
			"rotation": [0, 90, 0],
			"translation": [1.5, -3, -1.25],
			"scale": [1.42109, 1.42109, 1.42109]
		}
	}
}