{
	"credit": "by w11shes",
	"texture_size": [32, 32],
	"textures": {
		"2": "elitecreatures:lunar_assortment/lunar_glaive",
		"particle": "elitecreatures:lunar_assortment/lunar_glaive_e"
	},
	"elements": [
		{
			"from": [6.8, -6.63511, 6.8],
			"to": [9.2, -4.83511, 9.2],
			"rotation": {"angle": 0, "axis": "y", "origin": [8, 5.66223, 8]},
			"faces": {
				"north": {"uv": [11.5, 2, 13.5, 3.5], "texture": "#2"},
				"east": {"uv": [11, 10, 13, 11.5], "texture": "#2"},
				"south": {"uv": [11.5, 3.5, 13.5, 5], "texture": "#2"},
				"west": {"uv": [11, 10, 13, 11.5], "texture": "#2"},
				"up": {"uv": [3.5, 12.5, 1.5, 10.5], "rotation": 270, "texture": "#2"}
			}
		},
		{
			"from": [6.788, -3.88183, 15.847],
			"to": [9.212, -2.18477, 17.54406],
			"rotation": {"angle": 45, "axis": "x", "origin": [8, 5.66223, 8]},
			"faces": {
				"east": {"uv": [8, 12.5, 6.5, 14], "texture": "#2"},
				"south": {"uv": [11.5, 5, 13.5, 6.5], "texture": "#2"},
				"west": {"uv": [6.5, 12.5, 8, 14], "texture": "#2"},
				"down": {"uv": [12, 11.5, 10.5, 13.5], "rotation": 90, "texture": "#2"}
			}
		},
		{
			"from": [7.4, 2.16489, 7.4],
			"to": [8.6, 11.16489, 8.6],
			"rotation": {"angle": 0, "axis": "y", "origin": [8, 9.66223, 8]},
			"faces": {
				"north": {"uv": [6.5, 5.5, 5.5, 13], "texture": "#2"},
				"east": {"uv": [5.5, 5.5, 6.5, 13], "texture": "#2"},
				"south": {"uv": [6.5, 5.5, 5.5, 13], "texture": "#2"},
				"west": {"uv": [5.5, 5.5, 6.5, 13], "texture": "#2"}
			}
		},
		{
			"from": [7.4, -6.83511, 7.4],
			"to": [8.6, 2.16489, 8.6],
			"rotation": {"angle": 0, "axis": "y", "origin": [8, 9.66223, 8]},
			"faces": {
				"north": {"uv": [6.5, 5.5, 5.5, 13], "texture": "#2"},
				"east": {"uv": [5.5, 5.5, 6.5, 13], "texture": "#2"},
				"south": {"uv": [6.5, 5.5, 5.5, 13], "texture": "#2"},
				"west": {"uv": [5.5, 5.5, 6.5, 13], "texture": "#2"}
			}
		},
		{
			"from": [6.5, 8.16489, 6.5],
			"to": [9.5, 9.36489, 9.5],
			"rotation": {"angle": 45, "axis": "y", "origin": [8, 9.66223, 8]},
			"faces": {
				"north": {"uv": [6, 13, 3.5, 14], "texture": "#2"},
				"east": {"uv": [3.5, 13, 6, 14], "texture": "#2"},
				"south": {"uv": [6, 13, 3.5, 14], "texture": "#2"},
				"west": {"uv": [3.5, 13, 6, 14], "texture": "#2"},
				"up": {"uv": [9.5, 5, 7, 2.5], "rotation": 270, "texture": "#2"},
				"down": {"uv": [9, 8, 6.5, 10.5], "rotation": 90, "texture": "#2"}
			}
		},
		{
			"from": [7.1, 9.36489, 7.1],
			"to": [8.9, 12.96489, 8.9],
			"rotation": {"angle": 45, "axis": "y", "origin": [8, 9.66223, 8]},
			"faces": {
				"north": {"uv": [1.5, 10.5, 0, 13.5], "texture": "#2"},
				"east": {"uv": [0, 10.5, 1.5, 13.5], "texture": "#2"},
				"south": {"uv": [1.5, 10.5, 0, 13.5], "texture": "#2"},
				"west": {"uv": [0, 10.5, 1.5, 13.5], "texture": "#2"}
			}
		},
		{
			"from": [8, -4.77683, 12.52581],
			"to": [8.03, -2.37683, 14.32581],
			"rotation": {"angle": 22.5, "axis": "x", "origin": [8, 5.66223, 8]},
			"faces": {
				"east": {"uv": [11.5, 0, 10, 2], "texture": "#2"},
				"west": {"uv": [10, 0, 11.5, 2], "texture": "#2"}
			}
		},
		{
			"from": [8, -4.77683, 1.67419],
			"to": [8.03, -2.37683, 3.47419],
			"rotation": {"angle": -22.5, "axis": "x", "origin": [8, 5.66223, 8]},
			"faces": {
				"east": {"uv": [10, 0, 11.5, 2], "texture": "#2"},
				"west": {"uv": [11.5, 0, 10, 2], "texture": "#2"}
			}
		},
		{
			"from": [8, 8.16489, 4.1],
			"to": [8.03, 10.56489, 6.5],
			"rotation": {"angle": 0, "axis": "y", "origin": [8, 9.66223, 8]},
			"faces": {
				"east": {"uv": [10.5, 11, 8.5, 13], "texture": "#2"},
				"west": {"uv": [8.5, 11, 10.5, 13], "texture": "#2"}
			}
		},
		{
			"from": [8, 8.16489, 9.5],
			"to": [8.03, 10.56489, 11.9],
			"rotation": {"angle": 0, "axis": "y", "origin": [8, 9.66223, 8]},
			"faces": {
				"east": {"uv": [8.5, 11, 10.5, 13], "texture": "#2"},
				"west": {"uv": [10.5, 11, 8.5, 13], "texture": "#2"}
			}
		},
		{
			"from": [8, 17.86489, 4.4],
			"to": [8.03, 30.46489, 11],
			"rotation": {"angle": 0, "axis": "y", "origin": [8, 9.66223, 8]},
			"faces": {
				"east": {"uv": [5.5, 0, 0, 10.5], "texture": "#2"},
				"west": {"uv": [0, 0, 5.5, 10.5], "texture": "#2"}
			}
		},
		{
			"from": [7.7, 11.76489, 6.8],
			"to": [8.3, 18.96489, 8.6],
			"rotation": {"angle": 0, "axis": "y", "origin": [8, 9.66223, 8]},
			"faces": {
				"north": {"uv": [2, 4.5, 2.5, 10.5], "texture": "#2"},
				"east": {"uv": [3.5, 4.5, 2, 10.5], "texture": "#2"},
				"south": {"uv": [3, 4.5, 3.5, 10.5], "texture": "#2"},
				"west": {"uv": [2, 4.5, 3.5, 10.5], "texture": "#2"}
			}
		},
		{
			"from": [7.7, 18.96489, 5.6],
			"to": [8.3, 22.56489, 8.6],
			"rotation": {"angle": 0, "axis": "y", "origin": [8, 9.66223, 8]},
			"faces": {
				"north": {"uv": [1, 1.5, 1.5, 4.5], "texture": "#2"},
				"east": {"uv": [3.5, 1.5, 1, 4.5], "texture": "#2"},
				"south": {"uv": [3, 1.5, 3.5, 4.5], "texture": "#2"},
				"west": {"uv": [1, 1.5, 3.5, 4.5], "texture": "#2"},
				"up": {"uv": [3.5, 1.5, 1, 2], "rotation": 270, "texture": "#2"},
				"down": {"uv": [3.5, 4, 1, 4.5], "rotation": 90, "texture": "#2"}
			}
		},
		{
			"from": [6.2, 12.38081, 5.81361],
			"to": [9.8, 15.38081, 8.21361],
			"rotation": {"angle": 22.5, "axis": "x", "origin": [8, 9.66223, 8]},
			"faces": {
				"north": {"uv": [6.5, 5.5, 9.5, 8], "texture": "#2"},
				"east": {"uv": [11.5, 8, 9.5, 5.5], "texture": "#2"},
				"south": {"uv": [7, 0, 10, 2.5], "texture": "#2"},
				"west": {"uv": [9.5, 5.5, 11.5, 8], "texture": "#2"},
				"up": {"uv": [11, 11, 9, 8], "rotation": 270, "texture": "#2"},
				"down": {"uv": [11.5, 2.5, 9.5, 5.5], "rotation": 90, "texture": "#2"}
			}
		},
		{
			"from": [6.788, 12.96489, 6.2],
			"to": [9.212, 15.36489, 7.4],
			"rotation": {"angle": 0, "axis": "y", "origin": [8, 9.66223, 8]},
			"faces": {
				"north": {"uv": [3.5, 10.5, 5.5, 12.5], "texture": "#2"},
				"east": {"uv": [14, 8, 13, 10], "texture": "#2"},
				"south": {"uv": [6.5, 10.5, 8.5, 12.5], "texture": "#2"},
				"west": {"uv": [13, 8, 14, 10], "texture": "#2"},
				"down": {"uv": [10.5, 13, 9.5, 15], "rotation": 90, "texture": "#2"}
			}
		},
		{
			"from": [6.8, 14.11888, 10.40813],
			"to": [9.2, 15.91888, 11.60813],
			"rotation": {"angle": -45, "axis": "x", "origin": [8, 9.66223, 8]},
			"faces": {
				"north": {"uv": [11.5, 6.5, 13.5, 8], "texture": "#2"},
				"east": {"uv": [2, 14, 1, 15.5], "texture": "#2"},
				"south": {"uv": [12, 11.5, 14, 13], "texture": "#2"},
				"west": {"uv": [1, 14, 2, 15.5], "texture": "#2"},
				"up": {"uv": [13, 15, 12, 13], "rotation": 270, "texture": "#2"}
			}
		},
		{
			"from": [6.8, 14.11888, 11.60813],
			"to": [9.2, 15.91888, 12.20813],
			"rotation": {"angle": -45, "axis": "x", "origin": [8, 9.66223, 8]},
			"faces": {
				"east": {"uv": [5.5, 14, 6, 15.5], "texture": "#2"},
				"west": {"uv": [5.5, 14, 6, 15.5], "texture": "#2"},
				"up": {"uv": [6.5, 15, 6, 13], "rotation": 270, "texture": "#2"}
			}
		},
		{
			"from": [9.2, 15.91888, 12.20813],
			"to": [6.8, 14.11888, 11.60813],
			"rotation": {"angle": -45, "axis": "x", "origin": [8, 9.66223, 8]},
			"faces": {
				"east": {"uv": [5.5, 15.5, 6, 14], "texture": "#2"},
				"west": {"uv": [5.5, 15.5, 6, 14], "texture": "#2"},
				"down": {"uv": [6, 15, 6.5, 13], "rotation": 90, "texture": "#2"}
			}
		},
		{
			"from": [6.8, 15.38081, 4.61361],
			"to": [9.2, 17.18081, 5.81361],
			"rotation": {"angle": 22.5, "axis": "x", "origin": [8, 9.66223, 8]},
			"faces": {
				"east": {"uv": [3, 14, 2, 15.5], "texture": "#2"},
				"west": {"uv": [2, 14, 3, 15.5], "texture": "#2"},
				"up": {"uv": [14, 15, 13, 13], "rotation": 270, "texture": "#2"}
			}
		},
		{
			"from": [9.2, 17.1808, 5.81361],
			"to": [6.8, 15.3808, 4.61361],
			"rotation": {"angle": 22.5, "axis": "x", "origin": [8, 9.66223, 8]},
			"faces": {
				"east": {"uv": [2, 15.5, 3, 14], "texture": "#2"},
				"west": {"uv": [3, 15.5, 2, 14], "texture": "#2"},
				"down": {"uv": [13, 15, 14, 13], "rotation": 90, "texture": "#2"}
			}
		},
		{
			"from": [6.8, 15.38081, 5.81361],
			"to": [9.2, 17.18081, 7.01361],
			"rotation": {"angle": 22.5, "axis": "x", "origin": [8, 9.66223, 8]},
			"faces": {
				"north": {"uv": [12.5, 0, 14.5, 1.5], "texture": "#2"},
				"east": {"uv": [4, 14, 3, 15.5], "texture": "#2"},
				"south": {"uv": [1.5, 12.5, 3.5, 14], "texture": "#2"},
				"west": {"uv": [3, 14, 4, 15.5], "texture": "#2"},
				"up": {"uv": [1, 15.5, 0, 13.5], "rotation": 270, "texture": "#2"}
			}
		},
		{
			"from": [6.8, 15.98081, 7.01361],
			"to": [9.2, 17.18081, 7.61361],
			"rotation": {"angle": 22.5, "axis": "x", "origin": [8, 9.66223, 8]},
			"faces": {
				"east": {"uv": [14, 7.5, 14.5, 8.5], "texture": "#2"},
				"south": {"uv": [13, 10, 15, 11], "texture": "#2"},
				"west": {"uv": [7.5, 14, 8, 15], "texture": "#2"},
				"up": {"uv": [12, 15.5, 11.5, 13.5], "rotation": 270, "texture": "#2"},
				"down": {"uv": [4.5, 14, 4, 16], "rotation": 90, "texture": "#2"}
			}
		},
		{
			"from": [5.6, 12.36489, 9.2],
			"to": [6.8, 14.76489, 10.4],
			"rotation": {"angle": 0, "axis": "y", "origin": [8, 9.66223, 8]},
			"faces": {
				"north": {"uv": [13.5, 3.5, 14.5, 5.5], "texture": "#2"},
				"east": {"uv": [13.5, 5.5, 14.5, 7.5], "texture": "#2"},
				"south": {"uv": [10.5, 13.5, 11.5, 15.5], "texture": "#2"},
				"west": {"uv": [13.5, 1.5, 14.5, 3.5], "texture": "#2"},
				"up": {"uv": [5.5, 15, 4.5, 14], "rotation": 270, "texture": "#2"},
				"down": {"uv": [7.5, 14, 6.5, 15], "rotation": 90, "texture": "#2"}
			}
		},
		{
			"from": [6.17, 11.76489, 9.8],
			"to": [6.2, 13.56489, 11.6],
			"rotation": {"angle": 0, "axis": "y", "origin": [8, 9.66223, 8]},
			"faces": {
				"east": {"uv": [9.5, 13, 8, 14.5], "texture": "#2"},
				"west": {"uv": [8, 13, 9.5, 14.5], "texture": "#2"}
			}
		},
		{
			"from": [9.2, 12.36489, 9.2],
			"to": [10.4, 14.76489, 10.4],
			"rotation": {"angle": 0, "axis": "y", "origin": [8, 9.66223, 8]},
			"faces": {
				"north": {"uv": [14.5, 3.5, 13.5, 5.5], "texture": "#2"},
				"east": {"uv": [14.5, 1.5, 13.5, 3.5], "texture": "#2"},
				"south": {"uv": [11.5, 13.5, 10.5, 15.5], "texture": "#2"},
				"west": {"uv": [14.5, 5.5, 13.5, 7.5], "texture": "#2"},
				"up": {"uv": [5.5, 14, 4.5, 15], "rotation": 270, "texture": "#2"},
				"down": {"uv": [7.5, 15, 6.5, 14], "rotation": 90, "texture": "#2"}
			}
		},
		{
			"from": [9.8, 11.76489, 9.8],
			"to": [9.83, 13.56489, 11.6],
			"rotation": {"angle": 0, "axis": "y", "origin": [8, 9.66223, 8]},
			"faces": {
				"east": {"uv": [9.5, 13, 8, 14.5], "texture": "#2"},
				"west": {"uv": [8, 13, 9.5, 14.5], "texture": "#2"}
			}
		},
		{
			"from": [6.2, 9.98081, 5.81361],
			"to": [6.23, 12.38081, 8.21361],
			"rotation": {"angle": 22.5, "axis": "x", "origin": [8, 9.66223, 8]},
			"faces": {
				"east": {"uv": [13, 8, 11, 10], "texture": "#2"},
				"west": {"uv": [11, 8, 13, 10], "texture": "#2"}
			}
		},
		{
			"from": [9.77, 9.98081, 5.81361],
			"to": [9.8, 12.38081, 8.21361],
			"rotation": {"angle": 22.5, "axis": "x", "origin": [8, 9.66223, 8]},
			"faces": {
				"east": {"uv": [13, 8, 11, 10], "texture": "#2"},
				"west": {"uv": [11, 8, 13, 10], "texture": "#2"}
			}
		}
	],
	"gui_light": "front",
	"display": {
		"thirdperson_righthand": {
			"translation": [0.75, 2.5, 1.25],
			"scale": [0.9, 0.9, 0.9]
		},
		"thirdperson_lefthand": {
			"translation": [0.75, 2.5, 1.25],
			"scale": [0.9, 0.9, 0.9]
		},
		"firstperson_righthand": {
			"rotation": [0, 22, 0],
			"translation": [5, 0, -5],
			"scale": [0.83398, 0.83398, 0.83398]
		},
		"firstperson_lefthand": {
			"rotation": [0, 22, 0],
			"translation": [5, 0, -5],
			"scale": [0.83398, 0.83398, 0.83398]
		},
		"ground": {
			"rotation": [94, 85, 0],
			"translation": [0, -2, -0.75],
			"scale": [0.8, 0.8, 0.8]
		},
		"gui": {
			"rotation": [-90, 45, 88],
			"translation": [1.25, -1.5, 0],
			"scale": [0.6439, 0.6439, 0.6439]
		},
		"head": {
			"rotation": [90, -171, 90],
			"translation": [-2.25, 8, 0.25],
			"scale": [1.24102, 1.24102, 1.24102]
		},
		"fixed": {
			"rotation": [0, 90, 0],
			"translation": [0, -5.75, -1.25],
			"scale": [2, 2, 2]
		}
	},
	"groups": [
		0,
		1,
		2,
		3,
		4,
		5,
		6,
		7,
		8,
		9,
		10,
		11,
		12,
		{
			"name": "head",
			"origin": [8.75, 1.75, 8],
			"color": 0,
			"boneType": "",
			"children": [13, 14, 15, 16, 17, 18, 19, 20, 21, 22, 23, 24, 25, 26, 27]
		}
	]
}