{"credit":"MadewithBlockbench","textures":{"0":"elitecreatures:steamsparks_animated_weapon_set/texture","1":"elitecreatures:steamsparks_animated_weapon_set/smoke_1","2":"elitecreatures:steamsparks_animated_weapon_set/cog_01","3":"elitecreatures:steamsparks_animated_weapon_set/lightning_1","particle":"elitecreatures:steamsparks_animated_weapon_set/texture"},"elements":[{"from":[7.53526,4.51966,6.33336],"to":[8.46474,5.44913,9.16663],"rotation":{"angle":0,"axis":"y","origin":[8,12.18673,7.75]},"faces":{"north":{"uv":[12,3.2,11.6,3.6],"texture":"#0"},"east":{"uv":[10.7,2.4,8.8,2.8],"texture":"#0"},"south":{"uv":[10.8,9.2,10.4,9.6],"texture":"#0"},"west":{"uv":[10.7,2.8,8.8,3.2],"texture":"#0"},"up":{"uv":[2,8.8,1.6,10.7],"texture":"#0"},"down":{"uv":[2.4,10.7,2,8.8],"texture":"#0"}}},{"from":[7.65609,4.31631,9.19481],"to":[8.34391,5.43168,9.87642],"rotation":{"angle":0,"axis":"x","origin":[8,4.29153,9.97394]},"faces":{"north":{"uv":[11.9,10.4,11.6,10.8],"texture":"#0"},"east":{"uv":[11.9,10,11.6,10.4],"texture":"#0"},"south":{"uv":[11.9,9.6,11.6,10],"texture":"#0"},"west":{"uv":[11.9,10.8,11.6,11.2],"texture":"#0"},"up":{"uv":[9.1,12,8.8,12.3],"texture":"#0"},"down":{"uv":[12.3,9.1,12,8.8],"texture":"#0"}}},{"from":[7.56625,4.00648,9.10186],"to":[8.43376,4.34729,9.96937],"rotation":{"angle":0,"axis":"x","origin":[8,4.29153,9.97394]},"faces":{"north":{"uv":[9.5,12.4,9.2,12.5],"texture":"#0"},"east":{"uv":[12.7,8.8,12.4,8.9],"texture":"#0"},"south":{"uv":[9.1,12.4,8.8,12.5],"texture":"#0"},"west":{"uv":[12.7,9.2,12.4,9.3],"texture":"#0"},"up":{"uv":[8.7,12,8.4,12.3],"texture":"#0"},"down":{"uv":[12.3,8.7,12,8.4],"texture":"#0"}}},{"from":[7.41133,5.09087,8.94695],"to":[8.58867,5.43168,10.12428],"rotation":{"angle":0,"axis":"x","origin":[8,4.29153,9.97394]},"faces":{"north":{"uv":[12.9,7.2,12.4,7.3],"texture":"#0"},"east":{"uv":[7.7,12.4,7.2,12.5],"texture":"#0"},"south":{"uv":[12.9,6.8,12.4,6.9],"texture":"#0"},"west":{"uv":[12.9,7.6,12.4,7.7],"texture":"#0"},"up":{"uv":[4.5,10.8,4,11.3],"texture":"#0"},"down":{"uv":[11.3,4.5,10.8,4],"texture":"#0"}}},{"from":[8,5.75896,5.99105],"to":[8,14.75337,9.70895],"rotation":{"angle":0,"axis":"y","origin":[8,2.43673,7.85]},"faces":{"north":{"uv":[0,0,0,7.5],"texture":"#0"},"east":{"uv":[3.1,0,1.6,3.6],"texture":"#0"},"south":{"uv":[0,0,0,7.5],"texture":"#0"},"west":{"uv":[1.6,0,3.1,3.6],"texture":"#0"},"up":{"uv":[0,0,0,1.5],"texture":"#0"},"down":{"uv":[0,1.5,0,0],"texture":"#0"}}},{"from":[7.19739,5.88931,8.50895],"to":[7.19739,9.29738,9.43843],"rotation":{"angle":22.5,"axis":"y","origin":[8,12.93673,7.5]},"faces":{"north":{"uv":[0,0,0,1.4],"texture":"#0"},"east":{"uv":[3.6,9.2,3.2,10.6],"texture":"#0"},"south":{"uv":[0,0,0,1.4],"texture":"#0"},"west":{"uv":[9.6,3.2,9.2,4.6],"texture":"#0"},"up":{"uv":[0,0,0,0.4],"texture":"#0"},"down":{"uv":[0,0.4,0,0],"texture":"#0"}}},{"from":[8.80261,5.88931,8.50895],"to":[8.80261,9.29738,9.43843],"rotation":{"angle":-22.5,"axis":"y","origin":[8,12.93673,7.5]},"faces":{"north":{"uv":[0,0,0,1.4],"texture":"#0"},"east":{"uv":[9.2,8,8.8,9.4],"texture":"#0"},"south":{"uv":[0,0,0,1.4],"texture":"#0"},"west":{"uv":[9.6,0,9.2,1.4],"texture":"#0"},"up":{"uv":[0,0,0,0.4],"texture":"#0"},"down":{"uv":[0,0.4,0,0],"texture":"#0"}}},{"from":[7.64459,4.38931,6.5107],"to":[7.64459,7.79738,8.9893],"rotation":{"angle":0,"axis":"y","origin":[8,11.43673,7.75]},"faces":{"north":{"uv":[0,0,0,1.4],"texture":"#0"},"east":{"uv":[8.2,3.2,7.2,4.6],"texture":"#0"},"south":{"uv":[0,0,0,1.4],"texture":"#0"},"west":{"uv":[8.2,4.8,7.2,6.2],"texture":"#0"},"up":{"uv":[0,0,0,1],"texture":"#0"},"down":{"uv":[0,1,0,0],"texture":"#0"}}},{"from":[8.35541,4.38931,6.5107],"to":[8.35541,7.79738,8.9893],"rotation":{"angle":0,"axis":"y","origin":[8,11.43673,7.75]},"faces":{"north":{"uv":[0,0,0,1.4],"texture":"#0"},"east":{"uv":[8.2,0,7.2,1.4],"texture":"#0"},"south":{"uv":[0,0,0,1.4],"texture":"#0"},"west":{"uv":[8.2,1.6,7.2,3],"texture":"#0"},"up":{"uv":[0,0,0,1],"texture":"#0"},"down":{"uv":[0,1,0,0],"texture":"#0"}}},{"from":[7.65,4.79651,6.2607],"to":[8.35,7.77511,9.2393],"rotation":{"angle":0,"axis":"y","origin":[8,9.18673,7.75]},"faces":{"north":{"uv":[0,0,0,1],"rotation":180,"texture":"#2"},"east":{"uv":[16,0,0,16],"rotation":180,"texture":"#2"},"south":{"uv":[0,0,0,1],"rotation":180,"texture":"#2"},"west":{"uv":[0,0,16,16],"rotation":180,"texture":"#2"},"up":{"uv":[0,1,0,0],"texture":"#2"},"down":{"uv":[0,0,0,1],"texture":"#2"}}},{"from":[8,-11.95349,6.2607],"to":[8,-8.97489,9.2393],"rotation":{"angle":0,"axis":"y","origin":[8,2.43673,7.75]},"faces":{"north":{"uv":[0,0,0,1],"rotation":180,"texture":"#2"},"east":{"uv":[16,0,0,16],"rotation":180,"texture":"#2"},"south":{"uv":[0,0,0,1],"rotation":180,"texture":"#2"},"west":{"uv":[0,0,16,16],"rotation":180,"texture":"#2"},"up":{"uv":[0,1,0,0],"texture":"#2"},"down":{"uv":[0,0,0,1],"texture":"#2"}}},{"from":[8,1.59651,9.5107],"to":[8,4.07511,11.9893],"rotation":{"angle":22.5,"axis":"x","origin":[8,4.29153,9.97394]},"faces":{"north":{"uv":[0,0,0,1],"texture":"#1"},"east":{"uv":[0,16,16,0],"rotation":90,"texture":"#1"},"south":{"uv":[0,1,0,0],"rotation":180,"texture":"#1"},"west":{"uv":[16,16,0,0],"rotation":270,"texture":"#1"},"up":{"uv":[0,1,0,0],"texture":"#1"},"down":{"uv":[0,1,0,0],"rotation":180,"texture":"#1"}}},{"from":[7.5,7.34651,6.5107],"to":[8.5,10.32511,9.9893],"rotation":{"angle":0,"axis":"x","origin":[8,8.83581,8.25]},"faces":{"north":{"uv":[0,0,0,1],"rotation":180,"texture":"#3"},"east":{"uv":[0,0,16,16],"rotation":270,"texture":"#3"},"south":{"uv":[0,1,0,0],"texture":"#3"},"west":{"uv":[16,0,0,16],"rotation":90,"texture":"#3"},"up":{"uv":[0,0,0,1],"rotation":180,"texture":"#3"},"down":{"uv":[0,0,0,1],"texture":"#3"}}},{"from":[7.51203,4.53359,6.06949],"to":[8.48797,6.39254,6.99896],"rotation":{"angle":-22.5,"axis":"x","origin":[8,5.82975,6.56366]},"faces":{"north":{"uv":[10.4,4.8,10.8,5.5],"texture":"#0"},"east":{"uv":[7.2,6.8,7.9,6.4],"rotation":90,"texture":"#0"},"south":{"uv":[10.4,1.9,10.8,1.2],"rotation":180,"texture":"#0"},"west":{"uv":[10.4,1.2,11.1,0.8],"rotation":270,"texture":"#0"},"up":{"uv":[4,12,4.4,11.6],"texture":"#0"},"down":{"uv":[11.6,4,12,3.6],"rotation":180,"texture":"#0"}}},{"from":[7.51203,4.94751,8.17936],"to":[8.48797,5.87698,10.03831],"rotation":{"angle":-45,"axis":"x","origin":[8,5.41224,9.10884]},"faces":{"north":{"uv":[4.8,11.6,4.4,12],"texture":"#0"},"east":{"uv":[11.1,2,10.4,2.4],"texture":"#0"},"south":{"uv":[12,4,11.6,4.4],"texture":"#0"},"west":{"uv":[11.1,6.4,10.4,6.8],"texture":"#0"},"up":{"uv":[10.8,6.8,10.4,7.5],"texture":"#0"},"down":{"uv":[10.8,8.3,10.4,7.6],"texture":"#0"}}},{"from":[7.67821,-4.94824,7.45145],"to":[8.32179,-1.23034,8.04855],"rotation":{"angle":45,"axis":"y","origin":[8,2.43673,7.75]},"faces":{"north":{"uv":[9.5,6.4,9.2,7.9],"texture":"#0"},"east":{"uv":[6.7,9.2,6.4,10.7],"texture":"#0"},"south":{"uv":[6.3,9.2,6,10.7],"texture":"#0"},"west":{"uv":[7.1,9.2,6.8,10.7],"texture":"#0"},"up":{"uv":[6.7,12,6.4,12.3],"texture":"#0"},"down":{"uv":[12.3,6.7,12,6.4],"texture":"#0"}}},{"from":[7.67821,-1.16614,7.45145],"to":[8.32179,1.80176,8.04855],"rotation":{"angle":45,"axis":"y","origin":[8,2.46883,7.75]},"faces":{"north":{"uv":[9.5,6.4,9.2,7.9],"texture":"#0"},"east":{"uv":[6.7,9.2,6.4,10.7],"texture":"#0"},"south":{"uv":[6.3,9.2,6,10.7],"texture":"#0"},"west":{"uv":[7.1,9.2,6.8,10.7],"texture":"#0"},"up":{"uv":[6.7,12,6.4,12.3],"texture":"#0"},"down":{"uv":[12.3,6.7,12,6.4],"texture":"#0"}}},{"from":[7.67821,1.80176,7.45145],"to":[8.32179,4.76966,8.04855],"rotation":{"angle":45,"axis":"y","origin":[8,2.43673,7.75]},"faces":{"north":{"uv":[9.5,6.4,9.2,7.9],"texture":"#0"},"east":{"uv":[6.7,9.2,6.4,10.7],"texture":"#0"},"south":{"uv":[6.3,9.2,6,10.7],"texture":"#0"},"west":{"uv":[7.1,9.2,6.8,10.7],"texture":"#0"},"up":{"uv":[6.7,12,6.4,12.3],"texture":"#0"},"down":{"uv":[12.3,6.7,12,6.4],"texture":"#0"}}},{"from":[7.67821,-9.19824,7.45145],"to":[8.32179,-5.23034,8.04855],"rotation":{"angle":45,"axis":"y","origin":[8,2.43673,7.75]},"faces":{"north":{"uv":[9.5,6.4,9.2,7.9],"texture":"#0"},"east":{"uv":[6.7,9.2,6.4,10.7],"texture":"#0"},"south":{"uv":[6.3,9.2,6,10.7],"texture":"#0"},"west":{"uv":[7.1,9.2,6.8,10.7],"texture":"#0"},"up":{"uv":[6.7,12,6.4,12.3],"texture":"#0"},"down":{"uv":[12.3,6.7,12,6.4],"texture":"#0"}}},{"from":[7.63174,-4.94824,7.40497],"to":[8.36826,-1.23034,8.09503],"rotation":{"angle":45,"axis":"y","origin":[8,2.43673,7.75]},"faces":{"north":{"uv":[9.5,8,9.2,9.5],"texture":"#0"},"east":{"uv":[7.9,9.2,7.6,10.7],"texture":"#0"},"south":{"uv":[7.5,9.2,7.2,10.7],"texture":"#0"},"west":{"uv":[9.9,0,9.6,1.5],"texture":"#0"},"up":{"uv":[7.1,12,6.8,12.3],"texture":"#0"},"down":{"uv":[12.3,7.1,12,6.8],"texture":"#0"}}},{"from":[7.51203,-2.50837,7.28526],"to":[8.48797,-2.04363,8.21474],"rotation":{"angle":45,"axis":"y","origin":[8,2.43673,7.75]},"faces":{"north":{"uv":[10.8,12,10.4,12.2],"texture":"#0"},"east":{"uv":[12.4,10,12,10.2],"texture":"#0"},"south":{"uv":[10.4,12,10,12.2],"texture":"#0"},"west":{"uv":[12.4,10.4,12,10.6],"texture":"#0"},"up":{"uv":[12,4.8,11.6,5.2],"texture":"#0"},"down":{"uv":[5.6,12,5.2,11.6],"texture":"#0"}}},{"from":[7.51203,-1.59508,7.28526],"to":[8.48797,-1.13034,8.21474],"rotation":{"angle":45,"axis":"y","origin":[8,2.43673,7.75]},"faces":{"north":{"uv":[10.8,12,10.4,12.2],"texture":"#0"},"east":{"uv":[12.4,10,12,10.2],"texture":"#0"},"south":{"uv":[10.4,12,10,12.2],"texture":"#0"},"west":{"uv":[12.4,10.4,12,10.6],"texture":"#0"},"up":{"uv":[12,4.8,11.6,5.2],"texture":"#0"},"down":{"uv":[5.6,12,5.2,11.6],"texture":"#0"}}},{"from":[7.51203,-4.4835,7.28526],"to":[8.48797,-4.01877,8.21474],"rotation":{"angle":45,"axis":"y","origin":[8,2.43673,7.75]},"faces":{"north":{"uv":[10.8,12,10.4,12.2],"texture":"#0"},"east":{"uv":[12.4,10,12,10.2],"texture":"#0"},"south":{"uv":[10.4,12,10,12.2],"texture":"#0"},"west":{"uv":[12.4,10.4,12,10.6],"texture":"#0"},"up":{"uv":[12,4.8,11.6,5.2],"texture":"#0"},"down":{"uv":[5.6,12,5.2,11.6],"texture":"#0"}}},{"from":[7.51203,-5.39679,7.28526],"to":[8.48797,-4.93206,8.21474],"rotation":{"angle":45,"axis":"y","origin":[8,2.43673,7.75]},"faces":{"north":{"uv":[10.8,12,10.4,12.2],"texture":"#0"},"east":{"uv":[12.4,10,12,10.2],"texture":"#0"},"south":{"uv":[10.4,12,10,12.2],"texture":"#0"},"west":{"uv":[12.4,10.4,12,10.6],"texture":"#0"},"up":{"uv":[12,4.8,11.6,5.2],"texture":"#0"},"down":{"uv":[5.6,12,5.2,11.6],"texture":"#0"}}},{"from":[7.30289,6.3921,1.95538],"to":[8.69711,7.86377,3.42705],"rotation":{"angle":-45,"axis":"x","origin":[8,12.18673,7.75]},"faces":{"north":{"uv":[10.2,8,9.6,8.6],"texture":"#0"},"east":{"uv":[10.2,7.2,9.6,7.8],"texture":"#0"},"south":{"uv":[10.2,6.4,9.6,7],"texture":"#0"},"west":{"uv":[9,9.6,8.4,10.2],"texture":"#0"},"up":{"uv":[10.2,8.8,9.6,9.4],"texture":"#0"},"down":{"uv":[9.8,10.2,9.2,9.6],"texture":"#0"}}},{"from":[7.76763,5.59886,5.8696],"to":[8.23237,6.7607,7.03144],"rotation":{"angle":0,"axis":"x","origin":[8,5.82975,6.56366]},"faces":{"north":{"uv":[3.8,12,3.6,12.5],"texture":"#0"},"east":{"uv":[5.3,10.8,4.8,11.3],"texture":"#0"},"south":{"uv":[12.2,3.2,12,3.7],"texture":"#0"},"west":{"uv":[11.3,4.8,10.8,5.3],"texture":"#0"},"up":{"uv":[4.2,12,4,12.5],"texture":"#0"},"down":{"uv":[12.2,4.5,12,4],"texture":"#0"}}},{"from":[7.76763,5.24207,9.92027],"to":[8.23237,6.40391,11.08211],"rotation":{"angle":-22.5,"axis":"x","origin":[8,4.29153,9.97394]},"faces":{"north":{"uv":[5.2,12,5.4,12.5],"texture":"#0"},"east":{"uv":[5.6,11.3,6.1,10.8],"rotation":90,"texture":"#0"},"south":{"uv":[12,5.3,12.2,4.8],"rotation":180,"texture":"#0"},"west":{"uv":[10.8,6.1,11.3,5.6],"rotation":270,"texture":"#0"},"up":{"uv":[4.8,12.5,5,12],"texture":"#0"},"down":{"uv":[4.4,12.5,4.6,12],"rotation":180,"texture":"#0"}}},{"from":[7.42682,6.69469,7.29301],"to":[8.57318,7.19885,8.20699],"rotation":{"angle":0,"axis":"y","origin":[8,9.18673,7.75]},"faces":{"north":{"uv":[12.5,5.6,12,5.8],"rotation":180,"texture":"#0"},"east":{"uv":[1.6,12.4,1.2,12.6],"rotation":180,"texture":"#0"},"south":{"uv":[12.5,6,12,6.2],"rotation":180,"texture":"#0"},"west":{"uv":[12.8,1.2,12.4,1.4],"rotation":180,"texture":"#0"},"up":{"uv":[3.7,12,3.2,11.6],"texture":"#0"},"down":{"uv":[12.1,2.8,11.6,3.2],"texture":"#0"}}},{"from":[7.55075,6.61413,5.1774],"to":[8.44925,7.77597,6.33925],"rotation":{"angle":-45,"axis":"x","origin":[8,9.18673,7.75]},"faces":{"north":{"uv":[11.2,11.2,10.8,11.7],"rotation":180,"texture":"#0"},"east":{"uv":[6.9,10.8,6.4,11.3],"rotation":180,"texture":"#0"},"south":{"uv":[11.6,11.2,11.2,11.7],"rotation":180,"texture":"#0"},"west":{"uv":[11.3,6.8,10.8,7.3],"rotation":180,"texture":"#0"},"up":{"uv":[1.2,12.1,0.8,11.6],"texture":"#0"},"down":{"uv":[12,0,11.6,0.5],"texture":"#0"}}},{"from":[7.30289,-6.72624,-1.41297],"to":[8.69711,-5.40949,-0.09621],"rotation":{"angle":-45,"axis":"x","origin":[8,2.43673,7.75]},"faces":{"north":{"uv":[10.6,5.6,10,6.1],"texture":"#0"},"east":{"uv":[8.5,10.4,8,10.9],"texture":"#0"},"south":{"uv":[5.8,10,5.2,10.5],"texture":"#0"},"west":{"uv":[10.9,8.4,10.4,8.9],"texture":"#0"},"up":{"uv":[10.6,9.6,10,10.1],"texture":"#0"},"down":{"uv":[11,0.5,10.4,0],"texture":"#0"}}}],"gui_light":"front","display":{"thirdperson_righthand":{"translation":[0,13.75,2],"scale":[1.4,1.4,1.4]},"thirdperson_lefthand":{"translation":[0,13.75,2],"scale":[1.4,1.4,1.4]},"firstperson_righthand":{"translation":[10.25,11,-6.25],"scale":[1.19727,1.19727,1.19727]},"firstperson_lefthand":{"translation":[10.25,11,-6.25],"scale":[1.19727,1.19727,1.19727]},"ground":{"rotation":[-45,0,0],"translation":[-0.25,14,-6.5]},"gui":{"rotation":[-90,-45,-90],"translation":[4,3.25,0],"scale":[0.76289,0.76289,0.76289]},"head":{"scale":[0,0,0]},"fixed":{"rotation":[-180,-90,-180],"translation":[-0.75,33.5,-2.1],"scale":[3,3,3]}},"groups":[{"name":"halberd","origin":[8,2.87353,8],"color":0,"nbt":"{}","children":[0,1,2,3,4,5,6,7,8,9,10,11,12,13,14,15,16,17,18,19,20,21,22,23,24,25,26,27,28,29,{"name":"group","origin":[8,2.87353,8],"color":0,"nbt":"{}","children":[]},{"name":"group","origin":[8,2.87353,8],"color":0,"nbt":"{}","children":[]}]}]}