{"credit":"MadewithBlockbench","textures":{"0":"elitecreatures:steamsparks_animated_weapon_set/texture","1":"elitecreatures:steamsparks_animated_weapon_set/smoke_1","2":"elitecreatures:steamsparks_animated_weapon_set/cog_01","3":"elitecreatures:steamsparks_animated_weapon_set/lightning_1","particle":"elitecreatures:steamsparks_animated_weapon_set/texture"},"elements":[{"from":[8.65609,10.16839,6.97456],"to":[9.34391,10.85,8.08993],"rotation":{"angle":-22.5,"axis":"x","origin":[8,4.12552,9]},"faces":{"north":{"uv":[12.3,7.9,12,7.6],"texture":"#0"},"east":{"uv":[11.9,9.2,11.6,9.6],"rotation":270,"texture":"#0"},"south":{"uv":[7.9,12,7.6,12.3],"rotation":180,"texture":"#0"},"west":{"uv":[11.9,8.4,11.6,8.8],"rotation":90,"texture":"#0"},"up":{"uv":[11.9,8,11.6,8.4],"rotation":180,"texture":"#0"},"down":{"uv":[11.9,8.8,11.6,9.2],"texture":"#0"}}},{"from":[8.56624,10.07544,6.66473],"to":[9.43375,10.94295,7.00554],"rotation":{"angle":-22.5,"axis":"x","origin":[8,4.12552,9]},"faces":{"north":{"uv":[12.3,8.3,12,8],"texture":"#0"},"east":{"uv":[12.7,8.4,12.4,8.5],"rotation":270,"texture":"#0"},"south":{"uv":[8.3,12,8,12.3],"rotation":180,"texture":"#0"},"west":{"uv":[12.7,8,12.4,8.1],"rotation":90,"texture":"#0"},"up":{"uv":[8.3,12.4,8,12.5],"rotation":180,"texture":"#0"},"down":{"uv":[8.7,12.4,8.4,12.5],"texture":"#0"}}},{"from":[8.41133,9.92053,7.74912],"to":[9.58867,11.09786,8.08993],"rotation":{"angle":-22.5,"axis":"x","origin":[8,4.12552,9]},"faces":{"north":{"uv":[11.3,3.7,10.8,3.2],"texture":"#0"},"east":{"uv":[12.9,6.4,12.4,6.5],"rotation":270,"texture":"#0"},"south":{"uv":[3.7,10.8,3.2,11.3],"rotation":180,"texture":"#0"},"west":{"uv":[6.1,12.4,5.6,12.5],"rotation":90,"texture":"#0"},"up":{"uv":[12.9,5.2,12.4,5.3],"rotation":180,"texture":"#0"},"down":{"uv":[6.9,12.4,6.4,12.5],"texture":"#0"}}},{"from":[8.55,6.9724,1.08681],"to":[9.45,7.90188,4.49488],"rotation":{"angle":22.5,"axis":"x","origin":[8,4.12552,9]},"faces":{"north":{"uv":[0,0.4,0,0],"rotation":180,"texture":"#0"},"east":{"uv":[9.6,4.6,9.2,3.2],"rotation":90,"texture":"#0"},"south":{"uv":[0,0,0,0.4],"texture":"#0"},"west":{"uv":[3.6,10.6,3.2,9.2],"rotation":270,"texture":"#0"},"up":{"uv":[0,1.4,0,0],"texture":"#0"},"down":{"uv":[0,1.4,0,0],"rotation":180,"texture":"#0"}}},{"from":[9,7.23961,4.87119],"to":[9,10.64768,6.04979],"rotation":{"angle":-22.5,"axis":"x","origin":[8,4.12552,9]},"faces":{"north":{"uv":[0,1.4,0,0],"rotation":180,"texture":"#0"},"east":{"uv":[7.7,1.4,7.2,0],"rotation":180,"texture":"#0"},"south":{"uv":[0,1.4,0,0],"rotation":180,"texture":"#0"},"west":{"uv":[7.2,3,7.7,1.6],"rotation":180,"texture":"#0"},"up":{"uv":[0,1,0,0],"rotation":180,"texture":"#0"},"down":{"uv":[0,0,0,1],"rotation":180,"texture":"#0"}}},{"from":[9,7.23961,11.9502],"to":[9,10.64768,13.1288],"rotation":{"angle":22.5,"axis":"x","origin":[8,4.12552,9]},"faces":{"north":{"uv":[0,1.4,0,0],"rotation":180,"texture":"#0"},"east":{"uv":[7.2,1.4,7.7,0],"rotation":180,"texture":"#0"},"south":{"uv":[0,1.4,0,0],"rotation":180,"texture":"#0"},"west":{"uv":[7.7,3,7.2,1.6],"rotation":180,"texture":"#0"},"up":{"uv":[0,0,0,1],"rotation":180,"texture":"#0"},"down":{"uv":[0,1,0,0],"rotation":180,"texture":"#0"}}},{"from":[9,8.59586,1.69681],"to":[9,11.57446,4.67541],"rotation":{"angle":0,"axis":"y","origin":[8,4.12552,9]},"faces":{"north":{"uv":[0,0,0,1],"texture":"#2"},"east":{"uv":[16,0,0,16],"texture":"#2"},"south":{"uv":[0,0,0,1],"texture":"#2"},"west":{"uv":[0,0,16,16],"texture":"#2"},"up":{"uv":[0,1,0,0],"rotation":180,"texture":"#2"},"down":{"uv":[0,0,0,1],"rotation":180,"texture":"#2"}}},{"from":[9,9.33567,-2.62286],"to":[9,11.81427,-0.14426],"rotation":{"angle":22.5,"axis":"x","origin":[8,4.12552,9]},"faces":{"north":{"uv":[0,0,0,1],"texture":"#1"},"east":{"uv":[0,0,16,16],"texture":"#1"},"south":{"uv":[0,0,0,1],"texture":"#1"},"west":{"uv":[16,0,0,16],"texture":"#1"},"up":{"uv":[0,1,0,0],"texture":"#1"},"down":{"uv":[0,0,0,1],"texture":"#1"}}},{"from":[8.75,3.02446,2.42541],"to":[9.25,6.02446,5.42541],"rotation":{"angle":0,"axis":"y","origin":[8,4.12552,9]},"faces":{"north":{"uv":[0,1,0,0],"rotation":180,"texture":"#3"},"east":{"uv":[16,16,0,0],"rotation":270,"texture":"#3"},"south":{"uv":[0,0,0,1],"texture":"#3"},"west":{"uv":[0,16,16,0],"rotation":90,"texture":"#3"},"up":{"uv":[0,1,0,0],"rotation":180,"texture":"#3"},"down":{"uv":[0,1,0,0],"texture":"#3"}}},{"from":[8.69017,-1.95488,4.06646],"to":[9.30983,10.46584,5.20576],"rotation":{"angle":0,"axis":"y","origin":[8,4.12552,9]},"faces":{"north":{"uv":[0,7.6,0.2,14.2],"rotation":180,"texture":"#0"},"east":{"uv":[6.4,4.2,6.9,6.6],"rotation":180,"texture":"#0"},"south":{"uv":[0.4,7.6,0.6,14.2],"rotation":180,"texture":"#0"},"west":{"uv":[5.6,4.2,6.1,6.6],"rotation":180,"texture":"#0"},"up":{"uv":[3.4,12,3.2,12.5],"rotation":180,"texture":"#0"},"down":{"uv":[12.2,1.7,12,1.2],"rotation":180,"texture":"#0"}}},{"from":[8.69017,-4.02478,2.11513],"to":[9.30983,0.39594,3.25443],"rotation":{"angle":-22.5,"axis":"x","origin":[8,4.12552,9]},"faces":{"north":{"uv":[0,7.6,0.2,14.2],"rotation":180,"texture":"#0"},"east":{"uv":[6.4,4,6.9,6.4],"rotation":180,"texture":"#0"},"south":{"uv":[0.4,7.6,0.6,14.2],"rotation":180,"texture":"#0"},"west":{"uv":[5.6,4,6.1,6.4],"rotation":180,"texture":"#0"},"up":{"uv":[3.4,12,3.2,12.5],"rotation":180,"texture":"#0"},"down":{"uv":[12.2,1.7,12,1.2],"rotation":180,"texture":"#0"}}},{"from":[8.51203,9.97371,8.04285],"to":[9.48797,11.83266,8.97232],"rotation":{"angle":-22.5,"axis":"x","origin":[8,4.12552,9]},"faces":{"north":{"uv":[10.8,5.5,10.4,4.8],"texture":"#0"},"east":{"uv":[11.1,0.8,10.4,1.2],"rotation":270,"texture":"#0"},"south":{"uv":[10.8,1.2,10.4,1.9],"rotation":180,"texture":"#0"},"west":{"uv":[7.9,6.4,7.2,6.8],"rotation":90,"texture":"#0"},"up":{"uv":[12,3.6,11.6,4],"rotation":180,"texture":"#0"},"down":{"uv":[4.4,11.6,4,12],"texture":"#0"}}},{"from":[8.76763,5.45707,2.66896],"to":[9.23237,6.61891,3.8308],"rotation":{"angle":45,"axis":"x","origin":[8,4.12552,9]},"faces":{"north":{"uv":[12.2,4.5,12,4],"texture":"#0"},"east":{"uv":[11.3,4.8,10.8,5.3],"rotation":270,"texture":"#0"},"south":{"uv":[4.2,12,4,12.5],"rotation":180,"texture":"#0"},"west":{"uv":[5.3,10.8,4.8,11.3],"rotation":90,"texture":"#0"},"up":{"uv":[12.2,3.2,12,3.7],"rotation":180,"texture":"#0"},"down":{"uv":[3.8,12,3.6,12.5],"texture":"#0"}}},{"from":[8.70567,-6.45236,9.94838],"to":[9.29433,-5.70034,10.7004],"rotation":{"angle":22.5,"axis":"x","origin":[8,4.12552,9]},"faces":{"north":{"uv":[12.4,5.1,12.6,4.8],"rotation":180,"texture":"#0"},"east":{"uv":[12.3,7.5,12,7.2],"rotation":90,"texture":"#0"},"south":{"uv":[12.4,4.4,12.6,4.7],"texture":"#0"},"west":{"uv":[7.5,12.3,7.2,12],"rotation":270,"texture":"#0"},"up":{"uv":[12.6,4.3,12.4,4],"texture":"#0"},"down":{"uv":[12.6,1.9,12.4,1.6],"rotation":180,"texture":"#0"}}},{"from":[8.54301,5.31444,3.85329],"to":[9.45699,5.8186,4.99965],"rotation":{"angle":22.5,"axis":"x","origin":[8,4.12552,9]},"faces":{"north":{"uv":[12.4,1.2,12.8,1.4],"rotation":180,"texture":"#0"},"east":{"uv":[12,6,12.5,6.2],"rotation":180,"texture":"#0"},"south":{"uv":[1.2,12.4,1.6,12.6],"rotation":180,"texture":"#0"},"west":{"uv":[12,5.6,12.5,5.8],"rotation":180,"texture":"#0"},"up":{"uv":[3.2,12,3.7,11.6],"rotation":270,"texture":"#0"},"down":{"uv":[11.6,2.8,12.1,3.2],"rotation":90,"texture":"#0"}}},{"from":[8.54301,1.61892,5.38403],"to":[9.45699,2.12308,6.53039],"rotation":{"angle":22.5,"axis":"x","origin":[8,4.12552,9]},"faces":{"north":{"uv":[12.4,1.2,12.8,1.4],"rotation":180,"texture":"#0"},"east":{"uv":[12,6,12.5,6.2],"rotation":180,"texture":"#0"},"south":{"uv":[1.2,12.4,1.6,12.6],"rotation":180,"texture":"#0"},"west":{"uv":[12,5.6,12.5,5.8],"rotation":180,"texture":"#0"},"up":{"uv":[3.2,12,3.7,11.6],"rotation":270,"texture":"#0"},"down":{"uv":[11.6,2.8,12.1,3.2],"rotation":90,"texture":"#0"}}},{"from":[8.54301,-2.0766,6.91476],"to":[9.45699,-1.57244,8.06112],"rotation":{"angle":22.5,"axis":"x","origin":[8,4.12552,9]},"faces":{"north":{"uv":[12.4,1.2,12.8,1.4],"rotation":180,"texture":"#0"},"east":{"uv":[12,6,12.5,6.2],"rotation":180,"texture":"#0"},"south":{"uv":[1.2,12.4,1.6,12.6],"rotation":180,"texture":"#0"},"west":{"uv":[12,5.6,12.5,5.8],"rotation":180,"texture":"#0"},"up":{"uv":[3.2,12,3.7,11.6],"rotation":270,"texture":"#0"},"down":{"uv":[11.6,2.8,12.1,3.2],"rotation":90,"texture":"#0"}}},{"from":[8.55075,10.28675,8.53928],"to":[9.44925,11.4486,9.70112],"rotation":{"angle":-22.5,"axis":"x","origin":[8,4.12552,9]},"faces":{"north":{"uv":[11.6,0,12,0.5],"rotation":180,"texture":"#0"},"east":{"uv":[11.3,7.3,10.8,6.8],"rotation":270,"texture":"#0"},"south":{"uv":[0.8,12.1,1.2,11.6],"texture":"#0"},"west":{"uv":[6.9,11.3,6.4,10.8],"rotation":90,"texture":"#0"},"up":{"uv":[11.2,11.7,10.8,11.2],"rotation":180,"texture":"#0"},"down":{"uv":[11.6,11.7,11.2,11.2],"texture":"#0"}}},{"from":[8.55075,2.91608,2.96952],"to":[9.44925,4.07793,4.13136],"rotation":{"angle":45,"axis":"x","origin":[8,4.12552,9]},"faces":{"north":{"uv":[11.6,0,12,0.5],"rotation":180,"texture":"#0"},"east":{"uv":[11.3,7.3,10.8,6.8],"rotation":270,"texture":"#0"},"south":{"uv":[0.8,12.1,1.2,11.6],"texture":"#0"},"west":{"uv":[6.9,11.3,6.4,10.8],"rotation":90,"texture":"#0"},"up":{"uv":[11.2,11.7,10.8,11.2],"rotation":180,"texture":"#0"},"down":{"uv":[11.6,11.7,11.2,11.2],"texture":"#0"}}},{"from":[8.55075,0.08765,5.79794],"to":[9.44925,1.2495,6.95978],"rotation":{"angle":45,"axis":"x","origin":[8,4.12552,9]},"faces":{"north":{"uv":[11.6,0,12,0.5],"rotation":180,"texture":"#0"},"east":{"uv":[11.3,7.3,10.8,6.8],"rotation":270,"texture":"#0"},"south":{"uv":[0.8,12.1,1.2,11.6],"texture":"#0"},"west":{"uv":[6.9,11.3,6.4,10.8],"rotation":90,"texture":"#0"},"up":{"uv":[11.2,11.7,10.8,11.2],"rotation":180,"texture":"#0"},"down":{"uv":[11.6,11.7,11.2,11.2],"texture":"#0"}}},{"from":[8.55075,-2.74078,8.62637],"to":[9.44925,-1.57893,9.78821],"rotation":{"angle":45,"axis":"x","origin":[8,4.12552,9]},"faces":{"north":{"uv":[11.6,0,12,0.5],"rotation":180,"texture":"#0"},"east":{"uv":[11.3,7.3,10.8,6.8],"rotation":270,"texture":"#0"},"south":{"uv":[0.8,12.1,1.2,11.6],"texture":"#0"},"west":{"uv":[6.9,11.3,6.4,10.8],"rotation":90,"texture":"#0"},"up":{"uv":[11.2,11.7,10.8,11.2],"rotation":180,"texture":"#0"},"down":{"uv":[11.6,11.7,11.2,11.2],"texture":"#0"}}},{"from":[9,11.68696,9.98619],"to":[9,15.09503,10.91567],"rotation":{"angle":-45,"axis":"x","origin":[8,4.12552,9]},"faces":{"north":{"uv":[0,1.4,0,0],"rotation":180,"texture":"#0"},"east":{"uv":[8.8,6.2,9.2,4.8],"rotation":180,"texture":"#0"},"south":{"uv":[0,1.4,0,0],"rotation":180,"texture":"#0"},"west":{"uv":[8.8,4.6,9.2,3.2],"rotation":180,"texture":"#0"},"up":{"uv":[0,0.4,0,0],"texture":"#0"},"down":{"uv":[0,0,0,0.4],"texture":"#0"}}},{"from":[8.30289,5.18864,0.74068],"to":[9.69711,6.66031,2.21235],"rotation":{"angle":45,"axis":"x","origin":[8,4.12552,9]},"faces":{"north":{"uv":[9.6,8.6,10.2,8],"texture":"#0"},"east":{"uv":[8.4,10.2,9,9.6],"texture":"#0"},"south":{"uv":[9.6,7,10.2,6.4],"texture":"#0"},"west":{"uv":[9.6,7.8,10.2,7.2],"texture":"#0"},"up":{"uv":[9.2,9.6,9.8,10.2],"texture":"#0"},"down":{"uv":[9.6,9.4,10.2,8.8],"texture":"#0"}}},{"from":[8.65609,10.16839,9.91007],"to":[9.34391,10.85,11.02544],"rotation":{"angle":22.5,"axis":"x","origin":[8,4.12552,9]},"faces":{"north":{"uv":[7.6,12,7.9,12.3],"rotation":180,"texture":"#0"},"east":{"uv":[11.9,9.6,11.6,9.2],"rotation":270,"texture":"#0"},"south":{"uv":[12,7.9,12.3,7.6],"texture":"#0"},"west":{"uv":[11.9,8.8,11.6,8.4],"rotation":90,"texture":"#0"},"up":{"uv":[11.9,8.4,11.6,8],"rotation":180,"texture":"#0"},"down":{"uv":[11.9,9.2,11.6,8.8],"texture":"#0"}}},{"from":[7.64231,4.37078,8.65609],"to":[8.75768,5.05239,9.34391],"rotation":{"angle":0,"axis":"z","origin":[8,4.12552,9]},"faces":{"north":{"uv":[11.9,8.8,11.6,8.4],"rotation":270,"texture":"#0"},"east":{"uv":[12,7.9,12.3,7.6],"rotation":180,"texture":"#0"},"south":{"uv":[11.9,9.6,11.6,9.2],"rotation":90,"texture":"#0"},"west":{"uv":[7.6,12,7.9,12.3],"texture":"#0"},"up":{"uv":[11.9,9.2,11.6,8.8],"rotation":90,"texture":"#0"},"down":{"uv":[11.9,8.4,11.6,8],"rotation":90,"texture":"#0"}}},{"from":[7.64231,-0.52922,8.65609],"to":[8.75768,0.15239,9.34391],"rotation":{"angle":0,"axis":"z","origin":[8,4.12552,9]},"faces":{"north":{"uv":[11.9,8.8,11.6,8.4],"rotation":270,"texture":"#0"},"east":{"uv":[12,7.9,12.3,7.6],"rotation":180,"texture":"#0"},"south":{"uv":[11.9,9.6,11.6,9.2],"rotation":90,"texture":"#0"},"west":{"uv":[7.6,12,7.9,12.3],"texture":"#0"},"up":{"uv":[11.9,9.2,11.6,8.8],"rotation":90,"texture":"#0"},"down":{"uv":[11.9,8.4,11.6,8],"rotation":90,"texture":"#0"}}},{"from":[8.56624,10.07544,10.99446],"to":[9.43375,10.94295,11.33527],"rotation":{"angle":22.5,"axis":"x","origin":[8,4.12552,9]},"faces":{"north":{"uv":[8,12,8.3,12.3],"rotation":180,"texture":"#0"},"east":{"uv":[12.7,8.5,12.4,8.4],"rotation":270,"texture":"#0"},"south":{"uv":[12,8.3,12.3,8],"texture":"#0"},"west":{"uv":[12.7,8.1,12.4,8],"rotation":90,"texture":"#0"},"up":{"uv":[8.3,12.5,8,12.4],"rotation":180,"texture":"#0"},"down":{"uv":[8.7,12.5,8.4,12.4],"texture":"#0"}}},{"from":[8.41133,9.92053,9.91007],"to":[9.58867,11.09786,10.25088],"rotation":{"angle":22.5,"axis":"x","origin":[8,4.12552,9]},"faces":{"north":{"uv":[3.2,10.8,3.7,11.3],"rotation":180,"texture":"#0"},"east":{"uv":[12.9,6.5,12.4,6.4],"rotation":270,"texture":"#0"},"south":{"uv":[10.8,3.7,11.3,3.2],"texture":"#0"},"west":{"uv":[6.1,12.5,5.6,12.4],"rotation":90,"texture":"#0"},"up":{"uv":[12.9,5.3,12.4,5.2],"rotation":180,"texture":"#0"},"down":{"uv":[6.9,12.5,6.4,12.4],"texture":"#0"}}},{"from":[8.55,6.9724,13.50511],"to":[9.45,7.90188,16.91318],"rotation":{"angle":-22.5,"axis":"x","origin":[8,4.12552,9]},"faces":{"north":{"uv":[0,0,0,0.4],"texture":"#0"},"east":{"uv":[9.6,3.2,9.2,4.6],"rotation":90,"texture":"#0"},"south":{"uv":[0,0.4,0,0],"rotation":180,"texture":"#0"},"west":{"uv":[3.6,9.2,3.2,10.6],"rotation":270,"texture":"#0"},"up":{"uv":[0,0,0,1.4],"texture":"#0"},"down":{"uv":[0,0,0,1.4],"rotation":180,"texture":"#0"}}},{"from":[9,8.59586,13.32459],"to":[9,11.57446,16.30319],"rotation":{"angle":0,"axis":"y","origin":[8,4.12552,9]},"faces":{"north":{"uv":[0,0,0,1],"texture":"#2"},"east":{"uv":[0,0,16,16],"texture":"#2"},"south":{"uv":[0,0,0,1],"texture":"#2"},"west":{"uv":[16,0,0,16],"texture":"#2"},"up":{"uv":[0,0,0,1],"rotation":180,"texture":"#2"},"down":{"uv":[0,1,0,0],"rotation":180,"texture":"#2"}}},{"from":[9,9.33567,18.14425],"to":[9,11.81427,20.62285],"rotation":{"angle":-22.5,"axis":"x","origin":[8,4.12552,9]},"faces":{"north":{"uv":[0,0,0,1],"texture":"#1"},"east":{"uv":[16,0,0,16],"texture":"#1"},"south":{"uv":[0,0,0,1],"texture":"#1"},"west":{"uv":[0,0,16,16],"texture":"#1"},"up":{"uv":[0,0,0,1],"texture":"#1"},"down":{"uv":[0,1,0,0],"texture":"#1"}}},{"from":[8.75,3.02446,12.57459],"to":[9.25,6.02446,15.57459],"rotation":{"angle":0,"axis":"y","origin":[8,4.12552,9]},"faces":{"north":{"uv":[0,0,0,1],"texture":"#3"},"east":{"uv":[16,0,0,16],"rotation":270,"texture":"#3"},"south":{"uv":[0,1,0,0],"rotation":180,"texture":"#3"},"west":{"uv":[0,0,16,16],"rotation":90,"texture":"#3"},"up":{"uv":[0,0,0,1],"rotation":180,"texture":"#3"},"down":{"uv":[0,0,0,1],"texture":"#3"}}},{"from":[8.69017,-1.95488,12.79424],"to":[9.30983,10.46584,13.93354],"rotation":{"angle":0,"axis":"y","origin":[8,4.12552,9]},"faces":{"north":{"uv":[0.6,7.6,0.4,14.2],"rotation":180,"texture":"#0"},"east":{"uv":[6.9,4.2,6.4,6.6],"rotation":180,"texture":"#0"},"south":{"uv":[0.2,7.6,0,14.2],"rotation":180,"texture":"#0"},"west":{"uv":[6.1,4.2,5.6,6.6],"rotation":180,"texture":"#0"},"up":{"uv":[3.4,12.5,3.2,12],"rotation":180,"texture":"#0"},"down":{"uv":[12.2,1.2,12,1.7],"rotation":180,"texture":"#0"}}},{"from":[8.69017,-4.02478,14.74557],"to":[9.30983,0.39594,15.88487],"rotation":{"angle":22.5,"axis":"x","origin":[8,4.12552,9]},"faces":{"north":{"uv":[0.6,7.6,0.4,14.2],"rotation":180,"texture":"#0"},"east":{"uv":[6.9,4,6.4,6.4],"rotation":180,"texture":"#0"},"south":{"uv":[0.2,7.6,0,14.2],"rotation":180,"texture":"#0"},"west":{"uv":[6.1,4,5.6,6.4],"rotation":180,"texture":"#0"},"up":{"uv":[3.4,12.5,3.2,12],"rotation":180,"texture":"#0"},"down":{"uv":[12.2,1.2,12,1.7],"rotation":180,"texture":"#0"}}},{"from":[8.51203,9.97371,9.02768],"to":[9.48797,11.83266,9.95715],"rotation":{"angle":22.5,"axis":"x","origin":[8,4.12552,9]},"faces":{"north":{"uv":[10.4,1.2,10.8,1.9],"rotation":180,"texture":"#0"},"east":{"uv":[11.1,1.2,10.4,0.8],"rotation":270,"texture":"#0"},"south":{"uv":[10.4,5.5,10.8,4.8],"texture":"#0"},"west":{"uv":[7.9,6.8,7.2,6.4],"rotation":90,"texture":"#0"},"up":{"uv":[12,4,11.6,3.6],"rotation":180,"texture":"#0"},"down":{"uv":[4.4,12,4,11.6],"texture":"#0"}}},{"from":[8.76763,5.45707,14.16919],"to":[9.23237,6.61891,15.33103],"rotation":{"angle":-45,"axis":"x","origin":[8,4.12552,9]},"faces":{"north":{"uv":[4,12,4.2,12.5],"rotation":180,"texture":"#0"},"east":{"uv":[11.3,5.3,10.8,4.8],"rotation":270,"texture":"#0"},"south":{"uv":[12,4.5,12.2,4],"texture":"#0"},"west":{"uv":[5.3,11.3,4.8,10.8],"rotation":90,"texture":"#0"},"up":{"uv":[12.2,3.7,12,3.2],"rotation":180,"texture":"#0"},"down":{"uv":[3.8,12.5,3.6,12],"texture":"#0"}}},{"from":[8.70567,-6.45236,7.29959],"to":[9.29433,-5.70034,8.05161],"rotation":{"angle":-22.5,"axis":"x","origin":[8,4.12552,9]},"faces":{"north":{"uv":[12.6,4.4,12.4,4.7],"texture":"#0"},"east":{"uv":[12.3,7.2,12,7.5],"rotation":90,"texture":"#0"},"south":{"uv":[12.6,5.1,12.4,4.8],"rotation":180,"texture":"#0"},"west":{"uv":[7.5,12,7.2,12.3],"rotation":270,"texture":"#0"},"up":{"uv":[12.6,4,12.4,4.3],"texture":"#0"},"down":{"uv":[12.6,1.6,12.4,1.9],"rotation":180,"texture":"#0"}}},{"from":[8.54301,5.31444,13.00034],"to":[9.45699,5.8186,14.1467],"rotation":{"angle":-22.5,"axis":"x","origin":[8,4.12552,9]},"faces":{"north":{"uv":[1.6,12.4,1.2,12.6],"rotation":180,"texture":"#0"},"east":{"uv":[12.5,6,12,6.2],"rotation":180,"texture":"#0"},"south":{"uv":[12.8,1.2,12.4,1.4],"rotation":180,"texture":"#0"},"west":{"uv":[12.5,5.6,12,5.8],"rotation":180,"texture":"#0"},"up":{"uv":[3.7,12,3.2,11.6],"rotation":270,"texture":"#0"},"down":{"uv":[12.1,2.8,11.6,3.2],"rotation":90,"texture":"#0"}}},{"from":[8.54301,1.61892,11.46961],"to":[9.45699,2.12308,12.61597],"rotation":{"angle":-22.5,"axis":"x","origin":[8,4.12552,9]},"faces":{"north":{"uv":[1.6,12.4,1.2,12.6],"rotation":180,"texture":"#0"},"east":{"uv":[12.5,6,12,6.2],"rotation":180,"texture":"#0"},"south":{"uv":[12.8,1.2,12.4,1.4],"rotation":180,"texture":"#0"},"west":{"uv":[12.5,5.6,12,5.8],"rotation":180,"texture":"#0"},"up":{"uv":[3.7,12,3.2,11.6],"rotation":270,"texture":"#0"},"down":{"uv":[12.1,2.8,11.6,3.2],"rotation":90,"texture":"#0"}}},{"from":[8.54301,-2.0766,9.93887],"to":[9.45699,-1.57244,11.08523],"rotation":{"angle":-22.5,"axis":"x","origin":[8,4.12552,9]},"faces":{"north":{"uv":[1.6,12.4,1.2,12.6],"rotation":180,"texture":"#0"},"east":{"uv":[12.5,6,12,6.2],"rotation":180,"texture":"#0"},"south":{"uv":[12.8,1.2,12.4,1.4],"rotation":180,"texture":"#0"},"west":{"uv":[12.5,5.6,12,5.8],"rotation":180,"texture":"#0"},"up":{"uv":[3.7,12,3.2,11.6],"rotation":270,"texture":"#0"},"down":{"uv":[12.1,2.8,11.6,3.2],"rotation":90,"texture":"#0"}}},{"from":[8.55075,10.28675,8.29888],"to":[9.44925,11.4486,9.46072],"rotation":{"angle":22.5,"axis":"x","origin":[8,4.12552,9]},"faces":{"north":{"uv":[1.2,12.1,0.8,11.6],"texture":"#0"},"east":{"uv":[11.3,6.8,10.8,7.3],"rotation":270,"texture":"#0"},"south":{"uv":[12,0,11.6,0.5],"rotation":180,"texture":"#0"},"west":{"uv":[6.9,10.8,6.4,11.3],"rotation":90,"texture":"#0"},"up":{"uv":[11.2,11.2,10.8,11.7],"rotation":180,"texture":"#0"},"down":{"uv":[11.6,11.2,11.2,11.7],"texture":"#0"}}},{"from":[8.55075,2.91608,13.86864],"to":[9.44925,4.07793,15.03048],"rotation":{"angle":-45,"axis":"x","origin":[8,4.12552,9]},"faces":{"north":{"uv":[1.2,12.1,0.8,11.6],"texture":"#0"},"east":{"uv":[11.3,6.8,10.8,7.3],"rotation":270,"texture":"#0"},"south":{"uv":[12,0,11.6,0.5],"rotation":180,"texture":"#0"},"west":{"uv":[6.9,10.8,6.4,11.3],"rotation":90,"texture":"#0"},"up":{"uv":[11.2,11.2,10.8,11.7],"rotation":180,"texture":"#0"},"down":{"uv":[11.6,11.2,11.2,11.7],"texture":"#0"}}},{"from":[8.55075,0.08765,11.04021],"to":[9.44925,1.2495,12.20205],"rotation":{"angle":-45,"axis":"x","origin":[8,4.12552,9]},"faces":{"north":{"uv":[1.2,12.1,0.8,11.6],"texture":"#0"},"east":{"uv":[11.3,6.8,10.8,7.3],"rotation":270,"texture":"#0"},"south":{"uv":[12,0,11.6,0.5],"rotation":180,"texture":"#0"},"west":{"uv":[6.9,10.8,6.4,11.3],"rotation":90,"texture":"#0"},"up":{"uv":[11.2,11.2,10.8,11.7],"rotation":180,"texture":"#0"},"down":{"uv":[11.6,11.2,11.2,11.7],"texture":"#0"}}},{"from":[8.55075,-2.74078,8.21179],"to":[9.44925,-1.57893,9.37363],"rotation":{"angle":-45,"axis":"x","origin":[8,4.12552,9]},"faces":{"north":{"uv":[1.2,12.1,0.8,11.6],"texture":"#0"},"east":{"uv":[11.3,6.8,10.8,7.3],"rotation":270,"texture":"#0"},"south":{"uv":[12,0,11.6,0.5],"rotation":180,"texture":"#0"},"west":{"uv":[6.9,10.8,6.4,11.3],"rotation":90,"texture":"#0"},"up":{"uv":[11.2,11.2,10.8,11.7],"rotation":180,"texture":"#0"},"down":{"uv":[11.6,11.2,11.2,11.7],"texture":"#0"}}},{"from":[9,11.68696,7.08433],"to":[9,15.09503,8.01381],"rotation":{"angle":45,"axis":"x","origin":[8,4.12552,9]},"faces":{"north":{"uv":[0,1.4,0,0],"rotation":180,"texture":"#0"},"east":{"uv":[9.2,6.2,8.8,4.8],"rotation":180,"texture":"#0"},"south":{"uv":[0,1.4,0,0],"rotation":180,"texture":"#0"},"west":{"uv":[9.2,4.6,8.8,3.2],"rotation":180,"texture":"#0"},"up":{"uv":[0,0,0,0.4],"texture":"#0"},"down":{"uv":[0,0.4,0,0],"texture":"#0"}}},{"from":[9,-2.26158,4.95],"to":[9,9.1679,13.05],"rotation":{"angle":0,"axis":"z","origin":[8,4.12552,9]},"faces":{"north":{"uv":[0,0,0,0.4],"rotation":180,"texture":"#0"},"east":{"uv":[9.5,15.9,5.2,12.7],"rotation":270,"texture":"#0"},"south":{"uv":[0,0.4,0,0],"texture":"#0"},"west":{"uv":[5.2,15.9,9.5,12.7],"rotation":90,"texture":"#0"},"up":{"uv":[0,1.4,0,0],"rotation":180,"texture":"#0"},"down":{"uv":[0,1.4,0,0],"texture":"#0"}}},{"from":[8.95,-3.73239,1.14208],"to":[9.05,2.26761,7.14208],"rotation":{"angle":-45,"axis":"x","origin":[8,4.12552,9]},"faces":{"north":{"uv":[0,0,0,0.4],"rotation":180,"texture":"#0"},"east":{"uv":[13.6,15.6,10.8,12.8],"rotation":270,"texture":"#0"},"south":{"uv":[0,0.4,0,0],"texture":"#0"},"west":{"uv":[10.8,15.6,13.6,12.8],"rotation":90,"texture":"#0"},"up":{"uv":[0,1.4,0,0],"rotation":180,"texture":"#0"},"down":{"uv":[0,1.4,0,0],"texture":"#0"}}},{"from":[8.30289,5.18864,15.78764],"to":[9.69711,6.66031,17.25931],"rotation":{"angle":-45,"axis":"x","origin":[8,4.12552,9]},"faces":{"north":{"uv":[10.2,7,9.6,6.4],"texture":"#0"},"east":{"uv":[9,10.2,8.4,9.6],"texture":"#0"},"south":{"uv":[10.2,8.6,9.6,8],"texture":"#0"},"west":{"uv":[10.2,7.8,9.6,7.2],"texture":"#0"},"up":{"uv":[9.2,10.2,9.8,9.6],"texture":"#0"},"down":{"uv":[9.6,8.8,10.2,9.4],"texture":"#0"}}},{"from":[8.55075,6.839,5.12468],"to":[9.44925,8.00085,6.28652],"rotation":{"angle":45,"axis":"x","origin":[8,4.12552,9]},"faces":{"north":{"uv":[11.6,0,12,0.5],"rotation":180,"texture":"#0"},"east":{"uv":[11.3,7.3,10.8,6.8],"rotation":270,"texture":"#0"},"south":{"uv":[0.8,12.1,1.2,11.6],"texture":"#0"},"west":{"uv":[6.9,11.3,6.4,10.8],"rotation":90,"texture":"#0"},"up":{"uv":[11.2,11.7,10.8,11.2],"rotation":180,"texture":"#0"},"down":{"uv":[11.6,11.7,11.2,11.2],"texture":"#0"}}},{"from":[8.9,6.22489,7.5107],"to":[9.1,9.20349,10.4893],"rotation":{"angle":0,"axis":"y","origin":[8,4.12552,9]},"faces":{"north":{"uv":[0,1,0,0],"rotation":180,"texture":"#2"},"east":{"uv":[16,16,0,0],"rotation":180,"texture":"#2"},"south":{"uv":[0,1,0,0],"rotation":180,"texture":"#2"},"west":{"uv":[0,16,16,0],"rotation":180,"texture":"#2"},"up":{"uv":[0,1,0,0],"texture":"#2"},"down":{"uv":[0,0,0,1],"texture":"#2"}}},{"from":[6.9711,0.18034,9.40855],"to":[7.61468,3.89824,10.00565],"rotation":{"angle":-45,"axis":"y","origin":[8,4.12552,9]},"faces":{"north":{"uv":[9.2,7.9,9.5,6.4],"texture":"#0"},"east":{"uv":[6.8,10.7,7.1,9.2],"texture":"#0"},"south":{"uv":[6,10.7,6.3,9.2],"texture":"#0"},"west":{"uv":[6.4,10.7,6.7,9.2],"texture":"#0"},"up":{"uv":[12,6.4,12.3,6.7],"texture":"#0"},"down":{"uv":[6.4,12.3,6.7,12],"texture":"#0"}}},{"from":[6.92463,0.18034,9.36207],"to":[7.66115,3.89824,10.05213],"rotation":{"angle":-45,"axis":"y","origin":[8,4.12552,9]},"faces":{"north":{"uv":[9.2,9.5,9.5,8],"texture":"#0"},"east":{"uv":[9.6,1.5,9.9,0],"texture":"#0"},"south":{"uv":[7.2,10.7,7.5,9.2],"texture":"#0"},"west":{"uv":[7.6,10.7,7.9,9.2],"texture":"#0"},"up":{"uv":[12,6.8,12.3,7.1],"texture":"#0"},"down":{"uv":[6.8,12.3,7.1,12],"texture":"#0"}}},{"from":[6.80492,0.99363,9.24236],"to":[7.78086,1.45837,10.17184],"rotation":{"angle":-45,"axis":"y","origin":[8,4.12552,9]},"faces":{"north":{"uv":[10.4,12.2,10.8,12],"texture":"#0"},"east":{"uv":[12,10.6,12.4,10.4],"texture":"#0"},"south":{"uv":[10,12.2,10.4,12],"texture":"#0"},"west":{"uv":[12,10.2,12.4,10],"texture":"#0"},"up":{"uv":[5.2,11.6,5.6,12],"texture":"#0"},"down":{"uv":[11.6,5.2,12,4.8],"texture":"#0"}}},{"from":[6.80492,0.08034,9.24236],"to":[7.78086,0.54508,10.17184],"rotation":{"angle":-45,"axis":"y","origin":[8,4.12552,9]},"faces":{"north":{"uv":[10.4,12.2,10.8,12],"texture":"#0"},"east":{"uv":[12,10.6,12.4,10.4],"texture":"#0"},"south":{"uv":[10,12.2,10.4,12],"texture":"#0"},"west":{"uv":[12,10.2,12.4,10],"texture":"#0"},"up":{"uv":[5.2,11.6,5.6,12],"texture":"#0"},"down":{"uv":[11.6,5.2,12,4.8],"texture":"#0"}}},{"from":[6.80492,2.96877,9.24236],"to":[7.78086,3.4335,10.17184],"rotation":{"angle":-45,"axis":"y","origin":[8,4.12552,9]},"faces":{"north":{"uv":[10.4,12.2,10.8,12],"texture":"#0"},"east":{"uv":[12,10.6,12.4,10.4],"texture":"#0"},"south":{"uv":[10,12.2,10.4,12],"texture":"#0"},"west":{"uv":[12,10.2,12.4,10],"texture":"#0"},"up":{"uv":[5.2,11.6,5.6,12],"texture":"#0"},"down":{"uv":[11.6,5.2,12,4.8],"texture":"#0"}}},{"from":[6.80492,3.88206,9.24236],"to":[7.78086,4.34679,10.17184],"rotation":{"angle":-45,"axis":"y","origin":[8,4.12552,9]},"faces":{"north":{"uv":[10.4,12.2,10.8,12],"texture":"#0"},"east":{"uv":[12,10.6,12.4,10.4],"texture":"#0"},"south":{"uv":[10,12.2,10.4,12],"texture":"#0"},"west":{"uv":[12,10.2,12.4,10],"texture":"#0"},"up":{"uv":[5.2,11.6,5.6,12],"texture":"#0"},"down":{"uv":[11.6,5.2,12,4.8],"texture":"#0"}}},{"from":[6.30289,3.796,8.01277],"to":[7.69711,5.11275,9.32953],"rotation":{"angle":45,"axis":"x","origin":[8,4.12552,9]},"faces":{"north":{"uv":[10,6.1,10.6,5.6],"texture":"#0"},"east":{"uv":[10.4,8.9,10.9,8.4],"texture":"#0"},"south":{"uv":[5.2,10.5,5.8,10],"texture":"#0"},"west":{"uv":[8,10.9,8.5,10.4],"texture":"#0"},"up":{"uv":[10.4,0,11,0.5],"texture":"#0"},"down":{"uv":[10,10.1,10.6,9.6],"texture":"#0"}}},{"from":[6.30289,0.43723,5.31171],"to":[7.69711,1.75399,6.62846],"rotation":{"angle":-45,"axis":"x","origin":[8,4.12552,9]},"faces":{"north":{"uv":[10.4,0,11,0.5],"rotation":180,"texture":"#0"},"east":{"uv":[10.4,8.9,10.9,8.4],"rotation":90,"texture":"#0"},"south":{"uv":[10,10.1,10.6,9.6],"texture":"#0"},"west":{"uv":[8,10.9,8.5,10.4],"rotation":270,"texture":"#0"},"up":{"uv":[5.2,10.5,5.8,10],"texture":"#0"},"down":{"uv":[10,6.1,10.6,5.6],"rotation":180,"texture":"#0"}}}],"gui_light":"front","display":{"thirdperson_righthand":{"translation":[2,4.25,1],"scale":[1.15,1.15,1.15]},"thirdperson_lefthand":{"rotation":[0,-180,0],"translation":[2,4.25,3.25],"scale":[1.15,1.15,1.15]},"firstperson_righthand":{"rotation":[-180,90,-180],"translation":[3,5.5,-3.75],"scale":[1.17383,1.17383,1.17383]},"firstperson_lefthand":{"rotation":[-180,-90,-180],"translation":[5.25,5.5,-3.75],"scale":[1.17383,1.17383,1.17383]},"ground":{"translation":[-1.25,14,-0.25],"scale":[1.03516,1.03516,1.03516]},"gui":{"rotation":[0,-90,0],"translation":[0.75,3,0],"scale":[0.71,0.71,0.71]},"head":{"scale":[0,0,0]},"fixed":{"rotation":[0,90,0],"translation":[-2.5,13,-4],"scale":[2.34078,2.34078,2.34078]}},"groups":[{"name":"shield","origin":[8,2.87353,8],"color":0,"nbt":"{}","children":[{"name":"group","origin":[2.94068,14.93824,8],"color":0,"nbt":"{}","children":[0,1,2,3,4,5,6,7,8,9,10,11,12,13,14,15,16,17,18,19,20,21,22]},{"name":"group","origin":[2.94068,14.93824,8],"color":0,"nbt":"{}","children":[23,24,25,26,27,28,29,30,31,32,33,34,35,36,37,38,39,40,41,42,43,44,45,46,47]},48,49,50,51,52,53,54,55,56,57]}]}