{
	"credit": "Made with Blockbench",
	"texture_size": [56, 56],
	"textures": {
		"0": "prison:crates/black_silver_crate",
		"particle": "prison:crates/black_silver_crate"
	},
	"elements": [
		{
			"from": [-3.38062, 11.376, -1.19825],
			"to": [19.18178, 13.272, 17.19295],
			"rotation": {"angle": 0, "axis": "y", "origin": [7.94798, 11.43687, 16.52015]},
			"faces": {
				"north": {"uv": [10.14286, 6, 13, 6.28571], "texture": "#0"},
				"east": {"uv": [9.71429, 7.71429, 12.42857, 8], "texture": "#0"},
				"south": {"uv": [10.14286, 6.28571, 13, 6.57143], "texture": "#0"},
				"west": {"uv": [9.71429, 8, 12.42857, 8.28571], "texture": "#0"},
				"up": {"uv": [3.71429, 2.71429, 0, 0], "texture": "#0"},
				"down": {"uv": [3.71429, 2.85714, 0, 5.57143], "texture": "#0"}
			}
		},
		{
			"from": [16.14818, 12.0396, -1.01189],
			"to": [18.99218, 17.1588, 0.88411],
			"rotation": {"angle": 0, "axis": "y", "origin": [7.94798, 11.43687, 16.52015]},
			"faces": {
				"north": {"uv": [7.42857, 12, 7.85714, 12.71429], "texture": "#0"},
				"east": {"uv": [12.57143, 4.28571, 12.85714, 5], "texture": "#0"},
				"south": {"uv": [8, 12, 8.42857, 12.71429], "texture": "#0"},
				"west": {"uv": [4.57143, 12.57143, 4.85714, 13.28571], "texture": "#0"},
				"up": {"uv": [9.57143, 13.42857, 9.14286, 13.14286], "texture": "#0"},
				"down": {"uv": [10.14286, 13.14286, 9.71429, 13.42857], "texture": "#0"}
			}
		},
		{
			"from": [16.14818, 25.98392, 8.16913],
			"to": [18.99218, 27.87992, 11.96113],
			"rotation": {"angle": -45, "axis": "x", "origin": [7.94798, 11.43687, 16.52015]},
			"faces": {
				"north": {"uv": [13.14286, 10, 13.57143, 10.28571], "texture": "#0"},
				"east": {"uv": [10.85714, 10.28571, 11.42857, 10.57143], "texture": "#0"},
				"south": {"uv": [10.28571, 13.14286, 10.71429, 13.42857], "texture": "#0"},
				"west": {"uv": [12.57143, 2.28571, 13.14286, 2.57143], "texture": "#0"},
				"up": {"uv": [11.85714, 12.57143, 11.42857, 12], "texture": "#0"},
				"down": {"uv": [12.42857, 11.71429, 12, 12.28571], "texture": "#0"}
			}
		},
		{
			"from": [16.14818, 17.94414, 1.66945],
			"to": [18.99218, 19.84014, 14.32525],
			"rotation": {"angle": 0, "axis": "y", "origin": [7.94798, 11.43687, 16.52015]},
			"faces": {
				"north": {"uv": [13.14286, 10.28571, 13.57143, 10.57143], "texture": "#0"},
				"east": {"uv": [5.71429, 10.57143, 7.57143, 10.85714], "texture": "#0"},
				"south": {"uv": [13.14286, 10.57143, 13.57143, 10.85714], "texture": "#0"},
				"west": {"uv": [7.71429, 10.57143, 9.57143, 10.85714], "texture": "#0"},
				"up": {"uv": [3.57143, 7.57143, 3.14286, 5.71429], "texture": "#0"},
				"down": {"uv": [3.28571, 10, 2.85714, 11.85714], "texture": "#0"}
			}
		},
		{
			"from": [6.57338, 15.13892, 19.01414],
			"to": [9.41738, 18.93092, 20.91014],
			"rotation": {"angle": -45, "axis": "x", "origin": [7.94798, 11.43687, 16.52015]},
			"faces": {
				"north": {"uv": [0, 12.28571, 0.42857, 12.85714], "texture": "#0"},
				"east": {"uv": [2.85714, 8.28571, 3.14286, 8.85714], "texture": "#0"},
				"south": {"uv": [0.57143, 12.28571, 1, 12.85714], "texture": "#0"},
				"west": {"uv": [8.57143, 9.71429, 8.85714, 10.28571], "texture": "#0"},
				"up": {"uv": [11.28571, 13.42857, 10.85714, 13.14286], "texture": "#0"},
				"down": {"uv": [13.57143, 10.85714, 13.14286, 11.14286], "texture": "#0"}
			}
		},
		{
			"from": [6.57338, 17.94414, 1.66945],
			"to": [9.41738, 19.84014, 14.32525],
			"rotation": {"angle": 0, "axis": "y", "origin": [7.94798, 11.43687, 16.52015]},
			"faces": {
				"north": {"uv": [13.14286, 11.14286, 13.57143, 11.42857], "texture": "#0"},
				"east": {"uv": [9.71429, 10.57143, 11.57143, 10.85714], "texture": "#0"},
				"south": {"uv": [11.42857, 13.14286, 11.85714, 13.42857], "texture": "#0"},
				"west": {"uv": [5.71429, 10.85714, 7.57143, 11.14286], "texture": "#0"},
				"up": {"uv": [3.85714, 11.85714, 3.42857, 10], "texture": "#0"},
				"down": {"uv": [4.42857, 10, 4, 11.85714], "texture": "#0"}
			}
		},
		{
			"from": [6.57338, 25.98392, 8.16913],
			"to": [9.41738, 27.87992, 11.96113],
			"rotation": {"angle": -45, "axis": "x", "origin": [7.94798, 11.43687, 16.52015]},
			"faces": {
				"north": {"uv": [13.14286, 11.42857, 13.57143, 11.71429], "texture": "#0"},
				"east": {"uv": [0.57143, 12.85714, 1.14286, 13.14286], "texture": "#0"},
				"south": {"uv": [13.14286, 11.71429, 13.57143, 12], "texture": "#0"},
				"west": {"uv": [1.14286, 12.85714, 1.71429, 13.14286], "texture": "#0"},
				"up": {"uv": [1.57143, 12.85714, 1.14286, 12.28571], "texture": "#0"},
				"down": {"uv": [2.14286, 12.28571, 1.71429, 12.85714], "texture": "#0"}
			}
		},
		{
			"from": [6.57338, 13.36679, -1.0119],
			"to": [9.41738, 17.15879, 0.8841],
			"rotation": {"angle": 0, "axis": "y", "origin": [7.94798, 11.43687, 16.52015]},
			"faces": {
				"north": {"uv": [2.28571, 12.28571, 2.71429, 12.85714], "texture": "#0"},
				"east": {"uv": [1.71429, 12.85714, 2, 13.42857], "texture": "#0"},
				"south": {"uv": [12.28571, 8.28571, 12.71429, 8.85714], "texture": "#0"},
				"west": {"uv": [2, 12.85714, 2.28571, 13.42857], "texture": "#0"},
				"up": {"uv": [12.42857, 13.42857, 12, 13.14286], "texture": "#0"},
				"down": {"uv": [13.57143, 12, 13.14286, 12.28571], "texture": "#0"}
			}
		},
		{
			"from": [-1.48462, 12.2292, -0.07682],
			"to": [17.47538, 17.1588, -0.07682],
			"rotation": {"angle": 0, "axis": "y", "origin": [7.94798, 11.43687, 16.52015]},
			"faces": {
				"north": {"uv": [8.85714, 9.42857, 11.71429, 10.14286], "texture": "#0"},
				"east": {"uv": [0, 0, 0, 0.71429], "texture": "#0"},
				"south": {"uv": [9.71429, 0, 12.57143, 0.71429], "texture": "#0"},
				"west": {"uv": [0, 0, 0, 0.71429], "texture": "#0"},
				"up": {"uv": [2.85714, 0, 0, 0], "texture": "#0"},
				"down": {"uv": [2.85714, 0, 0, 0], "texture": "#0"}
			}
		},
		{
			"from": [6.05198, 12.324, -1.57745],
			"to": [9.93878, 14.22, 1.26655],
			"rotation": {"angle": 0, "axis": "y", "origin": [7.94798, 11.43687, 16.52015]},
			"faces": {
				"north": {"uv": [12.85714, 2.57143, 13.42857, 2.85714], "texture": "#0"},
				"east": {"uv": [13.14286, 12.57143, 13.57143, 12.85714], "texture": "#0"},
				"south": {"uv": [12.85714, 2.85714, 13.42857, 3.14286], "texture": "#0"},
				"west": {"uv": [13.14286, 12.85714, 13.57143, 13.14286], "texture": "#0"},
				"up": {"uv": [12.57143, 12.71429, 12, 12.28571], "texture": "#0"},
				"down": {"uv": [13.14286, 0, 12.57143, 0.42857], "texture": "#0"}
			}
		},
		{
			"from": [-1.48462, 27.21872, 8.83034],
			"to": [17.47538, 27.21872, 11.20034],
			"rotation": {"angle": -45, "axis": "x", "origin": [7.94798, 11.43687, 16.52015]},
			"faces": {
				"north": {"uv": [0, 0, 2.85714, 0], "texture": "#0"},
				"east": {"uv": [0, 0, 0.42857, 0], "texture": "#0"},
				"south": {"uv": [0, 0, 2.85714, 0], "texture": "#0"},
				"west": {"uv": [0, 0, 0.42857, 0], "texture": "#0"},
				"up": {"uv": [12.57143, 4.71429, 9.71429, 4.28571], "texture": "#0"},
				"down": {"uv": [12.57143, 4.85714, 9.71429, 5.28571], "texture": "#0"}
			}
		},
		{
			"from": [-1.48462, 18.83274, 1.59901],
			"to": [17.47538, 18.83274, 14.39701],
			"rotation": {"angle": 0, "axis": "y", "origin": [7.94798, 11.43687, 16.52015]},
			"faces": {
				"north": {"uv": [0, 0, 2.85714, 0], "texture": "#0"},
				"east": {"uv": [0, 0, 1.85714, 0], "texture": "#0"},
				"south": {"uv": [0, 0, 2.85714, 0], "texture": "#0"},
				"west": {"uv": [0, 0, 1.85714, 0], "texture": "#0"},
				"up": {"uv": [9.71429, 6.42857, 6.85714, 4.57143], "texture": "#0"},
				"down": {"uv": [9.71429, 6.57143, 6.85714, 8.42857], "texture": "#0"}
			}
		},
		{
			"from": [18.23378, 11.4708, -1.00865],
			"to": [18.23378, 17.9172, 16.52935],
			"rotation": {"angle": 0, "axis": "y", "origin": [7.94798, 11.43687, 16.52015]},
			"faces": {
				"north": {"uv": [0, 0, 0, 1], "texture": "#0"},
				"east": {"uv": [3.14286, 7.71429, 5.85714, 8.71429], "texture": "#0"},
				"south": {"uv": [0, 0, 0, 1], "texture": "#0"},
				"west": {"uv": [0, 8.28571, 2.71429, 9.28571], "texture": "#0"},
				"up": {"uv": [0, 2.71429, 0, 0], "texture": "#0"},
				"down": {"uv": [0, 0, 0, 2.71429], "texture": "#0"}
			}
		},
		{
			"from": [16.14818, 12.0396, 15.11059],
			"to": [18.99218, 17.1588, 17.00659],
			"rotation": {"angle": 0, "axis": "y", "origin": [7.94798, 11.43687, 16.52015]},
			"faces": {
				"north": {"uv": [8.57143, 12, 9, 12.71429], "texture": "#0"},
				"east": {"uv": [4.85714, 12.57143, 5.14286, 13.28571], "texture": "#0"},
				"south": {"uv": [9.14286, 12, 9.57143, 12.71429], "texture": "#0"},
				"west": {"uv": [5.14286, 12.57143, 5.42857, 13.28571], "texture": "#0"},
				"up": {"uv": [13.57143, 13.42857, 13.14286, 13.14286], "texture": "#0"},
				"down": {"uv": [0.42857, 13.42857, 0, 13.71429], "texture": "#0"}
			}
		},
		{
			"from": [16.14818, 12.0396, 15.11059],
			"to": [18.99218, 17.1588, 17.00659],
			"rotation": {"angle": 0, "axis": "y", "origin": [7.94798, 11.43687, 16.52015]},
			"faces": {
				"north": {"uv": [8.57143, 12, 9, 12.71429], "texture": "#0"},
				"east": {"uv": [4.85714, 12.57143, 5.14286, 13.28571], "texture": "#0"},
				"south": {"uv": [9.14286, 12, 9.57143, 12.71429], "texture": "#0"},
				"west": {"uv": [5.14286, 12.57143, 5.42857, 13.28571], "texture": "#0"},
				"up": {"uv": [13.57143, 13.42857, 13.14286, 13.14286], "texture": "#0"},
				"down": {"uv": [0.42857, 13.42857, 0, 13.71429], "texture": "#0"}
			}
		},
		{
			"from": [16.14818, 15.13892, 19.01414],
			"to": [18.99218, 18.93092, 20.91014],
			"rotation": {"angle": -45, "axis": "x", "origin": [7.94798, 11.43687, 16.52015]},
			"faces": {
				"north": {"uv": [12.57143, 0.57143, 13, 1.14286], "texture": "#0"},
				"east": {"uv": [12.85714, 7.14286, 13.14286, 7.71429], "texture": "#0"},
				"south": {"uv": [12.57143, 1.14286, 13, 1.71429], "texture": "#0"},
				"west": {"uv": [7.42857, 12.85714, 7.71429, 13.42857], "texture": "#0"},
				"up": {"uv": [1, 13.71429, 0.57143, 13.42857], "texture": "#0"},
				"down": {"uv": [1.57143, 13.42857, 1.14286, 13.71429], "texture": "#0"}
			}
		},
		{
			"from": [-3.18154, 12.0396, 15.11059],
			"to": [-0.33754, 17.1588, 17.00659],
			"rotation": {"angle": 0, "axis": "y", "origin": [7.94798, 11.43687, 16.52015]},
			"faces": {
				"north": {"uv": [9.71429, 12, 10.14286, 12.71429], "texture": "#0"},
				"east": {"uv": [12.57143, 5.14286, 12.85714, 5.85714], "texture": "#0"},
				"south": {"uv": [10.28571, 12, 10.71429, 12.71429], "texture": "#0"},
				"west": {"uv": [5.42857, 12.57143, 5.71429, 13.28571], "texture": "#0"},
				"up": {"uv": [2.14286, 13.71429, 1.71429, 13.42857], "texture": "#0"},
				"down": {"uv": [13.85714, 2, 13.42857, 2.28571], "texture": "#0"}
			}
		},
		{
			"from": [-3.18154, 15.13892, 19.01414],
			"to": [-0.33754, 18.93092, 20.91014],
			"rotation": {"angle": -45, "axis": "x", "origin": [7.94798, 11.43687, 16.52015]},
			"faces": {
				"north": {"uv": [12.57143, 1.71429, 13, 2.28571], "texture": "#0"},
				"east": {"uv": [7.71429, 12.85714, 8, 13.42857], "texture": "#0"},
				"south": {"uv": [2.85714, 12.57143, 3.28571, 13.14286], "texture": "#0"},
				"west": {"uv": [8, 12.85714, 8.28571, 13.42857], "texture": "#0"},
				"up": {"uv": [2.71429, 13.71429, 2.28571, 13.42857], "texture": "#0"},
				"down": {"uv": [13.85714, 2.28571, 13.42857, 2.57143], "texture": "#0"}
			}
		},
		{
			"from": [-3.18154, 17.94414, 1.66945],
			"to": [-0.33754, 19.84014, 14.32525],
			"rotation": {"angle": 0, "axis": "y", "origin": [7.94798, 11.43687, 16.52015]},
			"faces": {
				"north": {"uv": [13.42857, 2.57143, 13.85714, 2.85714], "texture": "#0"},
				"east": {"uv": [7.71429, 10.85714, 9.57143, 11.14286], "texture": "#0"},
				"south": {"uv": [13.42857, 2.85714, 13.85714, 3.14286], "texture": "#0"},
				"west": {"uv": [9.71429, 10.85714, 11.57143, 11.14286], "texture": "#0"},
				"up": {"uv": [5, 11.85714, 4.57143, 10], "texture": "#0"},
				"down": {"uv": [5.57143, 10, 5.14286, 11.85714], "texture": "#0"}
			}
		},
		{
			"from": [-3.18154, 25.98392, 8.16913],
			"to": [-0.33754, 27.87992, 11.96113],
			"rotation": {"angle": -45, "axis": "x", "origin": [7.94798, 11.43687, 16.52015]},
			"faces": {
				"north": {"uv": [13.42857, 3.14286, 13.85714, 3.42857], "texture": "#0"},
				"east": {"uv": [8.28571, 12.85714, 8.85714, 13.14286], "texture": "#0"},
				"south": {"uv": [13.42857, 3.42857, 13.85714, 3.71429], "texture": "#0"},
				"west": {"uv": [12.85714, 8.28571, 13.42857, 8.57143], "texture": "#0"},
				"up": {"uv": [13, 3.71429, 12.57143, 3.14286], "texture": "#0"},
				"down": {"uv": [3.85714, 12.57143, 3.42857, 13.14286], "texture": "#0"}
			}
		},
		{
			"from": [-3.18154, 12.0396, -1.01189],
			"to": [-0.33754, 17.1588, 0.88411],
			"rotation": {"angle": 0, "axis": "y", "origin": [7.94798, 11.43687, 16.52015]},
			"faces": {
				"north": {"uv": [10.85714, 12, 11.28571, 12.71429], "texture": "#0"},
				"east": {"uv": [5.71429, 12.57143, 6, 13.28571], "texture": "#0"},
				"south": {"uv": [12, 10.85714, 12.42857, 11.57143], "texture": "#0"},
				"west": {"uv": [6, 12.57143, 6.28571, 13.28571], "texture": "#0"},
				"up": {"uv": [13.85714, 4, 13.42857, 3.71429], "texture": "#0"},
				"down": {"uv": [13.85714, 4, 13.42857, 4.28571], "texture": "#0"}
			}
		},
		{
			"from": [-1.48462, 12.2292, 16.07152],
			"to": [17.47538, 17.1588, 16.07152],
			"rotation": {"angle": 0, "axis": "y", "origin": [7.94798, 11.43687, 16.52015]},
			"faces": {
				"north": {"uv": [9.71429, 0.85714, 12.57143, 1.57143], "texture": "#0"},
				"east": {"uv": [0, 0, 0, 0.71429], "texture": "#0"},
				"south": {"uv": [9.71429, 1.71429, 12.57143, 2.42857], "texture": "#0"},
				"west": {"uv": [0, 0, 0, 0.71429], "texture": "#0"},
				"up": {"uv": [2.85714, 0, 0, 0], "texture": "#0"},
				"down": {"uv": [2.85714, 0, 0, 0], "texture": "#0"}
			}
		},
		{
			"from": [-1.48462, 15.80011, 20.24895],
			"to": [17.47538, 18.17011, 20.24895],
			"rotation": {"angle": -45, "axis": "x", "origin": [7.94798, 11.43687, 16.52015]},
			"faces": {
				"north": {"uv": [9.71429, 5.42857, 12.57143, 5.85714], "texture": "#0"},
				"east": {"uv": [0, 0, 0, 0.42857], "texture": "#0"},
				"south": {"uv": [5.71429, 9.71429, 8.57143, 10.14286], "texture": "#0"},
				"west": {"uv": [0, 0, 0, 0.42857], "texture": "#0"},
				"up": {"uv": [2.85714, 0, 0, 0], "texture": "#0"},
				"down": {"uv": [2.85714, 0, 0, 0], "texture": "#0"}
			}
		},
		{
			"from": [6.57338, 12.0396, 15.11059],
			"to": [9.41738, 17.1588, 17.00659],
			"rotation": {"angle": 0, "axis": "y", "origin": [7.94798, 11.43687, 16.52015]},
			"faces": {
				"north": {"uv": [8.57143, 12, 9, 12.71429], "texture": "#0"},
				"east": {"uv": [4.85714, 12.57143, 5.14286, 13.28571], "texture": "#0"},
				"south": {"uv": [9.14286, 12, 9.57143, 12.71429], "texture": "#0"},
				"west": {"uv": [5.14286, 12.57143, 5.42857, 13.28571], "texture": "#0"},
				"up": {"uv": [13.57143, 13.42857, 13.14286, 13.14286], "texture": "#0"},
				"down": {"uv": [0.42857, 13.42857, 0, 13.71429], "texture": "#0"}
			}
		},
		{
			"from": [-2.42314, 11.4708, -1.48265],
			"to": [-2.42314, 17.9172, 16.52935],
			"rotation": {"angle": 0, "axis": "y", "origin": [7.94798, 11.43687, 16.52015]},
			"faces": {
				"north": {"uv": [0, 0, 0, 1], "texture": "#0"},
				"east": {"uv": [6, 8.57143, 8.71429, 9.57143], "texture": "#0"},
				"south": {"uv": [0, 0, 0, 1], "texture": "#0"},
				"west": {"uv": [2.85714, 8.85714, 5.57143, 9.85714], "texture": "#0"},
				"up": {"uv": [0, 2.71429, 0, 0], "texture": "#0"},
				"down": {"uv": [0, 0, 0, 2.71429], "texture": "#0"}
			}
		},
		{
			"from": [-2.43262, 1.896, -0.43985],
			"to": [18.42338, 3.792, 16.62415],
			"rotation": {"angle": 0, "axis": "y", "origin": [7.94798, 9.92007, 7.98815]},
			"faces": {
				"north": {"uv": [9.71429, 6.57143, 12.85714, 6.85714], "texture": "#0"},
				"east": {"uv": [9.71429, 8.28571, 12.28571, 8.57143], "texture": "#0"},
				"south": {"uv": [9.71429, 6.85714, 12.85714, 7.14286], "texture": "#0"},
				"west": {"uv": [0, 10.28571, 2.57143, 10.57143], "texture": "#0"},
				"up": {"uv": [6.85714, 2.57143, 3.71429, 0], "texture": "#0"},
				"down": {"uv": [6.85714, 2.57143, 3.71429, 5.14286], "texture": "#0"}
			}
		},
		{
			"from": [-2.43262, 9.48, -0.43985],
			"to": [18.42338, 11.376, 16.62415],
			"rotation": {"angle": 0, "axis": "y", "origin": [7.94798, 9.92007, 7.98815]},
			"faces": {
				"north": {"uv": [9.71429, 7.14286, 12.85714, 7.42857], "texture": "#0"},
				"east": {"uv": [5.71429, 10.28571, 8.28571, 10.57143], "texture": "#0"},
				"south": {"uv": [9.71429, 7.42857, 12.85714, 7.71429], "texture": "#0"},
				"west": {"uv": [8.28571, 10.28571, 10.85714, 10.57143], "texture": "#0"},
				"up": {"uv": [6.85714, 7.71429, 3.71429, 5.14286], "texture": "#0"},
				"down": {"uv": [3.14286, 5.71429, 0, 8.28571], "texture": "#0"}
			}
		},
		{
			"from": [-1.48462, 3.792, 0.50815],
			"to": [17.47538, 9.48, 15.67615],
			"rotation": {"angle": 0, "axis": "y", "origin": [7.94798, 9.92007, 7.98815]},
			"faces": {
				"north": {"uv": [8.85714, 8.57143, 11.71429, 9.42857], "texture": "#0"},
				"east": {"uv": [9.71429, 2.57143, 12, 3.42857], "texture": "#0"},
				"south": {"uv": [0, 9.42857, 2.85714, 10.28571], "texture": "#0"},
				"west": {"uv": [9.71429, 3.42857, 12, 4.28571], "texture": "#0"},
				"up": {"uv": [9.71429, 2.28571, 6.85714, 0], "texture": "#0"},
				"down": {"uv": [9.71429, 2.28571, 6.85714, 4.57143], "texture": "#0"}
			}
		},
		{
			"from": [-2.43262, 3.792, -0.43985],
			"to": [0.41138, 9.48, 2.40415],
			"rotation": {"angle": 0, "axis": "y", "origin": [7.94798, 9.92007, 7.98815]},
			"faces": {
				"north": {"uv": [6.85714, 11.14286, 7.28571, 12], "texture": "#0"},
				"east": {"uv": [7.42857, 11.14286, 7.85714, 12], "texture": "#0"},
				"south": {"uv": [8, 11.14286, 8.42857, 12], "texture": "#0"},
				"west": {"uv": [8.57143, 11.14286, 9, 12], "texture": "#0"},
				"up": {"uv": [13, 8.14286, 12.57143, 7.71429], "texture": "#0"},
				"down": {"uv": [13, 10, 12.57143, 10.42857], "texture": "#0"}
			}
		},
		{
			"from": [-1.75935, 9.02734, -0.39245],
			"to": [0.13665, 12.81934, 0.55555],
			"rotation": {"angle": 45, "axis": "z", "origin": [7.94798, 9.92007, 7.98815]},
			"faces": {
				"north": {"uv": [12.85714, 8.57143, 13.14286, 9.14286], "texture": "#0"},
				"east": {"uv": [5.71429, 13.42857, 5.85714, 14], "texture": "#0"},
				"south": {"uv": [8.85714, 12.85714, 9.14286, 13.42857], "texture": "#0"},
				"west": {"uv": [6, 13.42857, 6.14286, 14], "texture": "#0"},
				"up": {"uv": [12.57143, 13.57143, 12.28571, 13.42857], "texture": "#0"},
				"down": {"uv": [12.85714, 13.42857, 12.57143, 13.57143], "texture": "#0"}
			}
		},
		{
			"from": [6.09938, 8.12719, -1.40625],
			"to": [9.89138, 12.86719, 0.67935],
			"rotation": {"angle": 0, "axis": "y", "origin": [7.94798, 9.92007, 7.98815]},
			"faces": {
				"north": {"uv": [5.71429, 11.14286, 6.28571, 11.85714], "texture": "#0"},
				"east": {"uv": [6.28571, 12.57143, 6.57143, 13.28571], "texture": "#0"},
				"south": {"uv": [6.28571, 11.14286, 6.85714, 11.57143], "texture": "#0"},
				"west": {"uv": [6.57143, 12.57143, 6.85714, 13.28571], "texture": "#0"},
				"up": {"uv": [9.71429, 13.14286, 9.14286, 12.85714], "texture": "#0"},
				"down": {"uv": [13.42857, 9.14286, 12.85714, 9.42857], "texture": "#0"}
			}
		},
		{
			"from": [-2.43262, 3.792, 13.78015],
			"to": [0.41138, 9.48, 16.62415],
			"rotation": {"angle": 0, "axis": "y", "origin": [7.94798, 9.92007, 7.98815]},
			"faces": {
				"north": {"uv": [9.14286, 11.14286, 9.57143, 12], "texture": "#0"},
				"east": {"uv": [9.71429, 11.14286, 10.14286, 12], "texture": "#0"},
				"south": {"uv": [10.28571, 11.14286, 10.71429, 12], "texture": "#0"},
				"west": {"uv": [10.85714, 11.14286, 11.28571, 12], "texture": "#0"},
				"up": {"uv": [13, 11, 12.57143, 10.57143], "texture": "#0"},
				"down": {"uv": [13, 11.14286, 12.57143, 11.57143], "texture": "#0"}
			}
		},
		{
			"from": [15.57938, 3.792, 13.78015],
			"to": [18.42338, 9.48, 16.62415],
			"rotation": {"angle": 0, "axis": "y", "origin": [7.94798, 9.92007, 7.98815]},
			"faces": {
				"north": {"uv": [0, 11.42857, 0.42857, 12.28571], "texture": "#0"},
				"east": {"uv": [0.57143, 11.42857, 1, 12.28571], "texture": "#0"},
				"south": {"uv": [1.14286, 11.42857, 1.57143, 12.28571], "texture": "#0"},
				"west": {"uv": [1.71429, 11.42857, 2.14286, 12.28571], "texture": "#0"},
				"up": {"uv": [11.85714, 13, 11.42857, 12.57143], "texture": "#0"},
				"down": {"uv": [13, 11.71429, 12.57143, 12.14286], "texture": "#0"}
			}
		},
		{
			"from": [15.57938, 3.792, -0.43985],
			"to": [18.42338, 9.48, 2.40415],
			"rotation": {"angle": 0, "axis": "y", "origin": [7.94798, 9.92007, 7.98815]},
			"faces": {
				"north": {"uv": [2.28571, 11.42857, 2.71429, 12.28571], "texture": "#0"},
				"east": {"uv": [11.42857, 11.14286, 11.85714, 12], "texture": "#0"},
				"south": {"uv": [11.71429, 8.57143, 12.14286, 9.42857], "texture": "#0"},
				"west": {"uv": [11.71429, 9.42857, 12.14286, 10.28571], "texture": "#0"},
				"up": {"uv": [13, 12.71429, 12.57143, 12.28571], "texture": "#0"},
				"down": {"uv": [0.42857, 12.85714, 0, 13.28571], "texture": "#0"}
			}
		},
		{
			"from": [13.68338, 0, 0.50815],
			"to": [17.47538, 1.896, 4.30015],
			"rotation": {"angle": 0, "axis": "y", "origin": [7.94798, 9.92007, 7.98815]},
			"faces": {
				"north": {"uv": [12.85714, 9.42857, 13.42857, 9.71429], "texture": "#0"},
				"east": {"uv": [9.71429, 12.85714, 10.28571, 13.14286], "texture": "#0"},
				"south": {"uv": [12.85714, 9.71429, 13.42857, 10], "texture": "#0"},
				"west": {"uv": [10.28571, 12.85714, 10.85714, 13.14286], "texture": "#0"},
				"up": {"uv": [3.42857, 12.57143, 2.85714, 12], "texture": "#0"},
				"down": {"uv": [12.57143, 3.14286, 12, 3.71429], "texture": "#0"}
			}
		},
		{
			"from": [-1.48462, 0, 0.50815],
			"to": [2.30738, 1.896, 4.30015],
			"rotation": {"angle": 0, "axis": "y", "origin": [7.94798, 9.92007, 7.98815]},
			"faces": {
				"north": {"uv": [10.85714, 12.85714, 11.42857, 13.14286], "texture": "#0"},
				"east": {"uv": [12, 12.85714, 12.57143, 13.14286], "texture": "#0"},
				"south": {"uv": [12.57143, 12.85714, 13.14286, 13.14286], "texture": "#0"},
				"west": {"uv": [13.14286, 0, 13.71429, 0.28571], "texture": "#0"},
				"up": {"uv": [4, 12.57143, 3.42857, 12], "texture": "#0"},
				"down": {"uv": [12.57143, 3.71429, 12, 4.28571], "texture": "#0"}
			}
		},
		{
			"from": [13.68338, 0, 11.88415],
			"to": [17.47538, 1.896, 15.67615],
			"rotation": {"angle": 0, "axis": "y", "origin": [7.94798, 9.92007, 7.98815]},
			"faces": {
				"north": {"uv": [13.14286, 0.28571, 13.71429, 0.57143], "texture": "#0"},
				"east": {"uv": [0.57143, 13.14286, 1.14286, 13.42857], "texture": "#0"},
				"south": {"uv": [13.14286, 0.57143, 13.71429, 0.85714], "texture": "#0"},
				"west": {"uv": [13.14286, 0.85714, 13.71429, 1.14286], "texture": "#0"},
				"up": {"uv": [4.57143, 12.57143, 4, 12], "texture": "#0"},
				"down": {"uv": [5.14286, 12, 4.57143, 12.57143], "texture": "#0"}
			}
		},
		{
			"from": [17.38058, 6.636, 5.27185],
			"to": [18.23378, 9.717, 10.95985],
			"rotation": {"angle": 0, "axis": "y", "origin": [7.94798, 9.92007, 7.98815]},
			"faces": {
				"north": {"uv": [11.28571, 13.42857, 11.14286, 13.85714], "texture": "#0"},
				"east": {"uv": [12.85714, 2.57143, 12, 3], "texture": "#0"},
				"south": {"uv": [11.57143, 13.42857, 11.42857, 13.85714], "texture": "#0"},
				"west": {"uv": [12.57143, 10.28571, 11.71429, 10.71429], "texture": "#0"},
				"up": {"uv": [13.42857, 5.14286, 13.57143, 4.28571], "texture": "#0"},
				"down": {"uv": [4.57143, 13.42857, 4.71429, 14.28571], "texture": "#0"}
			}
		},
		{
			"from": [-2.33782, 6.636, 5.27185],
			"to": [-1.48462, 9.717, 10.95985],
			"rotation": {"angle": 0, "axis": "y", "origin": [7.94798, 9.92007, 7.98815]},
			"faces": {
				"north": {"uv": [11.14286, 13.42857, 11.28571, 13.85714], "texture": "#0"},
				"east": {"uv": [11.71429, 10.28571, 12.57143, 10.71429], "texture": "#0"},
				"south": {"uv": [11.42857, 13.42857, 11.57143, 13.85714], "texture": "#0"},
				"west": {"uv": [12, 2.57143, 12.85714, 3], "texture": "#0"},
				"up": {"uv": [13.57143, 5.14286, 13.42857, 4.28571], "texture": "#0"},
				"down": {"uv": [4.71429, 13.42857, 4.57143, 14.28571], "texture": "#0"}
			}
		},
		{
			"from": [-1.59292, -2.63433, 9.98815],
			"to": [-0.64492, 2.10567, 10.93615],
			"rotation": {"angle": -22.5, "axis": "z", "origin": [18.50468, 9.50007, 8.09215]},
			"faces": {
				"north": {"uv": [0, 0, 0.14286, 0.71429], "texture": "#0"},
				"east": {"uv": [0, 0, 0.14286, 0.71429], "texture": "#0"},
				"south": {"uv": [0, 0, 0.14286, 0.71429], "texture": "#0"},
				"west": {"uv": [0, 0, 0.14286, 0.71429], "texture": "#0"},
				"up": {"uv": [0, 0, 0.14286, 0.14286], "texture": "#0"},
				"down": {"uv": [0, 0, 0.14286, 0.14286], "texture": "#0"}
			}
		},
		{
			"from": [-1.59292, -2.63433, 6.19615],
			"to": [-0.64492, -1.68633, 9.98815],
			"rotation": {"angle": -22.5, "axis": "z", "origin": [18.50468, 9.50007, 8.09215]},
			"faces": {
				"north": {"uv": [0, 0, 0.14286, 0.14286], "texture": "#0"},
				"east": {"uv": [0, 0, 0.57143, 0.14286], "texture": "#0"},
				"south": {"uv": [0, 0, 0.14286, 0.14286], "texture": "#0"},
				"west": {"uv": [0, 0, 0.57143, 0.14286], "texture": "#0"},
				"up": {"uv": [0, 0, 0.14286, 0.57143], "texture": "#0"},
				"down": {"uv": [0, 0, 0.14286, 0.57143], "texture": "#0"}
			}
		},
		{
			"from": [-1.59292, -2.63433, 5.24815],
			"to": [-0.64492, 2.10567, 6.19615],
			"rotation": {"angle": -22.5, "axis": "z", "origin": [18.50468, 9.50007, 8.09215]},
			"faces": {
				"north": {"uv": [0, 0, 0.14286, 0.71429], "texture": "#0"},
				"east": {"uv": [0, 0, 0.14286, 0.71429], "texture": "#0"},
				"south": {"uv": [0, 0, 0.14286, 0.71429], "texture": "#0"},
				"west": {"uv": [0, 0, 0.14286, 0.71429], "texture": "#0"},
				"up": {"uv": [0, 0, 0.14286, 0.14286], "texture": "#0"},
				"down": {"uv": [0, 0, 0.14286, 0.14286], "texture": "#0"}
			}
		},
		{
			"from": [-1.59292, 1.15767, 6.19615],
			"to": [-0.64492, 2.10567, 9.98815],
			"rotation": {"angle": -22.5, "axis": "z", "origin": [18.50468, 9.50007, 8.09215]},
			"faces": {
				"north": {"uv": [0, 0, 0.14286, 0.14286], "texture": "#0"},
				"east": {"uv": [0, 0, 0.57143, 0.14286], "texture": "#0"},
				"south": {"uv": [0, 0, 0.14286, 0.14286], "texture": "#0"},
				"west": {"uv": [0, 0, 0.57143, 0.14286], "texture": "#0"},
				"up": {"uv": [0, 0, 0.14286, 0.57143], "texture": "#0"},
				"down": {"uv": [0, 0, 0.14286, 0.57143], "texture": "#0"}
			}
		},
		{
			"from": [18.07508, 5.36967, 9.98815],
			"to": [19.02308, 10.10967, 10.93615],
			"rotation": {"angle": 22.5, "axis": "z", "origin": [18.26468, 9.92007, 8.09215]},
			"faces": {
				"north": {"uv": [0, 0, 0.14286, 0.71429], "texture": "#0"},
				"east": {"uv": [0, 0, 0.14286, 0.71429], "texture": "#0"},
				"south": {"uv": [0, 0, 0.14286, 0.71429], "texture": "#0"},
				"west": {"uv": [0, 0, 0.14286, 0.71429], "texture": "#0"},
				"up": {"uv": [0, 0, 0.14286, 0.14286], "texture": "#0"},
				"down": {"uv": [0, 0, 0.14286, 0.14286], "texture": "#0"}
			}
		},
		{
			"from": [18.07508, 5.36967, 5.24815],
			"to": [19.02308, 10.10967, 6.19615],
			"rotation": {"angle": 22.5, "axis": "z", "origin": [18.26468, 9.92007, 8.09215]},
			"faces": {
				"north": {"uv": [0, 0, 0.14286, 0.71429], "texture": "#0"},
				"east": {"uv": [0, 0, 0.14286, 0.71429], "texture": "#0"},
				"south": {"uv": [0, 0, 0.14286, 0.71429], "texture": "#0"},
				"west": {"uv": [0, 0, 0.14286, 0.71429], "texture": "#0"},
				"up": {"uv": [0, 0, 0.14286, 0.14286], "texture": "#0"},
				"down": {"uv": [0, 0, 0.14286, 0.14286], "texture": "#0"}
			}
		},
		{
			"from": [18.07508, 9.16167, 6.19615],
			"to": [19.02308, 10.10967, 9.98815],
			"rotation": {"angle": 22.5, "axis": "z", "origin": [18.26468, 9.92007, 8.09215]},
			"faces": {
				"north": {"uv": [0, 0, 0.14286, 0.14286], "texture": "#0"},
				"east": {"uv": [0, 0, 0.57143, 0.14286], "texture": "#0"},
				"south": {"uv": [0, 0, 0.14286, 0.14286], "texture": "#0"},
				"west": {"uv": [0, 0, 0.57143, 0.14286], "texture": "#0"},
				"up": {"uv": [0, 0, 0.14286, 0.57143], "texture": "#0"},
				"down": {"uv": [0, 0, 0.14286, 0.57143], "texture": "#0"}
			}
		},
		{
			"from": [18.07508, 5.36967, 6.19615],
			"to": [19.02308, 6.31767, 9.98815],
			"rotation": {"angle": 22.5, "axis": "z", "origin": [18.26468, 9.92007, 8.09215]},
			"faces": {
				"north": {"uv": [0, 0, 0.14286, 0.14286], "texture": "#0"},
				"east": {"uv": [0, 0, 0.57143, 0.14286], "texture": "#0"},
				"south": {"uv": [0, 0, 0.14286, 0.14286], "texture": "#0"},
				"west": {"uv": [0, 0, 0.57143, 0.14286], "texture": "#0"},
				"up": {"uv": [0, 0, 0.14286, 0.57143], "texture": "#0"},
				"down": {"uv": [0, 0, 0.14286, 0.57143], "texture": "#0"}
			}
		},
		{
			"from": [-1.48462, 0, 11.88415],
			"to": [2.30738, 1.896, 15.67615],
			"rotation": {"angle": 0, "axis": "y", "origin": [7.94798, 9.92007, 7.98815]},
			"faces": {
				"north": {"uv": [1.14286, 13.14286, 1.71429, 13.42857], "texture": "#0"},
				"east": {"uv": [13.14286, 1.14286, 13.71429, 1.42857], "texture": "#0"},
				"south": {"uv": [13.14286, 1.42857, 13.71429, 1.71429], "texture": "#0"},
				"west": {"uv": [13.14286, 1.71429, 13.71429, 2], "texture": "#0"},
				"up": {"uv": [6.85714, 12.57143, 6.28571, 12], "texture": "#0"},
				"down": {"uv": [7.42857, 12, 6.85714, 12.57143], "texture": "#0"}
			}
		},
		{
			"from": [15.82633, 9.09438, -0.39245],
			"to": [17.72233, 12.88638, 0.55555],
			"rotation": {"angle": -45, "axis": "z", "origin": [7.94798, 9.92007, 7.98815]},
			"faces": {
				"north": {"uv": [13.14286, 2, 13.42857, 2.57143], "texture": "#0"},
				"east": {"uv": [7.71429, 13.42857, 7.85714, 14], "texture": "#0"},
				"south": {"uv": [2.85714, 13.14286, 3.14286, 13.71429], "texture": "#0"},
				"west": {"uv": [13.42857, 7.71429, 13.57143, 8.28571], "texture": "#0"},
				"up": {"uv": [14, 0.14286, 13.71429, 0], "texture": "#0"},
				"down": {"uv": [0.57143, 13.71429, 0.28571, 13.85714], "texture": "#0"}
			}
		},
		{
			"from": [-1.75935, 9.02734, 15.62875],
			"to": [0.13665, 12.81934, 16.57675],
			"rotation": {"angle": 45, "axis": "z", "origin": [7.94798, 9.92007, 7.98815]},
			"faces": {
				"north": {"uv": [3.14286, 13.14286, 3.42857, 13.71429], "texture": "#0"},
				"east": {"uv": [8, 13.42857, 8.14286, 14], "texture": "#0"},
				"south": {"uv": [13.14286, 3.14286, 13.42857, 3.71429], "texture": "#0"},
				"west": {"uv": [13.42857, 8.28571, 13.57143, 8.85714], "texture": "#0"},
				"up": {"uv": [14, 0.42857, 13.71429, 0.28571], "texture": "#0"},
				"down": {"uv": [0.85714, 13.71429, 0.57143, 13.85714], "texture": "#0"}
			}
		},
		{
			"from": [15.82633, 9.09438, 15.62875],
			"to": [17.72233, 12.88638, 16.57675],
			"rotation": {"angle": -45, "axis": "z", "origin": [7.94798, 9.92007, 7.98815]},
			"faces": {
				"north": {"uv": [3.42857, 13.14286, 3.71429, 13.71429], "texture": "#0"},
				"east": {"uv": [8.85714, 13.42857, 9, 14], "texture": "#0"},
				"south": {"uv": [3.71429, 13.14286, 4, 13.71429], "texture": "#0"},
				"west": {"uv": [13.42857, 8.85714, 13.57143, 9.42857], "texture": "#0"},
				"up": {"uv": [14, 0.71429, 13.71429, 0.57143], "texture": "#0"},
				"down": {"uv": [1.14286, 13.71429, 0.85714, 13.85714], "texture": "#0"}
			}
		},
		{
			"from": [-2.33782, 7.71369, -0.4055],
			"to": [-1.38982, 11.50569, 1.4905],
			"rotation": {"angle": -45, "axis": "x", "origin": [7.94798, 9.92007, 7.98815]},
			"faces": {
				"north": {"uv": [9.14286, 13.42857, 9.28571, 14], "texture": "#0"},
				"east": {"uv": [13.14286, 3.71429, 13.42857, 4.28571], "texture": "#0"},
				"south": {"uv": [9.42857, 13.42857, 9.57143, 14], "texture": "#0"},
				"west": {"uv": [4, 13.14286, 4.28571, 13.71429], "texture": "#0"},
				"up": {"uv": [13.85714, 1.14286, 13.71429, 0.85714], "texture": "#0"},
				"down": {"uv": [1.28571, 13.71429, 1.14286, 14], "texture": "#0"}
			}
		},
		{
			"from": [-2.33782, 7.86077, 14.63288],
			"to": [-1.38982, 11.65277, 16.52888],
			"rotation": {"angle": 45, "axis": "x", "origin": [7.94798, 9.92007, 7.98815]},
			"faces": {
				"north": {"uv": [13.42857, 9.42857, 13.57143, 10], "texture": "#0"},
				"east": {"uv": [4.28571, 13.14286, 4.57143, 13.71429], "texture": "#0"},
				"south": {"uv": [9.71429, 13.42857, 9.85714, 14], "texture": "#0"},
				"west": {"uv": [13.14286, 7.14286, 13.42857, 7.71429], "texture": "#0"},
				"up": {"uv": [13.85714, 1.42857, 13.71429, 1.14286], "texture": "#0"},
				"down": {"uv": [1.57143, 13.71429, 1.42857, 14], "texture": "#0"}
			}
		},
		{
			"from": [17.38058, 7.86077, 14.63288],
			"to": [18.32858, 11.65277, 16.52888],
			"rotation": {"angle": 45, "axis": "x", "origin": [7.94798, 9.92007, 7.98815]},
			"faces": {
				"north": {"uv": [10, 13.42857, 10.14286, 14], "texture": "#0"},
				"east": {"uv": [13.14286, 7.71429, 13.42857, 8.28571], "texture": "#0"},
				"south": {"uv": [10.28571, 13.42857, 10.42857, 14], "texture": "#0"},
				"west": {"uv": [8.28571, 13.14286, 8.57143, 13.71429], "texture": "#0"},
				"up": {"uv": [13.85714, 1.71429, 13.71429, 1.42857], "texture": "#0"},
				"down": {"uv": [1.85714, 13.71429, 1.71429, 14], "texture": "#0"}
			}
		},
		{
			"from": [17.38058, 7.71369, -0.4055],
			"to": [18.32858, 11.50569, 1.4905],
			"rotation": {"angle": -45, "axis": "x", "origin": [7.94798, 9.92007, 7.98815]},
			"faces": {
				"north": {"uv": [10.57143, 13.42857, 10.71429, 14], "texture": "#0"},
				"east": {"uv": [8.57143, 13.14286, 8.85714, 13.71429], "texture": "#0"},
				"south": {"uv": [10.85714, 13.42857, 11, 14], "texture": "#0"},
				"west": {"uv": [13.14286, 8.57143, 13.42857, 9.14286], "texture": "#0"},
				"up": {"uv": [13.85714, 2, 13.71429, 1.71429], "texture": "#0"},
				"down": {"uv": [2.14286, 13.71429, 2, 14], "texture": "#0"}
			}
		},
		{
			"from": [11.36078, 10.5228, 15.41545],
			"to": [15.15278, 12.4188, 17.31145],
			"rotation": {"angle": 0, "axis": "y", "origin": [7.94798, 9.92007, 7.98815]},
			"faces": {
				"north": {"uv": [12.85714, 6.57143, 13.42857, 6.85714], "texture": "#0"},
				"east": {"uv": [11.71429, 10.85714, 12, 11.14286], "texture": "#0"},
				"south": {"uv": [12.85714, 5.71429, 13.42857, 6], "texture": "#0"},
				"west": {"uv": [12.28571, 10, 12.57143, 10.28571], "texture": "#0"},
				"up": {"uv": [13.42857, 6.85714, 12.85714, 6.57143], "texture": "#0"},
				"down": {"uv": [13.42857, 6.85714, 12.85714, 7.14286], "texture": "#0"}
			}
		},
		{
			"from": [0.60098, 10.5228, 15.41545],
			"to": [4.39298, 12.4188, 17.31145],
			"rotation": {"angle": 0, "axis": "y", "origin": [7.94798, 9.92007, 7.98815]},
			"faces": {
				"north": {"uv": [12.85714, 4.57143, 13.42857, 4.85714], "texture": "#0"},
				"east": {"uv": [2.57143, 11.14286, 2.85714, 11.42857], "texture": "#0"},
				"south": {"uv": [12.85714, 4.57143, 13.42857, 4.85714], "texture": "#0"},
				"west": {"uv": [11.42857, 10.28571, 11.71429, 10.57143], "texture": "#0"},
				"up": {"uv": [13.42857, 5.14286, 12.85714, 4.85714], "texture": "#0"},
				"down": {"uv": [13.42857, 5.14286, 12.85714, 5.42857], "texture": "#0"}
			}
		}
	],
	"display": {
		"thirdperson_righthand": {
			"translation": [0, 2, 0],
			"scale": [0.4, 0.4, 0.4]
		},
		"thirdperson_lefthand": {
			"translation": [0, 2, 0],
			"scale": [0.4, 0.4, 0.4]
		},
		"firstperson_righthand": {
			"translation": [-1.5, 5.75, 2.75],
			"scale": [0.6, 0.6, 0.6]
		},
		"firstperson_lefthand": {
			"translation": [-1.5, 5.75, 2.75],
			"scale": [0.6, 0.6, 0.6]
		},
		"ground": {
			"translation": [0, 1.5, 0],
			"scale": [0.5, 0.5, 0.5]
		},
		"gui": {
			"rotation": [0, 180, 0],
			"translation": [0, -1.25, 0],
			"scale": [0.6, 0.6, 0.6]
		},
		"head": {
			"translation": [0, -30.5, 0],
			"scale": [1.6, 1.6, 1.6]
		},
		"fixed": {
			"rotation": [-90, 0, 0],
			"translation": [0, 0.25, -78],
			"scale": [2, 2, 2]
		}
	},
	"groups": [
		{
			"name": "main",
			"origin": [7.94798, 0, 7.83145],
			"color": 0,
			"children": [
				{
					"name": "up",
					"origin": [5.3323, 11.376, 16.69086],
					"color": 0,
					"children": [0, 1, 2, 3, 4, 5, 6, 7, 8, 9, 10, 11, 12, 13, 14, 15, 16, 17, 18, 19, 20, 21, 22, 23, 24]
				},
				{
					"name": "down",
					"origin": [5.3323, 4.76049, 7.63746],
					"color": 0,
					"children": [
						25,
						26,
						27,
						28,
						29,
						30,
						31,
						32,
						33,
						34,
						35,
						36,
						37,
						38,
						{
							"name": "handle_1",
							"origin": [-2.35999, 9.50007, 8.06406],
							"color": 0,
							"children": [39, 40, 41, 42]
						},
						{
							"name": "handle_2",
							"origin": [18.25601, 9.92007, 8.06406],
							"color": 0,
							"children": [43, 44, 45, 46]
						},
						47,
						48,
						49,
						50,
						51,
						52,
						53,
						54,
						55,
						56
					]
				}
			]
		}
	]
}