{
	"credit": "Made with Blockbench",
	"texture_size": [64, 64],
	"textures": {
		"0": "prison:crates/darkness_crate",
		"particle": "prison:crates/darkness_crate"
	},
	"elements": [
		{
			"from": [0.5, 2, 0.5],
			"to": [15.5, 11, 15.5],
			"rotation": {"angle": 0, "axis": "y", "origin": [-0.5, 0, -0.5]},
			"faces": {
				"north": {"uv": [8.5, 3.75, 12.25, 6], "texture": "#0"},
				"east": {"uv": [8.5, 6, 12.25, 8.25], "texture": "#0"},
				"south": {"uv": [8.5, 8.25, 12.25, 10.5], "texture": "#0"},
				"west": {"uv": [0, 9.5, 3.75, 11.75], "texture": "#0"},
				"up": {"uv": [8.5, 3.75, 4.75, 0], "texture": "#0"},
				"down": {"uv": [8.5, 3.75, 4.75, 7.5], "texture": "#0"}
			}
		},
		{
			"from": [-1.5, 0, -1.5],
			"to": [17.5, 2, 17.5],
			"rotation": {"angle": 0, "axis": "y", "origin": [-0.5, 0, -0.5]},
			"faces": {
				"north": {"uv": [11, 14, 15.75, 14.5], "texture": "#0"},
				"east": {"uv": [11, 14.5, 15.75, 15], "texture": "#0"},
				"south": {"uv": [11, 15, 15.75, 15.5], "texture": "#0"},
				"west": {"uv": [11, 15.5, 15.75, 16], "texture": "#0"},
				"up": {"uv": [4.75, 4.75, 0, 0], "texture": "#0"},
				"down": {"uv": [4.75, 4.75, 0, 9.5], "texture": "#0"}
			}
		},
		{
			"from": [13.5, 9.5, 13.5],
			"to": [16.5, 11.1, 16.5],
			"rotation": {"angle": 0, "axis": "y", "origin": [16, 0.5, 16]},
			"faces": {
				"north": {"uv": [7.5, 11.25, 8.5, 11.75], "texture": "#0"},
				"east": {"uv": [13.25, 10.75, 14.25, 11.25], "texture": "#0"},
				"south": {"uv": [5.25, 13.5, 6.25, 14], "texture": "#0"},
				"west": {"uv": [13.5, 5.75, 14.5, 6.25], "texture": "#0"},
				"up": {"uv": [6.5, 13.5, 5.5, 12.5], "texture": "#0"},
				"down": {"uv": [7.5, 12.5, 6.5, 13.5], "texture": "#0"}
			}
		},
		{
			"from": [13.75, 3, 13.75],
			"to": [16.25, 10, 16.25],
			"rotation": {"angle": 0, "axis": "y", "origin": [16, 0, 16]},
			"faces": {
				"north": {"uv": [3.75, 9.5, 4.5, 11.25], "texture": "#0"},
				"east": {"uv": [12.25, 6.75, 13, 8.5], "texture": "#0"},
				"south": {"uv": [12.25, 8.5, 13, 10.25], "texture": "#0"},
				"west": {"uv": [3.75, 12.5, 4.5, 14.25], "texture": "#0"},
				"up": {"uv": [14.25, 2.25, 13.5, 1.5], "texture": "#0"},
				"down": {"uv": [14.25, 4.25, 13.5, 5], "texture": "#0"}
			}
		},
		{
			"from": [13.5, 2, 13.5],
			"to": [16.5, 4, 16.5],
			"rotation": {"angle": 0, "axis": "y", "origin": [16, 0, 16]},
			"faces": {
				"north": {"uv": [13.25, 13.5, 14, 14], "texture": "#0"},
				"east": {"uv": [0, 13.75, 0.75, 14.25], "texture": "#0"},
				"south": {"uv": [0.75, 13.75, 1.5, 14.25], "texture": "#0"},
				"west": {"uv": [1.5, 13.75, 2.25, 14.25], "texture": "#0"},
				"up": {"uv": [5.25, 14.25, 4.5, 13.5], "texture": "#0"},
				"down": {"uv": [14.25, 5, 13.5, 5.75], "texture": "#0"}
			}
		},
		{
			"from": [13.5, 9.5, -0.5],
			"to": [16.5, 11.1, 2.5],
			"rotation": {"angle": 0, "axis": "y", "origin": [16, 0.5, 0]},
			"faces": {
				"north": {"uv": [6.25, 13.5, 5.25, 14], "texture": "#0"},
				"east": {"uv": [14.25, 10.75, 13.25, 11.25], "texture": "#0"},
				"south": {"uv": [8.5, 11.25, 7.5, 11.75], "texture": "#0"},
				"west": {"uv": [14.5, 5.75, 13.5, 6.25], "texture": "#0"},
				"up": {"uv": [6.5, 12.5, 5.5, 13.5], "texture": "#0"},
				"down": {"uv": [7.5, 13.5, 6.5, 12.5], "texture": "#0"}
			}
		},
		{
			"from": [13.75, 3, -0.25],
			"to": [16.25, 10, 2.25],
			"rotation": {"angle": 0, "axis": "y", "origin": [16, 0, 0]},
			"faces": {
				"north": {"uv": [13, 8.5, 12.25, 10.25], "texture": "#0"},
				"east": {"uv": [13, 6.75, 12.25, 8.5], "texture": "#0"},
				"south": {"uv": [4.5, 9.5, 3.75, 11.25], "texture": "#0"},
				"west": {"uv": [4.5, 12.5, 3.75, 14.25], "texture": "#0"},
				"up": {"uv": [14.25, 1.5, 13.5, 2.25], "texture": "#0"},
				"down": {"uv": [14.25, 5, 13.5, 4.25], "texture": "#0"}
			}
		},
		{
			"from": [13.5, 2, -0.5],
			"to": [16.5, 4, 2.5],
			"rotation": {"angle": 0, "axis": "y", "origin": [16, 0, 0]},
			"faces": {
				"north": {"uv": [1.5, 13.75, 0.75, 14.25], "texture": "#0"},
				"east": {"uv": [0.75, 13.75, 0, 14.25], "texture": "#0"},
				"south": {"uv": [14, 13.5, 13.25, 14], "texture": "#0"},
				"west": {"uv": [2.25, 13.75, 1.5, 14.25], "texture": "#0"},
				"up": {"uv": [5.25, 13.5, 4.5, 14.25], "texture": "#0"},
				"down": {"uv": [14.25, 5.75, 13.5, 5], "texture": "#0"}
			}
		},
		{
			"from": [-0.5, 9.5, -0.5],
			"to": [2.5, 11.1, 2.5],
			"rotation": {"angle": 0, "axis": "y", "origin": [0, 0.5, 0]},
			"faces": {
				"north": {"uv": [5.25, 13.5, 6.25, 14], "texture": "#0"},
				"east": {"uv": [13.5, 5.75, 14.5, 6.25], "texture": "#0"},
				"south": {"uv": [7.5, 11.25, 8.5, 11.75], "texture": "#0"},
				"west": {"uv": [13.25, 10.75, 14.25, 11.25], "texture": "#0"},
				"up": {"uv": [5.5, 12.5, 6.5, 13.5], "texture": "#0"},
				"down": {"uv": [6.5, 13.5, 7.5, 12.5], "texture": "#0"}
			}
		},
		{
			"from": [-0.25, 3, -0.25],
			"to": [2.25, 10, 2.25],
			"faces": {
				"north": {"uv": [12.25, 8.5, 13, 10.25], "texture": "#0"},
				"east": {"uv": [3.75, 12.5, 4.5, 14.25], "texture": "#0"},
				"south": {"uv": [3.75, 9.5, 4.5, 11.25], "texture": "#0"},
				"west": {"uv": [12.25, 6.75, 13, 8.5], "texture": "#0"},
				"up": {"uv": [13.5, 1.5, 14.25, 2.25], "texture": "#0"},
				"down": {"uv": [13.5, 5, 14.25, 4.25], "texture": "#0"}
			}
		},
		{
			"from": [-0.5, 2, -0.5],
			"to": [2.5, 4, 2.5],
			"faces": {
				"north": {"uv": [0.75, 13.75, 1.5, 14.25], "texture": "#0"},
				"east": {"uv": [1.5, 13.75, 2.25, 14.25], "texture": "#0"},
				"south": {"uv": [13.25, 13.5, 14, 14], "texture": "#0"},
				"west": {"uv": [0, 13.75, 0.75, 14.25], "texture": "#0"},
				"up": {"uv": [4.5, 13.5, 5.25, 14.25], "texture": "#0"},
				"down": {"uv": [13.5, 5.75, 14.25, 5], "texture": "#0"}
			}
		},
		{
			"from": [-0.5, 9.5, 13.5],
			"to": [2.5, 11.1, 16.5],
			"rotation": {"angle": 0, "axis": "y", "origin": [0, 0.5, 16]},
			"faces": {
				"north": {"uv": [8.5, 11.25, 7.5, 11.75], "texture": "#0"},
				"east": {"uv": [14.5, 5.75, 13.5, 6.25], "texture": "#0"},
				"south": {"uv": [6.25, 13.5, 5.25, 14], "texture": "#0"},
				"west": {"uv": [14.25, 10.75, 13.25, 11.25], "texture": "#0"},
				"up": {"uv": [5.5, 13.5, 6.5, 12.5], "texture": "#0"},
				"down": {"uv": [6.5, 12.5, 7.5, 13.5], "texture": "#0"}
			}
		},
		{
			"from": [-0.25, 3, 13.75],
			"to": [2.25, 10, 16.25],
			"rotation": {"angle": 0, "axis": "y", "origin": [0, 0, 16]},
			"faces": {
				"north": {"uv": [4.5, 9.5, 3.75, 11.25], "texture": "#0"},
				"east": {"uv": [4.5, 12.5, 3.75, 14.25], "texture": "#0"},
				"south": {"uv": [13, 8.5, 12.25, 10.25], "texture": "#0"},
				"west": {"uv": [13, 6.75, 12.25, 8.5], "texture": "#0"},
				"up": {"uv": [13.5, 2.25, 14.25, 1.5], "texture": "#0"},
				"down": {"uv": [13.5, 4.25, 14.25, 5], "texture": "#0"}
			}
		},
		{
			"from": [-0.5, 2, 13.5],
			"to": [2.5, 4, 16.5],
			"rotation": {"angle": 0, "axis": "y", "origin": [0, 0, 16]},
			"faces": {
				"north": {"uv": [14, 13.5, 13.25, 14], "texture": "#0"},
				"east": {"uv": [2.25, 13.75, 1.5, 14.25], "texture": "#0"},
				"south": {"uv": [1.5, 13.75, 0.75, 14.25], "texture": "#0"},
				"west": {"uv": [0.75, 13.75, 0, 14.25], "texture": "#0"},
				"up": {"uv": [4.5, 14.25, 5.25, 13.5], "texture": "#0"},
				"down": {"uv": [13.5, 5, 14.25, 5.75], "texture": "#0"}
			}
		},
		{
			"from": [0.5, 11, 0.5],
			"to": [15.5, 16, 15.5],
			"rotation": {"angle": 0, "axis": "y", "origin": [8, 12.14025, 15.45929]},
			"faces": {
				"north": {"uv": [8.5, 10.5, 12.25, 11.75], "texture": "#0"},
				"east": {"uv": [3.75, 11.25, 7.5, 12.5], "texture": "#0"},
				"south": {"uv": [0, 11.75, 3.75, 13], "texture": "#0"},
				"west": {"uv": [7.5, 11.75, 11.25, 13], "texture": "#0"},
				"up": {"uv": [8.5, 11.25, 4.75, 7.5], "texture": "#0"},
				"down": {"uv": [12.25, 0, 8.5, 3.75], "texture": "#0"}
			}
		},
		{
			"from": [6.5, 12, -0.4],
			"to": [9.5, 14, 0.6],
			"rotation": {"angle": 0, "axis": "y", "origin": [8, 12.14025, 15.45929]},
			"faces": {
				"north": {"uv": [2.25, 13.75, 3, 14.25], "texture": "#0"},
				"east": {"uv": [12.25, 11.25, 12.5, 11.75], "texture": "#0"},
				"south": {"uv": [7.25, 13.75, 8, 14.25], "texture": "#0"},
				"west": {"uv": [13.75, 12, 14, 12.5], "texture": "#0"},
				"up": {"uv": [14.5, 9.75, 13.75, 9.5], "texture": "#0"},
				"down": {"uv": [10.5, 13.75, 9.75, 14], "texture": "#0"}
			}
		},
		{
			"from": [7.5, 12.75, -1.775],
			"to": [8.5, 13.3, 0.025],
			"rotation": {"angle": 0, "axis": "y", "origin": [8, 12.14025, 15.45929]},
			"faces": {
				"north": {"uv": [4.5, 11, 4.75, 11.25], "texture": "#0"},
				"east": {"uv": [13.75, 9.75, 14.25, 10], "texture": "#0"},
				"south": {"uv": [13, 10, 13.25, 10.25], "texture": "#0"},
				"west": {"uv": [13.75, 12.5, 14.25, 12.75], "texture": "#0"},
				"up": {"uv": [5.5, 14.5, 5.25, 14], "texture": "#0"},
				"down": {"uv": [5.75, 14, 5.5, 14.5], "texture": "#0"}
			}
		},
		{
			"from": [7.5, 11, -1.775],
			"to": [8.5, 11.55, 0.625],
			"rotation": {"angle": 0, "axis": "y", "origin": [8, 12.14025, 15.45929]},
			"faces": {
				"north": {"uv": [7.25, 13.5, 7.5, 13.75], "texture": "#0"},
				"east": {"uv": [5.75, 14, 6.25, 14.25], "texture": "#0"},
				"south": {"uv": [7, 14, 7.25, 14.25], "texture": "#0"},
				"west": {"uv": [6.25, 14, 6.75, 14.25], "texture": "#0"},
				"up": {"uv": [7, 14.5, 6.75, 14], "texture": "#0"},
				"down": {"uv": [14.25, 6.75, 14, 7.25], "texture": "#0"}
			}
		},
		{
			"from": [7.5, 11.55, -1.775],
			"to": [8.5, 12.75, -1.225],
			"rotation": {"angle": 0, "axis": "y", "origin": [8, 12.14025, 15.45929]},
			"faces": {
				"north": {"uv": [10, 14, 10.25, 14.25], "texture": "#0"},
				"east": {"uv": [14, 10, 14.25, 10.25], "texture": "#0"},
				"south": {"uv": [10.25, 14, 10.5, 14.25], "texture": "#0"},
				"west": {"uv": [14, 10.25, 14.25, 10.5], "texture": "#0"},
				"up": {"uv": [14.25, 10.75, 14, 10.5], "texture": "#0"},
				"down": {"uv": [11.5, 14, 11.25, 14.25], "texture": "#0"}
			}
		},
		{
			"from": [9.1, 9.65776, -1.06434],
			"to": [9.65, 12.15776, -0.46434],
			"rotation": {"angle": 0, "axis": "y", "origin": [8.05, 10.27026, -0.76434]},
			"faces": {
				"north": {"uv": [4.5, 9.5, 4.75, 10.25], "texture": "#0"},
				"east": {"uv": [4.5, 10.25, 4.75, 11], "texture": "#0"},
				"south": {"uv": [3.5, 13, 3.75, 13.75], "texture": "#0"},
				"west": {"uv": [3.5, 13.75, 3.75, 14.5], "texture": "#0"},
				"up": {"uv": [14.25, 11.5, 14, 11.25], "texture": "#0"},
				"down": {"uv": [11.75, 14, 11.5, 14.25], "texture": "#0"}
			}
		},
		{
			"from": [6.45, 9.65776, -1.06434],
			"to": [7, 12.15776, -0.46434],
			"rotation": {"angle": 0, "axis": "y", "origin": [8.05, 10.27026, -0.76434]},
			"faces": {
				"north": {"uv": [10.5, 13.75, 10.75, 14.5], "texture": "#0"},
				"east": {"uv": [10.75, 13.75, 11, 14.5], "texture": "#0"},
				"south": {"uv": [11, 13.75, 11.25, 14.5], "texture": "#0"},
				"west": {"uv": [13.75, 11.25, 14, 12], "texture": "#0"},
				"up": {"uv": [14.25, 11.75, 14, 11.5], "texture": "#0"},
				"down": {"uv": [12, 14, 11.75, 14.25], "texture": "#0"}
			}
		},
		{
			"from": [6.9, 11.60776, -1.06434],
			"to": [9.1, 12.15776, -0.46434],
			"rotation": {"angle": 0, "axis": "y", "origin": [8.05, 10.27026, -0.76434]},
			"faces": {
				"north": {"uv": [14, 7.25, 14.5, 7.5], "texture": "#0"},
				"east": {"uv": [14, 11.75, 14.25, 12], "texture": "#0"},
				"south": {"uv": [8.5, 14, 9, 14.25], "texture": "#0"},
				"west": {"uv": [12, 14, 12.25, 14.25], "texture": "#0"},
				"up": {"uv": [9.5, 14.25, 9, 14], "texture": "#0"},
				"down": {"uv": [10, 14, 9.5, 14.25], "texture": "#0"}
			}
		},
		{
			"from": [6.1, 7.15776, -1.51434],
			"to": [9.9, 10.15776, -0.01434],
			"rotation": {"angle": 0, "axis": "y", "origin": [8.05, 10.27026, -0.76434]},
			"faces": {
				"north": {"uv": [14.25, 4.5, 16, 5.75], "texture": "#0"},
				"east": {"uv": [10.75, 13, 11.25, 13.75], "texture": "#0"},
				"south": {"uv": [7.5, 13, 8.5, 13.75], "texture": "#0"},
				"west": {"uv": [8, 13.75, 8.5, 14.5], "texture": "#0"},
				"up": {"uv": [7.25, 14, 6.25, 13.5], "texture": "#0"},
				"down": {"uv": [14.5, 6.25, 13.5, 6.75], "texture": "#0"}
			}
		},
		{
			"from": [13, 13.5, 13.5],
			"to": [16, 16.5, 16.5],
			"rotation": {"angle": 45, "axis": "z", "origin": [15, 15.5, 15]},
			"faces": {
				"north": {"uv": [5.5, 12.5, 4.5, 13.5], "rotation": 180, "texture": "#0"},
				"east": {"uv": [0, 13, 1, 13.75], "rotation": 270, "texture": "#0"},
				"south": {"uv": [13.25, 11.25, 12.25, 10.25], "texture": "#0"},
				"west": {"uv": [2, 13, 3, 13.75], "rotation": 90, "texture": "#0"},
				"up": {"uv": [12.5, 12.75, 13.5, 13.5], "rotation": 180, "texture": "#0"},
				"down": {"uv": [1, 13, 2, 13.75], "texture": "#0"}
			}
		},
		{
			"from": [13.75, 11, 13.75],
			"to": [16.25, 14, 16.25],
			"rotation": {"angle": 0, "axis": "y", "origin": [8, 12.14025, 15.45929]},
			"faces": {
				"north": {"uv": [8.5, 13, 9.25, 13.75], "texture": "#0"},
				"east": {"uv": [13, 8.5, 13.75, 9.25], "texture": "#0"},
				"south": {"uv": [9.25, 13, 10, 13.75], "texture": "#0"},
				"west": {"uv": [13, 9.25, 13.75, 10], "texture": "#0"},
				"up": {"uv": [10.75, 13.75, 10, 13], "texture": "#0"},
				"down": {"uv": [14, 10, 13.25, 10.75], "texture": "#0"}
			}
		},
		{
			"from": [13, 13.5, -0.5],
			"to": [16, 16.5, 2.5],
			"rotation": {"angle": 45, "axis": "z", "origin": [15, 15.5, 1]},
			"faces": {
				"north": {"uv": [13.25, 10.25, 12.25, 11.25], "rotation": 180, "texture": "#0"},
				"east": {"uv": [1, 13, 0, 13.75], "rotation": 90, "texture": "#0"},
				"south": {"uv": [5.5, 13.5, 4.5, 12.5], "texture": "#0"},
				"west": {"uv": [3, 13, 2, 13.75], "rotation": 270, "texture": "#0"},
				"up": {"uv": [13.5, 12.75, 12.5, 13.5], "texture": "#0"},
				"down": {"uv": [2, 13, 1, 13.75], "rotation": 180, "texture": "#0"}
			}
		},
		{
			"from": [13.75, 11, -0.25],
			"to": [16.25, 14, 2.25],
			"rotation": {"angle": 0, "axis": "y", "origin": [8, 12.14025, 15.45929]},
			"faces": {
				"north": {"uv": [10, 13, 9.25, 13.75], "texture": "#0"},
				"east": {"uv": [13.75, 8.5, 13, 9.25], "texture": "#0"},
				"south": {"uv": [9.25, 13, 8.5, 13.75], "texture": "#0"},
				"west": {"uv": [13.75, 9.25, 13, 10], "texture": "#0"},
				"up": {"uv": [10.75, 13, 10, 13.75], "texture": "#0"},
				"down": {"uv": [14, 10.75, 13.25, 10], "texture": "#0"}
			}
		},
		{
			"from": [0, 13.5, -0.5],
			"to": [3, 16.5, 2.5],
			"rotation": {"angle": -45, "axis": "z", "origin": [1, 15.5, 1]},
			"faces": {
				"north": {"uv": [12.25, 10.25, 13.25, 11.25], "rotation": 180, "texture": "#0"},
				"east": {"uv": [2, 13, 3, 13.75], "rotation": 90, "texture": "#0"},
				"south": {"uv": [4.5, 13.5, 5.5, 12.5], "texture": "#0"},
				"west": {"uv": [0, 13, 1, 13.75], "rotation": 270, "texture": "#0"},
				"up": {"uv": [12.5, 12.75, 13.5, 13.5], "texture": "#0"},
				"down": {"uv": [1, 13, 2, 13.75], "rotation": 180, "texture": "#0"}
			}
		},
		{
			"from": [-0.25, 11, -0.25],
			"to": [2.25, 14, 2.25],
			"rotation": {"angle": 0, "axis": "y", "origin": [8, 12.14025, 15.45929]},
			"faces": {
				"north": {"uv": [9.25, 13, 10, 13.75], "texture": "#0"},
				"east": {"uv": [13, 9.25, 13.75, 10], "texture": "#0"},
				"south": {"uv": [8.5, 13, 9.25, 13.75], "texture": "#0"},
				"west": {"uv": [13, 8.5, 13.75, 9.25], "texture": "#0"},
				"up": {"uv": [10, 13, 10.75, 13.75], "texture": "#0"},
				"down": {"uv": [13.25, 10.75, 14, 10], "texture": "#0"}
			}
		},
		{
			"from": [0, 13.5, 13.5],
			"to": [3, 16.5, 16.5],
			"rotation": {"angle": -45, "axis": "z", "origin": [1, 15.5, 15]},
			"faces": {
				"north": {"uv": [4.5, 12.5, 5.5, 13.5], "rotation": 180, "texture": "#0"},
				"east": {"uv": [3, 13, 2, 13.75], "rotation": 270, "texture": "#0"},
				"south": {"uv": [12.25, 11.25, 13.25, 10.25], "texture": "#0"},
				"west": {"uv": [1, 13, 0, 13.75], "rotation": 90, "texture": "#0"},
				"up": {"uv": [13.5, 12.75, 12.5, 13.5], "rotation": 180, "texture": "#0"},
				"down": {"uv": [2, 13, 1, 13.75], "texture": "#0"}
			}
		},
		{
			"from": [-0.25, 11, 13.75],
			"to": [2.25, 14, 16.25],
			"rotation": {"angle": 0, "axis": "y", "origin": [8, 12.14025, 15.45929]},
			"faces": {
				"north": {"uv": [9.25, 13, 8.5, 13.75], "texture": "#0"},
				"east": {"uv": [13.75, 9.25, 13, 10], "texture": "#0"},
				"south": {"uv": [10, 13, 9.25, 13.75], "texture": "#0"},
				"west": {"uv": [13.75, 8.5, 13, 9.25], "texture": "#0"},
				"up": {"uv": [10, 13.75, 10.75, 13], "texture": "#0"},
				"down": {"uv": [13.25, 10, 14, 10.75], "texture": "#0"}
			}
		},
		{
			"from": [15.975, 0.2, 5.5],
			"to": [18, 2.25, 10.5],
			"rotation": {"angle": 0, "axis": "y", "origin": [8, 3.4125, 8]},
			"faces": {
				"north": {"uv": [13.25, 13.5, 12.5, 14], "texture": "#0"},
				"east": {"uv": [14.25, 7.5, 13, 8], "texture": "#0"},
				"south": {"uv": [14.25, 12.75, 13.5, 13.25], "texture": "#0"},
				"west": {"uv": [14.25, 8, 13, 8.5], "texture": "#0"},
				"up": {"uv": [13.75, 11.25, 12.5, 12], "rotation": 270, "texture": "#0"},
				"down": {"uv": [13.75, 12.75, 12.5, 12], "rotation": 90, "texture": "#0"}
			}
		},
		{
			"from": [0, 2.25, 5.5],
			"to": [0.5, 16, 10.5],
			"rotation": {"angle": 0, "axis": "y", "origin": [8, 3.4125, 8]},
			"faces": {
				"north": {"uv": [3, 13, 3.25, 15.25], "texture": "#0"},
				"east": {"uv": [12.25, 0, 13.5, 2.25], "texture": "#0"},
				"south": {"uv": [3.25, 13, 3.5, 15.25], "texture": "#0"},
				"west": {"uv": [14.75, 10.5, 16, 14], "texture": "#0"},
				"up": {"uv": [14.75, 13.5, 13.5, 13.25], "rotation": 270, "texture": "#0"},
				"down": {"uv": [9.75, 13.75, 8.5, 14], "rotation": 90, "texture": "#0"}
			}
		},
		{
			"from": [15.5, 2.25, 5.5],
			"to": [16, 16, 10.5],
			"rotation": {"angle": 0, "axis": "y", "origin": [8, 3.4125, 8]},
			"faces": {
				"north": {"uv": [3.25, 13, 3, 15.25], "texture": "#0"},
				"east": {"uv": [16, 10.5, 14.75, 14], "texture": "#0"},
				"south": {"uv": [3.5, 13, 3.25, 15.25], "texture": "#0"},
				"west": {"uv": [13.5, 0, 12.25, 2.25], "texture": "#0"},
				"up": {"uv": [14.75, 13.25, 13.5, 13.5], "rotation": 270, "texture": "#0"},
				"down": {"uv": [9.75, 14, 8.5, 13.75], "rotation": 90, "texture": "#0"}
			}
		},
		{
			"from": [-2, 0.2, 5.5],
			"to": [0.025, 2.25, 10.5],
			"rotation": {"angle": 0, "axis": "y", "origin": [8, 3.4125, 8]},
			"faces": {
				"north": {"uv": [12.5, 13.5, 13.25, 14], "texture": "#0"},
				"east": {"uv": [13, 8, 14.25, 8.5], "texture": "#0"},
				"south": {"uv": [13.5, 12.75, 14.25, 13.25], "texture": "#0"},
				"west": {"uv": [13, 7.5, 14.25, 8], "texture": "#0"},
				"up": {"uv": [13.75, 12, 12.5, 11.25], "rotation": 270, "texture": "#0"},
				"down": {"uv": [13.75, 12, 12.5, 12.75], "rotation": 90, "texture": "#0"}
			}
		},
		{
			"from": [1, 17, 4],
			"to": [15, 17, 12],
			"faces": {
				"north": {"uv": [0, 0, 3.5, 0], "texture": "#0"},
				"east": {"uv": [0, 0, 2, 0], "texture": "#0"},
				"south": {"uv": [0, 0, 3.5, 0], "texture": "#0"},
				"west": {"uv": [0, 0, 2, 0], "texture": "#0"},
				"up": {"uv": [15.75, 4.25, 12.25, 2.25], "texture": "#0"},
				"down": {"uv": [12.25, 2.25, 15.75, 4.25], "texture": "#0"}
			}
		},
		{
			"from": [3.5, 19, 4.5],
			"to": [11.5, 19, 11.5],
			"rotation": {"angle": 0, "axis": "y", "origin": [7.5, 19, 8]},
			"faces": {
				"north": {"uv": [0, 0, 2, 0], "texture": "#0"},
				"east": {"uv": [0, 0, 3.5, 0], "texture": "#0"},
				"south": {"uv": [0, 0, 2, 0], "texture": "#0"},
				"west": {"uv": [0, 0, 3.5, 0], "texture": "#0"},
				"up": {"uv": [14.75, 4.25, 13, 2.25], "rotation": 270, "texture": "#0"},
				"down": {"uv": [13, 2.25, 14.75, 4.25], "rotation": 90, "texture": "#0"}
			}
		}
	],
	"display": {
		"thirdperson_righthand": {
			"rotation": [75, 45, 0],
			"translation": [0, 3.5, 0],
			"scale": [0.375, 0.375, 0.375]
		},
		"thirdperson_lefthand": {
			"rotation": [75, 45, 0],
			"translation": [0, 3.5, 0],
			"scale": [0.375, 0.375, 0.375]
		},
		"firstperson_righthand": {
			"rotation": [180, 75.75, 180],
			"translation": [1.75, 2, 0],
			"scale": [0.4, 0.4, 0.4]
		},
		"firstperson_lefthand": {
			"rotation": [180, 75.75, 180],
			"translation": [1.75, 2, -0.25],
			"scale": [0.4, 0.4, 0.4]
		},
		"ground": {
			"translation": [0, 2.75, 0],
			"scale": [0.7, 0.7, 0.7]
		},
		"gui": {
			"rotation": [30, 225, 0],
			"scale": [0.5, 0.5, 0.5]
		},
		"head": {
			"translation": [0, -31.2, 0],
			"scale": [1.5, 1.5, 1.5]
		},
		"fixed": {
			"rotation": [-90, 0, 0],
			"translation": [0, 0, -13.75],
			"scale": [1.68, 1.68, 1.68]
		}
	},
	"groups": [
		{
			"name": "group",
			"origin": [0, 0, 0],
			"color": 0,
			"children": [
				0,
				{
					"name": "group",
					"origin": [-0.5, 0, -0.5],
					"color": 0,
					"children": []
				},
				1,
				{
					"name": "group",
					"origin": [0, 0, 0],
					"color": 0,
					"children": [2, 3, 4, 5, 6, 7, 8, 9, 10, 11, 12, 13]
				}
			]
		},
		{
			"name": "group",
			"origin": [0, 0, 0],
			"color": 0,
			"children": [
				14,
				15,
				{
					"name": "group",
					"origin": [8, 12.625, -1],
					"color": 0,
					"children": [16, 17, 18]
				},
				{
					"name": "group",
					"origin": [8, 12.625, -1],
					"color": 0,
					"children": [19, 20, 21, 22]
				},
				23,
				24,
				25,
				26,
				27,
				28,
				29,
				30,
				{
					"name": "group",
					"origin": [0, 0, 0],
					"color": 0,
					"children": [
						{
							"name": "group",
							"origin": [-0.5, 0, -0.5],
							"color": 0,
							"children": [31, 32, 33, 34]
						}
					]
				}
			]
		},
		35,
		36
	]
}