{
	"credit": "MadewithBlockbench",
	"textures": {
		"0": "prison:crates/texture",
		"2": "prison:crates/cog_01",
		"3": "prison:crates/lightning_1",
		"particle": "prison:crates/texture"
	},
	"elements": [
		{
			"from": [7.65609, -9.32201, 6.94187],
			"to": [8.34391, -8.6404, 8.05724],
			"rotation": {"angle": 0, "axis": "x", "origin": [8, -5.75239, 8]},
			"faces": {
				"north": {"uv": [12, 7.6, 12.3, 7.9], "texture": "#0"},
				"east": {"uv": [11.6, 8.8, 11.9, 8.4], "rotation": 90, "texture": "#0"},
				"south": {"uv": [7.6, 12.3, 7.9, 12], "rotation": 180, "texture": "#0"},
				"west": {"uv": [11.6, 9.6, 11.9, 9.2], "rotation": 270, "texture": "#0"},
				"up": {"uv": [11.6, 9.2, 11.9, 8.8], "texture": "#0"},
				"down": {"uv": [11.6, 8.4, 11.9, 8], "rotation": 180, "texture": "#0"}
			}
		},
		{
			"from": [7.56625, -9.41496, 6.63204],
			"to": [8.43376, -8.54745, 6.97285],
			"rotation": {"angle": 0, "axis": "x", "origin": [8, -5.75239, 8]},
			"faces": {
				"north": {"uv": [12, 8, 12.3, 8.3], "texture": "#0"},
				"east": {"uv": [12.4, 8.1, 12.7, 8], "rotation": 90, "texture": "#0"},
				"south": {"uv": [8, 12.3, 8.3, 12], "rotation": 180, "texture": "#0"},
				"west": {"uv": [12.4, 8.5, 12.7, 8.4], "rotation": 270, "texture": "#0"},
				"up": {"uv": [8.4, 12.5, 8.7, 12.4], "texture": "#0"},
				"down": {"uv": [8, 12.5, 8.3, 12.4], "rotation": 180, "texture": "#0"}
			}
		},
		{
			"from": [7.65609, -7.87201, 7.19187],
			"to": [8.34391, -7.1904, 8.30724],
			"rotation": {"angle": 0, "axis": "x", "origin": [8, -5.75239, 8]},
			"faces": {
				"north": {"uv": [12, 7.6, 12.3, 7.9], "texture": "#0"},
				"east": {"uv": [11.6, 8.8, 11.9, 8.4], "rotation": 90, "texture": "#0"},
				"south": {"uv": [7.6, 12.3, 7.9, 12], "rotation": 180, "texture": "#0"},
				"west": {"uv": [11.6, 9.6, 11.9, 9.2], "rotation": 270, "texture": "#0"},
				"up": {"uv": [11.6, 9.2, 11.9, 8.8], "texture": "#0"},
				"down": {"uv": [11.6, 8.4, 11.9, 8], "rotation": 180, "texture": "#0"}
			}
		},
		{
			"from": [7.56625, -7.96496, 6.88204],
			"to": [8.43376, -7.09745, 7.22285],
			"rotation": {"angle": 0, "axis": "x", "origin": [8, -5.75239, 8]},
			"faces": {
				"north": {"uv": [12, 8, 12.3, 8.3], "texture": "#0"},
				"east": {"uv": [12.4, 8.1, 12.7, 8], "rotation": 90, "texture": "#0"},
				"south": {"uv": [8, 12.3, 8.3, 12], "rotation": 180, "texture": "#0"},
				"west": {"uv": [12.4, 8.5, 12.7, 8.4], "rotation": 270, "texture": "#0"},
				"up": {"uv": [8.4, 12.5, 8.7, 12.4], "texture": "#0"},
				"down": {"uv": [8, 12.5, 8.3, 12.4], "rotation": 180, "texture": "#0"}
			}
		},
		{
			"from": [7.41133, -9.56987, 7.71643],
			"to": [8.58867, -8.39254, 8.05724],
			"rotation": {"angle": 0, "axis": "x", "origin": [8, -5.75239, 8]},
			"faces": {
				"north": {"uv": [10.8, 3.2, 11.3, 3.7], "texture": "#0"},
				"east": {"uv": [5.6, 12.5, 6.1, 12.4], "rotation": 90, "texture": "#0"},
				"south": {"uv": [3.2, 11.3, 3.7, 10.8], "rotation": 180, "texture": "#0"},
				"west": {"uv": [12.4, 6.5, 12.9, 6.4], "rotation": 270, "texture": "#0"},
				"up": {"uv": [6.4, 12.5, 6.9, 12.4], "texture": "#0"},
				"down": {"uv": [12.4, 5.3, 12.9, 5.2], "rotation": 180, "texture": "#0"}
			}
		},
		{
			"from": [7.19739, -4.61069, 6.06157],
			"to": [7.19739, -1.20262, 6.99105],
			"rotation": {"angle": -22.5, "axis": "y", "origin": [8, -5.75239, 8]},
			"faces": {
				"north": {"uv": [0, 0, 0, 1.4], "texture": "#0"},
				"east": {"uv": [3.2, 9.2, 3.6, 10.6], "texture": "#0"},
				"south": {"uv": [0, 0, 0, 1.4], "texture": "#0"},
				"west": {"uv": [9.2, 3.2, 9.6, 4.6], "texture": "#0"},
				"up": {"uv": [0, 0.4, 0, 0], "texture": "#0"},
				"down": {"uv": [0, 0, 0, 0.4], "texture": "#0"}
			}
		},
		{
			"from": [8.80261, -4.61069, 6.06157],
			"to": [8.80261, -1.20262, 6.99105],
			"rotation": {"angle": 22.5, "axis": "y", "origin": [8, -5.75239, 8]},
			"faces": {
				"north": {"uv": [0, 0, 0, 1.4], "texture": "#0"},
				"east": {"uv": [8.8, 8, 9.2, 9.4], "texture": "#0"},
				"south": {"uv": [0, 0, 0, 1.4], "texture": "#0"},
				"west": {"uv": [9.2, 0, 9.6, 1.4], "texture": "#0"},
				"up": {"uv": [0, 0.4, 0, 0], "texture": "#0"},
				"down": {"uv": [0, 0, 0, 0.4], "texture": "#0"}
			}
		},
		{
			"from": [8.80261, -4.61069, 9.00895],
			"to": [8.80261, -1.20262, 9.93843],
			"rotation": {"angle": -22.5, "axis": "y", "origin": [8, -5.75239, 8]},
			"faces": {
				"north": {"uv": [0, 0, 0, 1.4], "texture": "#0"},
				"east": {"uv": [8.8, 6.4, 9.2, 7.8], "texture": "#0"},
				"south": {"uv": [0, 0, 0, 1.4], "texture": "#0"},
				"west": {"uv": [8, 8.8, 8.4, 10.2], "texture": "#0"},
				"up": {"uv": [0, 0.4, 0, 0], "texture": "#0"},
				"down": {"uv": [0, 0, 0, 0.4], "texture": "#0"}
			}
		},
		{
			"from": [7.19739, -4.61069, 9.00895],
			"to": [7.19739, -1.20262, 9.93843],
			"rotation": {"angle": 22.5, "axis": "y", "origin": [8, -5.75239, 8]},
			"faces": {
				"north": {"uv": [0, 0, 0, 1.4], "texture": "#0"},
				"east": {"uv": [8.8, 3.2, 9.2, 4.6], "texture": "#0"},
				"south": {"uv": [0, 0, 0, 1.4], "texture": "#0"},
				"west": {"uv": [8.8, 4.8, 9.2, 6.2], "texture": "#0"},
				"up": {"uv": [0, 0.4, 0, 0], "texture": "#0"},
				"down": {"uv": [0, 0, 0, 0.4], "texture": "#0"}
			}
		},
		{
			"from": [7.64459, -4.61069, 6.7607],
			"to": [7.64459, -1.20262, 9.2393],
			"rotation": {"angle": 0, "axis": "y", "origin": [8, -5.75239, 8]},
			"faces": {
				"north": {"uv": [0, 0, 0, 1.4], "texture": "#0"},
				"east": {"uv": [7.2, 3.2, 8.2, 4.6], "texture": "#0"},
				"south": {"uv": [0, 0, 0, 1.4], "texture": "#0"},
				"west": {"uv": [7.2, 4.8, 8.2, 6.2], "texture": "#0"},
				"up": {"uv": [0, 1, 0, 0], "texture": "#0"},
				"down": {"uv": [0, 0, 0, 1], "texture": "#0"}
			}
		},
		{
			"from": [8.35541, -4.61069, 6.7607],
			"to": [8.35541, -1.20262, 9.2393],
			"rotation": {"angle": 0, "axis": "y", "origin": [8, -5.75239, 8]},
			"faces": {
				"north": {"uv": [0, 0, 0, 1.4], "texture": "#0"},
				"east": {"uv": [7.2, 0, 8.2, 1.4], "texture": "#0"},
				"south": {"uv": [0, 0, 0, 1.4], "texture": "#0"},
				"west": {"uv": [7.2, 1.6, 8.2, 3], "texture": "#0"},
				"up": {"uv": [0, 1, 0, 0], "texture": "#0"},
				"down": {"uv": [0, 0, 0, 1], "texture": "#0"}
			}
		},
		{
			"from": [7.65, -3.40349, 6.5107],
			"to": [8.35, -0.42489, 9.4893],
			"rotation": {"angle": 0, "axis": "x", "origin": [8, -5.75239, 8]},
			"faces": {
				"north": {"uv": [0, 0, 0, 1], "texture": "#2"},
				"east": {"uv": [0, 0, 16, 16], "texture": "#2"},
				"south": {"uv": [0, 0, 0, 1], "texture": "#2"},
				"west": {"uv": [16, 0, 0, 16], "texture": "#2"},
				"up": {"uv": [0, 1, 0, 0], "texture": "#2"},
				"down": {"uv": [0, 0, 0, 1], "texture": "#2"}
			}
		},
		{
			"from": [7.5, -5.95349, 6.2607],
			"to": [8.5, -2.97489, 9.7393],
			"rotation": {"angle": 0, "axis": "x", "origin": [8, -5.75239, 8]},
			"faces": {
				"north": {"uv": [0, 0, 0, 1], "texture": "#3"},
				"east": {"uv": [0, 16, 16, 0], "rotation": 90, "texture": "#3"},
				"south": {"uv": [0, 1, 0, 0], "rotation": 180, "texture": "#3"},
				"west": {"uv": [16, 16, 0, 0], "rotation": 270, "texture": "#3"},
				"up": {"uv": [0, 1, 0, 0], "texture": "#3"},
				"down": {"uv": [0, 1, 0, 0], "rotation": 180, "texture": "#3"}
			}
		},
		{
			"from": [7.51203, -4.8062, 6.87996],
			"to": [8.48797, -2.94725, 7.80943],
			"rotation": {"angle": -22.5, "axis": "x", "origin": [8, -5.75239, 8]},
			"faces": {
				"north": {"uv": [10.8, 7.6, 10.4, 8.3], "rotation": 180, "texture": "#0"},
				"east": {"uv": [10.4, 2, 11.1, 2.4], "rotation": 270, "texture": "#0"},
				"south": {"uv": [10.8, 7.5, 10.4, 6.8], "texture": "#0"},
				"west": {"uv": [10.4, 6.4, 11.1, 6.8], "rotation": 90, "texture": "#0"},
				"up": {"uv": [11.6, 4, 12, 4.4], "rotation": 180, "texture": "#0"},
				"down": {"uv": [4.4, 11.6, 4.8, 12], "texture": "#0"}
			}
		},
		{
			"from": [7.67821, -8.94824, 7.70145],
			"to": [8.32179, -5.23034, 8.29855],
			"rotation": {"angle": -45, "axis": "y", "origin": [8, -5.75239, 8]},
			"faces": {
				"north": {"uv": [6, 9.2, 6.3, 10.7], "texture": "#0"},
				"east": {"uv": [6.4, 9.2, 6.7, 10.7], "texture": "#0"},
				"south": {"uv": [9.2, 6.4, 9.5, 7.9], "texture": "#0"},
				"west": {"uv": [6.8, 9.2, 7.1, 10.7], "texture": "#0"},
				"up": {"uv": [6.7, 12.3, 6.4, 12], "texture": "#0"},
				"down": {"uv": [12.3, 6.4, 12, 6.7], "texture": "#0"}
			}
		},
		{
			"from": [7.63174, -8.94824, 7.65497],
			"to": [8.36826, -5.23034, 8.34503],
			"rotation": {"angle": -45, "axis": "y", "origin": [8, -5.75239, 8]},
			"faces": {
				"north": {"uv": [7.2, 9.2, 7.5, 10.7], "texture": "#0"},
				"east": {"uv": [7.6, 9.2, 7.9, 10.7], "texture": "#0"},
				"south": {"uv": [9.2, 8, 9.5, 9.5], "texture": "#0"},
				"west": {"uv": [9.6, 0, 9.9, 1.5], "texture": "#0"},
				"up": {"uv": [7.1, 12.3, 6.8, 12], "texture": "#0"},
				"down": {"uv": [12.3, 6.8, 12, 7.1], "texture": "#0"}
			}
		},
		{
			"from": [7.51203, -6.50837, 7.53526],
			"to": [8.48797, -6.04363, 8.46474],
			"rotation": {"angle": -45, "axis": "y", "origin": [8, -5.75239, 8]},
			"faces": {
				"north": {"uv": [10, 12, 10.4, 12.2], "texture": "#0"},
				"east": {"uv": [12, 10, 12.4, 10.2], "texture": "#0"},
				"south": {"uv": [10.4, 12, 10.8, 12.2], "texture": "#0"},
				"west": {"uv": [12, 10.4, 12.4, 10.6], "texture": "#0"},
				"up": {"uv": [12, 5.2, 11.6, 4.8], "texture": "#0"},
				"down": {"uv": [5.6, 11.6, 5.2, 12], "texture": "#0"}
			}
		},
		{
			"from": [7.51203, -5.59508, 7.53526],
			"to": [8.48797, -5.13034, 8.46474],
			"rotation": {"angle": -45, "axis": "y", "origin": [8, -5.75239, 8]},
			"faces": {
				"north": {"uv": [10, 12, 10.4, 12.2], "texture": "#0"},
				"east": {"uv": [12, 10, 12.4, 10.2], "texture": "#0"},
				"south": {"uv": [10.4, 12, 10.8, 12.2], "texture": "#0"},
				"west": {"uv": [12, 10.4, 12.4, 10.6], "texture": "#0"},
				"up": {"uv": [12, 5.2, 11.6, 4.8], "texture": "#0"},
				"down": {"uv": [5.6, 11.6, 5.2, 12], "texture": "#0"}
			}
		},
		{
			"from": [7.51203, -8.4835, 7.53526],
			"to": [8.48797, -8.01877, 8.46474],
			"rotation": {"angle": -45, "axis": "y", "origin": [8, -5.75239, 8]},
			"faces": {
				"north": {"uv": [10, 12, 10.4, 12.2], "texture": "#0"},
				"east": {"uv": [12, 10, 12.4, 10.2], "texture": "#0"},
				"south": {"uv": [10.4, 12, 10.8, 12.2], "texture": "#0"},
				"west": {"uv": [12, 10.4, 12.4, 10.6], "texture": "#0"},
				"up": {"uv": [12, 5.2, 11.6, 4.8], "texture": "#0"},
				"down": {"uv": [5.6, 11.6, 5.2, 12], "texture": "#0"}
			}
		},
		{
			"from": [7.51203, -9.39679, 7.53526],
			"to": [8.48797, -8.93206, 8.46474],
			"rotation": {"angle": -45, "axis": "y", "origin": [8, -5.75239, 8]},
			"faces": {
				"north": {"uv": [10, 12, 10.4, 12.2], "texture": "#0"},
				"east": {"uv": [12, 10, 12.4, 10.2], "texture": "#0"},
				"south": {"uv": [10.4, 12, 10.8, 12.2], "texture": "#0"},
				"west": {"uv": [12, 10.4, 12.4, 10.6], "texture": "#0"},
				"up": {"uv": [12, 5.2, 11.6, 4.8], "texture": "#0"},
				"down": {"uv": [5.6, 11.6, 5.2, 12], "texture": "#0"}
			}
		},
		{
			"from": [7.30289, -5.75644, 6.53237],
			"to": [8.69711, -4.28477, 8.00404],
			"rotation": {"angle": 45, "axis": "x", "origin": [8, -5.75239, 8]},
			"faces": {
				"north": {"uv": [9.6, 6.4, 10.2, 7], "texture": "#0"},
				"east": {"uv": [9.6, 7.2, 10.2, 7.8], "texture": "#0"},
				"south": {"uv": [9.6, 8, 10.2, 8.6], "texture": "#0"},
				"west": {"uv": [8.4, 9.6, 9, 10.2], "texture": "#0"},
				"up": {"uv": [10.2, 9.4, 9.6, 8.8], "texture": "#0"},
				"down": {"uv": [9.8, 9.6, 9.2, 10.2], "texture": "#0"}
			}
		},
		{
			"from": [7.76763, -5.00588, 4.9215],
			"to": [8.23237, -3.84404, 6.08334],
			"rotation": {"angle": 22.5, "axis": "x", "origin": [8, -5.75239, 8]},
			"faces": {
				"north": {"uv": [4.4, 12, 4.6, 12.5], "texture": "#0"},
				"east": {"uv": [5.6, 10.8, 6.1, 11.3], "texture": "#0"},
				"south": {"uv": [4.8, 12, 5, 12.5], "texture": "#0"},
				"west": {"uv": [10.8, 5.6, 11.3, 6.1], "texture": "#0"},
				"up": {"uv": [12.2, 5.3, 12, 4.8], "texture": "#0"},
				"down": {"uv": [5.4, 12, 5.2, 12.5], "texture": "#0"}
			}
		},
		{
			"from": [7.51203, -4.8062, 8.19057],
			"to": [8.48797, -2.94725, 9.12004],
			"rotation": {"angle": 22.5, "axis": "x", "origin": [8, -5.75239, 8]},
			"faces": {
				"north": {"uv": [10.4, 7.5, 10.8, 6.8], "texture": "#0"},
				"east": {"uv": [10.4, 2.4, 11.1, 2], "rotation": 270, "texture": "#0"},
				"south": {"uv": [10.4, 7.6, 10.8, 8.3], "rotation": 180, "texture": "#0"},
				"west": {"uv": [10.4, 6.8, 11.1, 6.4], "rotation": 90, "texture": "#0"},
				"up": {"uv": [11.6, 4.4, 12, 4], "rotation": 180, "texture": "#0"},
				"down": {"uv": [4.4, 12, 4.8, 11.6], "texture": "#0"}
			}
		},
		{
			"from": [7.76763, -5.00588, 9.91666],
			"to": [8.23237, -3.84404, 11.0785],
			"rotation": {"angle": -22.5, "axis": "x", "origin": [8, -5.75239, 8]},
			"faces": {
				"north": {"uv": [5, 12, 4.8, 12.5], "texture": "#0"},
				"east": {"uv": [6.1, 10.8, 5.6, 11.3], "texture": "#0"},
				"south": {"uv": [4.6, 12, 4.4, 12.5], "texture": "#0"},
				"west": {"uv": [11.3, 5.6, 10.8, 6.1], "texture": "#0"},
				"up": {"uv": [12.2, 4.8, 12, 5.3], "texture": "#0"},
				"down": {"uv": [5.4, 12.5, 5.2, 12], "texture": "#0"}
			}
		},
		{
			"from": [7.42682, -2.82723, 7.54301],
			"to": [8.57318, -2.32307, 8.45699],
			"rotation": {"angle": 0, "axis": "x", "origin": [8, -5.75239, 8]},
			"faces": {
				"north": {"uv": [12, 5.6, 12.5, 5.8], "texture": "#0"},
				"east": {"uv": [1.2, 12.4, 1.6, 12.6], "texture": "#0"},
				"south": {"uv": [12, 6, 12.5, 6.2], "texture": "#0"},
				"west": {"uv": [12.4, 1.2, 12.8, 1.4], "texture": "#0"},
				"up": {"uv": [12.1, 3.2, 11.6, 2.8], "texture": "#0"},
				"down": {"uv": [3.7, 11.6, 3.2, 12], "texture": "#0"}
			}
		},
		{
			"from": [7.55075, -3.67887, 4.76464],
			"to": [8.44925, -2.51703, 5.92649],
			"rotation": {"angle": 45, "axis": "x", "origin": [8, -5.75239, 8]},
			"faces": {
				"north": {"uv": [10.8, 11.2, 11.2, 11.7], "texture": "#0"},
				"east": {"uv": [6.4, 10.8, 6.9, 11.3], "texture": "#0"},
				"south": {"uv": [11.2, 11.2, 11.6, 11.7], "texture": "#0"},
				"west": {"uv": [10.8, 6.8, 11.3, 7.3], "texture": "#0"},
				"up": {"uv": [12, 0.5, 11.6, 0], "texture": "#0"},
				"down": {"uv": [1.2, 11.6, 0.8, 12.1], "texture": "#0"}
			}
		},
		{
			"from": [7.30289, -9.12478, 10.05563],
			"to": [8.69711, -7.80803, 11.37239],
			"rotation": {"angle": 45, "axis": "x", "origin": [8, -5.75239, 8]},
			"faces": {
				"north": {"uv": [5.2, 10, 5.8, 10.5], "texture": "#0"},
				"east": {"uv": [8, 10.4, 8.5, 10.9], "texture": "#0"},
				"south": {"uv": [10, 5.6, 10.6, 6.1], "texture": "#0"},
				"west": {"uv": [10.4, 8.4, 10.9, 8.9], "texture": "#0"},
				"up": {"uv": [10.6, 10.1, 10, 9.6], "texture": "#0"},
				"down": {"uv": [11, 0, 10.4, 0.5], "texture": "#0"}
			}
		}
	],
	"gui_light": "front",
	"display": {
		"thirdperson_righthand": {
			"rotation": [157, 0, 0],
			"translation": [0, -7.25, 3.25],
			"scale": [0.74727, 0.74727, 0.74727]
		},
		"thirdperson_lefthand": {
			"rotation": [157, 0, 0],
			"translation": [0, -7.25, 3.25],
			"scale": [0.74727, 0.74727, 0.74727]
		},
		"firstperson_righthand": {
			"rotation": [90, 0.25, 0.03],
			"translation": [7, 1.75, 9.25]
		},
		"firstperson_lefthand": {
			"rotation": [90, 0.25, 0.03],
			"translation": [7, 1.75, 9.25]
		},
		"ground": {
			"translation": [0, 16.5, 0.5],
			"scale": [0.9, 0.9, 0.9]
		},
		"gui": {
			"rotation": [-90, 90, 90],
			"translation": [0.25, 19.25, 0],
			"scale": [1.43117, 1.43117, 1.43117]
		},
		"head": {
			"scale": [0, 0, 0]
		},
		"fixed": {
			"rotation": [-180, -90, -180],
			"translation": [0, 35, -2.1],
			"scale": [2.60742, 2.60742, 2.60742]
		}
	},
	"groups": [
		{
			"name": "key",
			"origin": [8, 2.87353, 8],
			"color": 0,
			"children": [
				0,
				1,
				2,
				3,
				4,
				5,
				6,
				7,
				8,
				9,
				10,
				11,
				12,
				13,
				14,
				15,
				16,
				17,
				18,
				19,
				20,
				21,
				22,
				23,
				24,
				25,
				26,
				{
					"name": "group",
					"origin": [8, 2.87353, 8],
					"color": 0,
					"children": []
				},
				{
					"name": "group",
					"origin": [8, 2.87353, 8],
					"color": 0,
					"children": []
				}
			]
		}
	]
}