{
	"credit": "MadewithBlockbench",
	"texture_size": [68, 68],
	"textures": {
		"0": "prison:crates/pink_legacy",
		"1": "prison:crates/eff_01",
		"2": "prison:crates/eff_02",
		"3": "prison:crates/eff_03",
		"5": "prison:crates/texture2",
		"particle": "prison:crates/pink_legacy"
	},
	"elements": [
		{
			"name": "eff",
			"from": [6.5, -1.26, 7.75],
			"to": [25.5, 17.74, 7.75],
			"rotation": {"angle": 0, "axis": "z", "origin": [16, 8.24, 8]},
			"faces": {
				"north": {"uv": [0, 16, 16, 0], "rotation": 180, "texture": "#1"},
				"east": {"uv": [0, 3.6, 0, 0], "rotation": 180, "texture": "#1"},
				"south": {"uv": [16, 16, 0, 0], "rotation": 180, "texture": "#1"},
				"west": {"uv": [0, 3.6, 0, 0], "rotation": 180, "texture": "#1"},
				"up": {"uv": [3.8, 0, 0, 0], "rotation": 180, "texture": "#1"},
				"down": {"uv": [3.8, 0, 0, 0], "rotation": 180, "texture": "#1"}
			}
		},
		{
			"name": "eff",
			"from": [-9.5, -1.26, 7.75],
			"to": [9.5, 17.74, 7.75],
			"rotation": {"angle": 0, "axis": "z", "origin": [0, 8.24, 8]},
			"faces": {
				"north": {"uv": [16, 16, 0, 0], "rotation": 180, "texture": "#1"},
				"east": {"uv": [0, 3.6, 0, 0], "rotation": 180, "texture": "#1"},
				"south": {"uv": [0, 16, 16, 0], "rotation": 180, "texture": "#1"},
				"west": {"uv": [0, 3.6, 0, 0], "rotation": 180, "texture": "#1"},
				"up": {"uv": [0, 0, 3.8, 0], "rotation": 180, "texture": "#1"},
				"down": {"uv": [0, 0, 3.8, 0], "rotation": 180, "texture": "#1"}
			}
		},
		{
			"from": [6.5, 5.9985, 13.75],
			"to": [15.5, 14.9985, 13.75],
			"rotation": {"angle": 0, "axis": "y", "origin": [8, 14.50425, 13.9975]},
			"faces": {
				"north": {"uv": [16, 16, 0, 0], "rotation": 180, "texture": "#2"},
				"east": {"uv": [0, 3.6, 0, 0], "rotation": 180, "texture": "#2"},
				"south": {"uv": [0, 16, 16, 0], "rotation": 180, "texture": "#2"},
				"west": {"uv": [0, 3.6, 0, 0], "rotation": 180, "texture": "#2"},
				"up": {"uv": [0, 0, 3.8, 0], "rotation": 180, "texture": "#2"},
				"down": {"uv": [0, 0, 3.8, 0], "rotation": 180, "texture": "#2"}
			}
		},
		{
			"from": [0.5, 5.9985, 13.75],
			"to": [9.5, 14.9985, 13.75],
			"rotation": {"angle": 0, "axis": "y", "origin": [8, 14.50425, 13.9975]},
			"faces": {
				"north": {"uv": [0, 16, 16, 0], "rotation": 180, "texture": "#2"},
				"east": {"uv": [0, 3.6, 0, 0], "rotation": 180, "texture": "#2"},
				"south": {"uv": [16, 16, 0, 0], "rotation": 180, "texture": "#2"},
				"west": {"uv": [0, 3.6, 0, 0], "rotation": 180, "texture": "#2"},
				"up": {"uv": [3.8, 0, 0, 0], "rotation": 180, "texture": "#2"},
				"down": {"uv": [3.8, 0, 0, 0], "rotation": 180, "texture": "#2"}
			}
		},
		{
			"from": [-0.5, 4.5015, 13.75],
			"to": [6.5, 11.5015, 13.75],
			"rotation": {"angle": 0, "axis": "y", "origin": [8, -1.50425, 13.9975]},
			"faces": {
				"north": {"uv": [16, 16, 0, 0], "rotation": 270, "texture": "#3"},
				"east": {"uv": [3.8, 0, 0, 0], "rotation": 270, "texture": "#3"},
				"south": {"uv": [0, 16, 16, 0], "rotation": 90, "texture": "#3"},
				"west": {"uv": [3.8, 0, 0, 0], "rotation": 270, "texture": "#3"},
				"up": {"uv": [0, 0, 0, 3.6], "rotation": 270, "texture": "#3"},
				"down": {"uv": [0, 0, 0, 3.6], "rotation": 270, "texture": "#3"}
			}
		},
		{
			"from": [9.5, 4.5015, 13.75],
			"to": [16.5, 11.5015, 13.75],
			"rotation": {"angle": 0, "axis": "y", "origin": [8, -1.50425, 13.9975]},
			"faces": {
				"north": {"uv": [16, 0, 0, 16], "rotation": 270, "texture": "#3"},
				"east": {"uv": [3.8, 0, 0, 0], "rotation": 270, "texture": "#3"},
				"south": {"uv": [0, 0, 16, 16], "rotation": 90, "texture": "#3"},
				"west": {"uv": [3.8, 0, 0, 0], "rotation": 270, "texture": "#3"},
				"up": {"uv": [0, 3.6, 0, 0], "rotation": 270, "texture": "#3"},
				"down": {"uv": [0, 3.6, 0, 0], "rotation": 270, "texture": "#3"}
			}
		},
		{
			"from": [5.19312, 3.09556, 13.4525],
			"to": [7.89312, 5.79556, 14.5375],
			"rotation": {"angle": -45, "axis": "z", "origin": [8, 2.99575, 13.9975]},
			"faces": {
				"north": {"uv": [10.3, 1.1, 9.2, 0], "rotation": 90, "texture": "#0"},
				"east": {"uv": [12.7, 4, 11.6, 4.4], "rotation": 90, "texture": "#0"},
				"south": {"uv": [9.2, 1.1, 10.3, 0], "rotation": 270, "texture": "#0"},
				"west": {"uv": [13.1, 0.4, 12, 0], "rotation": 90, "texture": "#0"},
				"up": {"uv": [12, 11.2, 11.6, 12.3], "rotation": 90, "texture": "#0"},
				"down": {"uv": [12, 10, 11.6, 11.1], "rotation": 90, "texture": "#0"}
			}
		},
		{
			"from": [6.75, 3.80109, 13.4825],
			"to": [9.25, 6.30109, 14.5175],
			"rotation": {"angle": 0, "axis": "y", "origin": [8, 2.99575, 13.9975]},
			"faces": {
				"north": {"uv": [10.2, 1.2, 9.2, 2.3], "rotation": 180, "texture": "#0"},
				"east": {"uv": [12.8, 10.7, 12.7, 11.8], "rotation": 180, "texture": "#0"},
				"south": {"uv": [10.2, 1.2, 9.2, 2.3], "rotation": 180, "texture": "#0"},
				"west": {"uv": [12.8, 10.7, 12.7, 11.8], "rotation": 180, "texture": "#0"},
				"up": {"uv": [13.2, 1.1, 12.5, 1], "rotation": 180, "texture": "#0"},
				"down": {"uv": [13.2, 3.8, 12.3, 3.9], "rotation": 180, "texture": "#0"}
			}
		},
		{
			"from": [9.58913, 7.04692, 13.5],
			"to": [11.38913, 7.72192, 14.49],
			"rotation": {"angle": 22.5, "axis": "z", "origin": [8, 15.50425, 13.9975]},
			"faces": {
				"north": {"uv": [14.3, 4.7, 13.6, 4.4], "rotation": 180, "texture": "#0"},
				"east": {"uv": [10.4, 14.7, 10, 14.4], "rotation": 180, "texture": "#0"},
				"south": {"uv": [14.3, 4.3, 13.6, 4], "rotation": 180, "texture": "#0"},
				"west": {"uv": [14.8, 9.9, 14.4, 9.6], "rotation": 180, "texture": "#0"},
				"up": {"uv": [13.5, 10.4, 12.8, 10], "rotation": 180, "texture": "#0"},
				"down": {"uv": [13.5, 10.4, 12.8, 10.8], "rotation": 180, "texture": "#0"}
			}
		},
		{
			"from": [5.98913, 7.04692, 13.5],
			"to": [9.58913, 8.39692, 14.49],
			"rotation": {"angle": 22.5, "axis": "z", "origin": [8, 15.50425, 13.9975]},
			"faces": {
				"north": {"uv": [11, 5.7, 9.6, 5.2], "rotation": 180, "texture": "#0"},
				"east": {"uv": [7.2, 14.5, 6.8, 14], "rotation": 180, "texture": "#0"},
				"south": {"uv": [11, 4.9, 9.6, 4.4], "rotation": 180, "texture": "#0"},
				"west": {"uv": [6.8, 14.5, 6.4, 14], "rotation": 180, "texture": "#0"},
				"up": {"uv": [11.8, 2, 10.4, 1.6], "rotation": 180, "texture": "#0"},
				"down": {"uv": [11.8, 2, 10.4, 2.4], "rotation": 180, "texture": "#0"}
			}
		},
		{
			"from": [4.3827, 5.29549, 13.32],
			"to": [6.4077, 7.09549, 14.67],
			"rotation": {"angle": 22.5, "axis": "z", "origin": [8, 15.50425, 13.9975]},
			"faces": {
				"north": {"uv": [11.2, 7.5, 10.4, 6.8], "rotation": 180, "texture": "#0"},
				"east": {"uv": [12.9, 8.3, 12.4, 7.6], "rotation": 180, "texture": "#0"},
				"south": {"uv": [11.2, 6.7, 10.4, 6], "rotation": 180, "texture": "#0"},
				"west": {"uv": [6.1, 13.1, 5.6, 12.4], "rotation": 180, "texture": "#0"},
				"up": {"uv": [12.8, 4.9, 12, 4.4], "rotation": 180, "texture": "#0"},
				"down": {"uv": [12.8, 5.2, 12, 5.7], "rotation": 180, "texture": "#0"}
			}
		},
		{
			"from": [12.49717, 7.26641, 13.545],
			"to": [13.84717, 9.96641, 14.445],
			"rotation": {"angle": -22.5, "axis": "z", "origin": [8, 15.50425, 13.9975]},
			"faces": {
				"north": {"uv": [11.3, 8.7, 10.8, 7.6], "rotation": 180, "texture": "#0"},
				"east": {"uv": [4, 13.1, 3.6, 12], "rotation": 180, "texture": "#0"},
				"south": {"uv": [8.1, 11.9, 7.6, 10.8], "rotation": 180, "texture": "#0"},
				"west": {"uv": [3.6, 13.1, 3.2, 12], "rotation": 180, "texture": "#0"},
				"up": {"uv": [14.5, 7.2, 14, 6.8], "rotation": 180, "texture": "#0"},
				"down": {"uv": [7.7, 14, 7.2, 14.4], "rotation": 180, "texture": "#0"}
			}
		},
		{
			"from": [6.85, 4.30109, 13.0825],
			"to": [9.15, 6.60109, 14.9175],
			"rotation": {"angle": 0, "axis": "y", "origin": [8, -4.00425, 13.9975]},
			"faces": {
				"north": {"uv": [11.5, 9.5, 10.7, 10.3], "rotation": 180, "texture": "#0"},
				"east": {"uv": [12.8, 10.7, 12.7, 11.8], "rotation": 180, "texture": "#0"},
				"south": {"uv": [11.5, 9.5, 10.7, 10.3], "rotation": 180, "texture": "#0"},
				"west": {"uv": [12.8, 10.7, 12.7, 11.8], "rotation": 180, "texture": "#0"},
				"up": {"uv": [13.2, 1.1, 12.5, 1], "rotation": 180, "texture": "#0"},
				"down": {"uv": [13.2, 3.8, 12.3, 3.9], "rotation": 180, "texture": "#0"}
			}
		},
		{
			"from": [0.29963, 7.31096, 12.995],
			"to": [2.29963, 9.31096, 14.995],
			"rotation": {"angle": 45, "axis": "z", "origin": [8, 15.00425, 13.9975]},
			"faces": {
				"north": {"uv": [11.5, 4.3, 10.8, 3.6], "rotation": 180, "texture": "#0"},
				"east": {"uv": [10.8, 10.4, 11.5, 11.1], "rotation": 180, "texture": "#0"},
				"south": {"uv": [10.8, 4.3, 11.5, 3.6], "rotation": 180, "texture": "#0"},
				"west": {"uv": [11.5, 9.5, 10.8, 8.8], "rotation": 180, "texture": "#0"},
				"up": {"uv": [11.2, 0, 11.9, 0.7], "rotation": 180, "texture": "#0"},
				"down": {"uv": [2.8, 11.2, 3.5, 11.9], "rotation": 180, "texture": "#0"}
			}
		},
		{
			"from": [0.29963, 13.66096, 11.995],
			"to": [2.29963, 15.66096, 13.995],
			"rotation": {"angle": 45, "axis": "z", "origin": [8, 21.35425, 12.9975]},
			"faces": {
				"north": {"uv": [11.5, 4.3, 10.8, 3.6], "rotation": 180, "texture": "#0"},
				"east": {"uv": [10.8, 10.4, 11.5, 11.1], "rotation": 180, "texture": "#0"},
				"south": {"uv": [10.8, 4.3, 11.5, 3.6], "rotation": 180, "texture": "#0"},
				"west": {"uv": [11.5, 9.5, 10.8, 8.8], "rotation": 180, "texture": "#0"},
				"up": {"uv": [11.2, 0, 11.9, 0.7], "rotation": 180, "texture": "#0"},
				"down": {"uv": [2.8, 11.2, 3.5, 11.9], "rotation": 180, "texture": "#0"}
			}
		},
		{
			"from": [6.85, 10.65109, 12.0825],
			"to": [9.15, 12.95109, 13.9175],
			"rotation": {"angle": 0, "axis": "y", "origin": [8, 2.34575, 12.9975]},
			"faces": {
				"north": {"uv": [11.5, 9.5, 10.7, 10.3], "rotation": 180, "texture": "#0"},
				"east": {"uv": [12.8, 10.7, 12.7, 11.8], "rotation": 180, "texture": "#0"},
				"south": {"uv": [11.5, 9.5, 10.7, 10.3], "rotation": 180, "texture": "#0"},
				"west": {"uv": [12.8, 10.7, 12.7, 11.8], "rotation": 180, "texture": "#0"},
				"up": {"uv": [13.2, 1.1, 12.5, 1], "rotation": 180, "texture": "#0"},
				"down": {"uv": [13.2, 3.8, 12.3, 3.9], "rotation": 180, "texture": "#0"}
			}
		},
		{
			"from": [4.61087, 7.04692, 13.5],
			"to": [6.41087, 7.72192, 14.49],
			"rotation": {"angle": -22.5, "axis": "z", "origin": [8, 15.50425, 13.9975]},
			"faces": {
				"north": {"uv": [13.6, 4.7, 14.3, 4.4], "rotation": 180, "texture": "#0"},
				"east": {"uv": [14.4, 9.9, 14.8, 9.6], "rotation": 180, "texture": "#0"},
				"south": {"uv": [13.6, 4.3, 14.3, 4], "rotation": 180, "texture": "#0"},
				"west": {"uv": [10, 14.7, 10.4, 14.4], "rotation": 180, "texture": "#0"},
				"up": {"uv": [12.8, 10.4, 13.5, 10], "rotation": 180, "texture": "#0"},
				"down": {"uv": [12.8, 10.4, 13.5, 10.8], "rotation": 180, "texture": "#0"}
			}
		},
		{
			"from": [6.41087, 7.04692, 13.5],
			"to": [10.01087, 8.39692, 14.49],
			"rotation": {"angle": -22.5, "axis": "z", "origin": [8, 15.50425, 13.9975]},
			"faces": {
				"north": {"uv": [9.6, 5.7, 11, 5.2], "rotation": 180, "texture": "#0"},
				"east": {"uv": [6.4, 14.5, 6.8, 14], "rotation": 180, "texture": "#0"},
				"south": {"uv": [9.6, 4.9, 11, 4.4], "rotation": 180, "texture": "#0"},
				"west": {"uv": [6.8, 14.5, 7.2, 14], "rotation": 180, "texture": "#0"},
				"up": {"uv": [10.4, 2, 11.8, 1.6], "rotation": 180, "texture": "#0"},
				"down": {"uv": [10.4, 2, 11.8, 2.4], "rotation": 180, "texture": "#0"}
			}
		},
		{
			"from": [0.44858, -1.55566, 12.8],
			"to": [1.79858, 2.04434, 13.79],
			"rotation": {"angle": 45, "axis": "z", "origin": [0.95483, 1.59434, 13.295]},
			"faces": {
				"north": {"uv": [9.6, 5.7, 11, 5.2], "rotation": 90, "texture": "#0"},
				"east": {"uv": [10.4, 2, 11.8, 1.6], "rotation": 270, "texture": "#0"},
				"south": {"uv": [9.6, 4.9, 11, 4.4], "rotation": 270, "texture": "#0"},
				"west": {"uv": [10.4, 2, 11.8, 2.4], "rotation": 270, "texture": "#0"},
				"up": {"uv": [6.8, 14.5, 7.2, 14], "rotation": 270, "texture": "#0"},
				"down": {"uv": [6.4, 14.5, 6.8, 14], "rotation": 270, "texture": "#0"}
			}
		},
		{
			"from": [-0.05658, 1.62961, 12.9],
			"to": [0.61842, 3.42961, 13.69],
			"rotation": {"angle": 22.5, "axis": "z", "origin": [0.28092, 2.52961, 13.295]},
			"faces": {
				"north": {"uv": [13.6, 4.7, 14.3, 4.4], "rotation": 90, "texture": "#0"},
				"east": {"uv": [12.8, 10.4, 13.5, 10], "rotation": 270, "texture": "#0"},
				"south": {"uv": [13.6, 4.3, 14.3, 4], "rotation": 270, "texture": "#0"},
				"west": {"uv": [12.8, 10.4, 13.5, 10.8], "rotation": 270, "texture": "#0"},
				"up": {"uv": [10, 14.7, 10.4, 14.4], "rotation": 270, "texture": "#0"},
				"down": {"uv": [14.4, 9.9, 14.8, 9.6], "rotation": 270, "texture": "#0"}
			}
		},
		{
			"from": [2.84342, -0.67039, 13.1],
			"to": [3.51842, 1.12961, 13.89],
			"rotation": {"angle": 22.5, "axis": "z", "origin": [3.18092, 0.22961, 13.495]},
			"faces": {
				"north": {"uv": [13.6, 4.7, 14.3, 4.4], "rotation": 90, "texture": "#0"},
				"east": {"uv": [12.8, 10.4, 13.5, 10], "rotation": 270, "texture": "#0"},
				"south": {"uv": [13.6, 4.3, 14.3, 4], "rotation": 270, "texture": "#0"},
				"west": {"uv": [12.8, 10.4, 13.5, 10.8], "rotation": 270, "texture": "#0"},
				"up": {"uv": [10, 14.7, 10.4, 14.4], "rotation": 270, "texture": "#0"},
				"down": {"uv": [14.4, 9.9, 14.8, 9.6], "rotation": 270, "texture": "#0"}
			}
		},
		{
			"from": [12.48158, -0.67039, 13.1],
			"to": [13.15658, 1.12961, 13.89],
			"rotation": {"angle": -22.5, "axis": "z", "origin": [12.81908, 0.22961, 13.495]},
			"faces": {
				"north": {"uv": [13.6, 4.4, 14.3, 4.7], "rotation": 90, "texture": "#0"},
				"east": {"uv": [12.8, 10.8, 13.5, 10.4], "rotation": 270, "texture": "#0"},
				"south": {"uv": [13.6, 4, 14.3, 4.3], "rotation": 270, "texture": "#0"},
				"west": {"uv": [12.8, 10, 13.5, 10.4], "rotation": 270, "texture": "#0"},
				"up": {"uv": [10, 14.4, 10.4, 14.7], "rotation": 270, "texture": "#0"},
				"down": {"uv": [14.4, 9.6, 14.8, 9.9], "rotation": 270, "texture": "#0"}
			}
		},
		{
			"from": [14.20142, -1.55566, 12.8],
			"to": [15.55142, 2.04434, 13.79],
			"rotation": {"angle": -45, "axis": "z", "origin": [15.04517, 1.59434, 13.295]},
			"faces": {
				"north": {"uv": [9.6, 5.2, 11, 5.7], "rotation": 90, "texture": "#0"},
				"east": {"uv": [10.4, 2.4, 11.8, 2], "rotation": 270, "texture": "#0"},
				"south": {"uv": [9.6, 4.4, 11, 4.9], "rotation": 270, "texture": "#0"},
				"west": {"uv": [10.4, 1.6, 11.8, 2], "rotation": 270, "texture": "#0"},
				"up": {"uv": [6.8, 14, 7.2, 14.5], "rotation": 270, "texture": "#0"},
				"down": {"uv": [6.4, 14, 6.8, 14.5], "rotation": 270, "texture": "#0"}
			}
		},
		{
			"from": [15.38158, 1.62961, 12.9],
			"to": [16.05658, 3.42961, 13.69],
			"rotation": {"angle": -22.5, "axis": "z", "origin": [15.71908, 2.52961, 13.295]},
			"faces": {
				"north": {"uv": [13.6, 4.4, 14.3, 4.7], "rotation": 90, "texture": "#0"},
				"east": {"uv": [12.8, 10.8, 13.5, 10.4], "rotation": 270, "texture": "#0"},
				"south": {"uv": [13.6, 4, 14.3, 4.3], "rotation": 270, "texture": "#0"},
				"west": {"uv": [12.8, 10, 13.5, 10.4], "rotation": 270, "texture": "#0"},
				"up": {"uv": [10, 14.4, 10.4, 14.7], "rotation": 270, "texture": "#0"},
				"down": {"uv": [14.4, 9.6, 14.8, 9.9], "rotation": 270, "texture": "#0"}
			}
		},
		{
			"from": [2.15283, 7.26641, 13.545],
			"to": [3.50283, 9.96641, 14.445],
			"rotation": {"angle": 22.5, "axis": "z", "origin": [8, 15.50425, 13.9975]},
			"faces": {
				"north": {"uv": [10.8, 8.7, 11.3, 7.6], "rotation": 180, "texture": "#0"},
				"east": {"uv": [3.2, 13.1, 3.6, 12], "rotation": 180, "texture": "#0"},
				"south": {"uv": [7.6, 11.9, 8.1, 10.8], "rotation": 180, "texture": "#0"},
				"west": {"uv": [3.6, 13.1, 4, 12], "rotation": 180, "texture": "#0"},
				"up": {"uv": [14, 7.2, 14.5, 6.8], "rotation": 180, "texture": "#0"},
				"down": {"uv": [7.2, 14, 7.7, 14.4], "rotation": 180, "texture": "#0"}
			}
		},
		{
			"from": [9.5923, 5.29549, 13.32],
			"to": [11.6173, 7.09549, 14.67],
			"rotation": {"angle": -22.5, "axis": "z", "origin": [8, 15.50425, 13.9975]},
			"faces": {
				"north": {"uv": [10.4, 7.5, 11.2, 6.8], "rotation": 180, "texture": "#0"},
				"east": {"uv": [5.6, 13.1, 6.1, 12.4], "rotation": 180, "texture": "#0"},
				"south": {"uv": [10.4, 6.7, 11.2, 6], "rotation": 180, "texture": "#0"},
				"west": {"uv": [12.4, 8.3, 12.9, 7.6], "rotation": 180, "texture": "#0"},
				"up": {"uv": [12, 4.9, 12.8, 4.4], "rotation": 180, "texture": "#0"},
				"down": {"uv": [12, 5.2, 12.8, 5.7], "rotation": 180, "texture": "#0"}
			}
		},
		{
			"from": [1, -0.1, 2.8],
			"to": [15, 7.9, 13.2],
			"rotation": {"angle": 0, "axis": "y", "origin": [8, 1, 12]},
			"faces": {
				"north": {"uv": [6.58824, 0, 9.88235, 1.88235], "texture": "#5"},
				"east": {"uv": [4.70588, 8.70588, 2.35294, 10.58824], "texture": "#5"},
				"south": {"uv": [6.58824, 1.88235, 9.88235, 3.76471], "texture": "#5"},
				"west": {"uv": [2.35294, 8.70588, 4.70588, 10.58824], "texture": "#5"},
				"up": {"uv": [6.58824, 2.35294, 3.29412, 0], "texture": "#5"},
				"down": {"uv": [6.58824, 2.35294, 3.29412, 4.70588], "texture": "#5"}
			}
		},
		{
			"from": [1.8, -1, 2.25],
			"to": [3.8, 6, 13.75],
			"rotation": {"angle": 0, "axis": "y", "origin": [8.8, 1, 12]},
			"faces": {
				"north": {"uv": [13.88235, 12.70588, 13.41176, 14.35294], "texture": "#5"},
				"east": {"uv": [6.58824, 3.76471, 9.29412, 5.41176], "texture": "#5"},
				"south": {"uv": [13.41176, 12.70588, 13.88235, 14.35294], "texture": "#5"},
				"west": {"uv": [6.58824, 5.41176, 9.29412, 7.05882], "texture": "#5"},
				"up": {"uv": [12, 15.41176, 11.52941, 12.70588], "texture": "#5"},
				"down": {"uv": [4.47059, 12.94118, 4.94118, 15.64706], "texture": "#5"}
			}
		},
		{
			"from": [1.05, 6, 2.25],
			"to": [14.95, 8, 13.75],
			"rotation": {"angle": 0, "axis": "y", "origin": [10.8, 1, 12]},
			"faces": {
				"north": {"uv": [12.70588, 0, 16, 0.47059], "texture": "#5"},
				"east": {"uv": [12.70588, 2.58824, 15.41176, 3.05882], "texture": "#5"},
				"south": {"uv": [12.70588, 0, 16, 0.47059], "texture": "#5"},
				"west": {"uv": [12.70588, 3.05882, 15.41176, 3.52941], "texture": "#5"},
				"up": {"uv": [3.29412, 2.70588, 0, 0], "texture": "#5"},
				"down": {"uv": [3.29412, 2.82353, 0, 5.52941], "texture": "#5"}
			}
		},
		{
			"from": [12.2, -1, 2.25],
			"to": [14.2, 6, 13.75],
			"rotation": {"angle": 0, "axis": "y", "origin": [7.2, 1, 12]},
			"faces": {
				"north": {"uv": [13.41176, 12.70588, 13.88235, 14.35294], "texture": "#5"},
				"east": {"uv": [3.29412, 7.05882, 6, 8.70588], "texture": "#5"},
				"south": {"uv": [13.88235, 4.23529, 14.35294, 5.88235], "texture": "#5"},
				"west": {"uv": [6.11765, 7.05882, 8.82353, 8.70588], "texture": "#5"},
				"up": {"uv": [4.47059, 15.64706, 4, 12.94118], "texture": "#5"},
				"down": {"uv": [4.94118, 12.94118, 4.47059, 15.64706], "texture": "#5"}
			}
		},
		{
			"from": [12.75, 2.9, 2.3],
			"to": [14.75, 7.9, 13.7],
			"rotation": {"angle": -22.5, "axis": "z", "origin": [13.75, 4.4, 8.05]},
			"faces": {
				"north": {"uv": [14.11765, 10.58824, 14.58824, 11.76471], "texture": "#5"},
				"east": {"uv": [9.88235, 1.17647, 12.58824, 2.35294], "texture": "#5"},
				"south": {"uv": [14.35294, 4.23529, 14.82353, 5.41176], "texture": "#5"},
				"west": {"uv": [9.88235, 2.35294, 12.58824, 3.52941], "texture": "#5"},
				"up": {"uv": [5.41176, 15.64706, 4.94118, 12.94118], "texture": "#5"},
				"down": {"uv": [6.82353, 12.94118, 6.35294, 15.64706], "texture": "#5"}
			}
		},
		{
			"from": [12.75, -0.9, 2.35],
			"to": [14.75, 4.1, 13.65],
			"rotation": {"angle": 22.5, "axis": "z", "origin": [13.75, 2.6, 8.1]},
			"faces": {
				"north": {"uv": [14.35294, 5.41176, 14.82353, 6.58824], "texture": "#5"},
				"east": {"uv": [4.70588, 9.88235, 7.41176, 11.05882], "texture": "#5"},
				"south": {"uv": [14.35294, 12.70588, 14.82353, 13.88235], "texture": "#5"},
				"west": {"uv": [7.52941, 9.88235, 10.23529, 11.05882], "texture": "#5"},
				"up": {"uv": [7.29412, 15.64706, 6.82353, 12.94118], "texture": "#5"},
				"down": {"uv": [7.76471, 12.94118, 7.29412, 15.64706], "texture": "#5"}
			}
		},
		{
			"from": [1.25, 2.9, 2.3],
			"to": [3.25, 7.9, 13.7],
			"rotation": {"angle": 22.5, "axis": "z", "origin": [2.25, 4.4, 8.05]},
			"faces": {
				"north": {"uv": [14.58824, 10.58824, 14.11765, 11.76471], "texture": "#5"},
				"east": {"uv": [12.58824, 2.35294, 9.88235, 3.52941], "texture": "#5"},
				"south": {"uv": [14.82353, 4.23529, 14.35294, 5.41176], "texture": "#5"},
				"west": {"uv": [12.58824, 1.17647, 9.88235, 2.35294], "texture": "#5"},
				"up": {"uv": [4.94118, 15.64706, 5.41176, 12.94118], "texture": "#5"},
				"down": {"uv": [6.35294, 12.94118, 6.82353, 15.64706], "texture": "#5"}
			}
		},
		{
			"from": [1.25, -0.9, 2.35],
			"to": [3.25, 4.1, 13.65],
			"rotation": {"angle": -22.5, "axis": "z", "origin": [2.25, 2.6, 8.1]},
			"faces": {
				"north": {"uv": [14.82353, 5.41176, 14.35294, 6.58824], "texture": "#5"},
				"east": {"uv": [10.23529, 9.88235, 7.52941, 11.05882], "texture": "#5"},
				"south": {"uv": [14.82353, 12.70588, 14.35294, 13.88235], "texture": "#5"},
				"west": {"uv": [7.41176, 9.88235, 4.70588, 11.05882], "texture": "#5"},
				"up": {"uv": [6.82353, 15.64706, 7.29412, 12.94118], "texture": "#5"},
				"down": {"uv": [7.29412, 12.94118, 7.76471, 15.64706], "texture": "#5"}
			}
		},
		{
			"from": [1, 8, 3],
			"to": [15, 12.25, 13],
			"rotation": {"angle": 0, "axis": "y", "origin": [8, 15, 12]},
			"faces": {
				"north": {"uv": [6.58824, 2.58823, 9.88236, 3.58823], "texture": "#5"},
				"east": {"uv": [8.47059, 11.05882, 10.82353, 12.05882], "texture": "#5"},
				"south": {"uv": [6.58824, 2.58823, 9.88236, 3.58823], "texture": "#5"},
				"west": {"uv": [10.82353, 11.05882, 13.17647, 12.05882], "texture": "#5"},
				"up": {"uv": [6.58824, 7.05882, 3.29412, 4.70588], "texture": "#5"},
				"down": {"uv": [3.29412, 5.64706, 0, 8], "texture": "#5"}
			}
		},
		{
			"from": [4.25, 10.5, 2.75],
			"to": [6, 12.75, 13.25],
			"rotation": {"angle": 0, "axis": "y", "origin": [8.25, 15.5, 12]},
			"faces": {
				"north": {"uv": [15, 11.05882, 14.58824, 11.58824], "texture": "#5"},
				"east": {"uv": [0, 12.47059, 2.47059, 13], "texture": "#5"},
				"south": {"uv": [14.58824, 11.05882, 15, 11.58824], "texture": "#5"},
				"west": {"uv": [12.70588, 0.47059, 15.17647, 1], "texture": "#5"},
				"up": {"uv": [13.35294, 6.70588, 12.94118, 4.23529], "texture": "#5"},
				"down": {"uv": [1.82353, 13.17647, 1.41176, 15.64706], "texture": "#5"}
			}
		},
		{
			"from": [10, 10.5, 2.75],
			"to": [11.75, 12.75, 13.25],
			"rotation": {"angle": 0, "axis": "y", "origin": [7.75, 15.5, 12]},
			"faces": {
				"north": {"uv": [14.58824, 11.05882, 15, 11.58824], "texture": "#5"},
				"east": {"uv": [15.17647, 0.47059, 12.70588, 1], "texture": "#5"},
				"south": {"uv": [15, 11.05882, 14.58824, 11.58824], "texture": "#5"},
				"west": {"uv": [2.47059, 12.47059, 0, 13], "texture": "#5"},
				"up": {"uv": [12.94118, 6.70588, 13.35294, 4.23529], "texture": "#5"},
				"down": {"uv": [1.41176, 13.17647, 1.82353, 15.64706], "texture": "#5"}
			}
		},
		{
			"from": [6.5, 10.5, 2.75],
			"to": [9.5, 13.25, 13.25],
			"rotation": {"angle": 0, "axis": "y", "origin": [11, 15.5, 12]},
			"faces": {
				"north": {"uv": [0, 9.88235, 0.70588, 10.52941], "texture": "#5"},
				"east": {"uv": [8.94118, 12.23529, 11.41176, 12.88235], "texture": "#5"},
				"south": {"uv": [0, 9.88235, 0.70588, 10.52941], "texture": "#5"},
				"west": {"uv": [8.94118, 12.23529, 11.41176, 12.88235], "texture": "#5"},
				"up": {"uv": [12.94118, 6.70588, 12.23529, 4.23529], "texture": "#5"},
				"down": {"uv": [6.35294, 12.23529, 5.64706, 14.70588], "texture": "#5"}
			}
		},
		{
			"from": [1.8, 8, 2.25],
			"to": [3.8, 13, 13.75],
			"rotation": {"angle": 0, "axis": "y", "origin": [8.8, 15, 12]},
			"faces": {
				"north": {"uv": [14.35294, 13.88235, 14.82353, 15.05882], "texture": "#5"},
				"east": {"uv": [10.35294, 9.88235, 13.05882, 11.05882], "texture": "#5"},
				"south": {"uv": [14.82353, 13.88235, 14.35294, 15.05882], "texture": "#5"},
				"west": {"uv": [0, 10.58824, 2.70588, 11.76471], "texture": "#5"},
				"up": {"uv": [7.76471, 15.64706, 8.23529, 12.94118], "texture": "#5"},
				"down": {"uv": [8.70588, 12.94118, 8.23529, 15.64706], "texture": "#5"}
			}
		},
		{
			"from": [12.2, 8, 2.25],
			"to": [14.2, 13, 13.75],
			"rotation": {"angle": 0, "axis": "y", "origin": [7.2, 15, 12]},
			"faces": {
				"north": {"uv": [14.82353, 13.88235, 14.35294, 15.05882], "texture": "#5"},
				"east": {"uv": [2.70588, 10.58824, 0, 11.76471], "texture": "#5"},
				"south": {"uv": [14.35294, 13.88235, 14.82353, 15.05882], "texture": "#5"},
				"west": {"uv": [13.05882, 9.88235, 10.35294, 11.05882], "texture": "#5"},
				"up": {"uv": [8.23529, 15.64706, 7.76471, 12.94118], "texture": "#5"},
				"down": {"uv": [8.23529, 12.94118, 8.70588, 15.64706], "texture": "#5"}
			}
		},
		{
			"from": [12.75, 9.9, 2.3],
			"to": [14.75, 12.9, 13.7],
			"rotation": {"angle": -22.5, "axis": "z", "origin": [13.75, 9.4, 8.05]},
			"faces": {
				"north": {"uv": [1.17647, 9.88235, 1.64706, 10.58824], "texture": "#5"},
				"east": {"uv": [7.41176, 11.05882, 4.70589, 10.29412], "texture": "#5"},
				"south": {"uv": [1.64706, 9.88235, 1.17647, 10.58824], "texture": "#5"},
				"west": {"uv": [12.11765, 6.11765, 9.41176, 6.82353], "texture": "#5"},
				"up": {"uv": [8.70588, 15.64706, 9.17647, 12.94118], "texture": "#5"},
				"down": {"uv": [9.17647, 12.94118, 9.64706, 15.64706], "texture": "#5"}
			}
		},
		{
			"from": [12.75, 7.85, 2.4],
			"to": [14.75, 10.85, 13.6],
			"rotation": {"angle": 22.5, "axis": "z", "origin": [13.75, 11.35, 8.05]},
			"faces": {
				"north": {"uv": [13.41176, 5.88235, 13.88235, 6.58824], "texture": "#5"},
				"east": {"uv": [7.41176, 10.29412, 4.70589, 11.05882], "texture": "#5"},
				"south": {"uv": [13.88235, 5.88235, 13.41176, 6.58824], "texture": "#5"},
				"west": {"uv": [14.41176, 6.82353, 11.76471, 7.52941], "texture": "#5"},
				"up": {"uv": [12.94118, 15.35294, 13.41176, 12.70588], "texture": "#5"},
				"down": {"uv": [0, 13.17647, 0.47059, 15.82353], "texture": "#5"}
			}
		},
		{
			"from": [1.25, 9.9, 2.3],
			"to": [3.25, 12.9, 13.7],
			"rotation": {"angle": 22.5, "axis": "z", "origin": [2.25, 9.4, 8.05]},
			"faces": {
				"north": {"uv": [1.64706, 9.88235, 1.17647, 10.58824], "texture": "#5"},
				"east": {"uv": [9.41176, 6.11765, 12.11765, 6.82353], "texture": "#5"},
				"south": {"uv": [1.17647, 9.88235, 1.64706, 10.58824], "texture": "#5"},
				"west": {"uv": [4.70589, 11.05882, 7.41176, 10.29412], "texture": "#5"},
				"up": {"uv": [9.17647, 15.64706, 8.70588, 12.94118], "texture": "#5"},
				"down": {"uv": [9.64706, 12.94118, 9.17647, 15.64706], "texture": "#5"}
			}
		},
		{
			"from": [1.25, 7.85, 2.4],
			"to": [3.25, 10.85, 13.6],
			"rotation": {"angle": -22.5, "axis": "z", "origin": [2.25, 11.35, 8.05]},
			"faces": {
				"north": {"uv": [13.88235, 5.88235, 13.41176, 6.58824], "texture": "#5"},
				"east": {"uv": [11.76471, 6.82353, 14.41176, 7.52941], "texture": "#5"},
				"south": {"uv": [13.41176, 5.88235, 13.88235, 6.58824], "texture": "#5"},
				"west": {"uv": [4.70589, 10.29412, 7.41176, 11.05882], "texture": "#5"},
				"up": {"uv": [13.41176, 15.35294, 12.94118, 12.70588], "texture": "#5"},
				"down": {"uv": [0.47059, 13.17647, 0, 15.82353], "texture": "#5"}
			}
		}
	],
	"gui_light": "front",
	"display": {
		"thirdperson_righthand": {
			"rotation": [-116.25, 0, -180],
			"translation": [-6.25, 2, 1.75],
			"scale": [0.71, 0.71, 0.71]
		},
		"thirdperson_lefthand": {
			"rotation": [-116.25, 0, -180],
			"translation": [-6.25, 2, 1.75],
			"scale": [0.71, 0.71, 0.71]
		},
		"firstperson_righthand": {
			"translation": [-9, 1.5, -4.5],
			"scale": [0.78, 0.78, 0.78]
		},
		"firstperson_lefthand": {
			"translation": [-9, 1.5, -4.5],
			"scale": [0.78, 0.78, 0.78]
		},
		"ground": {
			"translation": [0, 2, 0],
			"scale": [0.59, 0.59, 0.59]
		},
		"gui": {
			"rotation": [10, -18, 0],
			"translation": [0, 1, 0],
			"scale": [0.63, 0.63, 0.63]
		},
		"head": {
			"rotation": [-180, 0, -180],
			"translation": [0, -24.3, 0],
			"scale": [2.1, 2.1, 2.1]
		},
		"fixed": {
			"rotation": [90, 0, -180],
			"translation": [0, 0, -22.5],
			"scale": [2.5, 2.5, 2.5]
		}
	},
	"groups": [
		{
			"name": "chest",
			"origin": [8, 3.25, 8],
			"color": 0,
			"children": [0, 1, 2, 3, 4, 5, 6, 7, 8, 9, 10, 11, 12, 13, 14, 15, 16, 17, 18, 19, 20, 21, 22, 23, 24, 25]
		},
		{
			"name": "group",
			"origin": [19, 1, 13],
			"color": 0,
			"children": [26, 27, 28, 29, 30, 31, 32, 33, 34, 35, 36, 37, 38, 39, 40, 41, 42, 43]
		}
	]
}