{
	"credit": "MadewithBlockbench",
	"textures": {
		"0": "prison:crates/pink_legacy",
		"2": "prison:crates/eff_02",
		"3": "prison:crates/eff_03",
		"particle": "prison:crates/pink_legacy"
	},
	"elements": [
		{
			"from": [7.44, 5.61843, 7.6275],
			"to": [8.56, 19.51843, 8.3725],
			"rotation": {"angle": 0, "axis": "z", "origin": [8, 9.08182, 8]},
			"faces": {
				"north": {"uv": [7.6, 3.2, 8.3, 8.8], "rotation": 180, "texture": "#0"},
				"east": {"uv": [8.2, 3.2, 8.3, 8.8], "rotation": 180, "texture": "#0"},
				"south": {"uv": [7.6, 3.2, 8.3, 8.8], "rotation": 180, "texture": "#0"},
				"west": {"uv": [7.6, 3.2, 7.7, 8.8], "rotation": 180, "texture": "#0"},
				"up": {"uv": [14.3, 1.6, 13.6, 1.9], "rotation": 180, "texture": "#0"},
				"down": {"uv": [14.3, 1.5, 13.6, 1.2], "rotation": 180, "texture": "#0"}
			}
		},
		{
			"from": [9.84041, 5.99141, 7.6],
			"to": [11.09041, 7.24141, 8.4],
			"rotation": {"angle": -45, "axis": "z", "origin": [8, 9.08182, 8]},
			"faces": {
				"north": {"uv": [13.2, 5.6, 13.7, 6.1], "rotation": 180, "texture": "#0"},
				"east": {"uv": [4.4, 13.6, 4.8, 14.1], "rotation": 180, "texture": "#0"},
				"south": {"uv": [13.2, 6.4, 13.7, 6.9], "rotation": 180, "texture": "#0"},
				"west": {"uv": [6.4, 13.2, 6.8, 13.7], "rotation": 180, "texture": "#0"},
				"up": {"uv": [8.1, 13.6, 7.6, 14], "rotation": 180, "texture": "#0"},
				"down": {"uv": [7.3, 14, 6.8, 13.6], "rotation": 180, "texture": "#0"}
			}
		},
		{
			"from": [0.5, 11.68521, 8.25],
			"to": [9.5, 20.68521, 8.25],
			"rotation": {"angle": 0, "axis": "y", "origin": [8, 21.84336, 8.0025]},
			"faces": {
				"north": {"uv": [16, 0, 0, 16], "texture": "#2"},
				"east": {"uv": [0, 0, 0, 3.6], "texture": "#2"},
				"south": {"uv": [0, 0, 16, 16], "texture": "#2"},
				"west": {"uv": [0, 0, 0, 3.6], "texture": "#2"},
				"up": {"uv": [0, 0, 3.8, 0], "texture": "#2"},
				"down": {"uv": [0, 0, 3.8, 0], "texture": "#2"}
			}
		},
		{
			"from": [6.5, 11.68521, 8.25],
			"to": [15.5, 20.68521, 8.25],
			"rotation": {"angle": 0, "axis": "y", "origin": [8, 21.84336, 8.0025]},
			"faces": {
				"north": {"uv": [0, 0, 16, 16], "texture": "#2"},
				"east": {"uv": [0, 0, 0, 3.6], "texture": "#2"},
				"south": {"uv": [16, 0, 0, 16], "texture": "#2"},
				"west": {"uv": [0, 0, 0, 3.6], "texture": "#2"},
				"up": {"uv": [3.8, 0, 0, 0], "texture": "#2"},
				"down": {"uv": [3.8, 0, 0, 0], "texture": "#2"}
			}
		},
		{
			"from": [4.765, 4.20521, 8.45],
			"to": [11.765, 11.20521, 8.45],
			"rotation": {"angle": 0, "axis": "y", "origin": [8.2475, 7.45271, 8]},
			"faces": {
				"north": {"uv": [0, 0, 16, 16], "texture": "#3"},
				"east": {"uv": [0, 0, 0, 3.6], "texture": "#3"},
				"south": {"uv": [16, 0, 0, 16], "texture": "#3"},
				"west": {"uv": [0, 0, 0, 3.6], "texture": "#3"},
				"up": {"uv": [3.8, 0, 0, 0], "texture": "#3"},
				"down": {"uv": [3.8, 0, 0, 0], "texture": "#3"}
			}
		},
		{
			"from": [7.2125, 11.14521, 7.2125],
			"to": [8.7875, 13.03521, 8.7875],
			"rotation": {"angle": 0, "axis": "y", "origin": [8, 23.84336, 8.0025]},
			"faces": {
				"north": {"uv": [8.4, 11.2, 9, 12], "texture": "#0"},
				"east": {"uv": [9.2, 11.2, 9.8, 12], "texture": "#0"},
				"south": {"uv": [10.8, 11.2, 11.4, 12], "texture": "#0"},
				"west": {"uv": [11.6, 2.4, 12.2, 3.2], "texture": "#0"},
				"up": {"uv": [12.6, 6.6, 12, 6], "texture": "#0"},
				"down": {"uv": [7.4, 12, 6.8, 12.6], "texture": "#0"}
			}
		},
		{
			"from": [10.22464, 12.10798, 7.33],
			"to": [12.24964, 13.90798, 8.68],
			"rotation": {"angle": -22.5, "axis": "z", "origin": [8, 23.84336, 8.0025]},
			"faces": {
				"north": {"uv": [10.4, 6, 11.2, 6.7], "texture": "#0"},
				"east": {"uv": [5.6, 12.4, 6.1, 13.1], "texture": "#0"},
				"south": {"uv": [10.4, 6.8, 11.2, 7.5], "texture": "#0"},
				"west": {"uv": [12.4, 7.6, 12.9, 8.3], "texture": "#0"},
				"up": {"uv": [12.8, 4.9, 12, 4.4], "texture": "#0"},
				"down": {"uv": [12.8, 5.2, 12, 5.7], "texture": "#0"}
			}
		},
		{
			"from": [5.95741, 7.67312, 7.755],
			"to": [8.45741, 8.77312, 8.255],
			"rotation": {"angle": 0, "axis": "z", "origin": [6.10741, 15.09812, 8.005]},
			"faces": {
				"north": {"uv": [7.6, 10.8, 8.1, 11.9], "rotation": 90, "texture": "#0"},
				"east": {"uv": [7.7, 14, 7.2, 14.4], "rotation": 270, "texture": "#0"},
				"south": {"uv": [10.8, 7.6, 11.3, 8.7], "rotation": 270, "texture": "#0"},
				"west": {"uv": [14.5, 7.2, 14, 6.8], "rotation": 270, "texture": "#0"},
				"up": {"uv": [3.2, 12, 3.6, 13.1], "rotation": 270, "texture": "#0"},
				"down": {"uv": [3.6, 12, 4, 13.1], "rotation": 270, "texture": "#0"}
			}
		},
		{
			"from": [5.45741, 5.67312, 7.755],
			"to": [7.70741, 6.77312, 8.255],
			"rotation": {"angle": 0, "axis": "z", "origin": [6.10741, 15.09812, 8.005]},
			"faces": {
				"north": {"uv": [7.6, 10.8, 8.1, 11.9], "rotation": 90, "texture": "#0"},
				"east": {"uv": [7.7, 14, 7.2, 14.4], "rotation": 270, "texture": "#0"},
				"south": {"uv": [10.8, 7.6, 11.3, 8.7], "rotation": 270, "texture": "#0"},
				"west": {"uv": [14.5, 7.2, 14, 6.8], "rotation": 270, "texture": "#0"},
				"up": {"uv": [3.2, 12, 3.6, 13.1], "rotation": 270, "texture": "#0"},
				"down": {"uv": [3.6, 12, 4, 13.1], "rotation": 270, "texture": "#0"}
			}
		},
		{
			"from": [6.85, 11.58562, 7.0825],
			"to": [9.15, 13.88562, 8.9175],
			"rotation": {"angle": 0, "axis": "y", "origin": [8, 23.84336, 8.0025]},
			"faces": {
				"north": {"uv": [10.7, 9.5, 11.5, 10.3], "texture": "#0"},
				"east": {"uv": [12.7, 10.7, 12.8, 11.8], "texture": "#0"},
				"south": {"uv": [10.7, 9.5, 11.5, 10.3], "texture": "#0"},
				"west": {"uv": [12.7, 10.7, 12.8, 11.8], "texture": "#0"},
				"up": {"uv": [13.2, 3.9, 12.3, 3.8], "texture": "#0"},
				"down": {"uv": [13.2, 1, 12.5, 1.1], "texture": "#0"}
			}
		},
		{
			"from": [-0.86171, 14.97457, 7.005],
			"to": [1.13829, 16.97457, 9.005],
			"rotation": {"angle": 45, "axis": "z", "origin": [8, 23.84336, 8.0025]},
			"faces": {
				"north": {"uv": [11.5, 3.6, 10.8, 4.3], "rotation": 270, "texture": "#0"},
				"east": {"uv": [11.2, 0, 11.9, 0.7], "rotation": 90, "texture": "#0"},
				"south": {"uv": [10.8, 3.6, 11.5, 4.3], "rotation": 90, "texture": "#0"},
				"west": {"uv": [2.8, 11.2, 3.5, 11.9], "rotation": 90, "texture": "#0"},
				"up": {"uv": [11.5, 11.1, 10.8, 10.4], "rotation": 90, "texture": "#0"},
				"down": {"uv": [10.8, 8.8, 11.5, 9.5], "rotation": 90, "texture": "#0"}
			}
		},
		{
			"from": [5.65152, 13.69019, 7.325],
			"to": [6.77652, 15.24019, 8.675],
			"rotation": {"angle": 22.5, "axis": "z", "origin": [8, 16.70503, 8.0025]},
			"faces": {
				"north": {"uv": [12.4, 9.1, 12.9, 8.4], "rotation": 180, "texture": "#0"},
				"east": {"uv": [12.4, 13.1, 12.9, 12.4], "rotation": 180, "texture": "#0"},
				"south": {"uv": [11.6, 13.1, 12.1, 12.4], "rotation": 180, "texture": "#0"},
				"west": {"uv": [12.4, 9.9, 12.9, 9.2], "rotation": 180, "texture": "#0"},
				"up": {"uv": [13.7, 8.4, 13.2, 8.9], "rotation": 180, "texture": "#0"},
				"down": {"uv": [9.7, 13.7, 9.2, 13.2], "rotation": 180, "texture": "#0"}
			}
		},
		{
			"from": [9.22348, 13.69019, 7.325],
			"to": [10.34848, 15.24019, 8.675],
			"rotation": {"angle": -22.5, "axis": "z", "origin": [8, 16.70503, 8.0025]},
			"faces": {
				"north": {"uv": [12.8, 1.9, 13.3, 1.2], "rotation": 180, "texture": "#0"},
				"east": {"uv": [12.8, 5.5, 13.3, 4.8], "rotation": 180, "texture": "#0"},
				"south": {"uv": [12.8, 4.7, 13.3, 4], "rotation": 180, "texture": "#0"},
				"west": {"uv": [4, 13.5, 4.5, 12.8], "rotation": 180, "texture": "#0"},
				"up": {"uv": [13.7, 9.2, 13.2, 9.7], "rotation": 180, "texture": "#0"},
				"down": {"uv": [10.5, 13.7, 10, 13.2], "rotation": 180, "texture": "#0"}
			}
		},
		{
			"from": [8.2709, 13.7636, 7.505],
			"to": [9.3959, 14.6636, 8.495],
			"rotation": {"angle": -45, "axis": "z", "origin": [8, 16.70503, 8.0025]},
			"faces": {
				"north": {"uv": [10, 14.4, 10.5, 14], "rotation": 180, "texture": "#0"},
				"east": {"uv": [14.4, 4.4, 14.8, 4], "rotation": 180, "texture": "#0"},
				"south": {"uv": [14, 10.4, 14.5, 10], "rotation": 180, "texture": "#0"},
				"west": {"uv": [14.4, 4, 14.8, 3.6], "rotation": 180, "texture": "#0"},
				"up": {"uv": [14.5, 10.4, 14, 10.8], "rotation": 180, "texture": "#0"},
				"down": {"uv": [11.3, 14.4, 10.8, 14], "rotation": 180, "texture": "#0"}
			}
		},
		{
			"from": [10.04143, 15.30913, 7.505],
			"to": [10.94143, 16.43413, 8.495],
			"rotation": {"angle": -45, "axis": "z", "origin": [8, 16.70503, 8.0025]},
			"faces": {
				"north": {"uv": [14.5, 10.8, 14, 11.2], "rotation": 90, "texture": "#0"},
				"east": {"uv": [14, 11.6, 14.5, 12], "rotation": 270, "texture": "#0"},
				"south": {"uv": [14.5, 11.2, 14, 11.6], "rotation": 270, "texture": "#0"},
				"west": {"uv": [11.6, 14.4, 12.1, 14], "rotation": 270, "texture": "#0"},
				"up": {"uv": [14.8, 5.2, 14.4, 5.6], "rotation": 270, "texture": "#0"},
				"down": {"uv": [5.6, 14.4, 5.2, 14.8], "rotation": 270, "texture": "#0"}
			}
		},
		{
			"from": [7.13159, 5.61155, 7.575],
			"to": [8.48159, 6.96155, 8.425],
			"rotation": {"angle": 45, "axis": "z", "origin": [7.9975, 6.45271, 8]},
			"faces": {
				"north": {"uv": [12.9, 13.2, 12.4, 13.7], "texture": "#0"},
				"east": {"uv": [15, 1.2, 14.8, 1.7], "texture": "#0"},
				"south": {"uv": [13.7, 12.4, 13.2, 12.9], "texture": "#0"},
				"west": {"uv": [15, 0.4, 14.8, 0.9], "texture": "#0"},
				"up": {"uv": [14.8, 2.2, 15.3, 2], "texture": "#0"},
				"down": {"uv": [2.4, 14.8, 2.9, 15], "texture": "#0"}
			}
		},
		{
			"from": [7.13159, 7.61155, 7.575],
			"to": [8.48159, 8.96155, 8.425],
			"rotation": {"angle": 45, "axis": "z", "origin": [7.9975, 8.45271, 8]},
			"faces": {
				"north": {"uv": [12.9, 13.2, 12.4, 13.7], "texture": "#0"},
				"east": {"uv": [15, 1.2, 14.8, 1.7], "texture": "#0"},
				"south": {"uv": [13.7, 12.4, 13.2, 12.9], "texture": "#0"},
				"west": {"uv": [15, 0.4, 14.8, 0.9], "texture": "#0"},
				"up": {"uv": [14.8, 2.2, 15.3, 2], "texture": "#0"},
				"down": {"uv": [2.4, 14.8, 2.9, 15], "texture": "#0"}
			}
		},
		{
			"from": [3.75036, 12.10798, 7.33],
			"to": [5.77536, 13.90798, 8.68],
			"rotation": {"angle": 22.5, "axis": "z", "origin": [8, 23.84336, 8.0025]},
			"faces": {
				"north": {"uv": [11.2, 6, 10.4, 6.7], "texture": "#0"},
				"east": {"uv": [12.9, 7.6, 12.4, 8.3], "texture": "#0"},
				"south": {"uv": [11.2, 6.8, 10.4, 7.5], "texture": "#0"},
				"west": {"uv": [6.1, 12.4, 5.6, 13.1], "texture": "#0"},
				"up": {"uv": [12, 4.9, 12.8, 4.4], "texture": "#0"},
				"down": {"uv": [12, 5.2, 12.8, 5.7], "texture": "#0"}
			}
		}
	],
	"gui_light": "front",
	"display": {
		"thirdperson_righthand": {
			"rotation": [163.75, 90, 0],
			"translation": [0, 4.5, -0.75],
			"scale": [0.78969, 0.78969, 0.78969]
		},
		"thirdperson_lefthand": {
			"rotation": [163.75, 90, 0],
			"translation": [0, 4.5, -0.75],
			"scale": [0.78969, 0.78969, 0.78969]
		},
		"firstperson_righthand": {
			"rotation": [82.75, 90, 0],
			"translation": [17.5, -4.75, -19.5],
			"scale": [1.89992, 1.89992, 1.89992]
		},
		"firstperson_lefthand": {
			"rotation": [82.75, -90, 0],
			"translation": [17.5, -4.75, -19.5],
			"scale": [1.89992, 1.89992, 1.89992]
		},
		"ground": {
			"translation": [0, 4.25, 0.25],
			"scale": [1.07867, 1.07867, 1.07867]
		},
		"gui": {
			"translation": [0.25, -2.5, 0],
			"scale": [1.12156, 1.12156, 1.12156]
		},
		"head": {
			"rotation": [7.5, 0, -149.5],
			"translation": [-0.25, -17.75, 6.75],
			"scale": [0, 0, 0]
		},
		"fixed": {
			"translation": [0, -5, -2.25],
			"scale": [2.26133, 2.26133, 2.26133]
		}
	},
	"groups": [
		{
			"name": "key",
			"origin": [8, 3.25, 8],
			"color": 0,
			"children": [0, 1, 2, 3, 4, 5, 6, 7, 8, 9, 10, 11, 12, 13, 14, 15, 16, 17]
		}
	]
}