{
    "parent": "minecraft:item/handheld",
    "textures": {
        "layer0": "minecraft:item/nether_star"
    },
    "overrides": [
        {
            "predicate": {
                "custom_model_data": 1000
            },
            "model": "hub:items/compass"
        },
        {
            "predicate": {
                "custom_model_data": 1001
            },
            "model": "hub:items/player_off"
        },
        {
            "predicate": {
                "custom_model_data": 1002
            },
            "model": "hub:items/player_on"
        },
        {
            "predicate": {
                "custom_model_data": 1003
            },
            "model": "hub:items/empty"
        },
        {
            "predicate": {
                "custom_model_data": 1004
            },
            "model": "hub:items/gold_book"
        }
    ]
}