{
	"credit": "Made with Blockbench",
	"texture_size": [64, 64],
	"textures": {
		"0": "earthserver:backpack/adventurer_backpack_texture",
		"particle": "earthserver:backpack/adventurer_backpack_texture"
	},
	"elements": [
		{
			"from": [10, 2.60285, 8.85285],
			"to": [12, 4.35285, 8.85285],
			"rotation": {"angle": -45, "axis": "x", "origin": [13, 4.35285, 9.35285]},
			"faces": {
				"north": {"uv": [9.5, 9, 10, 9.5], "texture": "#0"},
				"east": {"uv": [0, 0, 0, 0.5], "texture": "#0"},
				"south": {"uv": [9.5, 9.5, 10, 10], "texture": "#0"},
				"west": {"uv": [0, 0, 0, 0.5], "texture": "#0"},
				"up": {"uv": [0.5, 0, 0, 0], "texture": "#0"},
				"down": {"uv": [0.5, 0, 0, 0], "texture": "#0"}
			}
		},
		{
			"from": [10, 2.60285, 4.35285],
			"to": [12, 2.60285, 8.85285],
			"rotation": {"angle": -45, "axis": "x", "origin": [13, 4.35285, 9.35285]},
			"faces": {
				"north": {"uv": [0, 0, 0.5, 0], "texture": "#0"},
				"east": {"uv": [0, 0, 1.25, 0], "texture": "#0"},
				"south": {"uv": [0, 0, 0.5, 0], "texture": "#0"},
				"west": {"uv": [0, 0, 1.25, 0], "texture": "#0"},
				"up": {"uv": [7.5, 9.75, 7, 8.5], "texture": "#0"},
				"down": {"uv": [8, 8.5, 7.5, 9.75], "texture": "#0"}
			}
		},
		{
			"from": [10, 2.60285, 4.35285],
			"to": [12, 7.10285, 4.35285],
			"rotation": {"angle": -45, "axis": "x", "origin": [13, 4.35285, 9.35285]},
			"faces": {
				"north": {"uv": [5, 8.75, 5.5, 10], "texture": "#0"},
				"east": {"uv": [0, 0, 0, 1.25], "texture": "#0"},
				"south": {"uv": [5.5, 8.75, 6, 10], "texture": "#0"},
				"west": {"uv": [0, 0, 0, 1.25], "texture": "#0"},
				"up": {"uv": [0.5, 0, 0, 0], "texture": "#0"},
				"down": {"uv": [0.5, 0, 0, 0], "texture": "#0"}
			}
		},
		{
			"from": [10, 7.10285, 4.35285],
			"to": [12, 7.10285, 6.35285],
			"rotation": {"angle": -45, "axis": "x", "origin": [13, 4.35285, 9.35285]},
			"faces": {
				"north": {"uv": [0, 0, 0.5, 0], "texture": "#0"},
				"east": {"uv": [0, 0, 0.5, 0], "texture": "#0"},
				"south": {"uv": [0, 0, 0.5, 0], "texture": "#0"},
				"west": {"uv": [0, 0, 0.5, 0], "texture": "#0"},
				"up": {"uv": [10.25, 2.75, 9.75, 2.25], "texture": "#0"},
				"down": {"uv": [3.5, 9.75, 3, 10.25], "texture": "#0"}
			}
		},
		{
			"from": [4, 7.10285, 4.35285],
			"to": [6, 7.10285, 6.35285],
			"rotation": {"angle": -45, "axis": "x", "origin": [7, 4.35285, 9.35285]},
			"faces": {
				"north": {"uv": [0, 0, 0.5, 0], "texture": "#0"},
				"east": {"uv": [0, 0, 0.5, 0], "texture": "#0"},
				"south": {"uv": [0, 0, 0.5, 0], "texture": "#0"},
				"west": {"uv": [0, 0, 0.5, 0], "texture": "#0"},
				"up": {"uv": [10.25, 6.25, 9.75, 5.75], "texture": "#0"},
				"down": {"uv": [10.25, 6.25, 9.75, 6.75], "texture": "#0"}
			}
		},
		{
			"from": [4, 2.60285, 4.35285],
			"to": [6, 7.10285, 4.35285],
			"rotation": {"angle": -45, "axis": "x", "origin": [7, 4.35285, 9.35285]},
			"faces": {
				"north": {"uv": [8.75, 5.75, 9.25, 7], "texture": "#0"},
				"east": {"uv": [0, 0, 0, 1.25], "texture": "#0"},
				"south": {"uv": [8.75, 7, 9.25, 8.25], "texture": "#0"},
				"west": {"uv": [0, 0, 0, 1.25], "texture": "#0"},
				"up": {"uv": [0.5, 0, 0, 0], "texture": "#0"},
				"down": {"uv": [0.5, 0, 0, 0], "texture": "#0"}
			}
		},
		{
			"from": [4, 2.60285, 4.35285],
			"to": [6, 2.60285, 8.85285],
			"rotation": {"angle": -45, "axis": "x", "origin": [7, 4.35285, 9.35285]},
			"faces": {
				"north": {"uv": [0, 0, 0.5, 0], "texture": "#0"},
				"east": {"uv": [0, 0, 1.25, 0], "texture": "#0"},
				"south": {"uv": [0, 0, 0.5, 0], "texture": "#0"},
				"west": {"uv": [0, 0, 1.25, 0], "texture": "#0"},
				"up": {"uv": [0.5, 10.25, 0, 9], "texture": "#0"},
				"down": {"uv": [9.5, 0, 9, 1.25], "texture": "#0"}
			}
		},
		{
			"from": [4, 2.60285, 8.85285],
			"to": [6, 4.35285, 8.85285],
			"rotation": {"angle": -45, "axis": "x", "origin": [7, 4.35285, 9.35285]},
			"faces": {
				"north": {"uv": [7, 9.75, 7.5, 10.25], "texture": "#0"},
				"east": {"uv": [0, 0, 0, 0.5], "texture": "#0"},
				"south": {"uv": [7.5, 9.75, 8, 10.25], "texture": "#0"},
				"west": {"uv": [0, 0, 0, 0.5], "texture": "#0"},
				"up": {"uv": [0.5, 0, 0, 0], "texture": "#0"},
				"down": {"uv": [0.5, 0, 0, 0], "texture": "#0"}
			}
		},
		{
			"from": [5, 15.79194, 12.27235],
			"to": [7, 15.79194, 15.02235],
			"rotation": {"angle": -22.5, "axis": "x", "origin": [4, 8.04194, 13.02235]},
			"faces": {
				"north": {"uv": [0, 0, 0.5, 0], "texture": "#0"},
				"east": {"uv": [0, 0, 0.75, 0], "texture": "#0"},
				"south": {"uv": [0, 0, 0.5, 0], "texture": "#0"},
				"west": {"uv": [0, 0, 0.75, 0], "texture": "#0"},
				"up": {"uv": [3, 10.25, 2.5, 9.5], "texture": "#0"},
				"down": {"uv": [10, 3, 9.5, 3.75], "texture": "#0"}
			}
		},
		{
			"from": [5, 13.29194, 15.02235],
			"to": [7, 15.79194, 15.02235],
			"rotation": {"angle": -22.5, "axis": "x", "origin": [4, 8.04194, 13.02235]},
			"faces": {
				"north": {"uv": [9.5, 5, 10, 5.75], "texture": "#0"},
				"east": {"uv": [0, 0, 0, 0.75], "texture": "#0"},
				"south": {"uv": [6, 9.5, 6.5, 10.25], "texture": "#0"},
				"west": {"uv": [0, 0, 0, 0.75], "texture": "#0"},
				"up": {"uv": [0.5, 0, 0, 0], "texture": "#0"},
				"down": {"uv": [0.5, 0, 0, 0], "texture": "#0"}
			}
		},
		{
			"from": [5, 13.48262, 13.22998],
			"to": [7, 13.48262, 15.97998],
			"rotation": {"angle": -22.5, "axis": "x", "origin": [4, 5.73262, 13.97998]},
			"faces": {
				"north": {"uv": [0, 0, 0.5, 0], "texture": "#0"},
				"east": {"uv": [0, 0, 0.75, 0], "texture": "#0"},
				"south": {"uv": [0, 0, 0.5, 0], "texture": "#0"},
				"west": {"uv": [0, 0, 0.75, 0], "texture": "#0"},
				"up": {"uv": [7, 10.25, 6.5, 9.5], "texture": "#0"},
				"down": {"uv": [10, 7.75, 9.5, 8.5], "texture": "#0"}
			}
		},
		{
			"from": [6, 15, 5],
			"to": [10, 18, 5],
			"rotation": {"angle": 0, "axis": "y", "origin": [3, 15, 5]},
			"faces": {
				"north": {"uv": [1, 8.25, 2, 9], "texture": "#0"},
				"east": {"uv": [0, 0, 0, 0.75], "texture": "#0"},
				"south": {"uv": [2, 8.25, 3, 9], "texture": "#0"},
				"west": {"uv": [0, 0, 0, 0.75], "texture": "#0"},
				"up": {"uv": [1, 0, 0, 0], "texture": "#0"},
				"down": {"uv": [1, 0, 0, 0], "texture": "#0"}
			}
		},
		{
			"name": "tent",
			"from": [0, 1.03553, 4.5],
			"to": [16, 5.03553, 8.5],
			"rotation": {"angle": -45, "axis": "x", "origin": [8, 3.53553, 7]},
			"faces": {
				"north": {"uv": [0, 3, 4, 4], "texture": "#0"},
				"east": {"uv": [6, 7.25, 7, 8.25], "texture": "#0"},
				"south": {"uv": [0, 4, 4, 5], "texture": "#0"},
				"west": {"uv": [7, 7.5, 8, 8.5], "texture": "#0"},
				"up": {"uv": [8, 4, 4, 3], "texture": "#0"},
				"down": {"uv": [8, 4, 4, 5], "texture": "#0"}
			}
		},
		{
			"from": [8.5, 12.79194, 12.52235],
			"to": [12.5, 15.79194, 15.52235],
			"rotation": {"angle": -22.5, "axis": "x", "origin": [8.5, 7.29194, 12.52235]},
			"faces": {
				"north": {"uv": [3, 8.25, 4, 9], "texture": "#0"},
				"east": {"uv": [9, 2.25, 9.75, 3], "texture": "#0"},
				"south": {"uv": [4, 8.25, 5, 9], "texture": "#0"},
				"west": {"uv": [3, 9, 3.75, 9.75], "texture": "#0"},
				"up": {"uv": [7, 9, 6, 8.25], "texture": "#0"},
				"down": {"uv": [9, 8.25, 8, 9], "texture": "#0"}
			}
		},
		{
			"from": [3.5, 13.54194, 12.77235],
			"to": [8.5, 15.54194, 14.77235],
			"rotation": {"angle": -22.5, "axis": "x", "origin": [4.5, 7.79194, 13.02235]},
			"faces": {
				"north": {"uv": [0.5, 9, 1.75, 9.5], "texture": "#0"},
				"east": {"uv": [10, 0, 10.5, 0.5], "texture": "#0"},
				"south": {"uv": [9, 1.25, 10.25, 1.75], "texture": "#0"},
				"west": {"uv": [10, 0.5, 10.5, 1], "texture": "#0"},
				"up": {"uv": [3, 9.5, 1.75, 9], "texture": "#0"},
				"down": {"uv": [10.25, 1.75, 9, 2.25], "texture": "#0"}
			}
		},
		{
			"from": [3, 3, 5],
			"to": [13, 15, 9],
			"rotation": {"angle": 0, "axis": "y", "origin": [3, 3, 5]},
			"faces": {
				"north": {"uv": [0, 0, 2.5, 3], "texture": "#0"},
				"east": {"uv": [0, 5, 1, 8], "texture": "#0"},
				"south": {"uv": [2.5, 0, 5, 3], "texture": "#0"},
				"west": {"uv": [5, 0, 6, 3], "texture": "#0"},
				"up": {"uv": [7.5, 6, 5, 5], "texture": "#0"},
				"down": {"uv": [8.5, 0, 6, 1], "texture": "#0"}
			}
		},
		{
			"from": [1, 6, 5],
			"to": [3, 10, 9],
			"rotation": {"angle": 0, "axis": "y", "origin": [-7, 6, 5]},
			"faces": {
				"north": {"uv": [8.5, 0, 9, 1], "texture": "#0"},
				"east": {"uv": [0, 8, 1, 9], "texture": "#0"},
				"south": {"uv": [9, 3, 9.5, 4], "texture": "#0"},
				"west": {"uv": [8, 1, 9, 2], "texture": "#0"},
				"up": {"uv": [4.25, 10, 3.75, 9], "texture": "#0"},
				"down": {"uv": [4.75, 9, 4.25, 10], "texture": "#0"}
			}
		},
		{
			"from": [0.75, 7.75, 4.75],
			"to": [3, 10.25, 9.25],
			"rotation": {"angle": 0, "axis": "y", "origin": [-7, 6, 5]},
			"faces": {
				"north": {"uv": [10, 2.75, 10.5, 3.25], "texture": "#0"},
				"east": {"uv": [6, 9, 7, 9.5], "texture": "#0"},
				"south": {"uv": [10, 3.25, 10.5, 3.75], "texture": "#0"},
				"west": {"uv": [8, 9, 9, 9.5], "texture": "#0"},
				"up": {"uv": [9.5, 9.25, 9, 8.25], "texture": "#0"},
				"down": {"uv": [9.75, 5.75, 9.25, 6.75], "texture": "#0"}
			}
		},
		{
			"from": [13, 7.75, 4.75],
			"to": [15.25, 10.25, 9.25],
			"rotation": {"angle": 0, "axis": "y", "origin": [23, 6, 5]},
			"faces": {
				"north": {"uv": [3.5, 10, 4, 10.5], "texture": "#0"},
				"east": {"uv": [9.25, 6.75, 10.25, 7.25], "texture": "#0"},
				"south": {"uv": [10, 3.75, 10.5, 4.25], "texture": "#0"},
				"west": {"uv": [9.25, 7.25, 10.25, 7.75], "texture": "#0"},
				"up": {"uv": [9.5, 10.25, 9, 9.25], "texture": "#0"},
				"down": {"uv": [10, 0, 9.5, 1], "texture": "#0"}
			}
		},
		{
			"from": [13, 6, 5],
			"to": [15, 10, 9],
			"rotation": {"angle": 0, "axis": "y", "origin": [23, 6, 5]},
			"faces": {
				"north": {"uv": [0.5, 9.5, 1, 10.5], "texture": "#0"},
				"east": {"uv": [8, 2, 9, 3], "texture": "#0"},
				"south": {"uv": [1, 9.5, 1.5, 10.5], "texture": "#0"},
				"west": {"uv": [8, 3, 9, 4], "texture": "#0"},
				"up": {"uv": [2, 10.5, 1.5, 9.5], "texture": "#0"},
				"down": {"uv": [2.5, 9.5, 2, 10.5], "texture": "#0"}
			}
		},
		{
			"from": [4, 9.80239, 6.03387],
			"to": [12, 15.80239, 10.03387],
			"rotation": {"angle": -22.5, "axis": "x", "origin": [8, 12.80239, 7.53387]},
			"faces": {
				"north": {"uv": [1, 5, 3, 6.5], "texture": "#0"},
				"east": {"uv": [7, 6, 8, 7.5], "texture": "#0"},
				"south": {"uv": [3, 5, 5, 6.5], "texture": "#0"},
				"west": {"uv": [5, 7.25, 6, 8.75], "texture": "#0"},
				"up": {"uv": [3, 7.5, 1, 6.5], "texture": "#0"},
				"down": {"uv": [5, 6.5, 3, 7.5], "texture": "#0"}
			}
		},
		{
			"from": [4, 4, 9],
			"to": [12, 9, 12],
			"rotation": {"angle": 0, "axis": "y", "origin": [3, 3, 9]},
			"faces": {
				"north": {"uv": [6, 1, 8, 2.25], "texture": "#0"},
				"east": {"uv": [8, 5.75, 8.75, 7], "texture": "#0"},
				"south": {"uv": [5, 6, 7, 7.25], "texture": "#0"},
				"west": {"uv": [8, 7, 8.75, 8.25], "texture": "#0"},
				"up": {"uv": [8, 3, 6, 2.25], "texture": "#0"},
				"down": {"uv": [3, 7.5, 1, 8.25], "texture": "#0"}
			}
		},
		{
			"from": [3.75, 6.75, 9],
			"to": [12.25, 9.25, 12.25],
			"rotation": {"angle": 0, "axis": "y", "origin": [3, 3, 9]},
			"faces": {
				"north": {"uv": [8, 4, 10, 4.5], "texture": "#0"},
				"east": {"uv": [8, 9.5, 8.75, 10], "texture": "#0"},
				"south": {"uv": [8, 4.5, 10, 5], "texture": "#0"},
				"west": {"uv": [9.5, 8.5, 10.25, 9], "texture": "#0"},
				"up": {"uv": [5, 8.25, 3, 7.5], "texture": "#0"},
				"down": {"uv": [9.5, 5, 7.5, 5.75], "texture": "#0"}
			}
		}
	],
	"gui_light": "front",
	"display": {
		"thirdperson_righthand": {
			"rotation": [67, 0, 0],
			"translation": [-6, -10, 7.5]
		},
		"thirdperson_lefthand": {
			"rotation": [67, 0, 0],
			"translation": [-6, -10, 7.5]
		},
		"firstperson_righthand": {
			"rotation": [31, 180, 0],
			"translation": [1.75, 0, -0.75],
			"scale": [0.8, 0.8, 0.8]
		},
		"firstperson_lefthand": {
			"rotation": [31, 180, 0],
			"translation": [80, 0, -0.75],
			"scale": [0.8, 0.8, 0.8]
		},
		"ground": {
			"translation": [0, 2, 0],
			"scale": [0.5, 0.5, 0.5]
		},
		"gui": {
			"rotation": [17, 0, 0],
			"translation": [0, -1, 0],
			"scale": [0.75, 0.75, 0.75]
		},
		"head": {
			"translation": [0, -18.5, 9.25],
			"scale": [1.6, 1.6, 1.6]
		},
		"fixed": {
			"rotation": [0, 180, 0],
			"translation": [0, 0, -6.5],
			"scale": [2, 2, 2]
		}
	},
	"groups": [
		{
			"name": "adventurer_backpack",
			"origin": [8, 0.53553, 2],
			"color": 0,
			"children": [
				{
					"name": "strap",
					"origin": [7, 1.35285, 9.35285],
					"color": 0,
					"children": [0, 1, 2, 3, 4, 5, 6, 7, 8, 9, 10, 11]
				},
				12,
				{
					"name": "spyglass",
					"origin": [4.5, 4.79194, 13.02235],
					"color": 0,
					"children": [13, 14]
				},
				{
					"name": "backpack",
					"origin": [3, 0, 9],
					"color": 0,
					"children": [15, 16, 17, 18, 19, 20, 21, 22]
				}
			]
		}
	]
}