{
	"credit": "Made with Blockbench",
	"texture_size": [64, 64],
	"textures": {
		"0": "earthserver:backpack/fisherman_backpack_texture",
		"particle": "earthserver:backpack/fisherman_backpack_texture"
	},
	"elements": [
		{
			"from": [0.5, 3, 5.5],
			"to": [2.5, 5, 7.5],
			"rotation": {"angle": 0, "axis": "y", "origin": [-7.5, 3, 5.5]},
			"faces": {
				"north": {"uv": [9.25, 1, 9.75, 1.5], "texture": "#0"},
				"east": {"uv": [9.25, 1.5, 9.75, 2], "texture": "#0"},
				"south": {"uv": [1.75, 9.25, 2.25, 9.75], "texture": "#0"},
				"west": {"uv": [9.25, 2, 9.75, 2.5], "texture": "#0"},
				"up": {"uv": [5.25, 9.75, 4.75, 9.25], "texture": "#0"},
				"down": {"uv": [5.75, 9.25, 5.25, 9.75], "texture": "#0"}
			}
		},
		{
			"from": [1, 3.75, 7.16421],
			"to": [2, 5.75, 9.16421],
			"rotation": {"angle": 45, "axis": "x", "origin": [1.5, 4.75, 8.16421]},
			"faces": {
				"north": {"uv": [0, 9.75, 0.25, 10.25], "texture": "#0"},
				"east": {"uv": [5.75, 9.25, 6.25, 9.75], "texture": "#0"},
				"south": {"uv": [9.75, 0, 10, 0.5], "texture": "#0"},
				"west": {"uv": [6.5, 9.25, 7, 9.75], "texture": "#0"},
				"up": {"uv": [0.5, 10.25, 0.25, 9.75], "texture": "#0"},
				"down": {"uv": [10, 1, 9.75, 1.5], "texture": "#0"}
			}
		},
		{
			"from": [1.5, 5, 7],
			"to": [1.5, 13, 10],
			"rotation": {"angle": 0, "axis": "y", "origin": [1.5, 6, 8]},
			"faces": {
				"north": {"uv": [0, 0, 0, 2], "texture": "#0"},
				"east": {"uv": [1.25, 6.5, 2, 8.5], "texture": "#0"},
				"south": {"uv": [0, 0, 0, 2], "texture": "#0"},
				"west": {"uv": [2, 6.5, 2.75, 8.5], "texture": "#0"},
				"up": {"uv": [0, 0.75, 0, 0], "texture": "#0"},
				"down": {"uv": [0, 0, 0, 0.75], "texture": "#0"}
			}
		},
		{
			"from": [1, 5, 6],
			"to": [2, 11, 7],
			"rotation": {"angle": 0, "axis": "y", "origin": [-8, 5, 6]},
			"faces": {
				"north": {"uv": [3.25, 8.75, 3.5, 10.25], "texture": "#0"},
				"east": {"uv": [3.5, 8.75, 3.75, 10.25], "texture": "#0"},
				"south": {"uv": [8.75, 4.5, 9, 6], "texture": "#0"},
				"west": {"uv": [6.25, 8.75, 6.5, 10.25], "texture": "#0"},
				"up": {"uv": [10, 7.75, 9.75, 7.5], "texture": "#0"},
				"down": {"uv": [8.5, 9.75, 8.25, 10], "texture": "#0"}
			}
		},
		{
			"from": [1, 11, 6],
			"to": [2, 14, 7],
			"rotation": {"angle": 45, "axis": "x", "origin": [-8, 11, 6]},
			"faces": {
				"north": {"uv": [2.5, 9.5, 2.75, 10.25], "texture": "#0"},
				"east": {"uv": [2.75, 9.5, 3, 10.25], "texture": "#0"},
				"south": {"uv": [3, 9.5, 3.25, 10.25], "texture": "#0"},
				"west": {"uv": [9.5, 3, 9.75, 3.75], "texture": "#0"},
				"up": {"uv": [8.75, 10, 8.5, 9.75], "texture": "#0"},
				"down": {"uv": [10, 8.5, 9.75, 8.75], "texture": "#0"}
			}
		},
		{
			"from": [13.5, 3, 5.5],
			"to": [15.5, 5, 7.5],
			"rotation": {"angle": 0, "axis": "y", "origin": [23.5, 3, 5.5]},
			"faces": {
				"north": {"uv": [7.25, 9, 7.75, 9.5], "texture": "#0"},
				"east": {"uv": [7.75, 9, 8.25, 9.5], "texture": "#0"},
				"south": {"uv": [8.25, 9, 8.75, 9.5], "texture": "#0"},
				"west": {"uv": [9, 8.25, 9.5, 8.75], "texture": "#0"},
				"up": {"uv": [9.5, 9.25, 9, 8.75], "texture": "#0"},
				"down": {"uv": [0.5, 9.25, 0, 9.75], "texture": "#0"}
			}
		},
		{
			"from": [14, 5, 6],
			"to": [15, 9, 7],
			"rotation": {"angle": 0, "axis": "y", "origin": [24, 5, 5]},
			"faces": {
				"north": {"uv": [3.75, 4.5, 4, 5.5], "texture": "#0"},
				"east": {"uv": [9.25, 0, 9.5, 1], "texture": "#0"},
				"south": {"uv": [0.5, 9.25, 0.75, 10.25], "texture": "#0"},
				"west": {"uv": [0.75, 9.25, 1, 10.25], "texture": "#0"},
				"up": {"uv": [5.25, 2.75, 5, 2.5], "texture": "#0"},
				"down": {"uv": [3.75, 6.5, 3.5, 6.75], "texture": "#0"}
			}
		},
		{
			"from": [14, 9, 4],
			"to": [15, 10, 9],
			"rotation": {"angle": 0, "axis": "y", "origin": [24, 4, 5]},
			"faces": {
				"north": {"uv": [2.5, 8.5, 2.75, 8.75], "texture": "#0"},
				"east": {"uv": [8.75, 6.5, 10, 6.75], "texture": "#0"},
				"south": {"uv": [9.75, 6, 10, 6.25], "texture": "#0"},
				"west": {"uv": [8.75, 8, 10, 8.25], "texture": "#0"},
				"up": {"uv": [1.25, 8.5, 1, 7.25], "texture": "#0"},
				"down": {"uv": [9, 8.25, 8.75, 9.5], "texture": "#0"}
			}
		},
		{
			"from": [14, 10, 8],
			"to": [15, 13, 9],
			"rotation": {"angle": 0, "axis": "y", "origin": [24, 5, 5]},
			"faces": {
				"north": {"uv": [2.25, 9.25, 2.5, 10], "texture": "#0"},
				"east": {"uv": [7, 9.25, 7.25, 10], "texture": "#0"},
				"south": {"uv": [9, 9.25, 9.25, 10], "texture": "#0"},
				"west": {"uv": [9.25, 9.25, 9.5, 10], "texture": "#0"},
				"up": {"uv": [7, 10, 6.75, 9.75], "texture": "#0"},
				"down": {"uv": [10, 6.75, 9.75, 7], "texture": "#0"}
			}
		},
		{
			"from": [14, 10, 4],
			"to": [15, 13, 5],
			"rotation": {"angle": 0, "axis": "y", "origin": [24, 5, 1]},
			"faces": {
				"north": {"uv": [9.5, 0, 9.75, 0.75], "texture": "#0"},
				"east": {"uv": [1, 9.5, 1.25, 10.25], "texture": "#0"},
				"south": {"uv": [1.25, 9.5, 1.5, 10.25], "texture": "#0"},
				"west": {"uv": [1.5, 9.5, 1.75, 10.25], "texture": "#0"},
				"up": {"uv": [10, 7.25, 9.75, 7], "texture": "#0"},
				"down": {"uv": [10, 7.25, 9.75, 7.5], "texture": "#0"}
			}
		},
		{
			"from": [14, 13, 4],
			"to": [15, 14, 9],
			"rotation": {"angle": 0, "axis": "y", "origin": [24, 8, 5]},
			"faces": {
				"north": {"uv": [9.75, 6.25, 10, 6.5], "texture": "#0"},
				"east": {"uv": [9, 4.5, 10.25, 4.75], "texture": "#0"},
				"south": {"uv": [6.5, 9.75, 6.75, 10], "texture": "#0"},
				"west": {"uv": [9, 4.75, 10.25, 5], "texture": "#0"},
				"up": {"uv": [4, 10.25, 3.75, 9], "texture": "#0"},
				"down": {"uv": [4.25, 9, 4, 10.25], "texture": "#0"}
			}
		},
		{
			"from": [15, 9.25, 8.5],
			"to": [19, 13.75, 8.5],
			"rotation": {"angle": 0, "axis": "y", "origin": [26, 5, 5]},
			"faces": {
				"north": {"uv": [6.25, 6.75, 7.25, 8], "texture": "#0"},
				"east": {"uv": [0, 0, 0, 1.25], "texture": "#0"},
				"south": {"uv": [0, 7.25, 1, 8.5], "texture": "#0"},
				"west": {"uv": [0, 0, 0, 1.25], "texture": "#0"},
				"up": {"uv": [1, 0, 0, 0], "texture": "#0"},
				"down": {"uv": [1, 0, 0, 0], "texture": "#0"}
			}
		},
		{
			"from": [15, 9.25, 4.5],
			"to": [19, 13.75, 4.5],
			"rotation": {"angle": 0, "axis": "y", "origin": [26, 5, 1]},
			"faces": {
				"north": {"uv": [7.5, 1.25, 8.5, 2.5], "texture": "#0"},
				"east": {"uv": [0, 0, 0, 1.25], "texture": "#0"},
				"south": {"uv": [2.75, 7.5, 3.75, 8.75], "texture": "#0"},
				"west": {"uv": [0, 0, 0, 1.25], "texture": "#0"},
				"up": {"uv": [1, 0, 0, 0], "texture": "#0"},
				"down": {"uv": [1, 0, 0, 0], "texture": "#0"}
			}
		},
		{
			"from": [15, 13.75, 4.5],
			"to": [19, 13.75, 8.5],
			"rotation": {"angle": 0, "axis": "y", "origin": [26, 5, 1]},
			"faces": {
				"north": {"uv": [0, 0, 1, 0], "texture": "#0"},
				"east": {"uv": [0, 0, 1, 0], "texture": "#0"},
				"south": {"uv": [0, 0, 1, 0], "texture": "#0"},
				"west": {"uv": [0, 0, 1, 0], "texture": "#0"},
				"up": {"uv": [8.75, 4, 7.75, 3], "texture": "#0"},
				"down": {"uv": [8.75, 4, 7.75, 5], "texture": "#0"}
			}
		},
		{
			"from": [15, 9.25, 4.5],
			"to": [19, 9.25, 8.5],
			"rotation": {"angle": 0, "axis": "y", "origin": [26, 0.5, 1]},
			"faces": {
				"north": {"uv": [0, 0, 1, 0], "texture": "#0"},
				"east": {"uv": [0, 0, 1, 0], "texture": "#0"},
				"south": {"uv": [0, 0, 1, 0], "texture": "#0"},
				"west": {"uv": [0, 0, 1, 0], "texture": "#0"},
				"up": {"uv": [8.75, 6, 7.75, 5], "texture": "#0"},
				"down": {"uv": [4.75, 8, 3.75, 9], "texture": "#0"}
			}
		},
		{
			"from": [19, 9.25, 4.5],
			"to": [19, 13.75, 8.5],
			"rotation": {"angle": 0, "axis": "y", "origin": [26, 5, 5]},
			"faces": {
				"north": {"uv": [0, 0, 0, 1.25], "texture": "#0"},
				"east": {"uv": [7.25, 6.75, 8.25, 8], "texture": "#0"},
				"south": {"uv": [0, 0, 0, 1.25], "texture": "#0"},
				"west": {"uv": [7.5, 0, 8.5, 1.25], "texture": "#0"},
				"up": {"uv": [0, 1, 0, 0], "texture": "#0"},
				"down": {"uv": [0, 0, 0, 1], "texture": "#0"}
			}
		},
		{
			"from": [14, 2.5, 10],
			"to": [15, 3.5, 11],
			"rotation": {"angle": -45, "axis": "z", "origin": [13, 3, 10.5]},
			"faces": {
				"north": {"uv": [1.75, 10, 2, 10.25], "texture": "#0"},
				"east": {"uv": [2, 10, 2.25, 10.25], "texture": "#0"},
				"south": {"uv": [10, 2, 10.25, 2.25], "texture": "#0"},
				"west": {"uv": [2.25, 10, 2.5, 10.25], "texture": "#0"},
				"up": {"uv": [10.25, 2.5, 10, 2.25], "texture": "#0"},
				"down": {"uv": [10.25, 3, 10, 3.25], "texture": "#0"}
			}
		},
		{
			"from": [13, 3, 10],
			"to": [16, 3, 11],
			"rotation": {"angle": -45, "axis": "z", "origin": [13, 3, 10.5]},
			"faces": {
				"north": {"uv": [0, 0, 0.75, 0], "texture": "#0"},
				"east": {"uv": [0, 0, 0.25, 0], "texture": "#0"},
				"south": {"uv": [0, 0, 0.75, 0], "texture": "#0"},
				"west": {"uv": [0, 0, 0.25, 0], "texture": "#0"},
				"up": {"uv": [10.25, 1, 9.5, 0.75], "texture": "#0"},
				"down": {"uv": [10.25, 3.75, 9.5, 4], "texture": "#0"}
			}
		},
		{
			"from": [16, 3, 10],
			"to": [17, 3, 13],
			"rotation": {"angle": -45, "axis": "z", "origin": [13, 3, 10.5]},
			"faces": {
				"north": {"uv": [0, 0, 0.25, 0], "texture": "#0"},
				"east": {"uv": [0, 0, 0.75, 0], "texture": "#0"},
				"south": {"uv": [0, 0, 0.25, 0], "texture": "#0"},
				"west": {"uv": [0, 0, 0.75, 0], "texture": "#0"},
				"up": {"uv": [4.5, 10.25, 4.25, 9.5], "texture": "#0"},
				"down": {"uv": [4.75, 9.5, 4.5, 10.25], "texture": "#0"}
			}
		},
		{
			"from": [15, 3, 12],
			"to": [16, 3, 13],
			"rotation": {"angle": -45, "axis": "z", "origin": [13, 3, 10.5]},
			"faces": {
				"north": {"uv": [0, 0, 0.25, 0], "texture": "#0"},
				"east": {"uv": [0, 0, 0.25, 0], "texture": "#0"},
				"south": {"uv": [0, 0, 0.25, 0], "texture": "#0"},
				"west": {"uv": [0, 0, 0.25, 0], "texture": "#0"},
				"up": {"uv": [10.25, 0.25, 10, 0], "texture": "#0"},
				"down": {"uv": [10.25, 0.25, 10, 0.5], "texture": "#0"}
			}
		},
		{
			"from": [10, 0, 12],
			"to": [11, 3, 12],
			"rotation": {"angle": -22.5, "axis": "x", "origin": [8, 3, 12]},
			"faces": {
				"north": {"uv": [7.75, 9.5, 8, 10.25], "texture": "#0"},
				"east": {"uv": [0, 0, 0, 0.75], "texture": "#0"},
				"south": {"uv": [8, 9.5, 8.25, 10.25], "texture": "#0"},
				"west": {"uv": [0, 0, 0, 0.75], "texture": "#0"},
				"up": {"uv": [0.25, 0, 0, 0], "texture": "#0"},
				"down": {"uv": [0.25, 0, 0, 0], "texture": "#0"}
			}
		},
		{
			"from": [11, 0, 12],
			"to": [13, 1, 12],
			"rotation": {"angle": -22.5, "axis": "x", "origin": [9, 3, 12]},
			"faces": {
				"north": {"uv": [1.75, 9.75, 2.25, 10], "texture": "#0"},
				"east": {"uv": [0, 0, 0, 0.25], "texture": "#0"},
				"south": {"uv": [9.75, 1.75, 10.25, 2], "texture": "#0"},
				"west": {"uv": [0, 0, 0, 0.25], "texture": "#0"},
				"up": {"uv": [0.5, 0, 0, 0], "texture": "#0"},
				"down": {"uv": [0.5, 0, 0, 0], "texture": "#0"}
			}
		},
		{
			"from": [5, 0, 12],
			"to": [6, 3, 12],
			"rotation": {"angle": -22.5, "axis": "x", "origin": [8, 3, 12]},
			"faces": {
				"north": {"uv": [7.25, 9.5, 7.5, 10.25], "texture": "#0"},
				"east": {"uv": [0, 0, 0, 0.75], "texture": "#0"},
				"south": {"uv": [7.5, 9.5, 7.75, 10.25], "texture": "#0"},
				"west": {"uv": [0, 0, 0, 0.75], "texture": "#0"},
				"up": {"uv": [0.25, 0, 0, 0], "texture": "#0"},
				"down": {"uv": [0.25, 0, 0, 0], "texture": "#0"}
			}
		},
		{
			"from": [3, 0, 12],
			"to": [5, 1, 12],
			"rotation": {"angle": -22.5, "axis": "x", "origin": [7, 3, 12]},
			"faces": {
				"north": {"uv": [9.75, 0.5, 10.25, 0.75], "texture": "#0"},
				"east": {"uv": [0, 0, 0, 0.25], "texture": "#0"},
				"south": {"uv": [9.75, 1.5, 10.25, 1.75], "texture": "#0"},
				"west": {"uv": [0, 0, 0, 0.25], "texture": "#0"},
				"up": {"uv": [0.5, 0, 0, 0], "texture": "#0"},
				"down": {"uv": [0.5, 0, 0, 0], "texture": "#0"}
			}
		},
		{
			"from": [3, 1, 12],
			"to": [4, 2, 12],
			"rotation": {"angle": -22.5, "axis": "x", "origin": [7, 3, 12]},
			"faces": {
				"north": {"uv": [10, 3.25, 10.25, 3.5], "texture": "#0"},
				"east": {"uv": [0, 0, 0, 0.25], "texture": "#0"},
				"south": {"uv": [4.75, 10, 5, 10.25], "texture": "#0"},
				"west": {"uv": [0, 0, 0, 0.25], "texture": "#0"},
				"up": {"uv": [0.25, 0, 0, 0], "texture": "#0"},
				"down": {"uv": [0.25, 0, 0, 0], "texture": "#0"}
			}
		},
		{
			"from": [12, 1, 12],
			"to": [13, 2, 12],
			"rotation": {"angle": -22.5, "axis": "x", "origin": [9, 3, 12]},
			"faces": {
				"north": {"uv": [5, 10, 5.25, 10.25], "texture": "#0"},
				"east": {"uv": [0, 0, 0, 0.25], "texture": "#0"},
				"south": {"uv": [5.25, 10, 5.5, 10.25], "texture": "#0"},
				"west": {"uv": [0, 0, 0, 0.25], "texture": "#0"},
				"up": {"uv": [0.25, 0, 0, 0], "texture": "#0"},
				"down": {"uv": [0.25, 0, 0, 0], "texture": "#0"}
			}
		},
		{
			"from": [0, 3, 10],
			"to": [3, 3, 11],
			"rotation": {"angle": 45, "axis": "z", "origin": [3, 3, 10.5]},
			"faces": {
				"north": {"uv": [0, 0, 0.75, 0], "texture": "#0"},
				"east": {"uv": [0, 0, 0.25, 0], "texture": "#0"},
				"south": {"uv": [0, 0, 0.75, 0], "texture": "#0"},
				"west": {"uv": [0, 0, 0.25, 0], "texture": "#0"},
				"up": {"uv": [3.5, 6.75, 2.75, 6.5], "texture": "#0"},
				"down": {"uv": [10, 7.75, 9.25, 8], "texture": "#0"}
			}
		},
		{
			"from": [1, 2.5, 10],
			"to": [2, 3.5, 11],
			"rotation": {"angle": 45, "axis": "z", "origin": [3, 3, 10.5]},
			"faces": {
				"north": {"uv": [8.75, 9.75, 9, 10], "texture": "#0"},
				"east": {"uv": [9.75, 8.75, 10, 9], "texture": "#0"},
				"south": {"uv": [9.75, 9, 10, 9.25], "texture": "#0"},
				"west": {"uv": [9.75, 9.25, 10, 9.5], "texture": "#0"},
				"up": {"uv": [10, 9.75, 9.75, 9.5], "texture": "#0"},
				"down": {"uv": [10, 9.75, 9.75, 10], "texture": "#0"}
			}
		},
		{
			"from": [-1, 3, 10],
			"to": [0, 3, 13],
			"rotation": {"angle": 45, "axis": "z", "origin": [3, 3, 10.5]},
			"faces": {
				"north": {"uv": [0, 0, 0.25, 0], "texture": "#0"},
				"east": {"uv": [0, 0, 0.75, 0], "texture": "#0"},
				"south": {"uv": [0, 0, 0.25, 0], "texture": "#0"},
				"west": {"uv": [0, 0, 0.75, 0], "texture": "#0"},
				"up": {"uv": [9.75, 5.75, 9.5, 5], "texture": "#0"},
				"down": {"uv": [9.75, 5.75, 9.5, 6.5], "texture": "#0"}
			}
		},
		{
			"from": [0, 3, 12],
			"to": [1, 3, 13],
			"rotation": {"angle": 45, "axis": "z", "origin": [3, 3, 10.5]},
			"faces": {
				"north": {"uv": [0, 0, 0.25, 0], "texture": "#0"},
				"east": {"uv": [0, 0, 0.25, 0], "texture": "#0"},
				"south": {"uv": [0, 0, 0.25, 0], "texture": "#0"},
				"west": {"uv": [0, 0, 0.25, 0], "texture": "#0"},
				"up": {"uv": [10.25, 1.25, 10, 1], "texture": "#0"},
				"down": {"uv": [10.25, 1.25, 10, 1.5], "texture": "#0"}
			}
		},
		{
			"from": [7.5, 12.2409, 9.84357],
			"to": [9.5, 13.2409, 11.84357],
			"rotation": {"angle": 22.5, "axis": "x", "origin": [9, 12.2409, 8.84357]},
			"faces": {
				"north": {"uv": [9.75, 3.5, 10.25, 3.75], "texture": "#0"},
				"east": {"uv": [4.75, 9.75, 5.25, 10], "texture": "#0"},
				"south": {"uv": [9.75, 5, 10.25, 5.25], "texture": "#0"},
				"west": {"uv": [5.25, 9.75, 5.75, 10], "texture": "#0"},
				"up": {"uv": [9.75, 7.25, 9.25, 6.75], "texture": "#0"},
				"down": {"uv": [9.75, 7.25, 9.25, 7.75], "texture": "#0"}
			}
		},
		{
			"from": [6.5, 13.00627, 6.99581],
			"to": [9.5, 14.00627, 9.99581],
			"rotation": {"angle": 22.5, "axis": "x", "origin": [8, 13.00627, 6.99581]},
			"faces": {
				"north": {"uv": [9.5, 4, 10.25, 4.25], "texture": "#0"},
				"east": {"uv": [9.5, 4.25, 10.25, 4.5], "texture": "#0"},
				"south": {"uv": [8.25, 9.5, 9, 9.75], "texture": "#0"},
				"west": {"uv": [9.5, 8.25, 10.25, 8.5], "texture": "#0"},
				"up": {"uv": [9.5, 3.75, 8.75, 3], "texture": "#0"},
				"down": {"uv": [9.5, 3.75, 8.75, 4.5], "texture": "#0"}
			}
		},
		{
			"from": [5.5, 13.50627, 7.99581],
			"to": [6.5, 13.50627, 9.99581],
			"rotation": {"angle": 22.5, "axis": "x", "origin": [5, 13.00627, 6.99581]},
			"faces": {
				"north": {"uv": [0, 0, 0.25, 0], "texture": "#0"},
				"east": {"uv": [0, 0, 0.5, 0], "texture": "#0"},
				"south": {"uv": [0, 0, 0.25, 0], "texture": "#0"},
				"west": {"uv": [0, 0, 0.5, 0], "texture": "#0"},
				"up": {"uv": [10, 2.5, 9.75, 2], "texture": "#0"},
				"down": {"uv": [10, 3, 9.75, 3.5], "texture": "#0"}
			}
		},
		{
			"from": [7, 13.69552, 5.53073],
			"to": [9, 14.69552, 6.53073],
			"rotation": {"angle": 22.5, "axis": "x", "origin": [7.5, 14.69552, 5.53073]},
			"faces": {
				"north": {"uv": [9.75, 5.25, 10.25, 5.5], "texture": "#0"},
				"east": {"uv": [10, 6.5, 10.25, 6.75], "texture": "#0"},
				"south": {"uv": [9.75, 5.5, 10.25, 5.75], "texture": "#0"},
				"west": {"uv": [6.75, 10, 7, 10.25], "texture": "#0"},
				"up": {"uv": [6.25, 10, 5.75, 9.75], "texture": "#0"},
				"down": {"uv": [10.25, 5.75, 9.75, 6], "texture": "#0"}
			}
		},
		{
			"from": [7.5, 13.31283, 6.45461],
			"to": [8.5, 14.31283, 7.45461],
			"rotation": {"angle": 22.5, "axis": "x", "origin": [8, 14.31283, 6.45461]},
			"faces": {
				"north": {"uv": [5.5, 10, 5.75, 10.25], "texture": "#0"},
				"east": {"uv": [5.75, 10, 6, 10.25], "texture": "#0"},
				"south": {"uv": [6, 10, 6.25, 10.25], "texture": "#0"},
				"west": {"uv": [10, 6, 10.25, 6.25], "texture": "#0"},
				"up": {"uv": [10.25, 6.5, 10, 6.25], "texture": "#0"},
				"down": {"uv": [6.75, 10, 6.5, 10.25], "texture": "#0"}
			}
		},
		{
			"from": [6, 14.61534, 4.41513],
			"to": [10, 14.61534, 6.41513],
			"rotation": {"angle": 22.5, "axis": "x", "origin": [8.5, 14.61534, 4.41513]},
			"faces": {
				"north": {"uv": [0, 0, 1, 0], "texture": "#0"},
				"east": {"uv": [0, 0, 0.5, 0], "texture": "#0"},
				"south": {"uv": [0, 0, 1, 0], "texture": "#0"},
				"west": {"uv": [0, 0, 0.5, 0], "texture": "#0"},
				"up": {"uv": [11.75, 0.5, 10.75, 0], "texture": "#0"},
				"down": {"uv": [11.75, 1, 10.75, 1.5], "texture": "#0"}
			}
		},
		{
			"from": [9.5, 13.50627, 6.99581],
			"to": [10.5, 13.50627, 9.99581],
			"rotation": {"angle": 22.5, "axis": "x", "origin": [11, 13.00627, 6.99581]},
			"faces": {
				"north": {"uv": [0, 0, 0.25, 0], "texture": "#0"},
				"east": {"uv": [0, 0, 0.75, 0], "texture": "#0"},
				"south": {"uv": [0, 0, 0.25, 0], "texture": "#0"},
				"west": {"uv": [0, 0, 0.75, 0], "texture": "#0"},
				"up": {"uv": [9.75, 9.25, 9.5, 8.5], "texture": "#0"},
				"down": {"uv": [9.75, 9.25, 9.5, 10], "texture": "#0"}
			}
		},
		{
			"from": [5, 7.73777, 10.49566],
			"to": [7, 9.73777, 10.49566],
			"rotation": {"angle": 22.5, "axis": "x", "origin": [8, 11.23777, 7.34566]},
			"faces": {
				"north": {"uv": [4.75, 5.5, 5.25, 6], "texture": "#0"},
				"east": {"uv": [0, 0, 0, 0.5], "texture": "#0"},
				"south": {"uv": [4.25, 9, 4.75, 9.5], "texture": "#0"},
				"west": {"uv": [0, 0, 0, 0.5], "texture": "#0"},
				"up": {"uv": [0.5, 0, 0, 0], "texture": "#0"},
				"down": {"uv": [0.5, 0, 0, 0], "texture": "#0"}
			}
		},
		{
			"from": [9, 7.73777, 10.49566],
			"to": [11, 9.73777, 10.49566],
			"rotation": {"angle": 22.5, "axis": "x", "origin": [12, 11.23777, 7.34566]},
			"faces": {
				"north": {"uv": [9, 5, 9.5, 5.5], "texture": "#0"},
				"east": {"uv": [0, 0, 0, 0.5], "texture": "#0"},
				"south": {"uv": [9, 5.5, 9.5, 6], "texture": "#0"},
				"west": {"uv": [0, 0, 0, 0.5], "texture": "#0"},
				"up": {"uv": [0.5, 0, 0, 0], "texture": "#0"},
				"down": {"uv": [0.5, 0, 0, 0], "texture": "#0"}
			}
		},
		{
			"from": [2.75, 2.75, 9],
			"to": [13.25, 5.25, 12.25],
			"rotation": {"angle": 0, "axis": "y", "origin": [3, 0, 9]},
			"faces": {
				"north": {"uv": [3.75, 7.5, 6.25, 8], "texture": "#0"},
				"east": {"uv": [8.75, 6, 9.5, 6.5], "texture": "#0"},
				"south": {"uv": [7.75, 2.5, 10.25, 3], "texture": "#0"},
				"west": {"uv": [6.5, 8.75, 7.25, 9.25], "texture": "#0"},
				"up": {"uv": [7.75, 4.5, 5.25, 3.75], "texture": "#0"},
				"down": {"uv": [7.75, 4.5, 5.25, 5.25], "texture": "#0"}
			}
		},
		{
			"from": [3, 0, 9],
			"to": [13, 5, 12],
			"rotation": {"angle": 0, "axis": "y", "origin": [3, 0, 9]},
			"faces": {
				"north": {"uv": [5, 1.25, 7.5, 2.5], "texture": "#0"},
				"east": {"uv": [4.75, 8, 5.5, 9.25], "texture": "#0"},
				"south": {"uv": [5.25, 2.5, 7.75, 3.75], "texture": "#0"},
				"west": {"uv": [5.5, 8, 6.25, 9.25], "texture": "#0"},
				"up": {"uv": [7.75, 6, 5.25, 5.25], "texture": "#0"},
				"down": {"uv": [3.75, 5.75, 1.25, 6.5], "texture": "#0"}
			}
		},
		{
			"from": [0, 0, 4.5],
			"to": [3, 3, 8.5],
			"rotation": {"angle": 0, "axis": "y", "origin": [-7, 0, 5.5]},
			"faces": {
				"north": {"uv": [8.5, 1, 9.25, 1.75], "texture": "#0"},
				"east": {"uv": [7.75, 6, 8.75, 6.75], "texture": "#0"},
				"south": {"uv": [1.75, 8.5, 2.5, 9.25], "texture": "#0"},
				"west": {"uv": [6.25, 8, 7.25, 8.75], "texture": "#0"},
				"up": {"uv": [8, 9, 7.25, 8], "texture": "#0"},
				"down": {"uv": [8.75, 8, 8, 9], "texture": "#0"}
			}
		},
		{
			"from": [13, 0, 4.5],
			"to": [16, 3, 8.5],
			"rotation": {"angle": 0, "axis": "y", "origin": [23, 0, 5.5]},
			"faces": {
				"north": {"uv": [8.5, 1.75, 9.25, 2.5], "texture": "#0"},
				"east": {"uv": [8.25, 6.75, 9.25, 7.5], "texture": "#0"},
				"south": {"uv": [2.5, 8.75, 3.25, 9.5], "texture": "#0"},
				"west": {"uv": [0, 8.5, 1, 9.25], "texture": "#0"},
				"up": {"uv": [9.25, 1, 8.5, 0], "texture": "#0"},
				"down": {"uv": [1.75, 8.5, 1, 9.5], "texture": "#0"}
			}
		},
		{
			"from": [3, 0, 4],
			"to": [13, 11, 9],
			"rotation": {"angle": 0, "axis": "y", "origin": [3, 0, 5]},
			"faces": {
				"north": {"uv": [0, 0, 2.5, 2.75], "texture": "#0"},
				"east": {"uv": [4, 2.75, 5.25, 5.5], "texture": "#0"},
				"south": {"uv": [2.5, 0, 5, 2.75], "texture": "#0"},
				"west": {"uv": [0, 4.5, 1.25, 7.25], "texture": "#0"},
				"up": {"uv": [3.75, 5.75, 1.25, 4.5], "texture": "#0"},
				"down": {"uv": [7.5, 0, 5, 1.25], "texture": "#0"}
			}
		},
		{
			"from": [4, 9.73777, 4.34566],
			"to": [12, 12.73777, 11.34566],
			"rotation": {"angle": 22.5, "axis": "x", "origin": [8, 11.23777, 7.34566]},
			"faces": {
				"north": {"uv": [3.75, 6, 5.75, 6.75], "texture": "#0"},
				"east": {"uv": [2.75, 6.75, 4.5, 7.5], "texture": "#0"},
				"south": {"uv": [5.75, 6, 7.75, 6.75], "texture": "#0"},
				"west": {"uv": [4.5, 6.75, 6.25, 7.5], "texture": "#0"},
				"up": {"uv": [2, 4.5, 0, 2.75], "texture": "#0"},
				"down": {"uv": [4, 2.75, 2, 4.5], "texture": "#0"}
			}
		}
	],
	"gui_light": "front",
	"display": {
		"thirdperson_righthand": {
			"rotation": [67, 0, 0],
			"translation": [-6, -9.5, 10.5]
		},
		"thirdperson_lefthand": {
			"rotation": [67, 0, 0],
			"translation": [-6, -9.5, 10.5]
		},
		"firstperson_righthand": {
			"rotation": [31, 180, 0],
			"translation": [1.75, 1, -0.75],
			"scale": [0.8, 0.8, 0.8]
		},
		"firstperson_lefthand": {
			"rotation": [31, 180, 0],
			"translation": [80, 1, -0.75],
			"scale": [0.8, 0.8, 0.8]
		},
		"ground": {
			"translation": [0, 2, 0],
			"scale": [0.5, 0.5, 0.5]
		},
		"gui": {
			"rotation": [17, -12, 0],
			"translation": [-1, 0.25, 0],
			"scale": [0.75, 0.75, 0.75]
		},
		"head": {
			"translation": [0, -15.5, 10.25],
			"scale": [1.6, 1.6, 1.6]
		},
		"fixed": {
			"rotation": [0, 180, 0],
			"translation": [0, 2.25, -8],
			"scale": [2, 2, 2]
		}
	},
	"groups": [
		{
			"name": "fisherman_backpack",
			"origin": [8.5, 14.61534, 0.41513],
			"color": 0,
			"children": [
				{
					"name": "fishing_rod",
					"origin": [-8, 11, 6],
					"color": 0,
					"children": [0, 1, 2, 3, 4]
				},
				{
					"name": "fishing_net",
					"origin": [26, 5, 5],
					"color": 0,
					"children": [5, 6, 7, 8, 9, 10, 11, 12, 13, 14, 15]
				},
				{
					"name": "hooks",
					"origin": [3, 3, 10.5],
					"color": 0,
					"children": [16, 17, 18, 19, 20, 21, 22, 23, 24, 25, 26, 27, 28, 29]
				},
				{
					"name": "fish",
					"origin": [11, 13.00627, 6.99581],
					"color": 0,
					"children": [30, 31, 32, 33, 34, 35, 36]
				},
				{
					"name": "strap",
					"origin": [12, 11.23777, 7.34566],
					"color": 0,
					"children": [37, 38]
				},
				{
					"name": "backpack",
					"origin": [8, 11.23777, 7.34566],
					"color": 0,
					"children": [39, 40, 41, 42, 43, 44]
				}
			]
		}
	]
}