{
	"credit": "Made with Blockbench",
	"texture_size": [64, 64],
	"textures": {
		"1": "earthserver:elemental_book/darkness_book"
	},
	"elements": [
		{
			"from": [5, 2, 8],
			"to": [13, 14, 9],
			"rotation": {"angle": 0, "axis": "y", "origin": [6, 8, 9]},
			"faces": {
				"north": {"uv": [2, 3, 0, 0], "rotation": 180, "texture": "#1"},
				"east": {"uv": [6, 3.75, 9, 4], "rotation": 90, "texture": "#1"},
				"south": {"uv": [4, 0, 2, 3], "texture": "#1"},
				"west": {"uv": [6, 4, 9, 4.25], "rotation": 270, "texture": "#1"},
				"up": {"uv": [6.25, 5, 8.25, 5.25], "texture": "#1"},
				"down": {"uv": [6.25, 4.75, 8.25, 5], "rotation": 180, "texture": "#1"}
			}
		},
		{
			"from": [5, 2, 7],
			"to": [13, 14, 8],
			"rotation": {"angle": 0, "axis": "y", "origin": [6, 8, 7]},
			"faces": {
				"north": {"uv": [6, 3, 4, 6], "texture": "#1"},
				"east": {"uv": [6, 4.5, 9, 4.75], "rotation": 270, "texture": "#1"},
				"south": {"uv": [0, 3, 2, 0], "rotation": 180, "texture": "#1"},
				"west": {"uv": [6, 4.25, 9, 4.5], "rotation": 90, "texture": "#1"},
				"up": {"uv": [6.25, 5.5, 8.25, 5.75], "rotation": 180, "texture": "#1"},
				"down": {"uv": [6.25, 5.25, 8.25, 5.5], "texture": "#1"}
			}
		},
		{
			"from": [4, 2, 7],
			"to": [5, 14, 9.25],
			"rotation": {"angle": 0, "axis": "y", "origin": [4, 8, 7]},
			"faces": {
				"north": {"uv": [5.25, 6, 5, 9], "texture": "#1"},
				"east": {"uv": [6, 3, 9, 3.625], "rotation": 270, "texture": "#1"},
				"south": {"uv": [6.25, 7.75, 6, 4.75], "rotation": 180, "texture": "#1"},
				"west": {"uv": [2, 6, 5, 6.625], "rotation": 90, "texture": "#1"},
				"up": {"uv": [5.5, 6, 5.75, 6.625], "rotation": 180, "texture": "#1"},
				"down": {"uv": [5.25, 6, 5.5, 6.625], "texture": "#1"}
			}
		}
	],
	"gui_light": "front",
	"display": {
		"thirdperson_righthand": {
			"rotation": [-111.08, 89.07, 86.5],
			"translation": [-0.5, -4.5, -2.75]
		},
		"thirdperson_lefthand": {
			"rotation": [103.08, 88.06, 55.5],
			"translation": [-0.75, -4.25, -3.25]
		},
		"firstperson_righthand": {
			"rotation": [-19.25, 0, 0],
			"translation": [3.5, 0, 0]
		},
		"firstperson_lefthand": {
			"rotation": [-19.25, 0, 0],
			"translation": [2.5, 0, 0]
		},
		"ground": {
			"rotation": [-90, 0, 38],
			"translation": [-0.5, -2.25, 0.25],
			"scale": [1.5, 1.5, 1.5]
		},
		"gui": {
			"rotation": [-39, -9, -43],
			"translation": [-0.25, 0, 0],
			"scale": [1.13641, 1.09938, 1.95922]
		},
		"head": {
			"translation": [0, 14.25, 0]
		},
		"fixed": {
			"rotation": [0, 180, -46],
			"translation": [-0.5, -0.5, -1.5],
			"scale": [1.36, 1.36, 1.78]
		}
	},
	"groups": [
		{
			"name": "book",
			"origin": [12, 0, 8],
			"color": 0,
			"children": [
				{
					"name": "part",
					"origin": [12, 1.625, 8],
					"color": 0,
					"children": [0]
				},
				{
					"name": "part2",
					"origin": [12, 0, 8],
					"color": 0,
					"children": [1]
				},
				2
			]
		}
	]
}