{
	"credit": "Made with Blockbench",
	"texture_size": [64, 64],
	"textures": {
		"1": "earthserver:elemental_book/earth_book"
	},
	"elements": [
		{
			"from": [4, 2.25, 8],
			"to": [12, 14.25, 9],
			"rotation": {"angle": 0, "axis": "y", "origin": [5, 8.25, 9]},
			"faces": {
				"north": {"uv": [2, 3, 0, 0], "rotation": 180, "texture": "#1"},
				"east": {"uv": [0, 6, 3, 6.25], "rotation": 90, "texture": "#1"},
				"south": {"uv": [4, 0, 2, 3], "texture": "#1"},
				"west": {"uv": [6, 0, 9, 0.25], "rotation": 270, "texture": "#1"},
				"up": {"uv": [6, 1, 8, 1.25], "texture": "#1"},
				"down": {"uv": [6, 0.75, 8, 1], "rotation": 180, "texture": "#1"}
			}
		},
		{
			"from": [11, 7, 9],
			"to": [11, 13, 14],
			"rotation": {"angle": 0, "axis": "y", "origin": [11, 10, 9]},
			"faces": {
				"north": {"uv": [0, 0, 0, 1.5], "texture": "#1"},
				"east": {"uv": [5.5, 4.5, 7, 5.75], "rotation": 270, "texture": "#1"},
				"south": {"uv": [0, 1.5, 0, 0], "rotation": 180, "texture": "#1"},
				"west": {"uv": [4, 4.5, 5.5, 5.75], "rotation": 90, "texture": "#1"},
				"up": {"uv": [0, 0, 0, 1.25], "rotation": 180, "texture": "#1"},
				"down": {"uv": [0, 0, 0, 1.25], "texture": "#1"}
			}
		},
		{
			"from": [9, 5, 9],
			"to": [9, 11, 14],
			"rotation": {"angle": 0, "axis": "y", "origin": [9, 8, 9]},
			"faces": {
				"north": {"uv": [0, 0, 0, 1.5], "texture": "#1"},
				"east": {"uv": [5.5, 4.5, 7, 5.75], "rotation": 270, "texture": "#1"},
				"south": {"uv": [0, 1.5, 0, 0], "rotation": 180, "texture": "#1"},
				"west": {"uv": [4, 4.5, 5.5, 5.75], "rotation": 90, "texture": "#1"},
				"up": {"uv": [0, 0, 0, 1.25], "rotation": 180, "texture": "#1"},
				"down": {"uv": [0, 0, 0, 1.25], "texture": "#1"}
			}
		},
		{
			"from": [5, 3, 9],
			"to": [5, 9, 14],
			"rotation": {"angle": 0, "axis": "y", "origin": [5, 6, 9]},
			"faces": {
				"north": {"uv": [0, 0, 0, 1.5], "texture": "#1"},
				"east": {"uv": [5.5, 4.5, 7, 5.75], "rotation": 270, "texture": "#1"},
				"south": {"uv": [0, 1.5, 0, 0], "rotation": 180, "texture": "#1"},
				"west": {"uv": [4, 4.5, 5.5, 5.75], "rotation": 90, "texture": "#1"},
				"up": {"uv": [0, 0, 0, 1.25], "rotation": 180, "texture": "#1"},
				"down": {"uv": [0, 0, 0, 1.25], "texture": "#1"}
			}
		},
		{
			"from": [4, 2, 7],
			"to": [12, 14, 8],
			"rotation": {"angle": 0, "axis": "y", "origin": [5, 8, 7]},
			"faces": {
				"north": {"uv": [2, 3, 0, 6], "texture": "#1"},
				"east": {"uv": [6, 0.5, 9, 0.75], "rotation": 270, "texture": "#1"},
				"south": {"uv": [2, 3, 0, 0], "rotation": 180, "texture": "#1"},
				"west": {"uv": [6, 0.25, 9, 0.5], "rotation": 90, "texture": "#1"},
				"up": {"uv": [6, 1.5, 8, 1.75], "rotation": 180, "texture": "#1"},
				"down": {"uv": [6, 1.25, 8, 1.5], "texture": "#1"}
			}
		},
		{
			"from": [3, 2, 7],
			"to": [4, 14, 9.25],
			"rotation": {"angle": 0, "axis": "y", "origin": [3, 8, 7]},
			"faces": {
				"north": {"uv": [3.5, 6, 3.25, 9], "texture": "#1"},
				"east": {"uv": [4, 3.75, 7, 4.375], "rotation": 270, "texture": "#1"},
				"south": {"uv": [3.25, 9, 3, 6], "rotation": 180, "texture": "#1"},
				"west": {"uv": [4, 3, 7, 3.625], "rotation": 90, "texture": "#1"},
				"up": {"uv": [3.5, 6, 3.75, 6.625], "rotation": 180, "texture": "#1"},
				"down": {"uv": [6, 1.75, 6.25, 2.375], "texture": "#1"}
			}
		}
	],
	"gui_light": "front",
	"display": {
		"thirdperson_righthand": {
			"rotation": [-111.08, 89.07, 86.5],
			"translation": [-0.5, -4.5, -2.75]
		},
		"thirdperson_lefthand": {
			"rotation": [103.08, 88.06, 55.5],
			"translation": [-0.75, -4.25, -3.25]
		},
		"firstperson_righthand": {
			"rotation": [-19.25, 0, 0],
			"translation": [3.5, 0, 0]
		},
		"firstperson_lefthand": {
			"rotation": [-19.25, 0, 0],
			"translation": [2.5, 0, 0]
		},
		"ground": {
			"rotation": [-90, 0, 38],
			"translation": [-0.5, -2.25, 0.25],
			"scale": [1.5, 1.5, 1.5]
		},
		"gui": {
			"rotation": [-39, -9, -43],
			"translation": [0.25, -0.5, 0],
			"scale": [1.13641, 1.09938, 1.95922]
		},
		"head": {
			"translation": [0, 14.25, 0]
		},
		"fixed": {
			"rotation": [0, 180, -46],
			"translation": [-0.5, -0.5, -1.5],
			"scale": [1.36, 1.36, 1.78]
		}
	},
	"groups": [
		{
			"name": "book",
			"origin": [12, 0, 8],
			"color": 0,
			"children": [
				{
					"name": "part",
					"origin": [12, 1.625, 8],
					"color": 0,
					"children": [0, 1, 2, 3]
				},
				{
					"name": "part2",
					"origin": [12, 0, 8],
					"color": 0,
					"children": [4]
				},
				5,
				{
					"name": "bone",
					"origin": [4, 0.5, 8],
					"color": 0,
					"children": []
				}
			]
		}
	]
}