{"credit":"MadewithBlockbench","texture_size":[128,128],"textures":{"0":"elitecreatures:ghostly_animated_weapon_set/casperghost_texture_01","1":"elitecreatures:ghostly_animated_weapon_set/casperghost_animation_01","2":"elitecreatures:ghostly_animated_weapon_set/casperghost_animation_02","3":"elitecreatures:ghostly_animated_weapon_set/casperghost_animation_03","particle":"elitecreatures:ghostly_animated_weapon_set/casperghost_texture_01"},"elements":[{"from":[6.75,-15.4,6.75],"to":[9.25,-12.9,9.25],"rotation":{"angle":0,"axis":"y","origin":[7,5.5,8]},"faces":{"north":{"uv":[0.25,0.6875,0.5625,1],"texture":"#0"},"east":{"uv":[0.25,0.6875,0.5625,1],"texture":"#0"},"south":{"uv":[0.25,0.6875,0.5625,1],"texture":"#0"},"west":{"uv":[0.25,0.6875,0.5625,1],"texture":"#0"},"up":{"uv":[0.25,1,0.5625,1.3125],"texture":"#0"},"down":{"uv":[0.25,1,0.5625,1.3125],"texture":"#0"}}},{"from":[6.5,-13.5,6.5],"to":[9.5,-11,9.5],"rotation":{"angle":0,"axis":"y","origin":[7,5.5,8]},"faces":{"north":{"uv":[0.25,0,0.625,0.3125],"texture":"#0"},"east":{"uv":[0.25,0,0.625,0.3125],"texture":"#0"},"south":{"uv":[0.25,0,0.625,0.3125],"texture":"#0"},"west":{"uv":[0.25,0,0.625,0.3125],"texture":"#0"},"up":{"uv":[0.25,0.3125,0.625,0.6875],"texture":"#0"},"down":{"uv":[0.25,0.3125,0.625,0.6875],"texture":"#0"}}},{"from":[6,0,2.5],"to":[10,3.5,13.5],"rotation":{"angle":0,"axis":"y","origin":[7,5.5,8]},"faces":{"north":{"uv":[0.9375,0.875,1.4375,1.3125],"texture":"#0"},"east":{"uv":[1.375,1.5,0,1.9375],"texture":"#0"},"south":{"uv":[0.9375,0.875,1.4375,1.3125],"texture":"#0"},"west":{"uv":[0,1.5,1.375,1.9375],"texture":"#0"},"up":{"uv":[1.625,0,2.125,1.375],"texture":"#0"},"down":{"uv":[1.625,0,2.125,1.375],"texture":"#0"}}},{"from":[5.5,-3.5,5.5],"to":[10.5,-1.5,10.5],"rotation":{"angle":0,"axis":"y","origin":[7,5.5,8]},"faces":{"north":{"uv":[0.625,0,1.25,0.25],"texture":"#0"},"east":{"uv":[0.625,0,1.25,0.25],"texture":"#0"},"south":{"uv":[0.625,0,1.25,0.25],"texture":"#0"},"west":{"uv":[0.625,0,1.25,0.25],"texture":"#0"},"up":{"uv":[0.625,0.25,1.25,0.875],"texture":"#0"},"down":{"uv":[0.625,0.25,1.25,0.875],"texture":"#0"}}},{"from":[6.5,-1,4.5],"to":[9.5,0,11.5],"rotation":{"angle":0,"axis":"y","origin":[7,7.5,8]},"faces":{"north":{"uv":[0.5625,0.875,0.9375,1],"texture":"#0"},"east":{"uv":[0.25,1.3125,1.125,1.4375],"texture":"#0"},"south":{"uv":[0.5625,0.875,0.9375,1],"texture":"#0"},"west":{"uv":[0.25,1.3125,1.125,1.4375],"texture":"#0"},"up":{"uv":[1.25,0,1.625,0.875],"texture":"#0"},"down":{"uv":[1.25,0,1.625,0.875],"texture":"#0"}}},{"from":[6.75,3.5,3.5],"to":[9.25,4.5,12.5],"rotation":{"angle":0,"axis":"y","origin":[7,5.5,8]},"faces":{"north":{"uv":[1.125,1.3125,1.4375,1.4375],"texture":"#0"},"east":{"uv":[0,1.9375,1.125,2.0625],"texture":"#0"},"south":{"uv":[1.125,1.3125,1.4375,1.4375],"texture":"#0"},"west":{"uv":[0,1.9375,1.125,2.0625],"texture":"#0"},"up":{"uv":[4.0625,0,4.375,1.125],"texture":"#0"},"down":{"uv":[4.0625,0,4.375,1.125],"texture":"#0"}}},{"from":[7,-11,7],"to":[9,-1,9],"faces":{"north":{"uv":[0.25,0,0,1.25],"texture":"#0"},"east":{"uv":[0,0,0.25,1.25],"texture":"#0"},"south":{"uv":[0.25,0,0,1.25],"texture":"#0"},"west":{"uv":[0,0,0.25,1.25],"texture":"#0"},"up":{"uv":[0,1.25,0.25,1.5],"texture":"#0"},"down":{"uv":[0,1.25,0.25,1.5],"texture":"#0"}}},{"from":[5,0.5,6.5],"to":[6,3.5,9.5],"rotation":{"angle":0,"axis":"y","origin":[0,-0.5,0]},"faces":{"north":{"uv":[3.3125,1.5,3.4375,1.875],"texture":"#0"},"east":{"uv":[2.9375,1.5,3.3125,1.875],"texture":"#0"},"south":{"uv":[3.4375,1.5,3.3125,1.875],"texture":"#0"},"west":{"uv":[2.9375,1.5,3.3125,1.875],"texture":"#0"},"up":{"uv":[3.4375,1.375,3.5625,1.75],"texture":"#0"},"down":{"uv":[3.4375,1.375,3.5625,1.75],"texture":"#0"}}},{"from":[5.1,2.5,7],"to":[5.9,4.5,9],"rotation":{"angle":45,"axis":"x","origin":[5.5,3.5,8]},"faces":{"north":{"uv":[0.5625,1.0625,0.6875,1.3125],"texture":"#0"},"east":{"uv":[0.6875,1.0625,0.9375,1.3125],"texture":"#0"},"south":{"uv":[0.5625,1.0625,0.6875,1.3125],"texture":"#0"},"west":{"uv":[0.6875,1.0625,0.9375,1.3125],"texture":"#0"},"up":{"uv":[0.5625,1.0625,0.6875,1.3125],"texture":"#0"},"down":{"uv":[0.5625,1.0625,0.6875,1.3125],"texture":"#0"}}},{"from":[4.5,-0.5,6.25],"to":[6.5,0.5,9.75],"rotation":{"angle":0,"axis":"y","origin":[0,-0.5,0]},"faces":{"north":{"uv":[3.125,1.375,3.375,1.5],"texture":"#0"},"east":{"uv":[2.6875,1.375,3.125,1.5],"texture":"#0"},"south":{"uv":[3.125,1.375,3.375,1.5],"texture":"#0"},"west":{"uv":[2.6875,1.375,3.125,1.5],"texture":"#0"},"up":{"uv":[2.6875,1.5,2.9375,1.9375],"texture":"#0"},"down":{"uv":[2.6875,1.5,2.9375,1.9375],"texture":"#0"}}},{"from":[10.1,2.5,7],"to":[10.9,4.5,9],"rotation":{"angle":45,"axis":"x","origin":[10.5,3.5,8]},"faces":{"north":{"uv":[0.6875,1.0625,0.5625,1.3125],"texture":"#0"},"east":{"uv":[0.9375,1.0625,0.6875,1.3125],"texture":"#0"},"south":{"uv":[0.6875,1.0625,0.5625,1.3125],"texture":"#0"},"west":{"uv":[0.9375,1.0625,0.6875,1.3125],"texture":"#0"},"up":{"uv":[0.6875,1.0625,0.5625,1.3125],"texture":"#0"},"down":{"uv":[0.6875,1.0625,0.5625,1.3125],"texture":"#0"}}},{"from":[10,0.5,6.5],"to":[11,3.5,9.5],"rotation":{"angle":0,"axis":"y","origin":[16,-0.5,0]},"faces":{"north":{"uv":[3.4375,1.5,3.3125,1.875],"texture":"#0"},"east":{"uv":[3.3125,1.5,2.9375,1.875],"texture":"#0"},"south":{"uv":[3.3125,1.5,3.4375,1.875],"texture":"#0"},"west":{"uv":[3.3125,1.5,2.9375,1.875],"texture":"#0"},"up":{"uv":[3.5625,1.375,3.4375,1.75],"texture":"#0"},"down":{"uv":[3.5625,1.375,3.4375,1.75],"texture":"#0"}}},{"from":[9.5,-0.5,6.25],"to":[11.5,0.5,9.75],"rotation":{"angle":0,"axis":"y","origin":[16,-0.5,0]},"faces":{"north":{"uv":[3.375,1.375,3.125,1.5],"texture":"#0"},"east":{"uv":[3.125,1.375,2.6875,1.5],"texture":"#0"},"south":{"uv":[3.375,1.375,3.125,1.5],"texture":"#0"},"west":{"uv":[3.125,1.375,2.6875,1.5],"texture":"#0"},"up":{"uv":[2.9375,1.5,2.6875,1.9375],"texture":"#0"},"down":{"uv":[2.9375,1.5,2.6875,1.9375],"texture":"#0"}}},{"from":[4,5.5,4],"to":[12,17.5,12],"rotation":{"angle":-45,"axis":"y","origin":[8,15.75,8]},"faces":{"north":{"uv":[0,8.3125,1,9.8125],"texture":"#0"},"east":{"uv":[0,8.3125,1,9.8125],"texture":"#0"},"south":{"uv":[0,8.3125,1,9.8125],"texture":"#0"},"west":{"uv":[0,8.3125,1,9.8125],"texture":"#0"},"up":{"uv":[1,8.3125,2,9.3125],"texture":"#0"},"down":{"uv":[1,8.3125,2,9.3125],"texture":"#0"}}},{"from":[4,17.5,4],"to":[12,29.5,12],"rotation":{"angle":-45,"axis":"y","origin":[8,15.75,8]},"faces":{"north":{"uv":[0,8.3125,1,9.8125],"texture":"#0"},"east":{"uv":[0,8.3125,1,9.8125],"texture":"#0"},"south":{"uv":[0,8.3125,1,9.8125],"texture":"#0"},"west":{"uv":[0,8.3125,1,9.8125],"texture":"#0"},"up":{"uv":[1,8.3125,2,9.3125],"texture":"#0"},"down":{"uv":[1,8.3125,2,9.3125],"texture":"#0"}}},{"from":[6.75,28.9,6.75],"to":[9.25,31.4,9.25],"rotation":{"angle":0,"axis":"y","origin":[7,10.5,8]},"faces":{"north":{"uv":[0.25,1,0.5625,0.6875],"texture":"#0"},"east":{"uv":[0.25,1,0.5625,0.6875],"texture":"#0"},"south":{"uv":[0.25,1,0.5625,0.6875],"texture":"#0"},"west":{"uv":[0.25,1,0.5625,0.6875],"texture":"#0"},"up":{"uv":[0.25,1.3125,0.5625,1],"texture":"#0"},"down":{"uv":[0.25,1.3125,0.5625,1],"texture":"#0"}}},{"from":[-8.4,25,24],"to":[-4.9,28.5,26],"rotation":{"angle":-45,"axis":"y","origin":[16,0,32]},"faces":{"north":{"uv":[2.4375,8.1875,2,8.625],"texture":"#0"},"east":{"uv":[2.4375,8.1875,2.6875,8.625],"texture":"#0"},"south":{"uv":[2.4375,8.1875,2,8.625],"texture":"#0"},"west":{"uv":[2.6875,8.1875,2.4375,8.625],"texture":"#0"},"up":{"uv":[2.9375,8.1875,2.6875,8.625],"rotation":90,"texture":"#0"},"down":{"uv":[2.6875,8.1875,2.9375,8.625],"rotation":90,"texture":"#0"}}},{"from":[-8.4,19,24],"to":[-4.9,22.5,26],"rotation":{"angle":-45,"axis":"y","origin":[16,0,32]},"faces":{"north":{"uv":[2.4375,8.1875,2,8.625],"texture":"#0"},"east":{"uv":[2.4375,8.1875,2.6875,8.625],"texture":"#0"},"south":{"uv":[2.4375,8.1875,2,8.625],"texture":"#0"},"west":{"uv":[2.6875,8.1875,2.4375,8.625],"texture":"#0"},"up":{"uv":[2.9375,8.1875,2.6875,8.625],"rotation":90,"texture":"#0"},"down":{"uv":[2.6875,8.1875,2.9375,8.625],"rotation":90,"texture":"#0"}}},{"from":[-8.4,7,24],"to":[-4.9,10.5,26],"rotation":{"angle":-45,"axis":"y","origin":[16,0,32]},"faces":{"north":{"uv":[2.4375,8.1875,2,8.625],"texture":"#0"},"east":{"uv":[2.4375,8.1875,2.6875,8.625],"texture":"#0"},"south":{"uv":[2.4375,8.1875,2,8.625],"texture":"#0"},"west":{"uv":[2.6875,8.1875,2.4375,8.625],"texture":"#0"},"up":{"uv":[2.9375,8.1875,2.6875,8.625],"rotation":90,"texture":"#0"},"down":{"uv":[2.6875,8.1875,2.9375,8.625],"rotation":90,"texture":"#0"}}},{"from":[-8.4,13,24],"to":[-4.9,16.5,26],"rotation":{"angle":-45,"axis":"y","origin":[16,0,32]},"faces":{"north":{"uv":[2.4375,8.1875,2,8.625],"texture":"#0"},"east":{"uv":[2.4375,8.1875,2.6875,8.625],"texture":"#0"},"south":{"uv":[2.4375,8.1875,2,8.625],"texture":"#0"},"west":{"uv":[2.6875,8.1875,2.4375,8.625],"texture":"#0"},"up":{"uv":[2.9375,8.1875,2.6875,8.625],"rotation":90,"texture":"#0"},"down":{"uv":[2.6875,8.1875,2.9375,8.625],"rotation":90,"texture":"#0"}}},{"from":[-8.4,7,-10],"to":[-4.9,10.5,-8],"rotation":{"angle":45,"axis":"y","origin":[16,0,-16]},"faces":{"north":{"uv":[2,8.1875,2.4375,8.625],"texture":"#0"},"east":{"uv":[2.6875,8.1875,2.4375,8.625],"texture":"#0"},"south":{"uv":[2,8.1875,2.4375,8.625],"texture":"#0"},"west":{"uv":[2.4375,8.1875,2.6875,8.625],"texture":"#0"},"up":{"uv":[2.6875,8.1875,2.9375,8.625],"rotation":90,"texture":"#0"},"down":{"uv":[2.9375,8.1875,2.6875,8.625],"rotation":90,"texture":"#0"}}},{"from":[-8.4,13,-10],"to":[-4.9,16.5,-8],"rotation":{"angle":45,"axis":"y","origin":[16,0,-16]},"faces":{"north":{"uv":[2,8.1875,2.4375,8.625],"texture":"#0"},"east":{"uv":[2.6875,8.1875,2.4375,8.625],"texture":"#0"},"south":{"uv":[2,8.1875,2.4375,8.625],"texture":"#0"},"west":{"uv":[2.4375,8.1875,2.6875,8.625],"texture":"#0"},"up":{"uv":[2.6875,8.1875,2.9375,8.625],"rotation":90,"texture":"#0"},"down":{"uv":[2.9375,8.1875,2.6875,8.625],"rotation":90,"texture":"#0"}}},{"from":[-8.4,25,-10],"to":[-4.9,28.5,-8],"rotation":{"angle":45,"axis":"y","origin":[16,0,-16]},"faces":{"north":{"uv":[2,8.1875,2.4375,8.625],"texture":"#0"},"east":{"uv":[2.6875,8.1875,2.4375,8.625],"texture":"#0"},"south":{"uv":[2,8.1875,2.4375,8.625],"texture":"#0"},"west":{"uv":[2.4375,8.1875,2.6875,8.625],"texture":"#0"},"up":{"uv":[2.6875,8.1875,2.9375,8.625],"rotation":90,"texture":"#0"},"down":{"uv":[2.9375,8.1875,2.6875,8.625],"rotation":90,"texture":"#0"}}},{"from":[-8.4,19,-10],"to":[-4.9,22.5,-8],"rotation":{"angle":45,"axis":"y","origin":[16,0,-16]},"faces":{"north":{"uv":[2,8.1875,2.4375,8.625],"texture":"#0"},"east":{"uv":[2.6875,8.1875,2.4375,8.625],"texture":"#0"},"south":{"uv":[2,8.1875,2.4375,8.625],"texture":"#0"},"west":{"uv":[2.4375,8.1875,2.6875,8.625],"texture":"#0"},"up":{"uv":[2.6875,8.1875,2.9375,8.625],"rotation":90,"texture":"#0"},"down":{"uv":[2.9375,8.1875,2.6875,8.625],"rotation":90,"texture":"#0"}}},{"from":[20.9,7,-10],"to":[24.4,10.5,-8],"rotation":{"angle":-45,"axis":"y","origin":[0,0,-16]},"faces":{"north":{"uv":[2.4375,8.1875,2,8.625],"texture":"#0"},"east":{"uv":[2.6875,8.1875,2.4375,8.625],"texture":"#0"},"south":{"uv":[2.4375,8.1875,2,8.625],"texture":"#0"},"west":{"uv":[2.4375,8.1875,2.6875,8.625],"texture":"#0"},"up":{"uv":[2.6875,8.625,2.9375,8.1875],"rotation":90,"texture":"#0"},"down":{"uv":[2.9375,8.625,2.6875,8.1875],"rotation":90,"texture":"#0"}}},{"from":[20.9,13,-10],"to":[24.4,16.5,-8],"rotation":{"angle":-45,"axis":"y","origin":[0,0,-16]},"faces":{"north":{"uv":[2.4375,8.1875,2,8.625],"texture":"#0"},"east":{"uv":[2.6875,8.1875,2.4375,8.625],"texture":"#0"},"south":{"uv":[2.4375,8.1875,2,8.625],"texture":"#0"},"west":{"uv":[2.4375,8.1875,2.6875,8.625],"texture":"#0"},"up":{"uv":[2.6875,8.625,2.9375,8.1875],"rotation":90,"texture":"#0"},"down":{"uv":[2.9375,8.625,2.6875,8.1875],"rotation":90,"texture":"#0"}}},{"from":[20.9,25,-10],"to":[24.4,28.5,-8],"rotation":{"angle":-45,"axis":"y","origin":[0,0,-16]},"faces":{"north":{"uv":[2.4375,8.1875,2,8.625],"texture":"#0"},"east":{"uv":[2.6875,8.1875,2.4375,8.625],"texture":"#0"},"south":{"uv":[2.4375,8.1875,2,8.625],"texture":"#0"},"west":{"uv":[2.4375,8.1875,2.6875,8.625],"texture":"#0"},"up":{"uv":[2.6875,8.625,2.9375,8.1875],"rotation":90,"texture":"#0"},"down":{"uv":[2.9375,8.625,2.6875,8.1875],"rotation":90,"texture":"#0"}}},{"from":[20.9,19,-10],"to":[24.4,22.5,-8],"rotation":{"angle":-45,"axis":"y","origin":[0,0,-16]},"faces":{"north":{"uv":[2.4375,8.1875,2,8.625],"texture":"#0"},"east":{"uv":[2.6875,8.1875,2.4375,8.625],"texture":"#0"},"south":{"uv":[2.4375,8.1875,2,8.625],"texture":"#0"},"west":{"uv":[2.4375,8.1875,2.6875,8.625],"texture":"#0"},"up":{"uv":[2.6875,8.625,2.9375,8.1875],"rotation":90,"texture":"#0"},"down":{"uv":[2.9375,8.625,2.6875,8.1875],"rotation":90,"texture":"#0"}}},{"from":[20.9,25,24],"to":[24.4,28.5,26],"rotation":{"angle":45,"axis":"y","origin":[0,0,32]},"faces":{"north":{"uv":[2,8.1875,2.4375,8.625],"texture":"#0"},"east":{"uv":[2.4375,8.1875,2.6875,8.625],"texture":"#0"},"south":{"uv":[2,8.1875,2.4375,8.625],"texture":"#0"},"west":{"uv":[2.6875,8.1875,2.4375,8.625],"texture":"#0"},"up":{"uv":[2.9375,8.625,2.6875,8.1875],"rotation":90,"texture":"#0"},"down":{"uv":[2.6875,8.625,2.9375,8.1875],"rotation":90,"texture":"#0"}}},{"from":[20.9,19,24],"to":[24.4,22.5,26],"rotation":{"angle":45,"axis":"y","origin":[0,0,32]},"faces":{"north":{"uv":[2,8.1875,2.4375,8.625],"texture":"#0"},"east":{"uv":[2.4375,8.1875,2.6875,8.625],"texture":"#0"},"south":{"uv":[2,8.1875,2.4375,8.625],"texture":"#0"},"west":{"uv":[2.6875,8.1875,2.4375,8.625],"texture":"#0"},"up":{"uv":[2.9375,8.625,2.6875,8.1875],"rotation":90,"texture":"#0"},"down":{"uv":[2.6875,8.625,2.9375,8.1875],"rotation":90,"texture":"#0"}}},{"from":[20.9,13,24],"to":[24.4,16.5,26],"rotation":{"angle":45,"axis":"y","origin":[0,0,32]},"faces":{"north":{"uv":[2,8.1875,2.4375,8.625],"texture":"#0"},"east":{"uv":[2.4375,8.1875,2.6875,8.625],"texture":"#0"},"south":{"uv":[2,8.1875,2.4375,8.625],"texture":"#0"},"west":{"uv":[2.6875,8.1875,2.4375,8.625],"texture":"#0"},"up":{"uv":[2.9375,8.625,2.6875,8.1875],"rotation":90,"texture":"#0"},"down":{"uv":[2.6875,8.625,2.9375,8.1875],"rotation":90,"texture":"#0"}}},{"from":[20.9,7,24],"to":[24.4,10.5,26],"rotation":{"angle":45,"axis":"y","origin":[0,0,32]},"faces":{"north":{"uv":[2,8.1875,2.4375,8.625],"texture":"#0"},"east":{"uv":[2.4375,8.1875,2.6875,8.625],"texture":"#0"},"south":{"uv":[2,8.1875,2.4375,8.625],"texture":"#0"},"west":{"uv":[2.6875,8.1875,2.4375,8.625],"texture":"#0"},"up":{"uv":[2.9375,8.625,2.6875,8.1875],"rotation":90,"texture":"#0"},"down":{"uv":[2.6875,8.625,2.9375,8.1875],"rotation":90,"texture":"#0"}}},{"from":[6,4.5,6],"to":[10,6,10],"faces":{"north":{"uv":[3.75,7.625,4.25,7.8125],"texture":"#0"},"east":{"uv":[3.75,7.625,4.25,7.8125],"texture":"#0"},"south":{"uv":[3.75,7.625,4.25,7.8125],"texture":"#0"},"west":{"uv":[3.75,7.625,4.25,7.8125],"texture":"#0"},"up":{"uv":[4.125,7.125,4.625,7.625],"texture":"#0"},"down":{"uv":[4.125,7.125,4.625,7.625],"texture":"#0"}}},{"from":[2,0,2],"to":[2,16,13],"rotation":{"angle":0,"axis":"y","origin":[0,-2,0]},"faces":{"north":{"uv":[0,0,0,16],"texture":"#1"},"east":{"uv":[11,0,0,16],"texture":"#1"},"south":{"uv":[0,0,0,16],"texture":"#1"},"west":{"uv":[0,0,11,16],"texture":"#1"},"up":{"uv":[0,10,0,0],"texture":"#1"},"down":{"uv":[0,0,0,10],"texture":"#1"}}},{"from":[12,3,7],"to":[12,8,12],"rotation":{"angle":22.5,"axis":"x","origin":[0,-8,16]},"faces":{"north":{"uv":[0,0,0,14],"texture":"#2"},"east":{"uv":[0,0,14,14],"texture":"#2"},"south":{"uv":[0,0,0,14],"texture":"#2"},"west":{"uv":[14,0,0,14],"texture":"#2"},"up":{"uv":[0,0,0,14],"texture":"#2"},"down":{"uv":[0,14,0,0],"texture":"#2"}}},{"from":[8,7,2],"to":[8,12,6],"rotation":{"angle":-22.5,"axis":"x","origin":[0,-2,16]},"faces":{"north":{"uv":[0,0,0,10],"texture":"#3"},"east":{"uv":[0,0,8,10],"texture":"#3"},"south":{"uv":[0,0,0,10],"texture":"#3"},"west":{"uv":[8,0,0,10],"texture":"#3"},"up":{"uv":[0,0,0,8],"texture":"#3"},"down":{"uv":[0,8,0,0],"texture":"#3"}}},{"from":[8,23,3],"to":[8,28,7],"rotation":{"angle":22.5,"axis":"x","origin":[0,-2,0]},"faces":{"north":{"uv":[0,0,0,10],"texture":"#3"},"east":{"uv":[8,0,0,10],"texture":"#3"},"south":{"uv":[0,0,0,10],"texture":"#3"},"west":{"uv":[0,0,8,10],"texture":"#3"},"up":{"uv":[0,8,0,0],"texture":"#3"},"down":{"uv":[0,0,0,8],"texture":"#3"}}},{"from":[5,13,7],"to":[5,18,12],"rotation":{"angle":-22.5,"axis":"x","origin":[0,-8,0]},"faces":{"north":{"uv":[0,0,0,14],"texture":"#2"},"east":{"uv":[14,0,0,14],"texture":"#2"},"south":{"uv":[0,0,0,14],"texture":"#2"},"west":{"uv":[0,0,14,14],"texture":"#2"},"up":{"uv":[0,14,0,0],"texture":"#2"},"down":{"uv":[0,0,0,14],"texture":"#2"}}}],"gui_light":"front","display":{"thirdperson_righthand":{"translation":[0,8,1.75],"scale":[0.65,0.65,0.65]},"thirdperson_lefthand":{"translation":[0,8,1.75],"scale":[0.65,0.65,0.65]},"firstperson_righthand":{"rotation":[5,0,0],"translation":[4.5,5.25,0],"scale":[0.31875,0.31875,0.31875]},"firstperson_lefthand":{"rotation":[5,0,0],"translation":[4.5,5.25,0],"scale":[0.31875,0.31875,0.31875]},"ground":{"rotation":[-45,0,0],"translation":[0,11,0],"scale":[0.5,0.5,0.5]},"gui":{"rotation":[-90,-45,-90],"translation":[-0.5,-0.5,-1.5],"scale":[0.41797,0.41797,0.41797]},"head":{"scale":[0,0,0]},"fixed":{"rotation":[0,90,0],"translation":[0,12,-2.25],"scale":[1.5,1.5,1.5]}}}