{"credit":"MadewithBlockbench","textures":{"0":"elitecreatures:pink_legacy_animated_weapon_set/texture","1":"elitecreatures:pink_legacy_animated_weapon_set/eff_01","2":"elitecreatures:pink_legacy_animated_weapon_set/eff_02","3":"elitecreatures:pink_legacy_animated_weapon_set/eff_03","4":"elitecreatures:pink_legacy_animated_weapon_set/texture1","particle":"elitecreatures:pink_legacy_animated_weapon_set/texture"},"elements":[{"name":"eff","from":[-3.5,5.74,8.25],"to":[19.5,28.74,8.25],"rotation":{"angle":0,"axis":"y","origin":[5.775,15.225,8.25]},"faces":{"north":{"uv":[16,0,0,16],"texture":"#1"},"east":{"uv":[0,0,0,3.6],"texture":"#1"},"south":{"uv":[0,0,16,16],"texture":"#1"},"west":{"uv":[0,0,0,3.6],"texture":"#1"},"up":{"uv":[0,0,3.8,0],"texture":"#1"},"down":{"uv":[0,0,3.8,0],"texture":"#1"}}},{"from":[7.415,0.15,7.415],"to":[8.585,6.45,8.585],"rotation":{"angle":0,"axis":"y","origin":[8.045,6,8.045]},"faces":{"north":{"uv":[8.4,0,8.9,2.5],"texture":"#0"},"east":{"uv":[8.4,2.8,8.9,5.3],"texture":"#0"},"south":{"uv":[8.4,5.6,8.9,8.1],"texture":"#0"},"west":{"uv":[8.4,8.4,8.9,10.9],"texture":"#0"},"up":{"uv":[5.3,13.7,4.8,13.2],"texture":"#0"},"down":{"uv":[6.1,13.2,5.6,13.7],"texture":"#0"}}},{"from":[6.065,11.5415,7.7575],"to":[9.935,18.7415,8.2525],"rotation":{"angle":0,"axis":"y","origin":[8,9.49575,8.0025]},"faces":{"north":{"uv":[5.2,3.6,6.7,6.5],"rotation":180,"texture":"#0"},"east":{"uv":[10.4,10,10.6,12.9],"rotation":180,"texture":"#0"},"south":{"uv":[6.8,0,8.3,2.9],"rotation":180,"texture":"#0"},"west":{"uv":[10,10,10.2,12.9],"rotation":180,"texture":"#0"},"up":{"uv":[14.3,7.2,12.8,7.4],"rotation":180,"texture":"#0"},"down":{"uv":[14.3,2.2,12.8,2],"rotation":180,"texture":"#0"}}},{"from":[7.31,11.5415,7.5075],"to":[8.68,15.9915,8.5025],"rotation":{"angle":0,"axis":"y","origin":[8,9.49575,8.0025]},"faces":{"north":{"uv":[6.8,8.8,7.3,10.6],"rotation":180,"texture":"#0"},"east":{"uv":[9.2,6.4,9.6,8.2],"rotation":180,"texture":"#0"},"south":{"uv":[9.2,2.4,9.7,4.2],"rotation":180,"texture":"#0"},"west":{"uv":[9.2,4.4,9.6,6.2],"rotation":180,"texture":"#0"},"up":{"uv":[14.1,5.2,13.6,5.6],"rotation":180,"texture":"#0"},"down":{"uv":[14.1,5.2,13.6,4.8],"rotation":180,"texture":"#0"}}},{"from":[7.14,4.1415,7.6275],"to":[8.86,18.0415,8.3725],"rotation":{"angle":0,"axis":"y","origin":[8,15.99575,8.0025]},"faces":{"north":{"uv":[6.8,3.2,7.5,8.8],"rotation":180,"texture":"#0"},"east":{"uv":[6.4,6.8,6.7,12.4],"rotation":180,"texture":"#0"},"south":{"uv":[5.2,6.8,5.9,12.4],"rotation":180,"texture":"#0"},"west":{"uv":[6,6.8,6.3,12.4],"rotation":180,"texture":"#0"},"up":{"uv":[14.3,1.6,13.6,1.9],"rotation":180,"texture":"#0"},"down":{"uv":[14.3,1.5,13.6,1.2],"rotation":180,"texture":"#0"}}},{"from":[15.77364,6.97211,7.6],"to":[17.02364,8.22211,8.4],"rotation":{"angle":-45,"axis":"z","origin":[8,15.99575,8.0025]},"faces":{"north":{"uv":[13.2,5.6,13.7,6.1],"rotation":180,"texture":"#0"},"east":{"uv":[4.4,13.6,4.8,14.1],"rotation":180,"texture":"#0"},"south":{"uv":[13.2,6.4,13.7,6.9],"rotation":180,"texture":"#0"},"west":{"uv":[6.4,13.2,6.8,13.7],"rotation":180,"texture":"#0"},"up":{"uv":[8.1,13.6,7.6,14],"rotation":180,"texture":"#0"},"down":{"uv":[7.3,14,6.8,13.6],"rotation":180,"texture":"#0"}}},{"from":[7.14,-10.83172,7.6275],"to":[8.86,3.06828,8.3725],"rotation":{"angle":0,"axis":"y","origin":[8,-0.39511,8]},"faces":{"north":{"uv":[6.8,3.2,7.5,8.8],"texture":"#0"},"east":{"uv":[6,6.8,6.3,12.4],"texture":"#0"},"south":{"uv":[5.2,6.8,5.9,12.4],"texture":"#0"},"west":{"uv":[6.4,6.8,6.7,12.4],"texture":"#0"},"up":{"uv":[14.3,1.5,13.6,1.2],"texture":"#0"},"down":{"uv":[14.3,1.6,13.6,1.9],"texture":"#0"}}},{"from":[9.84041,1.4453,7.6],"to":[11.09041,2.6953,8.4],"rotation":{"angle":45,"axis":"z","origin":[8,-0.39511,8]},"faces":{"north":{"uv":[13.2,5.6,13.7,6.1],"rotation":270,"texture":"#0"},"east":{"uv":[7.3,14,6.8,13.6],"rotation":90,"texture":"#0"},"south":{"uv":[13.2,6.4,13.7,6.9],"rotation":90,"texture":"#0"},"west":{"uv":[8.1,13.6,7.6,14],"rotation":90,"texture":"#0"},"up":{"uv":[4.4,13.6,4.8,14.1],"rotation":90,"texture":"#0"},"down":{"uv":[6.4,13.2,6.8,13.7],"rotation":90,"texture":"#0"}}},{"from":[4.725,21.5485,8],"to":[11.275,30.5185,8],"rotation":{"angle":0,"axis":"y","origin":[8,26.0335,8]},"faces":{"north":{"uv":[7,0,13.5,9],"texture":"#4"},"east":{"uv":[0,0,0,9],"texture":"#4"},"south":{"uv":[13.5,0,7,9],"texture":"#4"},"west":{"uv":[0,0,0,9],"texture":"#4"},"up":{"uv":[6.5,0,0,0],"texture":"#4"},"down":{"uv":[6.5,0,0,0],"texture":"#4"}}},{"from":[6.23,-12.2185,8],"to":[13.78,-5.2485,8],"rotation":{"angle":-22.5,"axis":"z","origin":[10.005,-8.7335,8]},"faces":{"north":{"uv":[6.6,0,2.83,3.6],"rotation":180,"texture":"#0"},"east":{"uv":[0,0,0,3.6],"rotation":180,"texture":"#0"},"south":{"uv":[2.83,0,6.6,3.6],"rotation":180,"texture":"#0"},"west":{"uv":[0,0,0,3.6],"rotation":180,"texture":"#0"},"up":{"uv":[0,0,3.8,0],"rotation":180,"texture":"#0"},"down":{"uv":[0,0,3.8,0],"rotation":180,"texture":"#0"}}},{"from":[2.22,-12.2185,8],"to":[9.77,-5.2485,8],"rotation":{"angle":22.5,"axis":"z","origin":[5.995,-8.7335,8]},"faces":{"north":{"uv":[2.83,0,6.6,3.6],"rotation":180,"texture":"#0"},"east":{"uv":[0,0,0,3.6],"rotation":180,"texture":"#0"},"south":{"uv":[6.6,0,2.83,3.6],"rotation":180,"texture":"#0"},"west":{"uv":[0,0,0,3.6],"rotation":180,"texture":"#0"},"up":{"uv":[3.8,0,0,0],"rotation":180,"texture":"#0"},"down":{"uv":[3.8,0,0,0],"rotation":180,"texture":"#0"}}},{"from":[6.5,9.0015,7.75],"to":[15.5,18.0015,7.75],"rotation":{"angle":0,"axis":"y","origin":[8,9.49575,8.0025]},"faces":{"north":{"uv":[16,0,0,16],"rotation":180,"texture":"#2"},"east":{"uv":[0,0,0,3.6],"rotation":180,"texture":"#2"},"south":{"uv":[0,0,16,16],"rotation":180,"texture":"#2"},"west":{"uv":[0,0,0,3.6],"rotation":180,"texture":"#2"},"up":{"uv":[0,0,3.8,0],"rotation":180,"texture":"#2"},"down":{"uv":[0,0,3.8,0],"rotation":180,"texture":"#2"}}},{"from":[0.5,9.0015,7.75],"to":[9.5,18.0015,7.75],"rotation":{"angle":0,"axis":"y","origin":[8,9.49575,8.0025]},"faces":{"north":{"uv":[0,0,16,16],"rotation":180,"texture":"#2"},"east":{"uv":[0,0,0,3.6],"rotation":180,"texture":"#2"},"south":{"uv":[16,0,0,16],"rotation":180,"texture":"#2"},"west":{"uv":[0,0,0,3.6],"rotation":180,"texture":"#2"},"up":{"uv":[3.8,0,0,0],"rotation":180,"texture":"#2"},"down":{"uv":[3.8,0,0,0],"rotation":180,"texture":"#2"}}},{"from":[4.48,17.7365,7.75],"to":[11.48,24.7365,7.75],"rotation":{"angle":0,"axis":"z","origin":[7.9975,20.984,8]},"faces":{"north":{"uv":[0,16,16,0],"rotation":180,"texture":"#3"},"east":{"uv":[0,3.6,0,0],"rotation":180,"texture":"#3"},"south":{"uv":[16,16,0,0],"rotation":180,"texture":"#3"},"west":{"uv":[0,3.6,0,0],"rotation":180,"texture":"#3"},"up":{"uv":[3.8,0,0,0],"rotation":180,"texture":"#3"},"down":{"uv":[3.8,0,0,0],"rotation":180,"texture":"#3"}}},{"from":[2.63235,13.5434,7.5525],"to":[3.95235,14.8634,8.4475],"rotation":{"angle":-45,"axis":"z","origin":[8,9.49575,8.0025]},"faces":{"north":{"uv":[13.2,7.6,13.7,8.1],"rotation":270,"texture":"#0"},"east":{"uv":[0.9,14.4,0.4,14],"rotation":90,"texture":"#0"},"south":{"uv":[8.4,13.2,8.9,13.7],"rotation":90,"texture":"#0"},"west":{"uv":[14.5,0.8,14,1.2],"rotation":90,"texture":"#0"},"up":{"uv":[14,0,14.4,0.5],"rotation":90,"texture":"#0"},"down":{"uv":[0,14,0.4,14.5],"rotation":90,"texture":"#0"}}},{"from":[5.19312,9.59556,7.4625],"to":[7.89312,12.29556,8.5475],"rotation":{"angle":-45,"axis":"z","origin":[8,9.49575,8.0025]},"faces":{"north":{"uv":[9.2,0,10.3,1.1],"rotation":270,"texture":"#0"},"east":{"uv":[12.7,4.4,11.6,4],"rotation":90,"texture":"#0"},"south":{"uv":[10.3,0,9.2,1.1],"rotation":90,"texture":"#0"},"west":{"uv":[13.1,0,12,0.4],"rotation":90,"texture":"#0"},"up":{"uv":[11.6,11.2,12,12.3],"rotation":90,"texture":"#0"},"down":{"uv":[11.6,10,12,11.1],"rotation":90,"texture":"#0"}}},{"from":[6.75,10.30109,7.4825],"to":[9.25,12.80109,8.5175],"rotation":{"angle":0,"axis":"y","origin":[8,9.49575,8.0025]},"faces":{"north":{"uv":[9.2,1.2,10.2,2.3],"rotation":180,"texture":"#0"},"east":{"uv":[12.7,10.7,12.8,11.8],"rotation":180,"texture":"#0"},"south":{"uv":[9.2,1.2,10.2,2.3],"rotation":180,"texture":"#0"},"west":{"uv":[12.7,10.7,12.8,11.8],"rotation":180,"texture":"#0"},"up":{"uv":[13.2,1,12.5,1.1],"rotation":180,"texture":"#0"},"down":{"uv":[13.2,3.9,12.3,3.8],"rotation":180,"texture":"#0"}}},{"from":[7.2125,18.6515,7.2125],"to":[8.7875,20.5415,8.7875],"rotation":{"angle":0,"axis":"y","origin":[8,9.49575,8.0025]},"faces":{"north":{"uv":[8.4,11.2,9,12],"rotation":180,"texture":"#0"},"east":{"uv":[11.6,2.4,12.2,3.2],"rotation":180,"texture":"#0"},"south":{"uv":[10.8,11.2,11.4,12],"rotation":180,"texture":"#0"},"west":{"uv":[9.2,11.2,9.8,12],"rotation":180,"texture":"#0"},"up":{"uv":[7.4,12,6.8,12.6],"rotation":180,"texture":"#0"},"down":{"uv":[12.6,6.6,12,6],"rotation":180,"texture":"#0"}}},{"from":[7.2125,5.855,7.2125],"to":[8.7875,6.485,8.7875],"rotation":{"angle":0,"axis":"y","origin":[8,6.35,8]},"faces":{"north":{"uv":[14,12,14.6,12.3],"texture":"#0"},"east":{"uv":[12.4,14,13,14.3],"texture":"#0"},"south":{"uv":[14,12.4,14.6,12.7],"texture":"#0"},"west":{"uv":[14,12.8,14.6,13.1],"texture":"#0"},"up":{"uv":[12.6,7.4,12,6.8],"texture":"#0"},"down":{"uv":[8.2,12,7.6,12.6],"texture":"#0"}}},{"from":[7.2125,-9.74,7.2125],"to":[8.7875,-7.85,8.7875],"rotation":{"angle":0,"axis":"y","origin":[8,10.6,8]},"faces":{"north":{"uv":[11.6,3.2,12.2,4],"texture":"#0"},"east":{"uv":[11.6,7.6,12.2,8.4],"texture":"#0"},"south":{"uv":[11.6,8.4,12.2,9.2],"texture":"#0"},"west":{"uv":[11.6,9.2,12.2,10],"texture":"#0"},"up":{"uv":[9,12.6,8.4,12],"texture":"#0"},"down":{"uv":[9.8,12,9.2,12.6],"texture":"#0"}}},{"from":[7.2125,0.465,7.2125],"to":[8.7875,1.095,8.7875],"rotation":{"angle":0,"axis":"y","origin":[8,18.6,8]},"faces":{"north":{"uv":[14,13.6,14.6,13.9],"texture":"#0"},"east":{"uv":[14,14,14.6,14.3],"texture":"#0"},"south":{"uv":[14.4,0,15,0.3],"texture":"#0"},"west":{"uv":[0.4,14.4,1,14.7],"texture":"#0"},"up":{"uv":[12.6,10.6,12,10],"texture":"#0"},"down":{"uv":[11.4,12,10.8,12.6],"texture":"#0"}}},{"from":[-0.48677,19.41877,7.51],"to":[0.63823,21.21877,8.5],"rotation":{"angle":-45,"axis":"z","origin":[6,11.24575,8.0025]},"faces":{"north":{"uv":[12.4,3.2,13.1,3.7],"rotation":270,"texture":"#0"},"east":{"uv":[13.5,11.6,12.8,11.2],"rotation":90,"texture":"#0"},"south":{"uv":[4.8,12.4,5.5,12.9],"rotation":90,"texture":"#0"},"west":{"uv":[13.5,11.6,12.8,12],"rotation":90,"texture":"#0"},"up":{"uv":[14,6,14.4,6.5],"rotation":90,"texture":"#0"},"down":{"uv":[4,14,4.4,14.5],"rotation":90,"texture":"#0"}}},{"from":[4.3827,17.90451,7.33],"to":[6.4077,19.70451,8.68],"rotation":{"angle":-22.5,"axis":"z","origin":[8,9.49575,8.0025]},"faces":{"north":{"uv":[10.4,6,11.2,6.7],"rotation":180,"texture":"#0"},"east":{"uv":[12.4,7.6,12.9,8.3],"rotation":180,"texture":"#0"},"south":{"uv":[10.4,6.8,11.2,7.5],"rotation":180,"texture":"#0"},"west":{"uv":[5.6,12.4,6.1,13.1],"rotation":180,"texture":"#0"},"up":{"uv":[12.8,5.2,12,5.7],"rotation":180,"texture":"#0"},"down":{"uv":[12.8,4.9,12,4.4],"rotation":180,"texture":"#0"}}},{"from":[12.49717,15.03359,7.555],"to":[13.84717,17.73359,8.455],"rotation":{"angle":22.5,"axis":"z","origin":[8,9.49575,8.0025]},"faces":{"north":{"uv":[7.6,10.8,8.1,11.9],"rotation":180,"texture":"#0"},"east":{"uv":[3.6,12,4,13.1],"rotation":180,"texture":"#0"},"south":{"uv":[10.8,7.6,11.3,8.7],"rotation":180,"texture":"#0"},"west":{"uv":[3.2,12,3.6,13.1],"rotation":180,"texture":"#0"},"up":{"uv":[7.7,14,7.2,14.4],"rotation":180,"texture":"#0"},"down":{"uv":[14.5,7.2,14,6.8],"rotation":180,"texture":"#0"}}},{"from":[7.4117,22.44823,7.51],"to":[8.0867,23.79823,8.5],"rotation":{"angle":45,"axis":"z","origin":[7.7492,23.12323,8.005]},"faces":{"north":{"uv":[14.4,6.4,14.9,6.7],"rotation":270,"texture":"#0"},"east":{"uv":[6.1,14.4,5.6,14],"rotation":90,"texture":"#0"},"south":{"uv":[7.2,14.4,7.7,14.7],"rotation":90,"texture":"#0"},"west":{"uv":[14.5,5.6,14,6],"rotation":90,"texture":"#0"},"up":{"uv":[11.6,14.4,12,14.7],"rotation":90,"texture":"#0"},"down":{"uv":[11.2,14.4,11.6,14.7],"rotation":90,"texture":"#0"}}},{"from":[2.15283,15.03359,7.555],"to":[3.50283,17.73359,8.455],"rotation":{"angle":-22.5,"axis":"z","origin":[8,9.49575,8.0025]},"faces":{"north":{"uv":[8.1,10.8,7.6,11.9],"rotation":180,"texture":"#0"},"east":{"uv":[3.6,12,3.2,13.1],"rotation":180,"texture":"#0"},"south":{"uv":[11.3,7.6,10.8,8.7],"rotation":180,"texture":"#0"},"west":{"uv":[4,12,3.6,13.1],"rotation":180,"texture":"#0"},"up":{"uv":[7.2,14,7.7,14.4],"rotation":180,"texture":"#0"},"down":{"uv":[14,7.2,14.5,6.8],"rotation":180,"texture":"#0"}}},{"from":[5.75552,15.09495,7.51],"to":[6.43052,16.89495,8.5],"rotation":{"angle":22.5,"axis":"z","origin":[6.09302,15.99495,8.005]},"faces":{"north":{"uv":[14.3,4,13.6,4.3],"rotation":270,"texture":"#0"},"east":{"uv":[12.8,10.4,13.5,10],"rotation":90,"texture":"#0"},"south":{"uv":[14.3,4.4,13.6,4.7],"rotation":90,"texture":"#0"},"west":{"uv":[12.8,10.4,13.5,10.8],"rotation":90,"texture":"#0"},"up":{"uv":[14.8,9.6,14.4,9.9],"rotation":90,"texture":"#0"},"down":{"uv":[10.4,14.4,10,14.7],"rotation":90,"texture":"#0"}}},{"from":[9.56948,15.09495,7.51],"to":[10.24448,16.89495,8.5],"rotation":{"angle":-22.5,"axis":"z","origin":[9.90698,15.99495,8.005]},"faces":{"north":{"uv":[14.3,4.3,13.6,4],"rotation":270,"texture":"#0"},"east":{"uv":[12.8,10.8,13.5,10.4],"rotation":90,"texture":"#0"},"south":{"uv":[14.3,4.7,13.6,4.4],"rotation":90,"texture":"#0"},"west":{"uv":[12.8,10,13.5,10.4],"rotation":90,"texture":"#0"},"up":{"uv":[14.8,9.9,14.4,9.6],"rotation":90,"texture":"#0"},"down":{"uv":[10.4,14.7,10,14.4],"rotation":90,"texture":"#0"}}},{"from":[6.85,17.80109,7.0825],"to":[9.15,20.10109,8.9175],"rotation":{"angle":0,"axis":"y","origin":[8,9.49575,8.0025]},"faces":{"north":{"uv":[10.7,9.5,11.5,10.3],"rotation":180,"texture":"#0"},"east":{"uv":[12.7,10.7,12.8,11.8],"rotation":180,"texture":"#0"},"south":{"uv":[10.7,9.5,11.5,10.3],"rotation":180,"texture":"#0"},"west":{"uv":[12.7,10.7,12.8,11.8],"rotation":180,"texture":"#0"},"up":{"uv":[13.2,1,12.5,1.1],"rotation":180,"texture":"#0"},"down":{"uv":[13.2,3.9,12.3,3.8],"rotation":180,"texture":"#0"}}},{"from":[0.29963,15.18904,7.005],"to":[2.29963,17.18904,9.005],"rotation":{"angle":-45,"axis":"z","origin":[8,9.49575,8.0025]},"faces":{"north":{"uv":[11.5,3.6,10.8,4.3],"rotation":180,"texture":"#0"},"east":{"uv":[11.5,11.1,10.8,10.4],"rotation":180,"texture":"#0"},"south":{"uv":[10.8,3.6,11.5,4.3],"rotation":180,"texture":"#0"},"west":{"uv":[10.8,8.8,11.5,9.5],"rotation":180,"texture":"#0"},"up":{"uv":[2.8,11.2,3.5,11.9],"rotation":180,"texture":"#0"},"down":{"uv":[11.2,0,11.9,0.7],"rotation":180,"texture":"#0"}}},{"from":[7.005,-10.225,7.005],"to":[9.005,-8.225,9.005],"rotation":{"angle":-45,"axis":"z","origin":[8.005,-9.225,8.005]},"faces":{"north":{"uv":[11.5,3.6,10.8,4.3],"texture":"#0"},"east":{"uv":[10.8,8.8,11.5,9.5],"texture":"#0"},"south":{"uv":[10.8,3.6,11.5,4.3],"texture":"#0"},"west":{"uv":[11.5,11.1,10.8,10.4],"texture":"#0"},"up":{"uv":[11.2,0,11.9,0.7],"texture":"#0"},"down":{"uv":[2.8,11.2,3.5,11.9],"texture":"#0"}}},{"from":[6.85,-10.35959,7.0825],"to":[9.15,-8.05959,8.9175],"rotation":{"angle":0,"axis":"y","origin":[8,-9.20959,8]},"faces":{"north":{"uv":[10.7,9.5,11.5,10.3],"texture":"#0"},"east":{"uv":[12.7,10.7,12.8,11.8],"texture":"#0"},"south":{"uv":[10.7,9.5,11.5,10.3],"texture":"#0"},"west":{"uv":[12.7,10.7,12.8,11.8],"texture":"#0"},"up":{"uv":[13.2,3.9,12.3,3.8],"texture":"#0"},"down":{"uv":[13.2,1,12.5,1.1],"texture":"#0"}}},{"from":[8.07955,-10.06935,7.325],"to":[9.20455,-8.51935,8.675],"rotation":{"angle":-22.5,"axis":"z","origin":[9.42955,-9.53185,8]},"faces":{"north":{"uv":[12.4,8.4,12.9,9.1],"texture":"#0"},"east":{"uv":[12.4,9.2,12.9,9.9],"texture":"#0"},"south":{"uv":[11.6,12.4,12.1,13.1],"texture":"#0"},"west":{"uv":[12.4,12.4,12.9,13.1],"texture":"#0"},"up":{"uv":[13.7,8.9,13.2,8.4],"texture":"#0"},"down":{"uv":[9.7,13.2,9.2,13.7],"texture":"#0"}}},{"from":[6.79545,-10.06935,7.325],"to":[7.92045,-8.51935,8.675],"rotation":{"angle":22.5,"axis":"z","origin":[6.57045,-9.53185,8]},"faces":{"north":{"uv":[12.8,1.2,13.3,1.9],"texture":"#0"},"east":{"uv":[4,12.8,4.5,13.5],"texture":"#0"},"south":{"uv":[12.8,4,13.3,4.7],"texture":"#0"},"west":{"uv":[12.8,4.8,13.3,5.5],"texture":"#0"},"up":{"uv":[13.7,9.7,13.2,9.2],"texture":"#0"},"down":{"uv":[10.5,13.2,10,13.7],"texture":"#0"}}},{"from":[6.1674,-10.55291,7.55],"to":[7.2024,-9.20291,8.45],"rotation":{"angle":-22.5,"axis":"z","origin":[6.7524,-10.55291,8]},"faces":{"north":{"uv":[14,7.6,14.4,8.1],"texture":"#0"},"east":{"uv":[8,14,8.4,14.5],"texture":"#0"},"south":{"uv":[8.4,14,8.8,14.5],"texture":"#0"},"west":{"uv":[14,8.4,14.4,8.9],"texture":"#0"},"up":{"uv":[14.8,2.4,14.4,2],"texture":"#0"},"down":{"uv":[2.8,14.4,2.4,14.8],"texture":"#0"}}},{"from":[8.7976,-10.55291,7.55],"to":[9.8326,-9.20291,8.45],"rotation":{"angle":22.5,"axis":"z","origin":[9.2476,-10.55291,8]},"faces":{"north":{"uv":[8.8,14,9.2,14.5],"texture":"#0"},"east":{"uv":[9.2,14,9.6,14.5],"texture":"#0"},"south":{"uv":[14,9.2,14.4,9.7],"texture":"#0"},"west":{"uv":[9.6,14,10,14.5],"texture":"#0"},"up":{"uv":[14.8,2.8,14.4,2.4],"texture":"#0"},"down":{"uv":[14.8,2.8,14.4,3.2],"texture":"#0"}}},{"from":[8.08835,-8.25012,7.505],"to":[9.21335,-7.35012,8.495],"rotation":{"angle":45,"axis":"z","origin":[9.88835,-7.57512,8]},"faces":{"north":{"uv":[10,14,10.5,14.4],"texture":"#0"},"east":{"uv":[14.4,3.6,14.8,4],"texture":"#0"},"south":{"uv":[14,10,14.5,10.4],"texture":"#0"},"west":{"uv":[14.4,4,14.8,4.4],"texture":"#0"},"up":{"uv":[14.5,10.8,14,10.4],"texture":"#0"},"down":{"uv":[11.3,14,10.8,14.4],"texture":"#0"}}},{"from":[7.98835,-10.50012,7.505],"to":[9.78835,-9.60012,8.495],"rotation":{"angle":45,"axis":"z","origin":[9.78835,-10.05012,8]},"faces":{"north":{"uv":[12.8,12,13.5,12.4],"texture":"#0"},"east":{"uv":[4.4,14.4,4.8,14.8],"texture":"#0"},"south":{"uv":[13.2,0,13.9,0.4],"texture":"#0"},"west":{"uv":[14.4,4.4,14.8,4.8],"texture":"#0"},"up":{"uv":[13.9,0.8,13.2,0.4],"texture":"#0"},"down":{"uv":[13.9,0.8,13.2,1.2],"texture":"#0"}}},{"from":[6.21165,-10.50012,7.505],"to":[8.01165,-9.60012,8.495],"rotation":{"angle":-45,"axis":"z","origin":[6.21165,-10.05012,8]},"faces":{"north":{"uv":[13.2,2.4,13.9,2.8],"texture":"#0"},"east":{"uv":[4.8,14.4,5.2,14.8],"texture":"#0"},"south":{"uv":[2.8,13.2,3.5,13.6],"texture":"#0"},"west":{"uv":[14.4,4.8,14.8,5.2],"texture":"#0"},"up":{"uv":[13.9,3.2,13.2,2.8],"texture":"#0"},"down":{"uv":[13.9,3.2,13.2,3.6],"texture":"#0"}}},{"from":[6.78665,-8.25012,7.505],"to":[7.91165,-7.35012,8.495],"rotation":{"angle":-45,"axis":"z","origin":[6.11165,-7.57512,8]},"faces":{"north":{"uv":[14,10.8,14.5,11.2],"texture":"#0"},"east":{"uv":[5.2,14.4,5.6,14.8],"texture":"#0"},"south":{"uv":[14,11.2,14.5,11.6],"texture":"#0"},"west":{"uv":[14.4,5.2,14.8,5.6],"texture":"#0"},"up":{"uv":[12.1,14.4,11.6,14],"texture":"#0"},"down":{"uv":[14.5,11.6,14,12],"texture":"#0"}}},{"from":[7.15632,20.11808,7.775],"to":[8.50632,21.46808,8.225],"rotation":{"angle":45,"axis":"z","origin":[7.9975,20.984,8]},"faces":{"north":{"uv":[12.4,13.2,12.9,13.7],"rotation":270,"texture":"#0"},"east":{"uv":[15.3,2.2,14.8,2],"rotation":90,"texture":"#0"},"south":{"uv":[13.2,12.4,13.7,12.9],"rotation":90,"texture":"#0"},"west":{"uv":[2.9,14.8,2.4,15],"rotation":90,"texture":"#0"},"up":{"uv":[14.8,1.2,15,1.7],"rotation":90,"texture":"#0"},"down":{"uv":[14.8,0.4,15,0.9],"rotation":90,"texture":"#0"}}}],"gui_light":"front","display":{"thirdperson_righthand":{"rotation":[0,90,0],"translation":[0,2.5,1.75]},"thirdperson_lefthand":{"rotation":[0,-90,0],"translation":[0,2.5,1.75]},"firstperson_righthand":{"rotation":[0,90,0],"translation":[24.25,-11.5,-21.5],"scale":[1.77297,1.77297,1.77297]},"firstperson_lefthand":{"rotation":[0,-90,0],"translation":[24.25,-11.5,-21.5],"scale":[1.77297,1.77297,1.77297]},"ground":{"rotation":[0,0,-45],"translation":[0,11,3],"scale":[0.5,0.5,0.5]},"gui":{"rotation":[-180,0,135],"translation":[0.5,-0.5,0],"scale":[0.45828,0.45828,0.45828]},"head":{"rotation":[7.5,0,-149.5],"translation":[-0.25,-17.75,6.75],"scale":[0,0,0]},"fixed":{"translation":[0,14.5,-0.75],"scale":[1.8,1.8,1.8]}},"groups":[{"name":"halberd","origin":[8,3.25,8],"color":0,"children":[0,1,2,3,4,5,6,7,8,9,10,11,12,13,14,15,16,17,18,19,20,21,22,23,24,25,26,27,28,29,30,31,32,33,34,35,36,37,38,39,40]}]}