{"credit":"MadewithBlockbench","textures":{"0":"elitecreatures:pink_legacy_animated_weapon_set/texture","1":"elitecreatures:pink_legacy_animated_weapon_set/eff_01","2":"elitecreatures:pink_legacy_animated_weapon_set/eff_02","3":"elitecreatures:pink_legacy_animated_weapon_set/eff_03","4":"elitecreatures:pink_legacy_animated_weapon_set/shield","particle":"elitecreatures:pink_legacy_animated_weapon_set/texture"},"elements":[{"name":"eff","from":[-3.5,-1.26,7.75],"to":[19.5,21.74,7.75],"rotation":{"angle":0,"axis":"y","origin":[5.775,8.225,8.25]},"faces":{"north":{"uv":[16,0,0,16],"texture":"#1"},"east":{"uv":[0,0,0,3.6],"texture":"#1"},"south":{"uv":[0,0,16,16],"texture":"#1"},"west":{"uv":[0,0,0,3.6],"texture":"#1"},"up":{"uv":[0,0,3.8,0],"texture":"#1"},"down":{"uv":[0,0,3.8,0],"texture":"#1"}}},{"name":"eff","from":[-3.25,-8.99,7.25],"to":[7.75,14.01,7.25],"rotation":{"angle":-22.5,"axis":"y","origin":[2.25,2.51,7.25]},"faces":{"north":{"uv":[0,0,16,16],"rotation":90,"texture":"#4"},"east":{"uv":[3.8,0,0,0],"rotation":90,"texture":"#4"},"south":{"uv":[16,0,0,16],"rotation":270,"texture":"#4"},"west":{"uv":[3.8,0,0,0],"rotation":90,"texture":"#4"},"up":{"uv":[0,0,0,3.6],"rotation":90,"texture":"#4"},"down":{"uv":[0,0,0,3.6],"rotation":90,"texture":"#4"}}},{"name":"eff","from":[8.25,-8.99,7.25],"to":[19.25,14.01,7.25],"rotation":{"angle":22.5,"axis":"y","origin":[13.75,2.51,7.25]},"faces":{"north":{"uv":[0,16,16,0],"rotation":90,"texture":"#4"},"east":{"uv":[3.8,0,0,0],"rotation":90,"texture":"#4"},"south":{"uv":[16,16,0,0],"rotation":270,"texture":"#4"},"west":{"uv":[3.8,0,0,0],"rotation":90,"texture":"#4"},"up":{"uv":[0,3.6,0,0],"rotation":90,"texture":"#4"},"down":{"uv":[0,3.6,0,0],"rotation":90,"texture":"#4"}}},{"from":[7.31,5.5415,8.4975],"to":[8.68,9.9915,9.4925],"rotation":{"angle":0,"axis":"y","origin":[8,3.49575,8.9975]},"faces":{"north":{"uv":[9.7,2.4,9.2,4.2],"rotation":180,"texture":"#0"},"east":{"uv":[9.6,6.4,9.2,8.2],"rotation":180,"texture":"#0"},"south":{"uv":[7.3,8.8,6.8,10.6],"rotation":180,"texture":"#0"},"west":{"uv":[9.6,4.4,9.2,6.2],"rotation":180,"texture":"#0"},"up":{"uv":[14.1,5.6,13.6,5.2],"rotation":180,"texture":"#0"},"down":{"uv":[14.1,4.8,13.6,5.2],"rotation":180,"texture":"#0"}}},{"from":[7.14,-6.3585,8.6275],"to":[8.86,7.5415,9.3725],"rotation":{"angle":0,"axis":"y","origin":[8,5.49575,8.9975]},"faces":{"north":{"uv":[5.9,6.8,5.2,12.4],"rotation":180,"texture":"#0"},"east":{"uv":[6.7,6.8,6.4,12.4],"rotation":180,"texture":"#0"},"south":{"uv":[7.5,3.2,6.8,8.8],"rotation":180,"texture":"#0"},"west":{"uv":[6.3,6.8,6,12.4],"rotation":180,"texture":"#0"},"up":{"uv":[14.3,1.9,13.6,1.6],"rotation":180,"texture":"#0"},"down":{"uv":[14.3,1.2,13.6,1.5],"rotation":180,"texture":"#0"}}},{"from":[15.77364,-3.52789,8.6],"to":[17.02364,-2.27789,9.4],"rotation":{"angle":-45,"axis":"z","origin":[8,5.49575,8.9975]},"faces":{"north":{"uv":[13.7,6.4,13.2,6.9],"rotation":180,"texture":"#0"},"east":{"uv":[4.8,13.6,4.4,14.1],"rotation":180,"texture":"#0"},"south":{"uv":[13.7,5.6,13.2,6.1],"rotation":180,"texture":"#0"},"west":{"uv":[6.8,13.2,6.4,13.7],"rotation":180,"texture":"#0"},"up":{"uv":[8.1,14,7.6,13.6],"rotation":180,"texture":"#0"},"down":{"uv":[7.3,13.6,6.8,14],"rotation":180,"texture":"#0"}}},{"from":[-2.28,4.7815,9],"to":[7.27,13.7515,9],"rotation":{"angle":0,"axis":"y","origin":[8,-0.50425,8.9975]},"faces":{"north":{"uv":[2.83,0,6.6,3.6],"rotation":180,"texture":"#0"},"east":{"uv":[0,0,0,3.6],"rotation":180,"texture":"#0"},"south":{"uv":[6.6,0,2.83,3.6],"rotation":180,"texture":"#0"},"west":{"uv":[0,0,0,3.6],"rotation":180,"texture":"#0"},"up":{"uv":[3.8,0,0,0],"rotation":180,"texture":"#0"},"down":{"uv":[3.8,0,0,0],"rotation":180,"texture":"#0"}}},{"from":[8.73,4.7815,9],"to":[18.28,13.7515,9],"rotation":{"angle":0,"axis":"y","origin":[8,-0.50425,8.9975]},"faces":{"north":{"uv":[6.6,0,2.83,3.6],"rotation":180,"texture":"#0"},"east":{"uv":[0,0,0,3.6],"rotation":180,"texture":"#0"},"south":{"uv":[2.83,0,6.6,3.6],"rotation":180,"texture":"#0"},"west":{"uv":[0,0,0,3.6],"rotation":180,"texture":"#0"},"up":{"uv":[0,0,3.8,0],"rotation":180,"texture":"#0"},"down":{"uv":[0,0,3.8,0],"rotation":180,"texture":"#0"}}},{"from":[6.5,3.0015,8.75],"to":[15.5,12.0015,8.75],"rotation":{"angle":0,"axis":"y","origin":[8,3.49575,8.9975]},"faces":{"north":{"uv":[16,0,0,16],"rotation":180,"texture":"#2"},"east":{"uv":[0,0,0,3.6],"rotation":180,"texture":"#2"},"south":{"uv":[0,0,16,16],"rotation":180,"texture":"#2"},"west":{"uv":[0,0,0,3.6],"rotation":180,"texture":"#2"},"up":{"uv":[0,0,3.8,0],"rotation":180,"texture":"#2"},"down":{"uv":[0,0,3.8,0],"rotation":180,"texture":"#2"}}},{"from":[0.5,3.0015,8.75],"to":[9.5,12.0015,8.75],"rotation":{"angle":0,"axis":"y","origin":[8,3.49575,8.9975]},"faces":{"north":{"uv":[0,0,16,16],"rotation":180,"texture":"#2"},"east":{"uv":[0,0,0,3.6],"rotation":180,"texture":"#2"},"south":{"uv":[16,0,0,16],"rotation":180,"texture":"#2"},"west":{"uv":[0,0,0,3.6],"rotation":180,"texture":"#2"},"up":{"uv":[3.8,0,0,0],"rotation":180,"texture":"#2"},"down":{"uv":[3.8,0,0,0],"rotation":180,"texture":"#2"}}},{"from":[-0.5,5.5015,8.75],"to":[6.5,12.5015,8.75],"rotation":{"angle":0,"axis":"y","origin":[8,-0.50425,8.9975]},"faces":{"north":{"uv":[16,16,0,0],"rotation":270,"texture":"#3"},"east":{"uv":[3.8,0,0,0],"rotation":270,"texture":"#3"},"south":{"uv":[0,16,16,0],"rotation":90,"texture":"#3"},"west":{"uv":[3.8,0,0,0],"rotation":270,"texture":"#3"},"up":{"uv":[0,0,0,3.6],"rotation":270,"texture":"#3"},"down":{"uv":[0,0,0,3.6],"rotation":270,"texture":"#3"}}},{"from":[9.5,5.5015,8.75],"to":[16.5,12.5015,8.75],"rotation":{"angle":0,"axis":"y","origin":[8,-0.50425,8.9975]},"faces":{"north":{"uv":[16,0,0,16],"rotation":270,"texture":"#3"},"east":{"uv":[3.8,0,0,0],"rotation":270,"texture":"#3"},"south":{"uv":[0,0,16,16],"rotation":90,"texture":"#3"},"west":{"uv":[3.8,0,0,0],"rotation":270,"texture":"#3"},"up":{"uv":[0,3.6,0,0],"rotation":270,"texture":"#3"},"down":{"uv":[0,3.6,0,0],"rotation":270,"texture":"#3"}}},{"from":[2.63235,7.5434,8.5525],"to":[3.95235,8.8634,9.4475],"rotation":{"angle":-45,"axis":"z","origin":[8,3.49575,8.9975]},"faces":{"north":{"uv":[8.4,13.7,8.9,13.2],"rotation":90,"texture":"#0"},"east":{"uv":[0.9,14,0.4,14.4],"rotation":90,"texture":"#0"},"south":{"uv":[13.2,8.1,13.7,7.6],"rotation":270,"texture":"#0"},"west":{"uv":[14.5,1.2,14,0.8],"rotation":90,"texture":"#0"},"up":{"uv":[14.4,0,14,0.5],"rotation":90,"texture":"#0"},"down":{"uv":[0.4,14,0,14.5],"rotation":90,"texture":"#0"}}},{"from":[5.19312,2.59556,8.4525],"to":[7.89312,5.29556,9.5375],"rotation":{"angle":-45,"axis":"z","origin":[8,2.49575,8.9975]},"faces":{"north":{"uv":[10.3,1.1,9.2,0],"rotation":90,"texture":"#0"},"east":{"uv":[12.7,4,11.6,4.4],"rotation":90,"texture":"#0"},"south":{"uv":[9.2,1.1,10.3,0],"rotation":270,"texture":"#0"},"west":{"uv":[13.1,0.4,12,0],"rotation":90,"texture":"#0"},"up":{"uv":[12,11.2,11.6,12.3],"rotation":90,"texture":"#0"},"down":{"uv":[12,10,11.6,11.1],"rotation":90,"texture":"#0"}}},{"from":[6.75,3.30109,8.4825],"to":[9.25,5.80109,9.5175],"rotation":{"angle":0,"axis":"y","origin":[8,2.49575,8.9975]},"faces":{"north":{"uv":[10.2,1.2,9.2,2.3],"rotation":180,"texture":"#0"},"east":{"uv":[12.8,10.7,12.7,11.8],"rotation":180,"texture":"#0"},"south":{"uv":[10.2,1.2,9.2,2.3],"rotation":180,"texture":"#0"},"west":{"uv":[12.8,10.7,12.7,11.8],"rotation":180,"texture":"#0"},"up":{"uv":[13.2,1.1,12.5,1],"rotation":180,"texture":"#0"},"down":{"uv":[13.2,3.8,12.3,3.9],"rotation":180,"texture":"#0"}}},{"from":[7.2125,5.4585,8.2125],"to":[8.7875,7.3485,9.7875],"rotation":{"angle":0,"axis":"y","origin":[8,16.50425,8.9975]},"faces":{"north":{"uv":[11.4,12,10.8,11.2],"rotation":180,"texture":"#0"},"east":{"uv":[12.2,3.2,11.6,2.4],"rotation":180,"texture":"#0"},"south":{"uv":[9,12,8.4,11.2],"rotation":180,"texture":"#0"},"west":{"uv":[9.8,12,9.2,11.2],"rotation":180,"texture":"#0"},"up":{"uv":[12.6,6.6,12,6],"rotation":180,"texture":"#0"},"down":{"uv":[7.4,12,6.8,12.6],"rotation":180,"texture":"#0"}}},{"from":[9.58913,8.04692,8.5],"to":[11.38913,8.72192,9.49],"rotation":{"angle":22.5,"axis":"z","origin":[8,16.50425,8.9975]},"faces":{"north":{"uv":[14.3,4.7,13.6,4.4],"rotation":180,"texture":"#0"},"east":{"uv":[10.4,14.7,10,14.4],"rotation":180,"texture":"#0"},"south":{"uv":[14.3,4.3,13.6,4],"rotation":180,"texture":"#0"},"west":{"uv":[14.8,9.9,14.4,9.6],"rotation":180,"texture":"#0"},"up":{"uv":[13.5,10.4,12.8,10],"rotation":180,"texture":"#0"},"down":{"uv":[13.5,10.4,12.8,10.8],"rotation":180,"texture":"#0"}}},{"from":[1.51323,9.46877,8.5],"to":[2.18823,10.81877,9.49],"rotation":{"angle":-45,"axis":"z","origin":[8,-0.50425,8.9975]},"faces":{"north":{"uv":[7.2,14.7,7.7,14.4],"rotation":90,"texture":"#0"},"east":{"uv":[6.1,14,5.6,14.4],"rotation":90,"texture":"#0"},"south":{"uv":[14.4,6.7,14.9,6.4],"rotation":270,"texture":"#0"},"west":{"uv":[14.5,6,14,5.6],"rotation":90,"texture":"#0"},"up":{"uv":[12,14.4,11.6,14.7],"rotation":90,"texture":"#0"},"down":{"uv":[11.6,14.4,11.2,14.7],"rotation":90,"texture":"#0"}}},{"from":[1.51323,7.66877,8.5],"to":[2.63823,9.46877,9.49],"rotation":{"angle":-45,"axis":"z","origin":[8,-0.50425,8.9975]},"faces":{"north":{"uv":[4.8,12.9,5.5,12.4],"rotation":90,"texture":"#0"},"east":{"uv":[13.5,11.2,12.8,11.6],"rotation":90,"texture":"#0"},"south":{"uv":[12.4,3.7,13.1,3.2],"rotation":270,"texture":"#0"},"west":{"uv":[13.5,12,12.8,11.6],"rotation":90,"texture":"#0"},"up":{"uv":[14.4,6,14,6.5],"rotation":90,"texture":"#0"},"down":{"uv":[4.4,14,4,14.5],"rotation":90,"texture":"#0"}}},{"from":[5.98913,8.04692,8.5],"to":[9.58913,9.39692,9.49],"rotation":{"angle":22.5,"axis":"z","origin":[8,16.50425,8.9975]},"faces":{"north":{"uv":[11,5.7,9.6,5.2],"rotation":180,"texture":"#0"},"east":{"uv":[7.2,14.5,6.8,14],"rotation":180,"texture":"#0"},"south":{"uv":[11,4.9,9.6,4.4],"rotation":180,"texture":"#0"},"west":{"uv":[6.8,14.5,6.4,14],"rotation":180,"texture":"#0"},"up":{"uv":[11.8,2,10.4,1.6],"rotation":180,"texture":"#0"},"down":{"uv":[11.8,2,10.4,2.4],"rotation":180,"texture":"#0"}}},{"from":[4.3827,6.29549,8.32],"to":[6.4077,8.09549,9.67],"rotation":{"angle":22.5,"axis":"z","origin":[8,16.50425,8.9975]},"faces":{"north":{"uv":[11.2,7.5,10.4,6.8],"rotation":180,"texture":"#0"},"east":{"uv":[12.9,8.3,12.4,7.6],"rotation":180,"texture":"#0"},"south":{"uv":[11.2,6.7,10.4,6],"rotation":180,"texture":"#0"},"west":{"uv":[6.1,13.1,5.6,12.4],"rotation":180,"texture":"#0"},"up":{"uv":[12.8,4.9,12,4.4],"rotation":180,"texture":"#0"},"down":{"uv":[12.8,5.2,12,5.7],"rotation":180,"texture":"#0"}}},{"from":[12.49717,8.26641,8.545],"to":[13.84717,10.96641,9.445],"rotation":{"angle":-22.5,"axis":"z","origin":[8,16.50425,8.9975]},"faces":{"north":{"uv":[11.3,8.7,10.8,7.6],"rotation":180,"texture":"#0"},"east":{"uv":[4,13.1,3.6,12],"rotation":180,"texture":"#0"},"south":{"uv":[8.1,11.9,7.6,10.8],"rotation":180,"texture":"#0"},"west":{"uv":[3.6,13.1,3.2,12],"rotation":180,"texture":"#0"},"up":{"uv":[14.5,7.2,14,6.8],"rotation":180,"texture":"#0"},"down":{"uv":[7.7,14,7.2,14.4],"rotation":180,"texture":"#0"}}},{"from":[6.85,5.80109,8.0825],"to":[9.15,8.10109,9.9175],"rotation":{"angle":0,"axis":"y","origin":[8,-2.50425,8.9975]},"faces":{"north":{"uv":[11.5,9.5,10.7,10.3],"rotation":180,"texture":"#0"},"east":{"uv":[12.8,10.7,12.7,11.8],"rotation":180,"texture":"#0"},"south":{"uv":[11.5,9.5,10.7,10.3],"rotation":180,"texture":"#0"},"west":{"uv":[12.8,10.7,12.7,11.8],"rotation":180,"texture":"#0"},"up":{"uv":[13.2,1.1,12.5,1],"rotation":180,"texture":"#0"},"down":{"uv":[13.2,3.8,12.3,3.9],"rotation":180,"texture":"#0"}}},{"from":[0.29963,8.81096,7.995],"to":[2.29963,10.81096,9.995],"rotation":{"angle":45,"axis":"z","origin":[8,16.50425,8.9975]},"faces":{"north":{"uv":[11.5,4.3,10.8,3.6],"rotation":180,"texture":"#0"},"east":{"uv":[10.8,10.4,11.5,11.1],"rotation":180,"texture":"#0"},"south":{"uv":[10.8,4.3,11.5,3.6],"rotation":180,"texture":"#0"},"west":{"uv":[11.5,9.5,10.8,8.8],"rotation":180,"texture":"#0"},"up":{"uv":[11.2,0,11.9,0.7],"rotation":180,"texture":"#0"},"down":{"uv":[2.8,11.2,3.5,11.9],"rotation":180,"texture":"#0"}}},{"from":[7.005,-8.725,7.995],"to":[9.005,-6.725,9.995],"rotation":{"angle":-45,"axis":"z","origin":[8.005,-7.725,8.995]},"faces":{"north":{"uv":[11.5,3.6,10.8,4.3],"texture":"#0"},"east":{"uv":[11.5,8.8,10.8,9.5],"texture":"#0"},"south":{"uv":[10.8,3.6,11.5,4.3],"texture":"#0"},"west":{"uv":[10.8,11.1,11.5,10.4],"texture":"#0"},"up":{"uv":[11.2,0.7,11.9,0],"texture":"#0"},"down":{"uv":[2.8,11.9,3.5,11.2],"texture":"#0"}}},{"from":[6.85,-8.85959,8.0825],"to":[9.15,-6.55959,9.9175],"rotation":{"angle":0,"axis":"y","origin":[8,-7.70959,9]},"faces":{"north":{"uv":[11.5,9.5,10.7,10.3],"texture":"#0"},"east":{"uv":[12.8,10.7,12.7,11.8],"texture":"#0"},"south":{"uv":[11.5,9.5,10.7,10.3],"texture":"#0"},"west":{"uv":[12.8,10.7,12.7,11.8],"texture":"#0"},"up":{"uv":[13.2,3.8,12.3,3.9],"texture":"#0"},"down":{"uv":[13.2,1.1,12.5,1],"texture":"#0"}}},{"from":[8.07955,-8.56935,8.325],"to":[9.20455,-7.01935,9.675],"rotation":{"angle":-22.5,"axis":"z","origin":[9.42955,-8.03185,9]},"faces":{"north":{"uv":[12.1,12.4,11.6,13.1],"texture":"#0"},"east":{"uv":[12.9,9.2,12.4,9.9],"texture":"#0"},"south":{"uv":[12.9,8.4,12.4,9.1],"texture":"#0"},"west":{"uv":[12.9,12.4,12.4,13.1],"texture":"#0"},"up":{"uv":[13.7,8.4,13.2,8.9],"texture":"#0"},"down":{"uv":[9.7,13.7,9.2,13.2],"texture":"#0"}}},{"from":[6.79545,-8.56935,8.325],"to":[7.92045,-7.01935,9.675],"rotation":{"angle":22.5,"axis":"z","origin":[6.57045,-8.03185,9]},"faces":{"north":{"uv":[13.3,4,12.8,4.7],"texture":"#0"},"east":{"uv":[4.5,12.8,4,13.5],"texture":"#0"},"south":{"uv":[13.3,1.2,12.8,1.9],"texture":"#0"},"west":{"uv":[13.3,4.8,12.8,5.5],"texture":"#0"},"up":{"uv":[13.7,9.2,13.2,9.7],"texture":"#0"},"down":{"uv":[10.5,13.7,10,13.2],"texture":"#0"}}},{"from":[8.08835,-6.75012,8.505],"to":[9.21335,-5.85012,9.495],"rotation":{"angle":45,"axis":"z","origin":[9.88835,-6.07512,9]},"faces":{"north":{"uv":[14.5,10,14,10.4],"texture":"#0"},"east":{"uv":[14.8,3.6,14.4,4],"texture":"#0"},"south":{"uv":[10.5,14,10,14.4],"texture":"#0"},"west":{"uv":[14.8,4,14.4,4.4],"texture":"#0"},"up":{"uv":[14.5,10.4,14,10.8],"texture":"#0"},"down":{"uv":[11.3,14.4,10.8,14],"texture":"#0"}}},{"from":[6.78665,-6.75012,8.505],"to":[7.91165,-5.85012,9.495],"rotation":{"angle":-45,"axis":"z","origin":[6.11165,-6.07512,9]},"faces":{"north":{"uv":[14.5,11.2,14,11.6],"texture":"#0"},"east":{"uv":[5.6,14.4,5.2,14.8],"texture":"#0"},"south":{"uv":[14.5,10.8,14,11.2],"texture":"#0"},"west":{"uv":[14.8,5.2,14.4,5.6],"texture":"#0"},"up":{"uv":[12.1,14,11.6,14.4],"texture":"#0"},"down":{"uv":[14.5,12,14,11.6],"texture":"#0"}}},{"from":[3.80661,8.69602,8.775],"to":[5.15661,10.04602,9.225],"rotation":{"angle":-45,"axis":"z","origin":[8,-0.50425,8.9975]},"faces":{"north":{"uv":[13.2,12.9,13.7,12.4],"rotation":90,"texture":"#0"},"east":{"uv":[15.3,2,14.8,2.2],"rotation":90,"texture":"#0"},"south":{"uv":[12.4,13.7,12.9,13.2],"rotation":270,"texture":"#0"},"west":{"uv":[2.9,15,2.4,14.8],"rotation":90,"texture":"#0"},"up":{"uv":[15,1.2,14.8,1.7],"rotation":90,"texture":"#0"},"down":{"uv":[15,0.4,14.8,0.9],"rotation":90,"texture":"#0"}}},{"from":[4.61087,8.04692,8.5],"to":[6.41087,8.72192,9.49],"rotation":{"angle":-22.5,"axis":"z","origin":[8,16.50425,8.9975]},"faces":{"north":{"uv":[13.6,4.7,14.3,4.4],"rotation":180,"texture":"#0"},"east":{"uv":[14.4,9.9,14.8,9.6],"rotation":180,"texture":"#0"},"south":{"uv":[13.6,4.3,14.3,4],"rotation":180,"texture":"#0"},"west":{"uv":[10,14.7,10.4,14.4],"rotation":180,"texture":"#0"},"up":{"uv":[12.8,10.4,13.5,10],"rotation":180,"texture":"#0"},"down":{"uv":[12.8,10.4,13.5,10.8],"rotation":180,"texture":"#0"}}},{"from":[6.41087,8.04692,8.5],"to":[10.01087,9.39692,9.49],"rotation":{"angle":-22.5,"axis":"z","origin":[8,16.50425,8.9975]},"faces":{"north":{"uv":[9.6,5.7,11,5.2],"rotation":180,"texture":"#0"},"east":{"uv":[6.4,14.5,6.8,14],"rotation":180,"texture":"#0"},"south":{"uv":[9.6,4.9,11,4.4],"rotation":180,"texture":"#0"},"west":{"uv":[6.8,14.5,7.2,14],"rotation":180,"texture":"#0"},"up":{"uv":[10.4,2,11.8,1.6],"rotation":180,"texture":"#0"},"down":{"uv":[10.4,2,11.8,2.4],"rotation":180,"texture":"#0"}}},{"from":[-2.55028,2.33913,8.775],"to":[-1.20028,3.68913,9.225],"rotation":{"angle":-45,"axis":"z","origin":[8,-0.50425,8.9975]},"faces":{"north":{"uv":[13.2,12.4,13.7,12.9],"rotation":180,"texture":"#0"},"east":{"uv":[14.8,0.4,15,0.9],"rotation":180,"texture":"#0"},"south":{"uv":[12.4,13.2,12.9,13.7],"rotation":180,"texture":"#0"},"west":{"uv":[14.8,1.2,15,1.7],"rotation":180,"texture":"#0"},"up":{"uv":[2.4,15,2.9,14.8],"rotation":180,"texture":"#0"},"down":{"uv":[14.8,2,15.3,2.2],"rotation":180,"texture":"#0"}}},{"from":[-1.97302,4.85752,8.5],"to":[-0.17302,5.98252,9.49],"rotation":{"angle":-45,"axis":"z","origin":[8,-0.50425,8.9975]},"faces":{"north":{"uv":[4.8,12.4,5.5,12.9],"rotation":180,"texture":"#0"},"east":{"uv":[4,14,4.4,14.5],"rotation":180,"texture":"#0"},"south":{"uv":[12.4,3.2,13.1,3.7],"rotation":180,"texture":"#0"},"west":{"uv":[14,6,14.4,6.5],"rotation":180,"texture":"#0"},"up":{"uv":[12.8,12,13.5,11.6],"rotation":180,"texture":"#0"},"down":{"uv":[12.8,11.2,13.5,11.6],"rotation":180,"texture":"#0"}}},{"from":[-3.32302,5.30752,8.5],"to":[-1.97302,5.98252,9.49],"rotation":{"angle":-45,"axis":"z","origin":[8,-0.50425,8.9975]},"faces":{"north":{"uv":[7.2,14.4,7.7,14.7],"rotation":180,"texture":"#0"},"east":{"uv":[11.2,14.4,11.6,14.7],"rotation":180,"texture":"#0"},"south":{"uv":[14.4,6.4,14.9,6.7],"rotation":180,"texture":"#0"},"west":{"uv":[11.6,14.4,12,14.7],"rotation":180,"texture":"#0"},"up":{"uv":[14,6,14.5,5.6],"rotation":180,"texture":"#0"},"down":{"uv":[5.6,14,6.1,14.4],"rotation":180,"texture":"#0"}}},{"from":[2.15283,8.26641,8.545],"to":[3.50283,10.96641,9.445],"rotation":{"angle":22.5,"axis":"z","origin":[8,16.50425,8.9975]},"faces":{"north":{"uv":[10.8,8.7,11.3,7.6],"rotation":180,"texture":"#0"},"east":{"uv":[3.2,13.1,3.6,12],"rotation":180,"texture":"#0"},"south":{"uv":[7.6,11.9,8.1,10.8],"rotation":180,"texture":"#0"},"west":{"uv":[3.6,13.1,4,12],"rotation":180,"texture":"#0"},"up":{"uv":[14,7.2,14.5,6.8],"rotation":180,"texture":"#0"},"down":{"uv":[7.2,14,7.7,14.4],"rotation":180,"texture":"#0"}}},{"from":[9.5923,6.29549,8.32],"to":[11.6173,8.09549,9.67],"rotation":{"angle":-22.5,"axis":"z","origin":[8,16.50425,8.9975]},"faces":{"north":{"uv":[10.4,7.5,11.2,6.8],"rotation":180,"texture":"#0"},"east":{"uv":[5.6,13.1,6.1,12.4],"rotation":180,"texture":"#0"},"south":{"uv":[10.4,6.7,11.2,6],"rotation":180,"texture":"#0"},"west":{"uv":[12.4,8.3,12.9,7.6],"rotation":180,"texture":"#0"},"up":{"uv":[12,4.9,12.8,4.4],"rotation":180,"texture":"#0"},"down":{"uv":[12,5.2,12.8,5.7],"rotation":180,"texture":"#0"}}}],"gui_light":"front","display":{"thirdperson_righthand":{"rotation":[0,90,0],"translation":[1.75,5,2.5],"scale":[0.91,0.91,0.91]},"thirdperson_lefthand":{"rotation":[0,90,0],"translation":[1.75,5,2.5],"scale":[0.91,0.91,0.91]},"firstperson_righthand":{"rotation":[-180,0,-180],"translation":[8.75,4.25,-9.5],"scale":[1.23,1.23,1.23]},"firstperson_lefthand":{"rotation":[-180,0,-180],"translation":[8.75,4.25,-9.5],"scale":[1.23,1.23,1.23]},"ground":{"translation":[0,17,-2.75],"scale":[0.95563,0.95563,0.95563]},"gui":{"translation":[0,3.25,0],"scale":[0.61469,0.61469,0.61469]},"head":{"rotation":[0,0,19.5],"translation":[-3,-10.75,8],"scale":[0,0,0]},"fixed":{"translation":[0,14.5,-0.75],"scale":[1.8,1.8,1.8]}},"groups":[{"name":"shield","origin":[8,3.25,8],"color":0,"children":[0,1,2,3,4,5,6,7,8,9,10,11,12,13,14,15,16,17,18,19,20,21,22,23,24,25,26,27,28,29,30,31,32,33,34,35,36,37]}]}