{
	"credit": "MadewithBlockbench",
	"textures": {
		"0": "elitecreatures:pink_legacy_animated_weapon_set/texture",
		"1": "elitecreatures:pink_legacy_animated_weapon_set/eff_01",
		"2": "elitecreatures:pink_legacy_animated_weapon_set/eff_02",
		"3": "elitecreatures:pink_legacy_animated_weapon_set/eff_03",
		"4": "elitecreatures:pink_legacy_animated_weapon_set/eff_05",
		"particle": "elitecreatures:pink_legacy_animated_weapon_set/texture"
	},
	"elements": [
		{
			"name": "eff",
			"from": [7.5, 7.26, 7.75],
			"to": [26.5, 26.26, 7.75],
			"rotation": {"angle": 45, "axis": "z", "origin": [17, 16.76, 8]},
			"faces": {
				"north": {"uv": [16, 16, 0, 0], "rotation": 90, "texture": "#1"},
				"east": {"uv": [0, 0, 3.8, 0], "rotation": 270, "texture": "#1"},
				"south": {"uv": [0, 16, 16, 0], "rotation": 270, "texture": "#1"},
				"west": {"uv": [0, 0, 3.8, 0], "rotation": 270, "texture": "#1"},
				"up": {"uv": [0, 3.6, 0, 0], "rotation": 270, "texture": "#1"},
				"down": {"uv": [0, 3.6, 0, 0], "rotation": 270, "texture": "#1"}
			}
		},
		{
			"name": "eff",
			"from": [10.5, 5.26, 8.25],
			"to": [29.5, 24.26, 8.25],
			"rotation": {"angle": 0, "axis": "z", "origin": [20, 14.76, 8]},
			"faces": {
				"north": {"uv": [0, 0, 16, 16], "texture": "#4"},
				"east": {"uv": [0, 0, 3.8, 0], "rotation": 270, "texture": "#4"},
				"south": {"uv": [16, 0, 0, 16], "texture": "#4"},
				"west": {"uv": [0, 0, 3.8, 0], "rotation": 270, "texture": "#4"},
				"up": {"uv": [0, 3.6, 0, 0], "rotation": 270, "texture": "#4"},
				"down": {"uv": [0, 3.6, 0, 0], "rotation": 270, "texture": "#4"}
			}
		},
		{
			"name": "eff",
			"from": [7.5, -0.74, 7.75],
			"to": [22.5, 14.26, 7.75],
			"rotation": {"angle": -45, "axis": "z", "origin": [15, 6.76, 7.75]},
			"faces": {
				"north": {"uv": [0, 0, 16, 16], "texture": "#4"},
				"east": {"uv": [0, 0, 3.8, 0], "rotation": 270, "texture": "#4"},
				"south": {"uv": [16, 0, 0, 16], "texture": "#4"},
				"west": {"uv": [0, 0, 3.8, 0], "rotation": 270, "texture": "#4"},
				"up": {"uv": [0, 3.6, 0, 0], "rotation": 270, "texture": "#4"},
				"down": {"uv": [0, 3.6, 0, 0], "rotation": 270, "texture": "#4"}
			}
		},
		{
			"name": "eff",
			"from": [-6.5, -0.74, 7.75],
			"to": [8.5, 14.26, 7.75],
			"rotation": {"angle": 45, "axis": "z", "origin": [1, 6.76, 7.75]},
			"faces": {
				"north": {"uv": [16, 0, 0, 16], "texture": "#4"},
				"east": {"uv": [0, 0, 3.8, 0], "rotation": 270, "texture": "#4"},
				"south": {"uv": [0, 0, 16, 16], "texture": "#4"},
				"west": {"uv": [0, 0, 3.8, 0], "rotation": 270, "texture": "#4"},
				"up": {"uv": [0, 0, 0, 3.6], "rotation": 270, "texture": "#4"},
				"down": {"uv": [0, 0, 0, 3.6], "rotation": 270, "texture": "#4"}
			}
		},
		{
			"name": "eff",
			"from": [-13.5, 5.26, 8.25],
			"to": [5.5, 24.26, 8.25],
			"rotation": {"angle": 0, "axis": "z", "origin": [-4, 14.76, 8]},
			"faces": {
				"north": {"uv": [16, 0, 0, 16], "texture": "#4"},
				"east": {"uv": [0, 0, 3.8, 0], "rotation": 270, "texture": "#4"},
				"south": {"uv": [0, 0, 16, 16], "texture": "#4"},
				"west": {"uv": [0, 0, 3.8, 0], "rotation": 270, "texture": "#4"},
				"up": {"uv": [0, 0, 0, 3.6], "rotation": 270, "texture": "#4"},
				"down": {"uv": [0, 0, 0, 3.6], "rotation": 270, "texture": "#4"}
			}
		},
		{
			"name": "eff",
			"from": [-10.5, 7.26, 7.75],
			"to": [8.5, 26.26, 7.75],
			"rotation": {"angle": -45, "axis": "z", "origin": [-1, 16.76, 8]},
			"faces": {
				"north": {"uv": [16, 0, 0, 16], "rotation": 90, "texture": "#1"},
				"east": {"uv": [0, 0, 3.8, 0], "rotation": 270, "texture": "#1"},
				"south": {"uv": [0, 0, 16, 16], "rotation": 270, "texture": "#1"},
				"west": {"uv": [0, 0, 3.8, 0], "rotation": 270, "texture": "#1"},
				"up": {"uv": [0, 0, 0, 3.6], "rotation": 270, "texture": "#1"},
				"down": {"uv": [0, 0, 0, 3.6], "rotation": 270, "texture": "#1"}
			}
		},
		{
			"from": [-2.28, 7.2485, 8],
			"to": [7.27, 16.2185, 8],
			"rotation": {"angle": 0, "axis": "y", "origin": [8, 13.56264, 8.0025]},
			"faces": {
				"north": {"uv": [2.83, 3.6, 6.6, 0], "rotation": 180, "texture": "#0"},
				"east": {"uv": [0, 3.6, 0, 0], "rotation": 180, "texture": "#0"},
				"south": {"uv": [6.6, 3.6, 2.83, 0], "rotation": 180, "texture": "#0"},
				"west": {"uv": [0, 3.6, 0, 0], "rotation": 180, "texture": "#0"},
				"up": {"uv": [3.8, 0, 0, 0], "rotation": 180, "texture": "#0"},
				"down": {"uv": [3.8, 0, 0, 0], "rotation": 180, "texture": "#0"}
			}
		},
		{
			"from": [8.73, 7.2485, 8],
			"to": [18.28, 16.2185, 8],
			"rotation": {"angle": 0, "axis": "y", "origin": [8, 13.56264, 8.0025]},
			"faces": {
				"north": {"uv": [6.6, 3.6, 2.83, 0], "rotation": 180, "texture": "#0"},
				"east": {"uv": [0, 3.6, 0, 0], "rotation": 180, "texture": "#0"},
				"south": {"uv": [2.83, 3.6, 6.6, 0], "rotation": 180, "texture": "#0"},
				"west": {"uv": [0, 3.6, 0, 0], "rotation": 180, "texture": "#0"},
				"up": {"uv": [0, 0, 3.8, 0], "rotation": 180, "texture": "#0"},
				"down": {"uv": [0, 0, 3.8, 0], "rotation": 180, "texture": "#0"}
			}
		},
		{
			"from": [6.5, 12.9985, 7.75],
			"to": [15.5, 21.9985, 7.75],
			"rotation": {"angle": 0, "axis": "y", "origin": [8, 13.56264, 8.0025]},
			"faces": {
				"north": {"uv": [16, 16, 0, 0], "rotation": 180, "texture": "#2"},
				"east": {"uv": [0, 3.6, 0, 0], "rotation": 180, "texture": "#2"},
				"south": {"uv": [0, 16, 16, 0], "rotation": 180, "texture": "#2"},
				"west": {"uv": [0, 3.6, 0, 0], "rotation": 180, "texture": "#2"},
				"up": {"uv": [0, 0, 3.8, 0], "rotation": 180, "texture": "#2"},
				"down": {"uv": [0, 0, 3.8, 0], "rotation": 180, "texture": "#2"}
			}
		},
		{
			"from": [0.5, 12.9985, 7.75],
			"to": [9.5, 21.9985, 7.75],
			"rotation": {"angle": 0, "axis": "y", "origin": [8, 13.56264, 8.0025]},
			"faces": {
				"north": {"uv": [0, 16, 16, 0], "rotation": 180, "texture": "#2"},
				"east": {"uv": [0, 3.6, 0, 0], "rotation": 180, "texture": "#2"},
				"south": {"uv": [16, 16, 0, 0], "rotation": 180, "texture": "#2"},
				"west": {"uv": [0, 3.6, 0, 0], "rotation": 180, "texture": "#2"},
				"up": {"uv": [3.8, 0, 0, 0], "rotation": 180, "texture": "#2"},
				"down": {"uv": [3.8, 0, 0, 0], "rotation": 180, "texture": "#2"}
			}
		},
		{
			"from": [-0.5, 8.4985, 7.75],
			"to": [6.5, 15.4985, 7.75],
			"rotation": {"angle": 0, "axis": "y", "origin": [8, 13.56264, 8.0025]},
			"faces": {
				"north": {"uv": [16, 0, 0, 16], "rotation": 90, "texture": "#3"},
				"east": {"uv": [0, 0, 3.8, 0], "rotation": 270, "texture": "#3"},
				"south": {"uv": [0, 0, 16, 16], "rotation": 270, "texture": "#3"},
				"west": {"uv": [0, 0, 3.8, 0], "rotation": 270, "texture": "#3"},
				"up": {"uv": [0, 0, 0, 3.6], "rotation": 270, "texture": "#3"},
				"down": {"uv": [0, 0, 0, 3.6], "rotation": 270, "texture": "#3"}
			}
		},
		{
			"from": [9.5, 8.4985, 7.75],
			"to": [16.5, 15.4985, 7.75],
			"rotation": {"angle": 0, "axis": "y", "origin": [8, 13.56264, 8.0025]},
			"faces": {
				"north": {"uv": [16, 16, 0, 0], "rotation": 90, "texture": "#3"},
				"east": {"uv": [0, 0, 3.8, 0], "rotation": 270, "texture": "#3"},
				"south": {"uv": [0, 16, 16, 0], "rotation": 270, "texture": "#3"},
				"west": {"uv": [0, 0, 3.8, 0], "rotation": 270, "texture": "#3"},
				"up": {"uv": [0, 3.6, 0, 0], "rotation": 270, "texture": "#3"},
				"down": {"uv": [0, 3.6, 0, 0], "rotation": 270, "texture": "#3"}
			}
		},
		{
			"from": [6.49534, 12.06504, 7.4625],
			"to": [9.19534, 14.76504, 8.5475],
			"rotation": {"angle": 45, "axis": "z", "origin": [8, 13.56264, 8.0025]},
			"faces": {
				"north": {"uv": [10.3, 0, 9.2, 1.1], "rotation": 270, "texture": "#0"},
				"east": {"uv": [11.6, 4.4, 12.7, 4], "rotation": 90, "texture": "#0"},
				"south": {"uv": [9.2, 0, 10.3, 1.1], "rotation": 90, "texture": "#0"},
				"west": {"uv": [12, 0, 13.1, 0.4], "rotation": 90, "texture": "#0"},
				"up": {"uv": [12, 10, 11.6, 11.1], "rotation": 90, "texture": "#0"},
				"down": {"uv": [12, 11.2, 11.6, 12.3], "rotation": 90, "texture": "#0"}
			}
		},
		{
			"from": [6.75, 12.09891, 7.4825],
			"to": [9.25, 14.59891, 8.5175],
			"rotation": {"angle": 0, "axis": "y", "origin": [8, 13.56264, 8.0025]},
			"faces": {
				"north": {"uv": [9.2, 2.3, 10.2, 1.2], "rotation": 180, "texture": "#0"},
				"east": {"uv": [12.7, 11.8, 12.8, 10.7], "rotation": 180, "texture": "#0"},
				"south": {"uv": [9.2, 2.3, 10.2, 1.2], "rotation": 180, "texture": "#0"},
				"west": {"uv": [12.7, 11.8, 12.8, 10.7], "rotation": 180, "texture": "#0"},
				"up": {"uv": [13.2, 3.8, 12.3, 3.9], "rotation": 180, "texture": "#0"},
				"down": {"uv": [13.2, 1.1, 12.5, 1], "rotation": 180, "texture": "#0"}
			}
		},
		{
			"from": [7.2125, 10.4585, 7.2125],
			"to": [8.7875, 12.3485, 8.7875],
			"rotation": {"angle": 0, "axis": "y", "origin": [8, 13.56264, 8.0025]},
			"faces": {
				"north": {"uv": [8.4, 12, 9, 11.2], "rotation": 180, "texture": "#0"},
				"east": {"uv": [11.6, 3.2, 12.2, 2.4], "rotation": 180, "texture": "#0"},
				"south": {"uv": [10.8, 12, 11.4, 11.2], "rotation": 180, "texture": "#0"},
				"west": {"uv": [9.2, 12, 9.8, 11.2], "rotation": 180, "texture": "#0"},
				"up": {"uv": [12.6, 6, 12, 6.6], "rotation": 180, "texture": "#0"},
				"down": {"uv": [7.4, 12.6, 6.8, 12], "rotation": 180, "texture": "#0"}
			}
		},
		{
			"from": [12.62825, 12.4424, 7.51],
			"to": [14.42825, 13.1174, 8.5],
			"rotation": {"angle": 22.5, "axis": "z", "origin": [8, 13.56264, 8.0025]},
			"faces": {
				"north": {"uv": [13.6, 4.3, 14.3, 4], "rotation": 180, "texture": "#0"},
				"east": {"uv": [10, 14.7, 10.4, 14.4], "rotation": 180, "texture": "#0"},
				"south": {"uv": [13.6, 4.7, 14.3, 4.4], "rotation": 180, "texture": "#0"},
				"west": {"uv": [14.4, 9.9, 14.8, 9.6], "rotation": 180, "texture": "#0"},
				"up": {"uv": [13.5, 10, 12.8, 10.4], "rotation": 180, "texture": "#0"},
				"down": {"uv": [13.5, 10.8, 12.8, 10.4], "rotation": 180, "texture": "#0"}
			}
		},
		{
			"from": [7.1288, 7.85519, 7.51],
			"to": [7.8038, 9.20519, 8.5],
			"rotation": {"angle": 45, "axis": "z", "origin": [8, 13.56264, 8.0025]},
			"faces": {
				"north": {"uv": [14.9, 6.4, 14.4, 6.7], "rotation": 270, "texture": "#0"},
				"east": {"uv": [5.6, 14.4, 6.1, 14], "rotation": 90, "texture": "#0"},
				"south": {"uv": [7.7, 14.4, 7.2, 14.7], "rotation": 90, "texture": "#0"},
				"west": {"uv": [14, 5.6, 14.5, 6], "rotation": 90, "texture": "#0"},
				"up": {"uv": [11.6, 14.4, 11.2, 14.7], "rotation": 90, "texture": "#0"},
				"down": {"uv": [12, 14.4, 11.6, 14.7], "rotation": 90, "texture": "#0"}
			}
		},
		{
			"from": [7.1288, 9.20519, 7.51],
			"to": [8.2538, 11.00519, 8.5],
			"rotation": {"angle": 45, "axis": "z", "origin": [8, 13.56264, 8.0025]},
			"faces": {
				"north": {"uv": [13.1, 3.2, 12.4, 3.7], "rotation": 270, "texture": "#0"},
				"east": {"uv": [12.8, 11.6, 13.5, 11.2], "rotation": 90, "texture": "#0"},
				"south": {"uv": [5.5, 12.4, 4.8, 12.9], "rotation": 90, "texture": "#0"},
				"west": {"uv": [12.8, 11.6, 13.5, 12], "rotation": 90, "texture": "#0"},
				"up": {"uv": [4.4, 14, 4, 14.5], "rotation": 90, "texture": "#0"},
				"down": {"uv": [14.4, 6, 14, 6.5], "rotation": 90, "texture": "#0"}
			}
		},
		{
			"from": [9.02825, 12.4424, 7.51],
			"to": [12.62825, 13.7924, 8.5],
			"rotation": {"angle": 22.5, "axis": "z", "origin": [8, 13.56264, 8.0025]},
			"faces": {
				"north": {"uv": [9.6, 4.9, 11, 4.4], "rotation": 180, "texture": "#0"},
				"east": {"uv": [6.8, 14.5, 7.2, 14], "rotation": 180, "texture": "#0"},
				"south": {"uv": [9.6, 5.7, 11, 5.2], "rotation": 180, "texture": "#0"},
				"west": {"uv": [6.4, 14.5, 6.8, 14], "rotation": 180, "texture": "#0"},
				"up": {"uv": [11.8, 1.6, 10.4, 2], "rotation": 180, "texture": "#0"},
				"down": {"uv": [11.8, 2.4, 10.4, 2], "rotation": 180, "texture": "#0"}
			}
		},
		{
			"from": [7.42182, 10.69097, 7.33],
			"to": [9.44682, 12.49097, 8.68],
			"rotation": {"angle": 22.5, "axis": "z", "origin": [8, 13.56264, 8.0025]},
			"faces": {
				"north": {"uv": [10.4, 6.7, 11.2, 6], "rotation": 180, "texture": "#0"},
				"east": {"uv": [12.4, 8.3, 12.9, 7.6], "rotation": 180, "texture": "#0"},
				"south": {"uv": [10.4, 7.5, 11.2, 6.8], "rotation": 180, "texture": "#0"},
				"west": {"uv": [5.6, 13.1, 6.1, 12.4], "rotation": 180, "texture": "#0"},
				"up": {"uv": [12.8, 4.4, 12, 4.9], "rotation": 180, "texture": "#0"},
				"down": {"uv": [12.8, 5.7, 12, 5.2], "rotation": 180, "texture": "#0"}
			}
		},
		{
			"from": [9.45805, 12.66189, 7.555],
			"to": [10.80805, 15.36189, 8.455],
			"rotation": {"angle": -22.5, "axis": "z", "origin": [8, 13.56264, 8.0025]},
			"faces": {
				"north": {"uv": [7.6, 11.9, 8.1, 10.8], "rotation": 180, "texture": "#0"},
				"east": {"uv": [3.6, 13.1, 4, 12], "rotation": 180, "texture": "#0"},
				"south": {"uv": [10.8, 8.7, 11.3, 7.6], "rotation": 180, "texture": "#0"},
				"west": {"uv": [3.2, 13.1, 3.6, 12], "rotation": 180, "texture": "#0"},
				"up": {"uv": [14.5, 6.8, 14, 7.2], "rotation": 180, "texture": "#0"},
				"down": {"uv": [7.7, 14.4, 7.2, 14], "rotation": 180, "texture": "#0"}
			}
		},
		{
			"from": [6.85, 10.89891, 7.0825],
			"to": [9.15, 13.19891, 8.9175],
			"rotation": {"angle": 0, "axis": "y", "origin": [8, 13.56264, 8.0025]},
			"faces": {
				"north": {"uv": [10.7, 10.3, 11.5, 9.5], "rotation": 180, "texture": "#0"},
				"east": {"uv": [12.7, 11.8, 12.8, 10.7], "rotation": 180, "texture": "#0"},
				"south": {"uv": [10.7, 10.3, 11.5, 9.5], "rotation": 180, "texture": "#0"},
				"west": {"uv": [12.7, 11.8, 12.8, 10.7], "rotation": 180, "texture": "#0"},
				"up": {"uv": [13.2, 3.8, 12.3, 3.9], "rotation": 180, "texture": "#0"},
				"down": {"uv": [13.2, 1.1, 12.5, 1], "rotation": 180, "texture": "#0"}
			}
		},
		{
			"from": [5.9152, 11.48492, 7.005],
			"to": [7.9152, 13.48492, 9.005],
			"rotation": {"angle": 45, "axis": "z", "origin": [8, 13.56264, 8.0025]},
			"faces": {
				"north": {"uv": [11.5, 4.3, 10.8, 3.6], "rotation": 180, "texture": "#0"},
				"east": {"uv": [11.5, 10.4, 10.8, 11.1], "rotation": 180, "texture": "#0"},
				"south": {"uv": [10.8, 4.3, 11.5, 3.6], "rotation": 180, "texture": "#0"},
				"west": {"uv": [10.8, 9.5, 11.5, 8.8], "rotation": 180, "texture": "#0"},
				"up": {"uv": [11.2, 0.7, 11.9, 0], "rotation": 180, "texture": "#0"},
				"down": {"uv": [2.8, 11.9, 3.5, 11.2], "rotation": 180, "texture": "#0"}
			}
		},
		{
			"from": [9.42218, 8.62794, 7.775],
			"to": [10.77218, 9.97794, 8.225],
			"rotation": {"angle": 45, "axis": "z", "origin": [8, 13.56264, 8.0025]},
			"faces": {
				"north": {"uv": [12.9, 13.2, 12.4, 13.7], "rotation": 270, "texture": "#0"},
				"east": {"uv": [14.8, 2.2, 15.3, 2], "rotation": 90, "texture": "#0"},
				"south": {"uv": [13.7, 12.4, 13.2, 12.9], "rotation": 90, "texture": "#0"},
				"west": {"uv": [2.4, 14.8, 2.9, 15], "rotation": 90, "texture": "#0"},
				"up": {"uv": [15, 0.4, 14.8, 0.9], "rotation": 90, "texture": "#0"},
				"down": {"uv": [15, 1.2, 14.8, 1.7], "rotation": 90, "texture": "#0"}
			}
		},
		{
			"from": [1.57175, 12.4424, 7.51],
			"to": [3.37175, 13.1174, 8.5],
			"rotation": {"angle": -22.5, "axis": "z", "origin": [8, 13.56264, 8.0025]},
			"faces": {
				"north": {"uv": [14.3, 4.3, 13.6, 4], "rotation": 180, "texture": "#0"},
				"east": {"uv": [14.8, 9.9, 14.4, 9.6], "rotation": 180, "texture": "#0"},
				"south": {"uv": [14.3, 4.7, 13.6, 4.4], "rotation": 180, "texture": "#0"},
				"west": {"uv": [10.4, 14.7, 10, 14.4], "rotation": 180, "texture": "#0"},
				"up": {"uv": [12.8, 10, 13.5, 10.4], "rotation": 180, "texture": "#0"},
				"down": {"uv": [12.8, 10.8, 13.5, 10.4], "rotation": 180, "texture": "#0"}
			}
		},
		{
			"from": [3.37175, 12.4424, 7.51],
			"to": [6.97175, 13.7924, 8.5],
			"rotation": {"angle": -22.5, "axis": "z", "origin": [8, 13.56264, 8.0025]},
			"faces": {
				"north": {"uv": [11, 4.9, 9.6, 4.4], "rotation": 180, "texture": "#0"},
				"east": {"uv": [6.8, 14.5, 6.4, 14], "rotation": 180, "texture": "#0"},
				"south": {"uv": [11, 5.7, 9.6, 5.2], "rotation": 180, "texture": "#0"},
				"west": {"uv": [7.2, 14.5, 6.8, 14], "rotation": 180, "texture": "#0"},
				"up": {"uv": [10.4, 1.6, 11.8, 2], "rotation": 180, "texture": "#0"},
				"down": {"uv": [10.4, 2.4, 11.8, 2], "rotation": 180, "texture": "#0"}
			}
		},
		{
			"from": [3.06529, 14.98483, 7.775],
			"to": [4.41529, 16.33483, 8.225],
			"rotation": {"angle": 45, "axis": "z", "origin": [8, 13.56264, 8.0025]},
			"faces": {
				"north": {"uv": [12.9, 13.7, 12.4, 13.2], "rotation": 180, "texture": "#0"},
				"east": {"uv": [15, 0.9, 14.8, 0.4], "rotation": 180, "texture": "#0"},
				"south": {"uv": [13.7, 12.9, 13.2, 12.4], "rotation": 180, "texture": "#0"},
				"west": {"uv": [15, 1.7, 14.8, 1.2], "rotation": 180, "texture": "#0"},
				"up": {"uv": [14.8, 2, 15.3, 2.2], "rotation": 180, "texture": "#0"},
				"down": {"uv": [2.4, 15, 2.9, 14.8], "rotation": 180, "texture": "#0"}
			}
		},
		{
			"from": [3.64255, 12.69144, 7.51],
			"to": [5.44255, 13.81644, 8.5],
			"rotation": {"angle": 45, "axis": "z", "origin": [8, 13.56264, 8.0025]},
			"faces": {
				"north": {"uv": [13.1, 3.7, 12.4, 3.2], "rotation": 180, "texture": "#0"},
				"east": {"uv": [4.4, 14.5, 4, 14], "rotation": 180, "texture": "#0"},
				"south": {"uv": [5.5, 12.9, 4.8, 12.4], "rotation": 180, "texture": "#0"},
				"west": {"uv": [14.4, 6.5, 14, 6], "rotation": 180, "texture": "#0"},
				"up": {"uv": [12.8, 11.2, 13.5, 11.6], "rotation": 180, "texture": "#0"},
				"down": {"uv": [12.8, 12, 13.5, 11.6], "rotation": 180, "texture": "#0"}
			}
		},
		{
			"from": [2.29255, 12.69144, 7.51],
			"to": [3.64255, 13.36644, 8.5],
			"rotation": {"angle": 45, "axis": "z", "origin": [8, 13.56264, 8.0025]},
			"faces": {
				"north": {"uv": [14.9, 6.7, 14.4, 6.4], "rotation": 180, "texture": "#0"},
				"east": {"uv": [11.6, 14.7, 11.2, 14.4], "rotation": 180, "texture": "#0"},
				"south": {"uv": [7.7, 14.7, 7.2, 14.4], "rotation": 180, "texture": "#0"},
				"west": {"uv": [12, 14.7, 11.6, 14.4], "rotation": 180, "texture": "#0"},
				"up": {"uv": [5.6, 14, 6.1, 14.4], "rotation": 180, "texture": "#0"},
				"down": {"uv": [14, 6, 14.5, 5.6], "rotation": 180, "texture": "#0"}
			}
		},
		{
			"from": [5.19195, 12.66189, 7.555],
			"to": [6.54195, 15.36189, 8.455],
			"rotation": {"angle": 22.5, "axis": "z", "origin": [8, 13.56264, 8.0025]},
			"faces": {
				"north": {"uv": [8.1, 11.9, 7.6, 10.8], "rotation": 180, "texture": "#0"},
				"east": {"uv": [3.6, 13.1, 3.2, 12], "rotation": 180, "texture": "#0"},
				"south": {"uv": [11.3, 8.7, 10.8, 7.6], "rotation": 180, "texture": "#0"},
				"west": {"uv": [4, 13.1, 3.6, 12], "rotation": 180, "texture": "#0"},
				"up": {"uv": [14, 6.8, 14.5, 7.2], "rotation": 180, "texture": "#0"},
				"down": {"uv": [7.2, 14.4, 7.7, 14], "rotation": 180, "texture": "#0"}
			}
		},
		{
			"from": [6.55318, 10.69097, 7.33],
			"to": [8.57818, 12.49097, 8.68],
			"rotation": {"angle": -22.5, "axis": "z", "origin": [8, 13.56264, 8.0025]},
			"faces": {
				"north": {"uv": [11.2, 6.7, 10.4, 6], "rotation": 180, "texture": "#0"},
				"east": {"uv": [6.1, 13.1, 5.6, 12.4], "rotation": 180, "texture": "#0"},
				"south": {"uv": [11.2, 7.5, 10.4, 6.8], "rotation": 180, "texture": "#0"},
				"west": {"uv": [12.9, 8.3, 12.4, 7.6], "rotation": 180, "texture": "#0"},
				"up": {"uv": [12, 4.4, 12.8, 4.9], "rotation": 180, "texture": "#0"},
				"down": {"uv": [12, 5.7, 12.8, 5.2], "rotation": 180, "texture": "#0"}
			}
		}
	],
	"gui_light": "front",
	"display": {
		"thirdperson_righthand": {
			"rotation": [67.5, 0, 0],
			"translation": [0, 0, -0.75],
			"scale": [0.47, 0.47, 0.47]
		},
		"thirdperson_lefthand": {
			"rotation": [67.5, 0, 0],
			"translation": [-6, -9, 2.25],
			"scale": [1.68, 1.68, 1.68]
		},
		"firstperson_righthand": {
			"translation": [2.25, 0.75, 0],
			"scale": [0.44547, 0.44547, 0.44547]
		},
		"firstperson_lefthand": {
			"scale": [0, 0, 0]
		},
		"ground": {
			"translation": [0, 8, 0],
			"scale": [1.02984, 1.02984, 1.02984]
		},
		"gui": {
			"translation": [0, -2.25, 0],
			"scale": [0.35477, 0.35477, 0.35477]
		},
		"head": {
			"translation": [0, -24.5, 7.5],
			"scale": [0, 0, 0]
		},
		"fixed": {
			"translation": [0, -6, -2.5],
			"scale": [2.53953, 2.53953, 2.53953]
		}
	},
	"groups": [
		{
			"name": "wings",
			"origin": [8, 3.25, 8],
			"color": 0,
			"children": [0, 1, 2, 3, 4, 5, 6, 7, 8, 9, 10, 11, 12, 13, 14, 15, 16, 17, 18, 19, 20, 21, 22, 23, 24, 25, 26, 27, 28, 29, 30]
		}
	]
}