{
   "providers":[
      {
         "file":"serverglyphs:ranks/helper.png",
         "chars":[
            ""
         ],
         "height":9,
         "ascent":8,
         "type":"bitmap"
      },
      {
         "file":"serverglyphs:ranks/mod.png",
         "chars":[
            ""
         ],
         "height":9,
         "ascent":8,
         "type":"bitmap"
      },
      {
         "file":"serverglyphs:ranks/srmodtag.png",
         "chars":[
            ""
         ],
         "height":9,
         "ascent":8,
         "type":"bitmap"
      },
      {
         "chars":[
            ""
         ],
         "file":"serverglyphs:ranks/admin.png",
         "ascent":8,
         "height":9,
         "type":"bitmap"
      },
      {
         "file":"serverglyphs:ranks/sradmintag.png",
         "chars":[
            ""
         ],
         "height":9,
         "ascent":8,
         "type":"bitmap"
      },
      {
         "file":"serverglyphs:ranks/managertag.png",
         "chars":[
            ""
         ],
         "height":9,
         "ascent":8,
         "type":"bitmap"
      },
      {
         "file":"serverglyphs:ranks/srmanagertag.png",
         "chars":[
            ""
         ],
         "height":9,
         "ascent":8,
         "type":"bitmap"
      },
      {
         "chars":[
            ""
         ],
         "file":"serverglyphs:ranks/developer.png",
         "ascent":8,
         "height":9,
         "type":"bitmap"
      },
      {
         "file":"serverglyphs:ranks/co-owner.png",
         "chars":[
            ""
         ],
         "height":9,
         "ascent":8,
         "type":"bitmap"
      },
      {
         "file":"serverglyphs:ranks/owner.png",
         "chars":[
            ""
         ],
         "height":9,
         "ascent":8,
         "type":"bitmap"
      },
      {
         "file":"serverglyphs:ranks/superior_blue.png",
         "chars":[
            ""
         ],
         "height":9,
         "ascent":8,
         "type":"bitmap"
      },
      {
         "file":"serverglyphs:ranks/superior_cyan.png",
         "chars":[
            ""
         ],
         "height":9,
         "ascent":8,
         "type":"bitmap"
      },
      {
         "file":"serverglyphs:ranks/superior_green.png",
         "chars":[
            ""
         ],
         "height":9,
         "ascent":8,
         "type":"bitmap"
      },
      {
         "file":"serverglyphs:ranks/superior_lime.png",
         "chars":[
            ""
         ],
         "height":9,
         "ascent":8,
         "type":"bitmap"
      },
      {
         "file":"serverglyphs:ranks/superior_magenta.png",
         "chars":[
            ""
         ],
         "height":9,
         "ascent":8,
         "type":"bitmap"
      },
      {
         "file":"serverglyphs:ranks/superior_orange.png",
         "chars":[
            ""
         ],
         "height":9,
         "ascent":8,
         "type":"bitmap"
      },
      {
         "file":"serverglyphs:ranks/superior_pink.png",
         "chars":[
            ""
         ],
         "height":9,
         "ascent":8,
         "type":"bitmap"
      },
      {
         "file":"serverglyphs:ranks/superior_purple.png",
         "chars":[
            ""
         ],
         "height":9,
         "ascent":8,
         "type":"bitmap"
      },
      {
         "file":"serverglyphs:ranks/superior_rainbow.png",
         "chars":[
            ""
         ],
         "height":9,
         "ascent":8,
         "type":"bitmap"
      },
      {
         "file":"serverglyphs:ranks/superior_red.png",
         "chars":[
            ""
         ],
         "height":9,
         "ascent":8,
         "type":"bitmap"
      },
      {
         "file":"serverglyphs:ranks/superior_yellow.png",
         "chars":[
            ""
         ],
         "height":9,
         "ascent":8,
         "type":"bitmap"
      },
      {
         "file":"serverglyphs:ranks/superior_icon.png",
         "chars":[
            ""
         ],
         "ascent":8,
         "height":9,
         "type":"bitmap"
      },
      {
         "file":"serverglyphs:ranks/sponsor_tag.png",
         "chars":[
            ""
         ],
         "height":9,
         "ascent":8,
         "type":"bitmap"
      },
      {
         "file":"serverglyphs:ranks/sponsor_icon.png",
         "chars":[
            ""
         ],
         "ascent":8,
         "height":9,
         "type":"bitmap"
      },
      {
         "file":"serverglyphs:ranks/emerald_tag.png",
         "chars":[
            ""
         ],
         "ascent":8,
         "height":9,
         "type":"bitmap"
      },
      {
         "file":"serverglyphs:ranks/emerald_icon.png",
         "chars":[
            ""
         ],
         "ascent":8,
         "height":9,
         "type":"bitmap"
      },
      {
         "file":"serverglyphs:ranks/diamond_icon.png",
         "chars":[
            ""
         ],
         "ascent":8,
         "height":9,
         "type":"bitmap"
      },
      {
         "file":"serverglyphs:ranks/diamond_tag.png",
         "chars":[
            ""
         ],
         "ascent":8,
         "height":9,
         "type":"bitmap"
      },
      {
         "file":"serverglyphs:ranks/gold_icon.png",
         "chars":[
            ""
         ],
         "ascent":8,
         "height":9,
         "type":"bitmap"
      },
      {
         "file":"serverglyphs:ranks/gold_tag.png",
         "chars":[
            ""
         ],
         "ascent":8,
         "height":9,
         "type":"bitmap"
      },
      {
         "file":"serverglyphs:ranks/iron_icon.png",
         "chars":[
            ""
         ],
         "ascent":8,
         "height":9,
         "type":"bitmap"
      },
      {
         "file":"serverglyphs:ranks/iron_tag.png",
         "chars":[
            ""
         ],
         "ascent":8,
         "height":9,
         "type":"bitmap"
      },
      {
         "file":"serverglyphs:ranks/coal_icon.png",
         "chars":[
            ""
         ],
         "ascent":8,
         "height":9,
         "type":"bitmap"
      },
      {
         "file":"serverglyphs:ranks/coal_tag.png",
         "chars":[
            ""
         ],
         "ascent":8,
         "height":9,
         "type":"bitmap"
      },
      {
         "file":"serverglyphs:ranks/sandwich_icon.png",
         "chars":[
            ""
         ],
         "ascent":8,
         "height":9,
         "type":"bitmap"
      },
      {
         "file":"serverglyphs:ranks/sandwich_tag.png",
         "chars":[
            ""
         ],
         "ascent":8,
         "height":9,
         "type":"bitmap"
      },
      {
         "file":"serverglyphs:ranks/player_icon.png",
         "chars":[
            ""
         ],
         "ascent":8,
         "height":9,
         "type":"bitmap"
      },
      {
         "file":"serverglyphs:ranks/player_tag.png",
         "chars":[
            ""
         ],
         "height":9,
         "ascent":8,
         "type":"bitmap"
      },
      {
         "file":"serverglyphs:logo/logo.png",
         "chars":[
            "パ"
         ],
         "height":32,
         "ascent":17,
         "type":"bitmap"
      },
      {
         "file":"serverglyphs:logo/logo.png",
         "chars":[
            ""
         ],
         "height":32,
         "ascent":17,
         "type":"bitmap"
      },
      {
         "chars":[
            ""
         ],
         "file":"serverglyphs:logo/logo_2.png",
         "ascent":19,
         "height":200,
         "type":"bitmap"
      },
      {
         "type":"bitmap",
         "file":"menus:guis/menus/pixel.png",
         "ascent":-2000,
         "height":-3,
         "chars":[
            "七"
         ]
      },
      {
         "type":"bitmap",
         "file":"menus:guis/menus/coinshop/menu.png",
         "ascent":18,
         "height":115,
         "chars":[
            "︼"
         ]
      },
      {
         "type":"bitmap",
         "file":"menus:guis/menus/coinshop/coinshop.png",
         "ascent":18,
         "height":95,
         "chars":[
            "︽"
         ]
      },
      {
         "type":"bitmap",
         "file":"menus:guis/menus/coinshop/coinshoparrows.png",
         "ascent":18,
         "height":95,
         "chars":[
            "︾"
         ]
      },
      {
         "type":"bitmap",
         "file":"menus:guis/menus/playtimelevels/playtimelevels.png",
         "ascent":31,
         "height":110,
         "chars":[
            "≭"
         ]
      },
      {
         "type":"bitmap",
         "file":"menus:guis/menus/dailyquests/dailyquests.png",
         "ascent":21,
         "height":101,
         "chars":[
            "🎐"
         ]
      },
      {
         "type":"bitmap",
         "file":"menus:guis/menus/quests/questmenu.png",
         "ascent":15,
         "height":130,
         "chars":[
            "⟰"
         ]
      },
      {
         "type":"bitmap",
         "file":"menus:guis/menus/quests/questcategories.png",
         "ascent":17,
         "height":130,
         "chars":[
            "⤋"
         ]
      },
      {
         "type":"bitmap",
         "file":"menus:guis/menus/quests/cancelquest.png",
         "ascent":15,
         "height":76,
         "chars":[
            "⭅"
         ]
      },
      {
         "type":"bitmap",
         "file":"menus:guis/menus/playerwarps/allwarps.png",
         "ascent":18,
         "height":95,
         "chars":[
            "ㅜ"
         ]
      },
      {
         "type":"bitmap",
         "file":"menus:guis/menus/playerwarps/mywarps.png",
         "ascent":18,
         "height":95,
         "chars":[
            "ㅝ"
         ]
      },
      {
         "type":"bitmap",
         "file":"menus:guis/menus/playerwarps/managewarps.png",
         "ascent":16,
         "height":60,
         "chars":[
            "ㅞ"
         ]
      },
      {
         "type":"bitmap",
         "file":"menus:guis/menus/serverguide/serverguide.png",
         "ascent":18,
         "height":95,
         "chars":[
            "🎁"
         ]
      },
      {
         "type":"bitmap",
         "file":"menus:guis/menus/serverguide/serverguideextended.png",
         "ascent":18,
         "height":95,
         "chars":[
            "🎋"
         ]
      },
      {
         "type":"bitmap",
         "file":"menus:guis/menus/warps/warps.png",
         "ascent":33,
         "height":94,
         "chars":[
            "✄"
         ]
      },
      {
         "type":"bitmap",
         "file":"menus:guis/menus/tags/all.png",
         "ascent":18,
         "height":133,
         "chars":[
            "⍪"
         ]
      },
      {
         "type":"bitmap",
         "file":"menus:guis/menus/jobs/miner.png",
         "ascent":13,
         "height":129,
         "chars":[
            "৴"
         ]
      },
      {
         "type":"bitmap",
         "file":"menus:guis/menus/jobs/digger.png",
         "ascent":13,
         "height":129,
         "chars":[
            "৷"
         ]
      },
      {
         "type":"bitmap",
         "file":"menus:guis/menus/jobs/woodcutter.png",
         "ascent":13,
         "height":129,
         "chars":[
            "৹"
         ]
      },
      {
         "type":"bitmap",
         "file":"menus:guis/menus/jobs/farmer.png",
         "ascent":13,
         "height":129,
         "chars":[
            "৶"
         ]
      },
      {
         "type":"bitmap",
         "file":"menus:guis/menus/jobs/hunter.png",
         "ascent":13,
         "height":129,
         "chars":[
            "৺"
         ]
      },
      {
         "type":"bitmap",
         "file":"menus:guis/menus/jobs/fisher.png",
         "ascent":13,
         "height":129,
         "chars":[
            "৵"
         ]
      },
      {
         "type":"bitmap",
         "file":"menus:guis/menus/jobs/builder.png",
         "ascent":13,
         "height":129,
         "chars":[
            "৸"
         ]
      },
      {
         "type":"bitmap",
         "file":"menus:guis/menus/shop/weapons.png",
         "ascent":18,
         "height":133,
         "chars":[
            "⟼"
         ]
      },
      {
         "type":"bitmap",
         "file":"menus:guis/menus/shop/blocks.png",
         "ascent":18,
         "height":133,
         "chars":[
            "⟻"
         ]
      },
      {
         "type":"bitmap",
         "file":"menus:guis/menus/shop/colors.png",
         "ascent":18,
         "height":133,
         "chars":[
            "⤒"
         ]
      },
      {
         "type":"bitmap",
         "file":"menus:guis/menus/shop/decoration.png",
         "ascent":18,
         "height":133,
         "chars":[
            "⤓"
         ]
      },
      {
         "type":"bitmap",
         "file":"menus:guis/menus/shop/mobdrops.png",
         "ascent":18,
         "height":133,
         "chars":[
            "⤙"
         ]
      },
      {
         "type":"bitmap",
         "file":"menus:guis/menus/shop/farming.png",
         "ascent":18,
         "height":133,
         "chars":[
            "⤛"
         ]
      },
      {
         "type":"bitmap",
         "file":"menus:guis/menus/shop/foods.png",
         "ascent":18,
         "height":133,
         "chars":[
            "⤜"
         ]
      },
      {
         "type":"bitmap",
         "file":"menus:guis/menus/shop/minerals.png",
         "ascent":18,
         "height":133,
         "chars":[
            "⥼"
         ]
      },
      {
         "type":"bitmap",
         "file":"menus:guis/menus/shop/redstone.png",
         "ascent":18,
         "height":133,
         "chars":[
            "⥿"
         ]
      },
      {
         "type":"bitmap",
         "file":"menus:guis/menus/shop/tools.png",
         "ascent":18,
         "height":133,
         "chars":[
            "⤼"
         ]
      },
      {
         "type":"bitmap",
         "file":"menus:guis/menus/shop/wood.png",
         "ascent":18,
         "height":133,
         "chars":[
            "⤽"
         ]
      },
      {
         "type":"bitmap",
         "file":"menus:guis/menus/shop/buying.png",
         "ascent":30,
         "height":109,
         "chars":[
            "☍"
         ]
      },
      {
         "type":"bitmap",
         "file":"menus:guis/menus/shop/selling.png",
         "ascent":30,
         "height":109,
         "chars":[
            "☌"
         ]
      },
      {
         "type":"bitmap",
         "file":"menus:guis/menus/shop/misc.png",
         "ascent":18,
         "height":133,
         "chars":[
            "৳"
         ]
      },
      {
         "type":"bitmap",
         "file":"menus:guis/menus/shop/spawners.png",
         "ascent":18,
         "height":133,
         "chars":[
            "⥢"
         ]
      },
      {
         "type":"bitmap",
         "file":"menus:guis/menus/shop/armor.png",
         "ascent":18,
         "height":133,
         "chars":[
            "🌲"
         ]
      },
      {
         "type":"bitmap",
         "file":"menus:guis/menus/shop/utilities.png",
         "ascent":18,
         "height":133,
         "chars":[
            "🌳"
         ]
      },
      {
         "type":"bitmap",
         "file":"menus:guis/menus/shop/potions.png",
         "ascent":18,
         "height":133,
         "chars":[
            "🌰"
         ]
      },
      {
         "type":"bitmap",
         "file":"menus:guis/menus/auction/auctionmain.png",
         "ascent":18,
         "height":113,
         "chars":[
            "ㅫ"
         ]
      },
      {
         "type":"bitmap",
         "file":"menus:guis/menus/auction/expireditems.png",
         "ascent":18,
         "height":95,
         "chars":[
            "⤱"
         ]
      },
      {
         "type":"bitmap",
         "file":"menus:guis/menus/auction/myitems.png",
         "ascent":18,
         "height":95,
         "chars":[
            "⤰"
         ]
      },
      {
         "type":"bitmap",
         "file":"menus:guis/menus/auction/soldandunclaimed.png",
         "ascent":18,
         "height":95,
         "chars":[
            "⤯"
         ]
      },
      {
         "type":"bitmap",
         "file":"menus:guis/menus/auction/category.png",
         "ascent":16,
         "height":60,
         "chars":[
            "⤮"
         ]
      },
      {
         "type":"bitmap",
         "file":"menus:guis/menus/auction/currencyselector.png",
         "ascent":16,
         "height":60,
         "chars":[
            "⤦"
         ]
      },
      {
         "type":"bitmap",
         "file":"menus:guis/menus/earth/earthminingnetherend.png",
         "ascent":22,
         "height":119,
         "chars":[
            "⤾"
         ]
      },
      {
         "type":"bitmap",
         "file":"menus:guis/menus/earth/earthrtp.png",
         "ascent":13,
         "height":107,
         "chars":[
            "⤿"
         ]
      },
      {
         "type":"bitmap",
         "file":"menus:guis/menus/rewards/rewardsnoreferral.png",
         "ascent":25,
         "height":105,
         "chars":[
            "↪"
         ]
      },
      {
         "type":"bitmap",
         "file":"menus:guis/menus/teams/teams.png",
         "ascent":33,
         "height":76,
         "chars":[
            "🎄"
         ]
      },
      {
         "type":"bitmap",
         "file":"menus:guis/menus/kits/kits.png",
         "ascent":14,
         "height":75,
         "chars":[
            "さ"
         ]
      },
      {
         "type":"bitmap",
         "file":"menus:guis/menus/kits/kitsstarter.png",
         "ascent":37,
         "height":98,
         "chars":[
            "し"
         ]
      },
      {
         "type":"bitmap",
         "file":"menus:guis/menus/kits/kitsranked.png",
         "ascent":37,
         "height":98,
         "chars":[
            "ざ"
         ]
      },
      {
         "type":"bitmap",
         "file":"menus:guis/menus/kits/previewduke.png",
         "ascent":36,
         "height":131,
         "chars":[
            "♑"
         ]
      },
      {
         "type":"bitmap",
         "file":"menus:guis/menus/leaderboards/leaderboards.png",
         "ascent":33,
         "height":112,
         "chars":[
            "↩"
         ]
      },
      {
         "chars":[
            ""
         ],
         "file":"menus:guis/icons/staricon.png",
         "ascent":7,
         "height":7,
         "type":"bitmap"
      },
      {
         "chars":[
            ""
         ],
         "file":"menus:guis/icons/coinshop.png",
         "ascent":16,
         "height":16,
         "type":"bitmap"
      },
      {
         "chars":[
            ""
         ],
         "file":"menus:guis/icons/levels.png",
         "ascent":16,
         "height":16,
         "type":"bitmap"
      },
      {
         "chars":[
            ""
         ],
         "file":"menus:guis/icons/pw.png",
         "ascent":16,
         "height":16,
         "type":"bitmap"
      },
      {
         "chars":[
            ""
         ],
         "file":"menus:guis/icons/quests.png",
         "ascent":16,
         "height":16,
         "type":"bitmap"
      },
      {
         "chars":[
            ""
         ],
         "file":"menus:guis/icons/rewards.png",
         "ascent":16,
         "height":16,
         "type":"bitmap"
      },
      {
         "chars":[
            ""
         ],
         "file":"menus:guis/icons/rtp.png",
         "ascent":16,
         "height":16,
         "type":"bitmap"
      },
      {
         "chars":[
            ""
         ],
         "file":"menus:guis/icons/leaderboards.png",
         "ascent":16,
         "height":16,
         "type":"bitmap"
      },
      {
         "chars":[
            ""
         ],
         "file":"menus:guis/icons/levels.png",
         "ascent":16,
         "height":16,
         "type":"bitmap"
      },
      {
         "chars":[
            ""
         ],
         "file":"menus:guis/icons/jobs.png",
         "ascent":16,
         "height":16,
         "type":"bitmap"
      },
      {
         "chars":[
            ""
         ],
         "file":"menus:guis/icons/kits.png",
         "ascent":16,
         "height":16,
         "type":"bitmap"
      },
      {
         "chars":[
            ""
         ],
         "file":"menus:guis/icons/tags.png",
         "ascent":16,
         "height":16,
         "type":"bitmap"
      },
      {
         "chars":[
            ""
         ],
         "file":"menus:guis/icons/teams.png",
         "ascent":16,
         "height":16,
         "type":"bitmap"
      },
      {
         "chars":[
            ""
         ],
         "file":"menus:guis/icons/warps.png",
         "ascent":16,
         "height":16,
         "type":"bitmap"
      },
      {
         "chars":[
            ""
         ],
         "file":"menus:guis/icons/help.png",
         "ascent":16,
         "height":16,
         "type":"bitmap"
      },
      {
         "chars":[
            ""
         ],
         "file":"menus:guis/icons/shop.png",
         "ascent":16,
         "height":16,
         "type":"bitmap"
      },
      {
         "chars":[
            ""
         ],
         "file":"menus:guis/icons/auction.png",
         "ascent":16,
         "height":16,
         "type":"bitmap"
      },
      {
         "chars":[
            ""
         ],
         "file":"menus:guis/icons/skills.png",
         "ascent":16,
         "height":16,
         "type":"bitmap"
      },
      {
         "chars":[
            ""
         ],
         "file":"menus:guis/icons/rtp.png",
         "ascent":16,
         "height":16,
         "type":"bitmap"
      },
      {
         "chars":[
            ""
         ],
         "file":"menus:guis/icons/dailyrewards.png",
         "ascent":16,
         "height":16,
         "type":"bitmap"
      },
      {
         "chars":[
            ""
         ],
         "file":"menus:guis/icons/npc.png",
         "ascent":9,
         "height":16,
         "type":"bitmap"
      },
      {
         "chars":[
            ""
         ],
         "file":"menus:guis/icons/money.png",
         "ascent":7,
         "height":7,
         "type":"bitmap"
      },
      {
         "chars":[
            ""
         ],
         "file":"menus:guis/icons/coin.png",
         "ascent":7,
         "height":7,
         "type":"bitmap"
      },
      {
         "chars":[
            ""
         ],
         "file":"menus:guis/icons/sword.png",
         "ascent":7,
         "height":7,
         "type":"bitmap"
      },
      {
         "chars":[
            ""
         ],
         "file":"prison:logo/prisonlogo.png",
         "ascent":57,
         "height":113,
         "type":"bitmap"
      },
      {
         "chars":[
            ""
         ],
         "file":"menus:guis/icons/skull.png",
         "ascent":7,
         "height":7,
         "type":"bitmap"
      },
      {
         "chars":[
            ""
         ],
         "file":"menus:guis/icons/experience_orb.png",
         "ascent":7,
         "height":7,
         "type":"bitmap"
      },
      {
         "chars":[
            ""
         ],
         "file":"menus:guis/icons/floating_island.png",
         "ascent":7,
         "height":7,
         "type":"bitmap"
      },
      {
         "chars":[
            ""
         ],
         "file":"menus:guis/icons/crown.png",
         "ascent":7,
         "height":7,
         "type":"bitmap"
      },
      {
         "chars":[
            "⚈"
         ],
         "file":"menus:guis/menus/nightmarket/nightmarket.png",
         "ascent":29,
         "height":112,
         "type":"bitmap"
      },
      {
         "chars":[
            "⍽"
         ],
         "file":"menus:guis/menus/nightmarket/nightmarketbuy.png",
         "ascent":26,
         "height":112,
         "type":"bitmap"
      },
      {
         "chars":[
            "⊦"
         ],
         "file":"menus:guis/menus/ranks/rank.png",
         "ascent":14,
         "height":75,
         "type":"bitmap"
      },
      {
         "type":"bitmap",
         "file":"menus:guis/menus/cosmetics/cosmetics.png",
         "ascent":18,
         "height":133,
         "chars":[
            "ㅧ"
         ]
      },
      {
         "type":"bitmap",
         "file":"menus:guis/menus/prisons/pickaxeenchanter.png",
         "ascent":18,
         "height":95,
         "chars":[
            "⤫"
         ]
      },
      {
         "type":"bitmap",
         "file":"menus:guis/menus/prisons/mines.png",
         "ascent":18,
         "height":95,
         "chars":[
            "➾"
         ]
      },
      {
         "type":"bitmap",
         "file":"menus:guis/menus/prisons/milestones.png",
         "ascent":33,
         "height":94,
         "chars":[
            "⇉"
         ]
      },
      {
         "type":"bitmap",
         "file":"menus:guis/menus/prisons/prestiges.png",
         "ascent":37,
         "height":98,
         "chars":[
            "⇈"
         ]
      },
      {
         "type":"bitmap",
         "file":"menus:guis/menus/prisons/prestigemines.png",
         "ascent":18,
         "height":62,
         "chars":[
            "⤴"
         ]
      }
   ]
}