{
	"credit": "MadewithBlockbench",
	"textures": {
		"0": "elitecreatures:easterbunny_animated_weapon_set_v2/texture",
		"1": "elitecreatures:easterbunny_animated_weapon_set_v2/eff_01",
		"2": "elitecreatures:easterbunny_animated_weapon_set_v2/eff_02",
		"3": "elitecreatures:easterbunny_animated_weapon_set_v2/texture1",
		"particle": "elitecreatures:easterbunny_animated_weapon_set_v2/texture"
	},
	"elements": [
		{
			"from": [7.35367, -3.925, 1.86772],
			"to": [7.35367, 11.125, 8.26772],
			"rotation": {"angle": -22.5, "axis": "y", "origin": [8, 8, 8]},
			"faces": {
				"north": {"uv": [0, 14.375, 0, 0], "texture": "#3"},
				"east": {"uv": [13.5, 7.625, 10.25, 0], "texture": "#3"},
				"south": {"uv": [0, 14.375, 0, 0], "texture": "#3"},
				"west": {"uv": [10.25, 7.625, 13.5, 0], "texture": "#3"},
				"up": {"uv": [0, 3.25, 0, 0], "texture": "#3"},
				"down": {"uv": [0, 0, 0, 3.25], "texture": "#3"}
			}
		},
		{
			"from": [7.35367, -3.925, 7.73228],
			"to": [7.35367, 11.125, 14.13228],
			"rotation": {"angle": 22.5, "axis": "y", "origin": [8, 8, 8]},
			"faces": {
				"north": {"uv": [0, 14.375, 0, 0], "texture": "#3"},
				"east": {"uv": [10.25, 7.625, 13.5, 0], "texture": "#3"},
				"south": {"uv": [0, 14.375, 0, 0], "texture": "#3"},
				"west": {"uv": [13.5, 7.625, 10.25, 0], "texture": "#3"},
				"up": {"uv": [0, 0, 0, 3.25], "texture": "#3"},
				"down": {"uv": [0, 3.25, 0, 0], "texture": "#3"}
			}
		},
		{
			"from": [8.275, 10.03245, 3.12425],
			"to": [8.275, 14.03245, 7.12425],
			"rotation": {"angle": -22.5, "axis": "x", "origin": [8, 8, 8]},
			"faces": {
				"north": {"uv": [0, 0, 0, 2], "texture": "#0"},
				"east": {"uv": [5.5, 0, 3.5, 2], "texture": "#0"},
				"south": {"uv": [0, 0, 0, 2], "texture": "#0"},
				"west": {"uv": [3.5, 0, 5.5, 2], "texture": "#0"},
				"up": {"uv": [0, 2, 0, 0], "texture": "#0"},
				"down": {"uv": [0, 0, 0, 2], "texture": "#0"}
			}
		},
		{
			"from": [7.775, 11.375, 9.3],
			"to": [7.775, 14.875, 12.8],
			"rotation": {"angle": 0, "axis": "y", "origin": [8, 8, 8]},
			"faces": {
				"north": {"uv": [0, 0, 0, 2], "rotation": 180, "texture": "#1"},
				"east": {"uv": [1, 0, 0, 1], "rotation": 180, "texture": "#1"},
				"south": {"uv": [0, 0, 0, 2], "rotation": 180, "texture": "#1"},
				"west": {"uv": [0, 0, 16, 16], "rotation": 180, "texture": "#1"},
				"up": {"uv": [0, 0, 0, 2], "rotation": 180, "texture": "#1"},
				"down": {"uv": [0, 2, 0, 0], "rotation": 180, "texture": "#1"}
			}
		},
		{
			"from": [8.025, 6.10315, 9.34402],
			"to": [8.025, 10.10315, 13.34402],
			"rotation": {"angle": -22.5, "axis": "x", "origin": [8, 8, 8]},
			"faces": {
				"north": {"uv": [0, 2, 0, 0], "texture": "#2"},
				"east": {"uv": [0.94118, 0, 0, 0.94118], "rotation": 90, "texture": "#2"},
				"south": {"uv": [0, 0, 0, 2], "rotation": 180, "texture": "#2"},
				"west": {"uv": [0, 0, 16, 16], "rotation": 270, "texture": "#2"},
				"up": {"uv": [0, 0, 0, 2], "texture": "#2"},
				"down": {"uv": [0, 0, 0, 2], "rotation": 180, "texture": "#2"}
			}
		},
		{
			"from": [7.225, 0.875, 6],
			"to": [7.225, 4.875, 10],
			"rotation": {"angle": 0, "axis": "y", "origin": [8, 8, 8]},
			"faces": {
				"north": {"uv": [0, 2, 0, 0], "texture": "#2"},
				"east": {"uv": [16, 0, 0, 16], "rotation": 90, "texture": "#2"},
				"south": {"uv": [0, 0, 0, 2], "rotation": 180, "texture": "#2"},
				"west": {"uv": [0, 0, 16, 16], "rotation": 270, "texture": "#2"},
				"up": {"uv": [0, 0, 0, 2], "texture": "#2"},
				"down": {"uv": [0, 0, 0, 2], "rotation": 180, "texture": "#2"}
			}
		},
		{
			"from": [8.025, 6.10315, 2.65598],
			"to": [8.025, 10.10315, 6.65598],
			"rotation": {"angle": 22.5, "axis": "x", "origin": [8, 8, 8]},
			"faces": {
				"north": {"uv": [0, 0, 0, 2], "rotation": 180, "texture": "#2"},
				"east": {"uv": [0.94118, 0.94118, 0, 0], "rotation": 90, "texture": "#2"},
				"south": {"uv": [0, 2, 0, 0], "texture": "#2"},
				"west": {"uv": [0, 16, 16, 0], "rotation": 270, "texture": "#2"},
				"up": {"uv": [0, 2, 0, 0], "texture": "#2"},
				"down": {"uv": [0, 2, 0, 0], "rotation": 180, "texture": "#2"}
			}
		},
		{
			"from": [8.525, 6.10315, 2.65598],
			"to": [8.525, 10.10315, 6.65598],
			"rotation": {"angle": 22.5, "axis": "x", "origin": [8, 8, 8]},
			"faces": {
				"north": {"uv": [0, 0, 0, 2], "rotation": 180, "texture": "#2"},
				"east": {"uv": [0, 0, 16, 16], "rotation": 270, "texture": "#2"},
				"south": {"uv": [0, 2, 0, 0], "texture": "#2"},
				"west": {"uv": [0.94118, 0, 0, 0.94118], "rotation": 90, "texture": "#2"},
				"up": {"uv": [0, 2, 0, 0], "texture": "#2"},
				"down": {"uv": [0, 2, 0, 0], "rotation": 180, "texture": "#2"}
			}
		},
		{
			"from": [8.525, 6.10315, 9.34402],
			"to": [8.525, 10.10315, 13.34402],
			"rotation": {"angle": -22.5, "axis": "x", "origin": [8, 8, 8]},
			"faces": {
				"north": {"uv": [0, 2, 0, 0], "texture": "#2"},
				"east": {"uv": [0, 16, 16, 0], "rotation": 270, "texture": "#2"},
				"south": {"uv": [0, 0, 0, 2], "rotation": 180, "texture": "#2"},
				"west": {"uv": [0.94118, 0.94118, 0, 0], "rotation": 90, "texture": "#2"},
				"up": {"uv": [0, 0, 0, 2], "texture": "#2"},
				"down": {"uv": [0, 0, 0, 2], "rotation": 180, "texture": "#2"}
			}
		},
		{
			"from": [7.775, 11.375, 3.2],
			"to": [7.775, 14.875, 6.7],
			"rotation": {"angle": 0, "axis": "y", "origin": [8, 8, 8]},
			"faces": {
				"north": {"uv": [0, 0, 0, 2], "rotation": 180, "texture": "#1"},
				"east": {"uv": [0, 0, 1, 1], "rotation": 180, "texture": "#1"},
				"south": {"uv": [0, 0, 0, 2], "rotation": 180, "texture": "#1"},
				"west": {"uv": [16, 0, 0, 16], "rotation": 180, "texture": "#1"},
				"up": {"uv": [0, 2, 0, 0], "rotation": 180, "texture": "#1"},
				"down": {"uv": [0, 0, 0, 2], "rotation": 180, "texture": "#1"}
			}
		},
		{
			"from": [8.775, 11.375, 9.3],
			"to": [8.775, 14.875, 12.8],
			"rotation": {"angle": 0, "axis": "y", "origin": [8, 8, 8]},
			"faces": {
				"north": {"uv": [0, 0, 0, 2], "rotation": 180, "texture": "#1"},
				"east": {"uv": [16, 0, 0, 16], "rotation": 180, "texture": "#1"},
				"south": {"uv": [0, 0, 0, 2], "rotation": 180, "texture": "#1"},
				"west": {"uv": [0, 0, 1, 1], "rotation": 180, "texture": "#1"},
				"up": {"uv": [0, 0, 0, 2], "rotation": 180, "texture": "#1"},
				"down": {"uv": [0, 2, 0, 0], "rotation": 180, "texture": "#1"}
			}
		},
		{
			"from": [8.775, 11.375, 3.2],
			"to": [8.775, 14.875, 6.7],
			"rotation": {"angle": 0, "axis": "y", "origin": [8, 8, 8]},
			"faces": {
				"north": {"uv": [0, 0, 0, 2], "rotation": 180, "texture": "#1"},
				"east": {"uv": [0, 0, 16, 16], "rotation": 180, "texture": "#1"},
				"south": {"uv": [0, 0, 0, 2], "rotation": 180, "texture": "#1"},
				"west": {"uv": [1, 0, 0, 1], "rotation": 180, "texture": "#1"},
				"up": {"uv": [0, 2, 0, 0], "rotation": 180, "texture": "#1"},
				"down": {"uv": [0, 0, 0, 2], "rotation": 180, "texture": "#1"}
			}
		},
		{
			"from": [8.275, 10.03245, 8.87575],
			"to": [8.275, 14.03245, 12.87575],
			"rotation": {"angle": 22.5, "axis": "x", "origin": [8, 8, 8]},
			"faces": {
				"north": {"uv": [0, 0, 0, 2], "texture": "#0"},
				"east": {"uv": [3.5, 0, 5.5, 2], "texture": "#0"},
				"south": {"uv": [0, 0, 0, 2], "texture": "#0"},
				"west": {"uv": [5.5, 0, 3.5, 2], "texture": "#0"},
				"up": {"uv": [0, 0, 0, 2], "texture": "#0"},
				"down": {"uv": [0, 2, 0, 0], "texture": "#0"}
			}
		},
		{
			"from": [6.95515, 5.175, 5.83243],
			"to": [6.95515, 6.425, 7.08243],
			"rotation": {"angle": -22.5, "axis": "y", "origin": [8, 8, 8]},
			"faces": {
				"north": {"uv": [0, 0, 0, 2], "rotation": 180, "texture": "#0"},
				"east": {"uv": [4.375, 1.375, 5, 2], "rotation": 180, "texture": "#0"},
				"south": {"uv": [0, 0, 0, 2], "rotation": 180, "texture": "#0"},
				"west": {"uv": [5, 1.375, 4.375, 2], "rotation": 180, "texture": "#0"},
				"up": {"uv": [0, 0, 0, 2], "rotation": 180, "texture": "#0"},
				"down": {"uv": [0, 2, 0, 0], "rotation": 180, "texture": "#0"}
			}
		},
		{
			"from": [6.95515, 5.175, 8.91757],
			"to": [6.95515, 6.425, 10.16757],
			"rotation": {"angle": 22.5, "axis": "y", "origin": [8, 8, 8]},
			"faces": {
				"north": {"uv": [0, 0, 0, 2], "rotation": 180, "texture": "#0"},
				"east": {"uv": [5, 1.375, 4.375, 2], "rotation": 180, "texture": "#0"},
				"south": {"uv": [0, 0, 0, 2], "rotation": 180, "texture": "#0"},
				"west": {"uv": [4.375, 1.375, 5, 2], "rotation": 180, "texture": "#0"},
				"up": {"uv": [0, 2, 0, 0], "rotation": 180, "texture": "#0"},
				"down": {"uv": [0, 0, 0, 2], "rotation": 180, "texture": "#0"}
			}
		},
		{
			"from": [6.825, 4.60138, 9.79862],
			"to": [8.425, 6.20138, 11.39862],
			"rotation": {"angle": 45, "axis": "x", "origin": [8, 8, 8]},
			"faces": {
				"north": {"uv": [8, 5.75, 8.75, 5], "texture": "#0"},
				"east": {"uv": [5.5, 8.75, 6.25, 8], "texture": "#0"},
				"south": {"uv": [8, 6.75, 8.75, 6], "texture": "#0"},
				"west": {"uv": [8.5, 0.75, 9.25, 0], "texture": "#0"},
				"up": {"uv": [7.25, 9.25, 6.5, 8.5], "texture": "#0"},
				"down": {"uv": [4.25, 8.5, 3.5, 9.25], "texture": "#0"}
			}
		},
		{
			"from": [7.105, 5.73275, 8.66725],
			"to": [8.145, 7.33275, 10.26725],
			"rotation": {"angle": 45, "axis": "x", "origin": [8, 8, 8]},
			"faces": {
				"north": {"uv": [10.5, 11.75, 11, 11], "texture": "#0"},
				"east": {"uv": [8.5, 7.75, 9.25, 7], "texture": "#0"},
				"south": {"uv": [11, 11.75, 11.5, 11], "texture": "#0"},
				"west": {"uv": [7.5, 9.25, 8.25, 8.5], "texture": "#0"},
				"up": {"uv": [4.5, 12.25, 4, 11.5], "texture": "#0"},
				"down": {"uv": [4, 11.5, 3.5, 12.25], "texture": "#0"}
			}
		},
		{
			"from": [7.715, 9.40167, 7.93893],
			"to": [8.835, 11.80167, 10.33893],
			"rotation": {"angle": -45, "axis": "x", "origin": [8, 8, 8]},
			"faces": {
				"north": {"uv": [6.5, 2, 7, 3.25], "texture": "#0"},
				"east": {"uv": [3.5, 2, 4.75, 3.25], "texture": "#0"},
				"south": {"uv": [4.5, 6.5, 5, 7.75], "texture": "#0"},
				"west": {"uv": [3.5, 3.5, 4.75, 4.75], "texture": "#0"},
				"up": {"uv": [7, 5.75, 6.5, 4.5], "texture": "#0"},
				"down": {"uv": [5.5, 6.5, 5, 7.75], "texture": "#0"}
			}
		},
		{
			"from": [7.635, 8.95901, 3.96924],
			"to": [8.915, 10.55901, 5.56924],
			"rotation": {"angle": 22.5, "axis": "x", "origin": [8, 8, 8]},
			"faces": {
				"north": {"uv": [9, 6, 9.625, 6.75], "texture": "#0"},
				"east": {"uv": [8.5, 8, 9.25, 8.75], "texture": "#0"},
				"south": {"uv": [8.5, 9, 9.125, 9.75], "texture": "#0"},
				"west": {"uv": [9, 1, 9.75, 1.75], "texture": "#0"},
				"up": {"uv": [10.125, 0.75, 9.5, 0], "texture": "#0"},
				"down": {"uv": [4.125, 9.5, 3.5, 10.25], "texture": "#0"}
			}
		},
		{
			"from": [6.985, 4.58187, 5.12873],
			"to": [8.265, 6.18187, 6.72873],
			"rotation": {"angle": -22.5, "axis": "x", "origin": [8, 8, 8]},
			"faces": {
				"north": {"uv": [6.5, 10.25, 7.125, 9.5], "texture": "#0"},
				"east": {"uv": [9, 2.75, 9.75, 2], "texture": "#0"},
				"south": {"uv": [9.5, 7.75, 10.125, 7], "texture": "#0"},
				"west": {"uv": [9, 3.75, 9.75, 3], "texture": "#0"},
				"up": {"uv": [10.125, 8.75, 9.5, 8], "texture": "#0"},
				"down": {"uv": [8.125, 9.5, 7.5, 10.25], "texture": "#0"}
			}
		},
		{
			"from": [6.985, 4.58187, 9.27127],
			"to": [8.265, 6.18187, 10.87127],
			"rotation": {"angle": 22.5, "axis": "x", "origin": [8, 8, 8]},
			"faces": {
				"north": {"uv": [9.5, 9.75, 10.125, 9], "texture": "#0"},
				"east": {"uv": [9, 4.75, 9.75, 4], "texture": "#0"},
				"south": {"uv": [10, 1.75, 10.625, 1], "texture": "#0"},
				"west": {"uv": [4.5, 9.75, 5.25, 9], "texture": "#0"},
				"up": {"uv": [10.625, 3.75, 10, 3], "texture": "#0"},
				"down": {"uv": [10.625, 2, 10, 2.75], "texture": "#0"}
			}
		},
		{
			"from": [7.635, 8.95901, 10.43076],
			"to": [8.915, 10.55901, 12.03076],
			"rotation": {"angle": -22.5, "axis": "x", "origin": [8, 8, 8]},
			"faces": {
				"north": {"uv": [10, 4, 10.625, 4.75], "texture": "#0"},
				"east": {"uv": [9, 5, 9.75, 5.75], "texture": "#0"},
				"south": {"uv": [4.5, 10, 5.125, 10.75], "texture": "#0"},
				"west": {"uv": [5.5, 9, 6.25, 9.75], "texture": "#0"},
				"up": {"uv": [10.625, 5.75, 10, 5], "texture": "#0"},
				"down": {"uv": [6.125, 10, 5.5, 10.75], "texture": "#0"}
			}
		},
		{
			"from": [7.585, 10.68998, 10.72372],
			"to": [8.965, 11.88998, 11.92372],
			"rotation": {"angle": -22.5, "axis": "x", "origin": [8, 8, 8]},
			"faces": {
				"north": {"uv": [3.5, 10.5, 4.125, 11.125], "texture": "#0"},
				"east": {"uv": [10.5, 6, 11.125, 6.625], "texture": "#0"},
				"south": {"uv": [6.5, 10.5, 7.125, 11.125], "texture": "#0"},
				"west": {"uv": [10.5, 7, 11.125, 7.625], "texture": "#0"},
				"up": {"uv": [8.125, 11.125, 7.5, 10.5], "texture": "#0"},
				"down": {"uv": [11.125, 8, 10.5, 8.625], "texture": "#0"}
			}
		},
		{
			"from": [7.785, 10.40998, 10.92372],
			"to": [8.765, 12.16998, 11.72372],
			"rotation": {"angle": -22.5, "axis": "x", "origin": [8, 8, 8]},
			"faces": {
				"north": {"uv": [10, 6, 10.5, 6.875], "texture": "#0"},
				"east": {"uv": [8, 11.5, 8.375, 12.375], "texture": "#0"},
				"south": {"uv": [8.5, 10, 9, 10.875], "texture": "#0"},
				"west": {"uv": [11.5, 8.5, 11.875, 9.375], "texture": "#0"},
				"up": {"uv": [6, 12.375, 5.5, 12], "texture": "#0"},
				"down": {"uv": [12.5, 5.5, 12, 5.875], "texture": "#0"}
			}
		},
		{
			"from": [7.585, 10.68998, 4.07628],
			"to": [8.965, 11.88998, 5.27628],
			"rotation": {"angle": 22.5, "axis": "x", "origin": [8, 8, 8]},
			"faces": {
				"north": {"uv": [7.125, 10.5, 6.5, 11.125], "texture": "#0"},
				"east": {"uv": [11.125, 6, 10.5, 6.625], "texture": "#0"},
				"south": {"uv": [4.125, 10.5, 3.5, 11.125], "texture": "#0"},
				"west": {"uv": [11.125, 7, 10.5, 7.625], "texture": "#0"},
				"up": {"uv": [8.125, 10.5, 7.5, 11.125], "texture": "#0"},
				"down": {"uv": [11.125, 8.625, 10.5, 8], "texture": "#0"}
			}
		},
		{
			"from": [7.635, 12.64897, 7.89483],
			"to": [8.915, 13.84897, 9.09483],
			"rotation": {"angle": -45, "axis": "x", "origin": [8, 8, 8]},
			"faces": {
				"north": {"uv": [11.625, 5, 11, 5.625], "texture": "#0"},
				"east": {"uv": [5.125, 11, 4.5, 11.625], "texture": "#0"},
				"south": {"uv": [11.625, 4, 11, 4.625], "texture": "#0"},
				"west": {"uv": [6.125, 11, 5.5, 11.625], "texture": "#0"},
				"up": {"uv": [9.125, 11, 8.5, 11.625], "texture": "#0"},
				"down": {"uv": [10.125, 11.625, 9.5, 11], "texture": "#0"}
			}
		},
		{
			"from": [7.835, 12.36897, 8.09483],
			"to": [8.715, 14.12897, 8.89483],
			"rotation": {"angle": -45, "axis": "x", "origin": [8, 8, 8]},
			"faces": {
				"north": {"uv": [11, 0, 10.5, 0.875], "texture": "#0"},
				"east": {"uv": [11.875, 11.5, 11.5, 12.375], "texture": "#0"},
				"south": {"uv": [10.5, 10, 10, 10.875], "texture": "#0"},
				"west": {"uv": [12.375, 0, 12, 0.875], "texture": "#0"},
				"up": {"uv": [12.5, 6.5, 12, 6.875], "texture": "#0"},
				"down": {"uv": [7.5, 12.375, 7, 12], "texture": "#0"}
			}
		},
		{
			"from": [7.635, 12.64897, 6.90517],
			"to": [8.915, 13.84897, 8.10517],
			"rotation": {"angle": 45, "axis": "x", "origin": [8, 8, 8]},
			"faces": {
				"north": {"uv": [11, 4, 11.625, 4.625], "texture": "#0"},
				"east": {"uv": [4.5, 11, 5.125, 11.625], "texture": "#0"},
				"south": {"uv": [11, 5, 11.625, 5.625], "texture": "#0"},
				"west": {"uv": [5.5, 11, 6.125, 11.625], "texture": "#0"},
				"up": {"uv": [9.125, 11.625, 8.5, 11], "texture": "#0"},
				"down": {"uv": [10.125, 11, 9.5, 11.625], "texture": "#0"}
			}
		},
		{
			"from": [7.835, 12.36897, 7.10517],
			"to": [8.715, 14.12897, 7.90517],
			"rotation": {"angle": 45, "axis": "x", "origin": [8, 8, 8]},
			"faces": {
				"north": {"uv": [10, 10, 10.5, 10.875], "texture": "#0"},
				"east": {"uv": [11.5, 11.5, 11.875, 12.375], "texture": "#0"},
				"south": {"uv": [10.5, 0, 11, 0.875], "texture": "#0"},
				"west": {"uv": [12, 0, 12.375, 0.875], "texture": "#0"},
				"up": {"uv": [12.5, 6.875, 12, 6.5], "texture": "#0"},
				"down": {"uv": [7.5, 12, 7, 12.375], "texture": "#0"}
			}
		},
		{
			"from": [7.785, 10.40998, 4.27628],
			"to": [8.765, 12.16998, 5.07628],
			"rotation": {"angle": 22.5, "axis": "x", "origin": [8, 8, 8]},
			"faces": {
				"north": {"uv": [9, 10, 8.5, 10.875], "texture": "#0"},
				"east": {"uv": [8.375, 11.5, 8, 12.375], "texture": "#0"},
				"south": {"uv": [10.5, 6, 10, 6.875], "texture": "#0"},
				"west": {"uv": [11.875, 8.5, 11.5, 9.375], "texture": "#0"},
				"up": {"uv": [6, 12, 5.5, 12.375], "texture": "#0"},
				"down": {"uv": [12.5, 5.875, 12, 5.5], "texture": "#0"}
			}
		},
		{
			"from": [7.685, 10.84113, 5.13257],
			"to": [8.865, 12.04113, 6.33257],
			"rotation": {"angle": -22.5, "axis": "x", "origin": [8, 8, 8]},
			"faces": {
				"north": {"uv": [11.625, 3.625, 11, 3], "rotation": 180, "texture": "#0"},
				"east": {"uv": [11.125, 10, 10.5, 10.625], "rotation": 270, "texture": "#0"},
				"south": {"uv": [11.625, 2, 11, 2.625], "texture": "#0"},
				"west": {"uv": [11.625, 1, 11, 1.625], "rotation": 90, "texture": "#0"},
				"up": {"uv": [11.625, 0, 11, 0.625], "rotation": 180, "texture": "#0"},
				"down": {"uv": [11.125, 9, 10.5, 9.625], "texture": "#0"}
			}
		},
		{
			"from": [7.885, 11.04113, 4.85257],
			"to": [8.665, 11.84113, 6.61257],
			"rotation": {"angle": -22.5, "axis": "x", "origin": [8, 8, 8]},
			"faces": {
				"north": {"uv": [12.5, 6.375, 12, 6], "rotation": 180, "texture": "#0"},
				"east": {"uv": [11.875, 9.5, 11.5, 10.375], "rotation": 270, "texture": "#0"},
				"south": {"uv": [6.5, 12, 6, 12.375], "texture": "#0"},
				"west": {"uv": [11.875, 10.5, 11.5, 11.375], "rotation": 90, "texture": "#0"},
				"up": {"uv": [10, 10, 9.5, 10.875], "rotation": 180, "texture": "#0"},
				"down": {"uv": [9.5, 10, 9, 10.875], "texture": "#0"}
			}
		},
		{
			"from": [7.685, 10.84113, 9.66743],
			"to": [8.865, 12.04113, 10.86743],
			"rotation": {"angle": 22.5, "axis": "x", "origin": [8, 8, 8]},
			"faces": {
				"north": {"uv": [11, 2, 11.625, 2.625], "texture": "#0"},
				"east": {"uv": [11.125, 10.625, 10.5, 10], "rotation": 270, "texture": "#0"},
				"south": {"uv": [11, 3.625, 11.625, 3], "rotation": 180, "texture": "#0"},
				"west": {"uv": [11.625, 1.625, 11, 1], "rotation": 90, "texture": "#0"},
				"up": {"uv": [11.625, 0.625, 11, 0], "rotation": 180, "texture": "#0"},
				"down": {"uv": [11.125, 9.625, 10.5, 9], "texture": "#0"}
			}
		},
		{
			"from": [7.885, 11.04113, 9.38743],
			"to": [8.665, 11.84113, 11.14743],
			"rotation": {"angle": 22.5, "axis": "x", "origin": [8, 8, 8]},
			"faces": {
				"north": {"uv": [6, 12, 6.5, 12.375], "texture": "#0"},
				"east": {"uv": [11.875, 10.375, 11.5, 9.5], "rotation": 270, "texture": "#0"},
				"south": {"uv": [12, 6.375, 12.5, 6], "rotation": 180, "texture": "#0"},
				"west": {"uv": [11.875, 11.375, 11.5, 10.5], "rotation": 90, "texture": "#0"},
				"up": {"uv": [10, 10.875, 9.5, 10], "rotation": 180, "texture": "#0"},
				"down": {"uv": [9.5, 10.875, 9, 10], "texture": "#0"}
			}
		},
		{
			"from": [7.715, 9.40167, 5.66107],
			"to": [8.835, 11.80167, 8.06107],
			"rotation": {"angle": 45, "axis": "x", "origin": [8, 8, 8]},
			"faces": {
				"north": {"uv": [5.5, 6.5, 6, 7.75], "texture": "#0"},
				"east": {"uv": [5, 2, 6.25, 3.25], "texture": "#0"},
				"south": {"uv": [6, 6.5, 6.5, 7.75], "texture": "#0"},
				"west": {"uv": [3.5, 5, 4.75, 6.25], "texture": "#0"},
				"up": {"uv": [7, 7.25, 6.5, 6], "texture": "#0"},
				"down": {"uv": [7.5, 0, 7, 1.25], "texture": "#0"}
			}
		},
		{
			"from": [7.275, 9.525, 7],
			"to": [9.275, 11.525, 9],
			"rotation": {"angle": 0, "axis": "y", "origin": [8, 8, 8]},
			"faces": {
				"north": {"uv": [5, 3.5, 6, 4.5], "texture": "#0"},
				"east": {"uv": [5, 4.5, 6, 5.5], "texture": "#0"},
				"south": {"uv": [5.5, 0, 6.5, 1], "texture": "#0"},
				"west": {"uv": [5.5, 1, 6.5, 2], "texture": "#0"},
				"up": {"uv": [6, 6.5, 5, 5.5], "texture": "#0"},
				"down": {"uv": [7, 3.5, 6, 4.5], "texture": "#0"}
			}
		},
		{
			"from": [7.075, 9.41473, 5.98527],
			"to": [9.475, 10.01473, 6.58527],
			"rotation": {"angle": 45, "axis": "x", "origin": [8, 8, 8]},
			"faces": {
				"north": {"uv": [12, 1, 13.25, 1.25], "texture": "#0"},
				"east": {"uv": [12, 9, 12.25, 9.25], "texture": "#0"},
				"south": {"uv": [12, 1.5, 13.25, 1.75], "texture": "#0"},
				"west": {"uv": [9.5, 12, 9.75, 12.25], "texture": "#0"},
				"up": {"uv": [13.25, 2.25, 12, 2], "texture": "#0"},
				"down": {"uv": [13.25, 2.5, 12, 2.75], "texture": "#0"}
			}
		},
		{
			"from": [7.675, 11.525, 7],
			"to": [8.875, 13.525, 7.8],
			"rotation": {"angle": 0, "axis": "y", "origin": [8, 8, 8]},
			"faces": {
				"north": {"uv": [7, 1.5, 7.625, 2.5], "texture": "#0"},
				"east": {"uv": [11.5, 6, 11.875, 7], "texture": "#0"},
				"south": {"uv": [7, 2.5, 7.625, 3.5], "texture": "#0"},
				"west": {"uv": [6.5, 11.5, 6.875, 12.5], "texture": "#0"},
				"up": {"uv": [12.625, 4.375, 12, 4], "texture": "#0"},
				"down": {"uv": [5.125, 12, 4.5, 12.375], "texture": "#0"}
			}
		},
		{
			"from": [7.675, 11.525, 8.2],
			"to": [8.875, 12.525, 9],
			"rotation": {"angle": 0, "axis": "y", "origin": [8, 8, 8]},
			"faces": {
				"north": {"uv": [12, 3, 12.625, 3.5], "texture": "#0"},
				"east": {"uv": [7.5, 12, 7.875, 12.5], "texture": "#0"},
				"south": {"uv": [12, 3.5, 12.625, 4], "texture": "#0"},
				"west": {"uv": [8.5, 12, 8.875, 12.5], "texture": "#0"},
				"up": {"uv": [12.625, 4.875, 12, 4.5], "texture": "#0"},
				"down": {"uv": [12.625, 5, 12, 5.375], "texture": "#0"}
			}
		},
		{
			"from": [7.275, 12.525, 8.2],
			"to": [9.275, 13.325, 9],
			"rotation": {"angle": 0, "axis": "y", "origin": [8, 8, 8]},
			"faces": {
				"north": {"uv": [7, 11.5, 8, 11.875], "texture": "#0"},
				"east": {"uv": [12, 8.5, 12.375, 8.875], "texture": "#0"},
				"south": {"uv": [11.5, 7, 12.5, 7.375], "texture": "#0"},
				"west": {"uv": [9, 12, 9.375, 12.375], "texture": "#0"},
				"up": {"uv": [12.5, 7.875, 11.5, 7.5], "texture": "#0"},
				"down": {"uv": [12.5, 8, 11.5, 8.375], "texture": "#0"}
			}
		}
	],
	"gui_light": "front",
	"display": {
		"thirdperson_righthand": {
			"rotation": [67.5, -90, 0],
			"translation": [0, 2.25, 4.75],
			"scale": [1.33, 1.33, 1.33]
		},
		"thirdperson_lefthand": {
			"rotation": [67.5, 90, 0],
			"translation": [0, 2.25, 4.75],
			"scale": [1.33, 1.33, 1.33]
		},
		"firstperson_righthand": {
			"rotation": [90, -70.5, 90],
			"translation": [-6.5, 5, 0.25]
		},
		"firstperson_lefthand": {
			"rotation": [-66.81, 63.99, 66.16],
			"translation": [-6.5, 5, 0.25]
		},
		"ground": {
			"translation": [0, 18.25, 0],
			"scale": [1.4, 1.4, 1.4]
		},
		"gui": {
			"rotation": [-90, 90, 90],
			"translation": [0.25, 1.75, 0],
			"scale": [0.80281, 0.80281, 0.80281]
		},
		"head": {
			"rotation": [-180, 90, -180],
			"scale": [0, 0, 0]
		},
		"fixed": {
			"rotation": [0, -90, 0],
			"translation": [0, 8, -3.75],
			"scale": [2.97656, 2.97656, 2.97656]
		}
	},
	"groups": [
		{
			"name": "shield",
			"origin": [8.275, -10.975, 8],
			"color": 0,
			"nbt": "{}",
			"armAnimationEnabled": false,
			"children": [0, 1, 2, 3, 4, 5, 6, 7, 8, 9, 10, 11, 12, 13, 14, 15, 16, 17, 18, 19, 20, 21, 22, 23, 24, 25, 26, 27, 28, 29, 30, 31, 32, 33, 34, 35, 36, 37, 38, 39]
		}
	]
}