{
   "providers":[
      {
         "file":"serverglyphs:ranks/helper.png",
         "chars":[
            ""
         ],
         "height":9,
         "ascent":8,
         "type":"bitmap"
      },
      {
         "file":"serverglyphs:ranks/mod.png",
         "chars":[
            ""
         ],
         "height":9,
         "ascent":8,
         "type":"bitmap"
      },
      {
         "file":"serverglyphs:ranks/srmodtag.png",
         "chars":[
            ""
         ],
         "height":9,
         "ascent":8,
         "type":"bitmap"
      },
      {
         "chars":[
            ""
         ],
         "file":"serverglyphs:ranks/admin.png",
         "ascent":8,
         "height":9,
         "type":"bitmap"
      },
      {
         "file":"serverglyphs:ranks/sradmintag.png",
         "chars":[
            ""
         ],
         "height":9,
         "ascent":8,
         "type":"bitmap"
      },
      {
         "file":"serverglyphs:ranks/managertag.png",
         "chars":[
            ""
         ],
         "height":9,
         "ascent":8,
         "type":"bitmap"
      },
      {
         "file":"serverglyphs:ranks/srmanagertag.png",
         "chars":[
            ""
         ],
         "height":9,
         "ascent":8,
         "type":"bitmap"
      },
      {
         "chars":[
            ""
         ],
         "file":"serverglyphs:ranks/developer.png",
         "ascent":8,
         "height":9,
         "type":"bitmap"
      },
      {
         "file":"serverglyphs:ranks/co-owner.png",
         "chars":[
            ""
         ],
         "height":9,
         "ascent":8,
         "type":"bitmap"
      },
      {
         "file":"serverglyphs:ranks/owner.png",
         "chars":[
            ""
         ],
         "height":9,
         "ascent":8,
         "type":"bitmap"
      },
      {
         "file":"serverglyphs:ranks/sandwich_icon.png",
         "chars":[
            ""
         ],
         "ascent":8,
         "height":9,
         "type":"bitmap"
      },
      {
         "file":"serverglyphs:ranks/sandwich_tag.png",
         "chars":[
            ""
         ],
         "ascent":8,
         "height":9,
         "type":"bitmap"
      },
      {
         "file":"serverglyphs:ranks/player.png",
         "chars":[
            ""
         ],
         "height":9,
         "ascent":8,
         "type":"bitmap"
      },
      {
         "file":"serverglyphs:logo/logo.png",
         "chars":[
            "パ"
         ],
         "height":32,
         "ascent":17,
         "type":"bitmap"
      },
      {
         "file":"serverglyphs:logo/logo.png",
         "chars":[
            ""
         ],
         "height":32,
         "ascent":17,
         "type":"bitmap"
      },
      {
         "file":"hub:guis/serverselector1.png",
         "chars":[
            ""
         ],
         "ascent":33,
         "height":242,
         "type":"bitmap"
      },
      {
         "file":"hub:guis/pixel.png",
         "chars":[
            "七"
         ],
         "ascent":-2000,
         "height":-3,
         "type":"bitmap"
      },
      {
         "file":"serverglyphs:logo/pixel_split.png",
         "chars":[
            ""
         ],
         "height":-256,
         "ascent":-32768,
         "type":"bitmap"
      },
      {
         "file":"serverglyphs:logo/pixel_split.png",
         "chars":[
            ""
         ],
         "height":-10,
         "ascent":-32768,
         "type":"bitmap"
      },
      {
         "file":"serverglyphs:esc/bottom_news.png",
         "chars":[
            ""
         ],
         "height":256,
         "ascent":128,
         "type":"bitmap"
      },
      {
         "chars":[
            ""
         ],
         "file":"serverglyphs:logo/logo_2.png",
         "ascent":19,
         "height":200,
         "type":"bitmap"
      }
   ]
}