{
	"credit": "Made with Blockbench",
	"texture_size": [64, 64],
	"textures": {
		"0": "elitecreatures:ifrit_animated/tex4",
		"1": "elitecreatures:ifrit_animated/hornfire",
		"particle": "elitecreatures:ifrit_animated/tex4"
	},
	"elements": [
		{
			"from": [7, -10, 4.25],
			"to": [9, 3, 6.25],
			"rotation": {"angle": 0, "axis": "y", "origin": [8, 7.81564, 8]},
			"faces": {
				"north": {"uv": [10.125, 2, 10.625, 5.25], "texture": "#0"},
				"east": {"uv": [10.125, 5.25, 10.625, 8.5], "texture": "#0"},
				"south": {"uv": [9.625, 6.75, 10.125, 10], "texture": "#0"},
				"west": {"uv": [9.625, 3.5, 10.125, 6.75], "texture": "#0"},
				"up": {"uv": [9.125, 8, 9.625, 8.5], "rotation": 180, "texture": "#0"},
				"down": {"uv": [9.125, 8, 9.625, 8.5], "rotation": 180, "texture": "#0"}
			}
		},
		{
			"from": [19.30467, -7.48903, 3.75],
			"to": [23.30467, -3.48903, 6.75],
			"rotation": {"angle": -45, "axis": "z", "origin": [8, 7.81564, 8]},
			"faces": {
				"north": {"uv": [8.625, 7, 9.625, 8], "texture": "#0"},
				"east": {"uv": [7.875, 7.25, 6.875, 8], "rotation": 90, "texture": "#0"},
				"south": {"uv": [8.625, 7, 9.625, 8], "rotation": 270, "texture": "#0"},
				"west": {"uv": [7.875, 7, 8.625, 8], "texture": "#0"},
				"up": {"uv": [7.875, 7, 8.625, 8], "rotation": 270, "texture": "#0"},
				"down": {"uv": [6.875, 7.25, 7.875, 8], "rotation": 180, "texture": "#0"}
			}
		},
		{
			"from": [6.5, 0, 3.75],
			"to": [9.5, 1, 6.75],
			"rotation": {"angle": 0, "axis": "y", "origin": [8, 7.81564, 8]},
			"faces": {
				"north": {"uv": [5.625, 2.75, 6.375, 3], "texture": "#0"},
				"east": {"uv": [5.625, 3.75, 6.375, 4], "texture": "#0"},
				"south": {"uv": [5.625, 2.75, 6.375, 3], "texture": "#0"},
				"west": {"uv": [5.625, 3.75, 6.375, 4], "texture": "#0"},
				"up": {"uv": [5.625, 3, 6.375, 3.75], "rotation": 180, "texture": "#0"},
				"down": {"uv": [5.625, 4, 6.375, 4.75], "rotation": 180, "texture": "#0"}
			}
		},
		{
			"from": [6.5, -6, 3.75],
			"to": [9.5, -5, 6.75],
			"rotation": {"angle": 0, "axis": "y", "origin": [8, 7.81564, 8]},
			"faces": {
				"north": {"uv": [5.625, 2.75, 6.375, 3], "texture": "#0"},
				"east": {"uv": [5.625, 3.75, 6.375, 4], "texture": "#0"},
				"south": {"uv": [5.625, 2.75, 6.375, 3], "texture": "#0"},
				"west": {"uv": [5.625, 3.75, 6.375, 4], "texture": "#0"},
				"up": {"uv": [5.625, 3, 6.375, 3.75], "rotation": 180, "texture": "#0"},
				"down": {"uv": [5.625, 4, 6.375, 4.75], "rotation": 180, "texture": "#0"}
			}
		},
		{
			"from": [7.55, 13.89923, 10.24045],
			"to": [8.55, 17.89923, 11.74045],
			"rotation": {"angle": -22.5, "axis": "x", "origin": [8, 7.81564, 8]},
			"faces": {
				"north": {"uv": [4.25, 4.375, 4, 3.375], "texture": "#0"},
				"east": {"uv": [4.5, 3.125, 5.5, 2.75], "rotation": 270, "texture": "#0"},
				"south": {"uv": [4.5, 4.5, 4.25, 3.5], "rotation": 180, "texture": "#0"},
				"west": {"uv": [5.5, 3.125, 4.5, 2.75], "rotation": 90, "texture": "#0"},
				"up": {"uv": [4.5, 3.125, 4.25, 2.75], "rotation": 180, "texture": "#0"},
				"down": {"uv": [4.5, 3.5, 4.25, 3.125], "texture": "#0"}
			}
		},
		{
			"from": [7.3, 11.87059, 7.13186],
			"to": [8.8, 14.87059, 9.13186],
			"rotation": {"angle": 0, "axis": "y", "origin": [8, 7.81564, 8]},
			"faces": {
				"north": {"uv": [2.75, 5.875, 2.375, 5.125], "texture": "#0"},
				"east": {"uv": [1.625, 5.625, 2.375, 5.125], "rotation": 270, "texture": "#0"},
				"south": {"uv": [3.125, 6.125, 2.75, 5.375], "rotation": 180, "texture": "#0"},
				"west": {"uv": [2.375, 5.625, 1.625, 5.125], "rotation": 90, "texture": "#0"},
				"up": {"uv": [1.625, 5.625, 1.25, 5.125], "rotation": 180, "texture": "#0"},
				"down": {"uv": [1.625, 5.625, 1.25, 5.125], "texture": "#0"}
			}
		},
		{
			"from": [7.05, 8.97414, 5.01906],
			"to": [9.05, 11.97414, 7.51906],
			"rotation": {"angle": 22.5, "axis": "x", "origin": [8, 7.81564, 8]},
			"faces": {
				"north": {"uv": [3.25, 5.375, 2.75, 4.625], "texture": "#0"},
				"east": {"uv": [3.25, 4.625, 4, 4], "rotation": 270, "texture": "#0"},
				"south": {"uv": [3.75, 5.375, 3.25, 4.625], "rotation": 180, "texture": "#0"},
				"west": {"uv": [4, 4.625, 3.25, 4], "rotation": 90, "texture": "#0"},
				"up": {"uv": [4, 4, 3.5, 3.375], "rotation": 180, "texture": "#0"},
				"down": {"uv": [3.25, 4.625, 2.75, 4], "texture": "#0"}
			}
		},
		{
			"from": [7.15, 5.85934, 4.60966],
			"to": [8.95, 8.85934, 7.10966],
			"rotation": {"angle": 45, "axis": "x", "origin": [8, 7.81564, 8]},
			"faces": {
				"north": {"uv": [3.25, 5.375, 2.75, 4.625], "texture": "#0"},
				"east": {"uv": [3.25, 4.625, 4, 4], "rotation": 270, "texture": "#0"},
				"south": {"uv": [3.75, 5.375, 3.25, 4.625], "rotation": 180, "texture": "#0"},
				"west": {"uv": [4, 4.625, 3.25, 4], "rotation": 90, "texture": "#0"},
				"up": {"uv": [4, 4, 3.5, 3.375], "rotation": 180, "texture": "#0"},
				"down": {"uv": [3.25, 4.625, 2.75, 4], "texture": "#0"}
			}
		},
		{
			"from": [6.96683, 10.28858, 3.7],
			"to": [9.46683, 17.28858, 6.7],
			"rotation": {"angle": -22.5, "axis": "z", "origin": [8, 7.81564, 8]},
			"faces": {
				"north": {"uv": [2.5, 2.75, 4.25, 3.375], "rotation": 270, "texture": "#0"},
				"east": {"uv": [2, 3.375, 1.25, 5.125], "texture": "#0"},
				"south": {"uv": [4.25, 2.75, 2.5, 3.375], "rotation": 90, "texture": "#0"},
				"west": {"uv": [2.75, 3.375, 2, 5.125], "rotation": 180, "texture": "#0"},
				"up": {"uv": [2.5, 2.75, 1.75, 3.375], "rotation": 90, "texture": "#0"},
				"down": {"uv": [3.5, 3.375, 2.75, 4], "rotation": 90, "texture": "#0"}
			}
		},
		{
			"from": [10.99432, 10.80996, 5.75],
			"to": [15.99432, 15.80996, 6.75],
			"rotation": {"angle": 45, "axis": "z", "origin": [8, 7.81564, 8]},
			"faces": {
				"north": {"uv": [5.25, 2, 6.5, 0.75], "rotation": 90, "texture": "#0"},
				"east": {"uv": [5.25, 0.75, 5, 2], "rotation": 180, "texture": "#0"},
				"south": {"uv": [6.5, 0.75, 5.25, 2], "rotation": 180, "texture": "#0"},
				"west": {"uv": [5, 0.75, 6.25, 0.5], "rotation": 270, "texture": "#0"},
				"up": {"uv": [5.25, 0.75, 5, 2], "rotation": 90, "texture": "#0"},
				"down": {"uv": [5, 0.75, 6.25, 0.5], "texture": "#0"}
			}
		},
		{
			"from": [6.57937, 10.26944, 3.7],
			"to": [9.07937, 17.26944, 6.7],
			"rotation": {"angle": 22.5, "axis": "z", "origin": [8, 7.81564, 8]},
			"faces": {
				"north": {"uv": [2.5, 3.375, 4.25, 2.75], "rotation": 270, "texture": "#0"},
				"east": {"uv": [2, 3.375, 2.75, 5.125], "rotation": 180, "texture": "#0"},
				"south": {"uv": [4.25, 3.375, 2.5, 2.75], "rotation": 90, "texture": "#0"},
				"west": {"uv": [1.25, 3.375, 2, 5.125], "texture": "#0"},
				"up": {"uv": [2.5, 3.375, 1.75, 2.75], "rotation": 90, "texture": "#0"},
				"down": {"uv": [3.5, 4, 2.75, 3.375], "rotation": 90, "texture": "#0"}
			}
		},
		{
			"from": [7, 3, 4.25],
			"to": [9, 16, 6.25],
			"rotation": {"angle": 0, "axis": "y", "origin": [8, 7.81564, 8]},
			"faces": {
				"north": {"uv": [10.625, 5.25, 10.125, 2], "texture": "#0"},
				"east": {"uv": [10.125, 6.75, 9.625, 3.5], "texture": "#0"},
				"south": {"uv": [10.125, 10, 9.625, 6.75], "texture": "#0"},
				"west": {"uv": [10.625, 8.5, 10.125, 5.25], "texture": "#0"},
				"up": {"uv": [9.625, 8.5, 9.125, 8], "rotation": 180, "texture": "#0"},
				"down": {"uv": [9.625, 8.5, 9.125, 8], "rotation": 180, "texture": "#0"}
			}
		},
		{
			"from": [4, 15, 6.7],
			"to": [12, 25, 7.7],
			"rotation": {"angle": 0, "axis": "y", "origin": [8, 7.81564, 8]},
			"faces": {
				"north": {"uv": [12, 0.25, 14, 2.75], "texture": "#0"},
				"east": {"uv": [12, 0.25, 11.75, 2.75], "texture": "#0"},
				"south": {"uv": [14, 0.25, 16, 2.75], "texture": "#0"},
				"west": {"uv": [11.75, 0.25, 12, 2.75], "texture": "#0"},
				"up": {"uv": [12, 0, 14, 0.25], "rotation": 180, "texture": "#0"},
				"down": {"uv": [14, 0, 16, 0.25], "rotation": 180, "texture": "#0"}
			}
		},
		{
			"from": [12.16476, 7.17008, 5],
			"to": [13.16476, 9.17008, 5.5],
			"rotation": {"angle": 0, "axis": "y", "origin": [8, 7.81564, 8]},
			"faces": {
				"north": {"uv": [1.5, 6.125, 2, 6.375], "rotation": 270, "texture": "#0"},
				"east": {"uv": [2.25, 5.75, 2.375, 6.25], "rotation": 180, "texture": "#0"},
				"south": {"uv": [2, 6.125, 1.5, 6.375], "rotation": 90, "texture": "#0"},
				"west": {"uv": [2.375, 6.125, 2.5, 6.625], "texture": "#0"},
				"up": {"uv": [2.375, 5.875, 2.5, 6.125], "rotation": 90, "texture": "#0"},
				"down": {"uv": [2.375, 5.875, 2.5, 6.125], "rotation": 90, "texture": "#0"}
			}
		},
		{
			"from": [11.80251, 7.09388, 4.75],
			"to": [13.30251, 9.09388, 5.75],
			"rotation": {"angle": 22.5, "axis": "z", "origin": [8, 7.81564, 8]},
			"faces": {
				"north": {"uv": [1.5, 5.75, 2, 6.125], "rotation": 270, "texture": "#0"},
				"east": {"uv": [2.5, 5.875, 2.75, 6.375], "rotation": 180, "texture": "#0"},
				"south": {"uv": [2, 5.75, 1.5, 6.125], "rotation": 90, "texture": "#0"},
				"west": {"uv": [2, 5.75, 2.25, 6.25], "rotation": 180, "texture": "#0"},
				"up": {"uv": [1.25, 5.75, 1.5, 6.125], "rotation": 90, "texture": "#0"},
				"down": {"uv": [1.25, 5.75, 1.5, 6.125], "rotation": 90, "texture": "#0"}
			}
		},
		{
			"from": [6.96396, 11.45812, 4.5],
			"to": [8.96396, 13.45812, 6],
			"rotation": {"angle": -45, "axis": "z", "origin": [8, 7.81564, 8]},
			"faces": {
				"north": {"uv": [5.125, 3.75, 5.625, 4.25], "texture": "#0"},
				"east": {"uv": [5.125, 4.25, 5.5, 4.75], "texture": "#0"},
				"south": {"uv": [5.625, 3.75, 5.125, 4.25], "texture": "#0"},
				"west": {"uv": [5.125, 4.25, 5.5, 4.75], "texture": "#0"},
				"up": {"uv": [4.75, 3.75, 5.125, 4.25], "rotation": 90, "texture": "#0"},
				"down": {"uv": [4.75, 4.25, 5.125, 4.75], "rotation": 270, "texture": "#0"}
			}
		},
		{
			"from": [7.03604, 11.45812, 4.5],
			"to": [9.03604, 13.45812, 6],
			"rotation": {"angle": 45, "axis": "z", "origin": [8, 7.81564, 8]},
			"faces": {
				"north": {"uv": [5.625, 3.75, 5.125, 4.25], "texture": "#0"},
				"east": {"uv": [5.5, 4.25, 5.125, 4.75], "texture": "#0"},
				"south": {"uv": [5.125, 3.75, 5.625, 4.25], "texture": "#0"},
				"west": {"uv": [5.5, 4.25, 5.125, 4.75], "texture": "#0"},
				"up": {"uv": [4.75, 4.25, 5.125, 3.75], "rotation": 90, "texture": "#0"},
				"down": {"uv": [4.75, 4.75, 5.125, 4.25], "rotation": 270, "texture": "#0"}
			}
		},
		{
			"from": [2.69749, 7.09388, 4.75],
			"to": [4.19749, 9.09388, 5.75],
			"rotation": {"angle": -22.5, "axis": "z", "origin": [8, 7.81564, 8]},
			"faces": {
				"north": {"uv": [1.5, 6.125, 2, 5.75], "rotation": 270, "texture": "#0"},
				"east": {"uv": [2.25, 5.75, 2, 6.25], "rotation": 180, "texture": "#0"},
				"south": {"uv": [2, 6.125, 1.5, 5.75], "rotation": 90, "texture": "#0"},
				"west": {"uv": [2.75, 5.875, 2.5, 6.375], "rotation": 180, "texture": "#0"},
				"up": {"uv": [1.25, 6.125, 1.5, 5.75], "rotation": 90, "texture": "#0"},
				"down": {"uv": [1.25, 6.125, 1.5, 5.75], "rotation": 90, "texture": "#0"}
			}
		},
		{
			"from": [2.83524, 7.17008, 5],
			"to": [3.83524, 9.17008, 5.5],
			"rotation": {"angle": 0, "axis": "y", "origin": [8, 7.81564, 8]},
			"faces": {
				"north": {"uv": [1.5, 6.375, 2, 6.125], "rotation": 270, "texture": "#0"},
				"east": {"uv": [2.5, 6.125, 2.375, 6.625], "texture": "#0"},
				"south": {"uv": [2, 6.375, 1.5, 6.125], "rotation": 90, "texture": "#0"},
				"west": {"uv": [2.375, 5.75, 2.25, 6.25], "rotation": 180, "texture": "#0"},
				"up": {"uv": [2.375, 6.125, 2.5, 5.875], "rotation": 90, "texture": "#0"},
				"down": {"uv": [2.375, 6.125, 2.5, 5.875], "rotation": 90, "texture": "#0"}
			}
		},
		{
			"from": [11.5, 17.5, 2.75],
			"to": [11.5, 24.5, 6.75],
			"rotation": {"angle": 0, "axis": "y", "origin": [8, 7.81564, 8]},
			"faces": {
				"north": {"uv": [15, 9.5, 15, 13], "texture": "#0"},
				"east": {"uv": [6.5, 6, 8.25, 7], "rotation": 90, "texture": "#0"},
				"south": {"uv": [14, 10.25, 14, 13.75], "rotation": 180, "texture": "#0"},
				"west": {"uv": [8.25, 6, 6.5, 7], "rotation": 270, "texture": "#0"},
				"up": {"uv": [13, 12.25, 13, 13.25], "texture": "#0"},
				"down": {"uv": [13, 12.25, 13, 13.25], "rotation": 180, "texture": "#0"}
			}
		},
		{
			"from": [4.5, 17.5, 2.75],
			"to": [4.5, 24.5, 6.75],
			"rotation": {"angle": 0, "axis": "y", "origin": [8, 7.81564, 8]},
			"faces": {
				"north": {"uv": [15, 9.5, 15, 13], "texture": "#0"},
				"east": {"uv": [8.25, 7, 6.5, 6], "rotation": 270, "texture": "#0"},
				"south": {"uv": [14, 10.25, 14, 13.75], "rotation": 180, "texture": "#0"},
				"west": {"uv": [6.5, 7, 8.25, 6], "rotation": 90, "texture": "#0"},
				"up": {"uv": [13, 12.25, 13, 13.25], "texture": "#0"},
				"down": {"uv": [13, 12.25, 13, 13.25], "rotation": 180, "texture": "#0"}
			}
		},
		{
			"from": [4.5, 23.77027, 13.32132],
			"to": [11.5, 27.77027, 14.32132],
			"rotation": {"angle": -22.5, "axis": "x", "origin": [8, 7.81564, 8]},
			"faces": {
				"north": {"uv": [14.25, 2.75, 16, 3.75], "texture": "#0"},
				"east": {"uv": [12.5, 2.75, 12.25, 3.75], "texture": "#0"},
				"south": {"uv": [12.5, 2.75, 14.25, 3.75], "texture": "#0"},
				"west": {"uv": [12.25, 2.75, 12.5, 3.75], "texture": "#0"},
				"up": {"uv": [10.25, 0, 12, 0.25], "rotation": 180, "texture": "#0"},
				"down": {"uv": [10.25, 0, 12, 0.25], "rotation": 180, "texture": "#0"}
			}
		},
		{
			"from": [11, 15, 5.7],
			"to": [12, 25, 6.7],
			"rotation": {"angle": 0, "axis": "y", "origin": [8, 7.81564, 8]},
			"faces": {
				"north": {"uv": [9.25, 0.25, 11.75, 0.5], "rotation": 90, "texture": "#0"},
				"east": {"uv": [9.25, 0.5, 11.75, 0.75], "rotation": 90, "texture": "#0"},
				"south": {"uv": [9.25, 0.25, 11.75, 0.5], "rotation": 90, "texture": "#0"},
				"west": {"uv": [9.25, 0.5, 11.75, 0.75], "rotation": 90, "texture": "#0"},
				"up": {"uv": [9, 0.5, 9.25, 0.75], "rotation": 180, "texture": "#0"},
				"down": {"uv": [9, 0.25, 9.25, 0.5], "rotation": 180, "texture": "#0"}
			}
		},
		{
			"from": [4, 15, 5.7],
			"to": [5, 25, 6.7],
			"rotation": {"angle": 0, "axis": "y", "origin": [8, 7.81564, 8]},
			"faces": {
				"north": {"uv": [9.25, 0.5, 11.75, 0.25], "rotation": 90, "texture": "#0"},
				"east": {"uv": [9.25, 0.75, 11.75, 0.5], "rotation": 90, "texture": "#0"},
				"south": {"uv": [9.25, 0.5, 11.75, 0.25], "rotation": 90, "texture": "#0"},
				"west": {"uv": [9.25, 0.75, 11.75, 0.5], "rotation": 90, "texture": "#0"},
				"up": {"uv": [9.25, 0.5, 9, 0.75], "rotation": 180, "texture": "#0"},
				"down": {"uv": [9.25, 0.25, 9, 0.5], "rotation": 180, "texture": "#0"}
			}
		},
		{
			"from": [8, 7, 4.25],
			"to": [8, 24, 18.25],
			"rotation": {"angle": 0, "axis": "y", "origin": [8, 7.81564, 8]},
			"faces": {
				"north": {"uv": [7.5, 0, 7.5, 16], "rotation": 180, "texture": "#1"},
				"east": {"uv": [0, 14, 16, 0], "rotation": 90, "texture": "#1"},
				"south": {"uv": [6.875, 0, 6.875, 16], "texture": "#1"},
				"west": {"uv": [16, 14, 0, 0], "rotation": 270, "texture": "#1"},
				"up": {"uv": [8.125, 16, 8.125, 2], "texture": "#1"},
				"down": {"uv": [8.125, 16, 8.125, 2], "rotation": 180, "texture": "#1"}
			}
		}
	],
	"gui_light": "front",
	"display": {
		"thirdperson_righthand": {
			"translation": [0, 5, 2.75],
			"scale": [0.6, 0.6, 0.6]
		},
		"thirdperson_lefthand": {
			"translation": [0, 5, 2.75],
			"scale": [0.6, 0.6, 0.6]
		},
		"firstperson_righthand": {
			"rotation": [-112.85, 71.74, 98.39],
			"translation": [3, 3.75, -0.75],
			"scale": [0.5, 0.5, 0.5]
		},
		"firstperson_lefthand": {
			"rotation": [-112.85, 71.74, 98.39],
			"translation": [3, 3.75, -0.75],
			"scale": [0.5, 0.5, 0.5]
		},
		"ground": {
			"rotation": [0, 0, 90],
			"translation": [-4.75, 0.25, 0],
			"scale": [0.5, 0.5, 0.5]
		},
		"gui": {
			"rotation": [90, 135, -90],
			"translation": [-1.75, 1.5, -1.25],
			"scale": [0.43609, 0.43609, 0.43609]
		},
		"head": {
			"rotation": [90, -168, 90],
			"translation": [-0.5, 11.75, 0],
			"scale": [0.56, 0.56, 0.56]
		},
		"fixed": {
			"rotation": [0, 90, 0],
			"translation": [0, 3, -2.25],
			"scale": [1.07898, 1.07898, 1.07898]
		}
	}
}