{"credit":"MadewithBlockbench","textures":{"0":"elitecreatures:steamsparks_animated_weapon_set/texture","1":"elitecreatures:steamsparks_animated_weapon_set/smoke_1","2":"elitecreatures:steamsparks_animated_weapon_set/cog_01","3":"elitecreatures:steamsparks_animated_weapon_set/lightning_1","particle":"elitecreatures:steamsparks_animated_weapon_set/texture"},"elements":[{"from":[7.65609,4.06174,7.01918],"to":[8.34391,5.17711,7.70079],"rotation":{"angle":22.5,"axis":"x","origin":[8,4.9016,7.20408]},"faces":{"north":{"uv":[11.6,8.8,11.9,9.2],"rotation":180,"texture":"#0"},"east":{"uv":[11.6,8.4,11.9,8.8],"rotation":180,"texture":"#0"},"south":{"uv":[11.6,8,11.9,8.4],"rotation":180,"texture":"#0"},"west":{"uv":[11.6,9.2,11.9,9.6],"rotation":180,"texture":"#0"},"up":{"uv":[12.3,7.6,12,7.9],"texture":"#0"},"down":{"uv":[7.9,12.3,7.6,12],"texture":"#0"}}},{"from":[7.56625,5.14613,6.92623],"to":[8.43376,5.48694,7.79374],"rotation":{"angle":22.5,"axis":"x","origin":[8,4.9016,7.20408]},"faces":{"north":{"uv":[8.4,12.4,8.7,12.5],"rotation":180,"texture":"#0"},"east":{"uv":[12.4,8,12.7,8.1],"rotation":180,"texture":"#0"},"south":{"uv":[8,12.4,8.3,12.5],"rotation":180,"texture":"#0"},"west":{"uv":[12.4,8.4,12.7,8.5],"rotation":180,"texture":"#0"},"up":{"uv":[12.3,8,12,8.3],"texture":"#0"},"down":{"uv":[8.3,12.3,8,12],"texture":"#0"}}},{"from":[7.41133,4.06174,6.77132],"to":[8.58867,4.40255,7.94865],"rotation":{"angle":22.5,"axis":"x","origin":[8,4.9016,7.20408]},"faces":{"north":{"uv":[6.4,12.4,6.9,12.5],"rotation":180,"texture":"#0"},"east":{"uv":[5.6,12.4,6.1,12.5],"rotation":180,"texture":"#0"},"south":{"uv":[12.4,5.2,12.9,5.3],"rotation":180,"texture":"#0"},"west":{"uv":[12.4,6.4,12.9,6.5],"rotation":180,"texture":"#0"},"up":{"uv":[11.3,3.2,10.8,3.7],"texture":"#0"},"down":{"uv":[3.7,11.3,3.2,10.8],"texture":"#0"}}},{"from":[5.22514,3.83214,4.56811],"to":[5.22514,4.76162,7.97618],"rotation":{"angle":-22.5,"axis":"z","origin":[8,-1.93824,8]},"faces":{"north":{"uv":[0,0.4,0,0],"texture":"#0"},"east":{"uv":[3.2,10.6,3.6,9.2],"rotation":270,"texture":"#0"},"south":{"uv":[0,0,0,0.4],"rotation":180,"texture":"#0"},"west":{"uv":[9.2,4.6,9.6,3.2],"rotation":90,"texture":"#0"},"up":{"uv":[0,1.4,0,0],"rotation":180,"texture":"#0"},"down":{"uv":[0,1.4,0,0],"texture":"#0"}}},{"from":[10.77486,3.83214,4.56811],"to":[10.77486,4.76162,7.97618],"rotation":{"angle":22.5,"axis":"z","origin":[8,-1.93824,8]},"faces":{"north":{"uv":[0,0.4,0,0],"texture":"#0"},"east":{"uv":[8.8,9.4,9.2,8],"rotation":270,"texture":"#0"},"south":{"uv":[0,0,0,0.4],"rotation":180,"texture":"#0"},"west":{"uv":[9.2,1.4,9.6,0],"rotation":90,"texture":"#0"},"up":{"uv":[0,1.4,0,0],"rotation":180,"texture":"#0"},"down":{"uv":[0,1.4,0,0],"texture":"#0"}}},{"from":[8,-0.64552,7.44754],"to":[8,2.76255,8.37702],"rotation":{"angle":-22.5,"axis":"x","origin":[8,-1.93824,8]},"faces":{"north":{"uv":[0,0,0,1.4],"texture":"#0"},"east":{"uv":[9.2,3.2,8.8,4.6],"texture":"#0"},"south":{"uv":[0,0,0,1.4],"texture":"#0"},"west":{"uv":[9.2,4.8,8.8,6.2],"texture":"#0"},"up":{"uv":[0,0,0,0.4],"texture":"#0"},"down":{"uv":[0,0.4,0,0],"texture":"#0"}}},{"from":[8,0.0928,2.55741],"to":[8,6.50087,5.48689],"rotation":{"angle":0,"axis":"z","origin":[8,3.29684,4.02215]},"faces":{"north":{"uv":[0,0,0,1.4],"rotation":180,"texture":"#0"},"east":{"uv":[14.6,0,13.1,3.3],"rotation":180,"texture":"#0"},"south":{"uv":[0,0,0,1.4],"rotation":180,"texture":"#0"},"west":{"uv":[13.1,0,14.6,3.3],"rotation":180,"texture":"#0"},"up":{"uv":[0,0.4,0,0],"rotation":180,"texture":"#0"},"down":{"uv":[0,0,0,0.4],"rotation":180,"texture":"#0"}}},{"from":[7.625,1.97619,4.56811],"to":[8.375,4.45479,7.97618],"rotation":{"angle":0,"axis":"y","origin":[8,-1.93824,8]},"faces":{"north":{"uv":[0,1,0,0],"texture":"#0"},"east":{"uv":[7.2,1.4,8.2,0],"rotation":270,"texture":"#0"},"south":{"uv":[0,0,0,1],"rotation":180,"texture":"#0"},"west":{"uv":[7.2,3,8.2,1.6],"rotation":90,"texture":"#0"},"up":{"uv":[0,1.4,0,0],"rotation":180,"texture":"#0"},"down":{"uv":[0,1.4,0,0],"texture":"#0"}}},{"from":[7.65,1.72619,3.34038],"to":[8.35,4.70479,6.31898],"rotation":{"angle":0,"axis":"y","origin":[8,-1.93824,8]},"faces":{"north":{"uv":[0,0,0,1],"texture":"#2"},"east":{"uv":[0,16,16,0],"rotation":90,"texture":"#2"},"south":{"uv":[0,1,0,0],"rotation":180,"texture":"#2"},"west":{"uv":[16,16,0,0],"rotation":270,"texture":"#2"},"up":{"uv":[0,1,0,0],"texture":"#2"},"down":{"uv":[0,1,0,0],"rotation":180,"texture":"#2"}}},{"from":[8,4.8142,8.08985],"to":[8,7.2928,10.56845],"rotation":{"angle":-45,"axis":"x","origin":[8,4.9016,7.70408]},"faces":{"north":{"uv":[0,1,0,0],"rotation":180,"texture":"#1"},"east":{"uv":[0,16,16,0],"rotation":180,"texture":"#1"},"south":{"uv":[0,1,0,0],"rotation":180,"texture":"#1"},"west":{"uv":[16,16,0,0],"rotation":180,"texture":"#1"},"up":{"uv":[0,1,0,0],"rotation":180,"texture":"#1"},"down":{"uv":[0,0,0,1],"rotation":180,"texture":"#1"}}},{"from":[7.5,1.72619,6.79038],"to":[8.5,5.20479,9.76898],"rotation":{"angle":0,"axis":"y","origin":[8,-1.93824,10]},"faces":{"north":{"uv":[0,1,0,0],"rotation":180,"texture":"#3"},"east":{"uv":[16,16,0,0],"rotation":180,"texture":"#3"},"south":{"uv":[0,1,0,0],"rotation":180,"texture":"#3"},"west":{"uv":[0,16,16,0],"rotation":180,"texture":"#3"},"up":{"uv":[0,0,0,1],"rotation":180,"texture":"#3"},"down":{"uv":[0,1,0,0],"rotation":180,"texture":"#3"}}},{"from":[7.69017,2.59584,4.28964],"to":[8.30983,3.83514,9.71036],"rotation":{"angle":0,"axis":"y","origin":[8,-1.93824,8]},"faces":{"north":{"uv":[12,1.7,12.2,1.2],"texture":"#0"},"east":{"uv":[5.6,6.6,6.1,4.2],"rotation":270,"texture":"#0"},"south":{"uv":[3.2,12,3.4,12.5],"rotation":180,"texture":"#0"},"west":{"uv":[6.4,6.6,6.9,4.2],"rotation":90,"texture":"#0"},"up":{"uv":[0,14.2,0.2,7.6],"rotation":180,"texture":"#0"},"down":{"uv":[0.4,14.2,0.6,7.6],"texture":"#0"}}},{"from":[7.51203,3.17935,6.8245],"to":[8.48797,4.10882,8.68345],"rotation":{"angle":22.5,"axis":"x","origin":[8,4.9016,7.20408]},"faces":{"north":{"uv":[4,11.6,4.4,12],"rotation":180,"texture":"#0"},"east":{"uv":[7.2,6.4,7.9,6.8],"rotation":180,"texture":"#0"},"south":{"uv":[11.6,3.6,12,4],"rotation":180,"texture":"#0"},"west":{"uv":[10.4,0.8,11.1,1.2],"rotation":180,"texture":"#0"},"up":{"uv":[10.8,4.8,10.4,5.5],"texture":"#0"},"down":{"uv":[10.8,1.9,10.4,1.2],"texture":"#0"}}},{"from":[7.76763,3.17473,5.94989],"to":[8.23237,4.33657,7.11173],"rotation":{"angle":0,"axis":"x","origin":[8,4.9016,7.20408]},"faces":{"north":{"uv":[4.2,12.5,4,12],"rotation":180,"texture":"#0"},"east":{"uv":[4.8,10.8,5.3,11.3],"rotation":90,"texture":"#0"},"south":{"uv":[12.2,4,12,4.5],"texture":"#0"},"west":{"uv":[10.8,4.8,11.3,5.3],"rotation":270,"texture":"#0"},"up":{"uv":[3.6,12,3.8,12.5],"texture":"#0"},"down":{"uv":[12,3.2,12.2,3.7],"rotation":180,"texture":"#0"}}},{"from":[7.55075,2.45054,7.13754],"to":[8.44925,3.61238,8.29939],"rotation":{"angle":22.5,"axis":"x","origin":[8,4.9016,7.20408]},"faces":{"north":{"uv":[11.2,11.7,11.6,11.2],"rotation":180,"texture":"#0"},"east":{"uv":[6.4,11.3,6.9,10.8],"rotation":180,"texture":"#0"},"south":{"uv":[10.8,11.7,11.2,11.2],"rotation":180,"texture":"#0"},"west":{"uv":[10.8,7.3,11.3,6.8],"rotation":180,"texture":"#0"},"up":{"uv":[11.6,0.5,12,0],"rotation":180,"texture":"#0"},"down":{"uv":[0.8,11.6,1.2,12.1],"rotation":180,"texture":"#0"}}},{"from":[7.55075,-0.36544,7.41908],"to":[8.44925,0.79641,8.58092],"rotation":{"angle":45,"axis":"x","origin":[8,0.21549,8]},"faces":{"north":{"uv":[0.8,11.6,1.2,12.1],"texture":"#0"},"east":{"uv":[6.4,11.3,6.9,10.8],"rotation":90,"texture":"#0"},"south":{"uv":[11.6,0.5,12,0],"rotation":180,"texture":"#0"},"west":{"uv":[10.8,7.3,11.3,6.8],"rotation":270,"texture":"#0"},"up":{"uv":[11.2,11.7,11.6,11.2],"texture":"#0"},"down":{"uv":[10.8,11.7,11.2,11.2],"rotation":180,"texture":"#0"}}},{"from":[5.22514,3.83214,8.02382],"to":[5.22514,4.76162,11.43189],"rotation":{"angle":-22.5,"axis":"z","origin":[8,-1.93824,8]},"faces":{"north":{"uv":[0,0,0,0.4],"rotation":180,"texture":"#0"},"east":{"uv":[3.2,9.2,3.6,10.6],"rotation":270,"texture":"#0"},"south":{"uv":[0,0.4,0,0],"texture":"#0"},"west":{"uv":[9.2,3.2,9.6,4.6],"rotation":90,"texture":"#0"},"up":{"uv":[0,0,0,1.4],"rotation":180,"texture":"#0"},"down":{"uv":[0,0,0,1.4],"texture":"#0"}}},{"from":[10.77486,3.83214,8.02382],"to":[10.77486,4.76162,11.43189],"rotation":{"angle":22.5,"axis":"z","origin":[8,-1.93824,8]},"faces":{"north":{"uv":[0,0,0,0.4],"rotation":180,"texture":"#0"},"east":{"uv":[8.8,8,9.2,9.4],"rotation":270,"texture":"#0"},"south":{"uv":[0,0.4,0,0],"texture":"#0"},"west":{"uv":[9.2,0,9.6,1.4],"rotation":90,"texture":"#0"},"up":{"uv":[0,0,0,1.4],"rotation":180,"texture":"#0"},"down":{"uv":[0,0,0,1.4],"texture":"#0"}}},{"from":[8,-0.64552,7.62298],"to":[8,2.76255,8.55246],"rotation":{"angle":22.5,"axis":"x","origin":[8,-1.93824,8]},"faces":{"north":{"uv":[0,0,0,1.4],"texture":"#0"},"east":{"uv":[8.8,3.2,9.2,4.6],"texture":"#0"},"south":{"uv":[0,0,0,1.4],"texture":"#0"},"west":{"uv":[8.8,4.8,9.2,6.2],"texture":"#0"},"up":{"uv":[0,0.4,0,0],"texture":"#0"},"down":{"uv":[0,0,0,0.4],"texture":"#0"}}},{"from":[7.625,1.97619,8.02382],"to":[8.375,4.45479,11.43189],"rotation":{"angle":0,"axis":"y","origin":[8,-1.93824,8]},"faces":{"north":{"uv":[0,0,0,1],"rotation":180,"texture":"#0"},"east":{"uv":[7.2,0,8.2,1.4],"rotation":270,"texture":"#0"},"south":{"uv":[0,1,0,0],"texture":"#0"},"west":{"uv":[7.2,1.6,8.2,3],"rotation":90,"texture":"#0"},"up":{"uv":[0,0,0,1.4],"rotation":180,"texture":"#0"},"down":{"uv":[0,0,0,1.4],"texture":"#0"}}},{"from":[8,-11.95349,6.5107],"to":[8,-8.97489,9.4893],"rotation":{"angle":0,"axis":"y","origin":[8,-1.93824,8]},"faces":{"north":{"uv":[0,0,0,1],"rotation":180,"texture":"#2"},"east":{"uv":[0,0,16,16],"rotation":180,"texture":"#2"},"south":{"uv":[0,0,0,1],"rotation":180,"texture":"#2"},"west":{"uv":[16,0,0,16],"rotation":180,"texture":"#2"},"up":{"uv":[0,0,0,1],"texture":"#2"},"down":{"uv":[0,1,0,0],"texture":"#2"}}},{"from":[8,2.54651,6.5107],"to":[8,5.52511,9.4893],"rotation":{"angle":0,"axis":"y","origin":[8,-1.93824,8]},"faces":{"north":{"uv":[0,0,0,1],"rotation":180,"texture":"#2"},"east":{"uv":[0,0,16,16],"rotation":180,"texture":"#2"},"south":{"uv":[0,0,0,1],"rotation":180,"texture":"#2"},"west":{"uv":[16,0,0,16],"rotation":180,"texture":"#2"},"up":{"uv":[0,0,0,1],"texture":"#2"},"down":{"uv":[0,1,0,0],"texture":"#2"}}},{"from":[7.9,-0.20349,6.5107],"to":[8.1,2.77511,9.4893],"rotation":{"angle":0,"axis":"y","origin":[8,-1.93824,8]},"faces":{"north":{"uv":[0,0,0,1],"rotation":180,"texture":"#2"},"east":{"uv":[0,0,16,16],"rotation":180,"texture":"#2"},"south":{"uv":[0,0,0,1],"rotation":180,"texture":"#2"},"west":{"uv":[16,0,0,16],"rotation":180,"texture":"#2"},"up":{"uv":[0,0,0,1],"texture":"#2"},"down":{"uv":[0,1,0,0],"texture":"#2"}}},{"from":[7.67821,-7.29824,7.70145],"to":[8.32179,-3.58034,8.29855],"rotation":{"angle":-45,"axis":"y","origin":[8,-1.93824,8]},"faces":{"north":{"uv":[6,9.2,6.3,10.7],"texture":"#0"},"east":{"uv":[6.4,9.2,6.7,10.7],"texture":"#0"},"south":{"uv":[9.2,6.4,9.5,7.9],"texture":"#0"},"west":{"uv":[6.8,9.2,7.1,10.7],"texture":"#0"},"up":{"uv":[6.7,12.3,6.4,12],"texture":"#0"},"down":{"uv":[12.3,6.4,12,6.7],"texture":"#0"}}},{"from":[7.67821,-3.54824,7.70145],"to":[8.32179,0.16966,8.29855],"rotation":{"angle":-45,"axis":"y","origin":[8,-1.93824,8]},"faces":{"north":{"uv":[6,9.2,6.3,10.7],"texture":"#0"},"east":{"uv":[6.4,9.2,6.7,10.7],"texture":"#0"},"south":{"uv":[9.2,6.4,9.5,7.9],"texture":"#0"},"west":{"uv":[6.8,9.2,7.1,10.7],"texture":"#0"},"up":{"uv":[6.7,12.3,6.4,12],"texture":"#0"},"down":{"uv":[12.3,6.4,12,6.7],"texture":"#0"}}},{"from":[7.67821,-10.19824,7.70145],"to":[8.32179,-6.48034,8.29855],"rotation":{"angle":-45,"axis":"y","origin":[8,-1.93824,8]},"faces":{"north":{"uv":[6,9.2,6.3,10.7],"texture":"#0"},"east":{"uv":[6.4,9.2,6.7,10.7],"texture":"#0"},"south":{"uv":[9.2,6.4,9.5,7.9],"texture":"#0"},"west":{"uv":[6.8,9.2,7.1,10.7],"texture":"#0"},"up":{"uv":[6.7,12.3,6.4,12],"texture":"#0"},"down":{"uv":[12.3,6.4,12,6.7],"texture":"#0"}}},{"from":[7.63174,-7.29824,7.65497],"to":[8.36826,-3.58034,8.34503],"rotation":{"angle":-45,"axis":"y","origin":[8,-1.93824,8]},"faces":{"north":{"uv":[7.2,9.2,7.5,10.7],"texture":"#0"},"east":{"uv":[7.6,9.2,7.9,10.7],"texture":"#0"},"south":{"uv":[9.2,8,9.5,9.5],"texture":"#0"},"west":{"uv":[9.6,0,9.9,1.5],"texture":"#0"},"up":{"uv":[7.1,12.3,6.8,12],"texture":"#0"},"down":{"uv":[12.3,6.8,12,7.1],"texture":"#0"}}},{"from":[7.51203,-4.85837,7.53526],"to":[8.48797,-4.39363,8.46474],"rotation":{"angle":-45,"axis":"y","origin":[8,-1.93824,8]},"faces":{"north":{"uv":[10,12,10.4,12.2],"texture":"#0"},"east":{"uv":[12,10,12.4,10.2],"texture":"#0"},"south":{"uv":[10.4,12,10.8,12.2],"texture":"#0"},"west":{"uv":[12,10.4,12.4,10.6],"texture":"#0"},"up":{"uv":[12,5.2,11.6,4.8],"texture":"#0"},"down":{"uv":[5.6,11.6,5.2,12],"texture":"#0"}}},{"from":[7.51203,-3.94508,7.53526],"to":[8.48797,-3.48034,8.46474],"rotation":{"angle":-45,"axis":"y","origin":[8,-1.93824,8]},"faces":{"north":{"uv":[10,12,10.4,12.2],"texture":"#0"},"east":{"uv":[12,10,12.4,10.2],"texture":"#0"},"south":{"uv":[10.4,12,10.8,12.2],"texture":"#0"},"west":{"uv":[12,10.4,12.4,10.6],"texture":"#0"},"up":{"uv":[12,5.2,11.6,4.8],"texture":"#0"},"down":{"uv":[5.6,11.6,5.2,12],"texture":"#0"}}},{"from":[7.51203,-6.8335,7.53526],"to":[8.48797,-6.36877,8.46474],"rotation":{"angle":-45,"axis":"y","origin":[8,-1.93824,8]},"faces":{"north":{"uv":[10,12,10.4,12.2],"texture":"#0"},"east":{"uv":[12,10,12.4,10.2],"texture":"#0"},"south":{"uv":[10.4,12,10.8,12.2],"texture":"#0"},"west":{"uv":[12,10.4,12.4,10.6],"texture":"#0"},"up":{"uv":[12,5.2,11.6,4.8],"texture":"#0"},"down":{"uv":[5.6,11.6,5.2,12],"texture":"#0"}}},{"from":[7.51203,-7.74679,7.53526],"to":[8.48797,-7.28206,8.46474],"rotation":{"angle":-45,"axis":"y","origin":[8,-1.93824,8]},"faces":{"north":{"uv":[10,12,10.4,12.2],"texture":"#0"},"east":{"uv":[12,10,12.4,10.2],"texture":"#0"},"south":{"uv":[10.4,12,10.8,12.2],"texture":"#0"},"west":{"uv":[12,10.4,12.4,10.6],"texture":"#0"},"up":{"uv":[12,5.2,11.6,4.8],"texture":"#0"},"down":{"uv":[5.6,11.6,5.2,12],"texture":"#0"}}},{"from":[7.30289,0.31045,4.27964],"to":[8.69711,1.78212,5.75131],"rotation":{"angle":45,"axis":"x","origin":[8,-1.93824,8]},"faces":{"north":{"uv":[9.6,6.4,10.2,7],"texture":"#0"},"east":{"uv":[9.6,7.2,10.2,7.8],"texture":"#0"},"south":{"uv":[9.6,8,10.2,8.6],"texture":"#0"},"west":{"uv":[8.4,9.6,9,10.2],"texture":"#0"},"up":{"uv":[10.2,9.4,9.6,8.8],"texture":"#0"},"down":{"uv":[9.8,9.6,9.2,10.2],"texture":"#0"}}},{"from":[7.30289,-8.00764,12.75264],"to":[8.69711,-6.69089,14.0694],"rotation":{"angle":45,"axis":"x","origin":[8,-1.93824,8]},"faces":{"north":{"uv":[5.2,10,5.8,10.5],"texture":"#0"},"east":{"uv":[8,10.4,8.5,10.9],"texture":"#0"},"south":{"uv":[10,5.6,10.6,6.1],"texture":"#0"},"west":{"uv":[10.4,8.4,10.9,8.9],"texture":"#0"},"up":{"uv":[10.6,10.1,10,9.6],"texture":"#0"},"down":{"uv":[11,0,10.4,0.5],"texture":"#0"}}}],"gui_light":"front","display":{"thirdperson_righthand":{"translation":[0,17,2],"scale":[1.4,1.4,1.4]},"thirdperson_lefthand":{"translation":[0,17,2],"scale":[1.4,1.4,1.4]},"firstperson_righthand":{"translation":[10.25,18.25,-6.25],"scale":[1.47656,1.47656,1.47656]},"firstperson_lefthand":{"translation":[10.25,18.25,-6.25],"scale":[1.47656,1.47656,1.47656]},"ground":{"rotation":[-45,0,0],"translation":[-0.25,14,-6.5]},"gui":{"rotation":[-90,-45,-90],"translation":[6.25,6.75,0],"scale":[0.96406,0.96406,0.96406]},"head":{"scale":[0,0,0]},"fixed":{"rotation":[-180,-90,-180],"translation":[0,33.5,-2.1],"scale":[3,3,3]}},"groups":[{"name":"axe","origin":[8,2.87353,8],"color":0,"nbt":"{}","children":[{"name":"group","origin":[8,3.21549,19],"color":0,"nbt":"{}","children":[0,1,2,3,4,5,6,7,8,9,10,11,12,13,14,15]},{"name":"group","origin":[8,3.21549,19],"color":0,"nbt":"{}","children":[16,17,18,19]},20,21,22,23,24,25,26,27,28,29,30,31,32]}]}