{
	"credit": "by w11shes",
	"texture_size": [64, 64],
	"textures": {
		"1": "elitecreatures:lunar_assortment/lunar_helmet",
		"particle": "elitecreatures:lunar_assortment/lunar_helmet_e"
	},
	"elements": [
		{
			"from": [3, 5, 3],
			"to": [13, 10, 13],
			"faces": {
				"north": {"uv": [5, 4.25, 7.5, 5.5], "texture": "#1"},
				"east": {"uv": [7.5, 5.5, 5, 6.75], "texture": "#1"},
				"south": {"uv": [0, 5.25, 2.5, 6.5], "texture": "#1"},
				"west": {"uv": [5, 5.5, 7.5, 6.75], "texture": "#1"},
				"up": {"uv": [5, 5, 2.5, 2.5], "texture": "#1"}
			}
		},
		{
			"from": [13, 10, 13],
			"to": [3, 5, 3],
			"rotation": {"angle": 0, "axis": "y", "origin": [16, 16, -4]},
			"faces": {
				"north": {"uv": [0, 6.5, 2.5, 5.25], "texture": "#1"},
				"east": {"uv": [5, 6.75, 7.5, 5.5], "texture": "#1"},
				"south": {"uv": [5, 5.5, 7.5, 4.25], "texture": "#1"},
				"west": {"uv": [7.5, 6.75, 5, 5.5], "texture": "#1"},
				"down": {"uv": [2.5, 5, 5, 2.5], "texture": "#1"}
			}
		},
		{
			"from": [5, 10, 5],
			"to": [11, 13, 11],
			"faces": {
				"north": {"uv": [7.5, 6, 9, 6.75], "texture": "#1"},
				"east": {"uv": [4.5, 7.75, 3, 8.5], "texture": "#1"},
				"south": {"uv": [1.5, 7.75, 3, 8.5], "texture": "#1"},
				"west": {"uv": [3, 7.75, 4.5, 8.5], "texture": "#1"},
				"up": {"uv": [1.5, 8, 0, 6.5], "texture": "#1"}
			}
		},
		{
			"from": [3, -3, 3],
			"to": [3.05, 5, 13],
			"rotation": {"angle": -22.5, "axis": "z", "origin": [3, 5, 3]},
			"faces": {
				"east": {"uv": [2.5, 5, 5, 7], "texture": "#1"},
				"west": {"uv": [2.5, 5, 5, 7], "texture": "#1"}
			}
		},
		{
			"from": [12.95, -3, 3],
			"to": [13, 5, 13],
			"rotation": {"angle": 22.5, "axis": "z", "origin": [13, 5, 3]},
			"faces": {
				"east": {"uv": [5, 5, 2.5, 7], "texture": "#1"},
				"west": {"uv": [5, 5, 2.5, 7], "texture": "#1"}
			}
		},
		{
			"from": [3, -6, 12.95],
			"to": [13, 5, 13],
			"rotation": {"angle": -22.5, "axis": "x", "origin": [4, 5, 13]},
			"faces": {
				"north": {"uv": [0, 0, 2.5, 2.75], "texture": "#1"},
				"south": {"uv": [0, 0, 2.5, 2.75], "texture": "#1"}
			}
		},
		{
			"from": [6, 9, 2],
			"to": [10, 13, 4],
			"rotation": {"angle": 45, "axis": "z", "origin": [8, 11, 3]},
			"faces": {
				"north": {"uv": [6, 8, 7, 9], "texture": "#1"},
				"east": {"uv": [3.5, 8.5, 4, 9.5], "texture": "#1"},
				"south": {"uv": [8, 6.75, 9, 7.75], "texture": "#1"},
				"west": {"uv": [4, 8.5, 4.5, 9.5], "texture": "#1"},
				"up": {"uv": [2.5, 7, 1.5, 6.5], "texture": "#1"},
				"down": {"uv": [9.5, 7.75, 8.5, 8.25], "texture": "#1"}
			}
		},
		{
			"from": [7.95, 13, 6.5],
			"to": [8, 17, 9.5],
			"rotation": {"angle": -45, "axis": "y", "origin": [8, 15, 8]},
			"faces": {
				"east": {"uv": [2.25, 8.5, 1.5, 9.5], "texture": "#1"},
				"west": {"uv": [1.5, 8.5, 2.25, 9.5], "texture": "#1"}
			}
		},
		{
			"from": [8, 13, 6.5],
			"to": [8.05, 17, 9.5],
			"rotation": {"angle": 45, "axis": "y", "origin": [8, 15, 8]},
			"faces": {
				"east": {"uv": [2.25, 8.5, 1.5, 9.5], "texture": "#1"},
				"west": {"uv": [1.5, 8.5, 2.25, 9.5], "texture": "#1"}
			}
		},
		{
			"from": [5, 5, -2],
			"to": [11, 9, 3],
			"faces": {
				"north": {"uv": [7.5, 0, 9, 1], "texture": "#1"},
				"east": {"uv": [8.75, 5, 7.5, 6], "texture": "#1"},
				"west": {"uv": [7.5, 5, 8.75, 6], "texture": "#1"},
				"up": {"uv": [6.5, 8, 5, 6.75], "texture": "#1"},
				"down": {"uv": [8, 6.75, 6.5, 8], "texture": "#1"}
			}
		},
		{
			"from": [5, 9, -2],
			"to": [11, 10, 1],
			"rotation": {"angle": 0, "axis": "y", "origin": [0, 1, 0]},
			"faces": {
				"north": {"uv": [8.5, 8.25, 10, 8.5], "texture": "#1"},
				"east": {"uv": [9.5, 2, 8.75, 2.25], "texture": "#1"},
				"south": {"uv": [8.5, 8.5, 10, 8.75], "texture": "#1"},
				"west": {"uv": [8.75, 2, 9.5, 2.25], "texture": "#1"},
				"up": {"uv": [1.5, 8.75, 0, 8], "texture": "#1"}
			}
		},
		{
			"from": [5, -1.38268, -0.92388],
			"to": [11, 1.61732, 3.07612],
			"rotation": {"angle": -22.5, "axis": "x", "origin": [9, 1.61732, 2.07612]},
			"faces": {
				"north": {"uv": [4.5, 8, 6, 8.75], "texture": "#1"},
				"east": {"uv": [5, 7, 4, 7.75], "texture": "#1"},
				"west": {"uv": [4, 7, 5, 7.75], "texture": "#1"},
				"up": {"uv": [9, 2, 7.5, 1], "texture": "#1"},
				"down": {"uv": [9, 4, 7.5, 5], "texture": "#1"}
			}
		},
		{
			"from": [11, 8.59009, -2.89671],
			"to": [5, 7.59009, -4.89671],
			"rotation": {"angle": -22.5, "axis": "x", "origin": [1, 14.59009, 15.10329]},
			"faces": {
				"east": {"uv": [4.5, 9.25, 5, 9], "texture": "#1"},
				"south": {"uv": [4.5, 9, 6, 8.75], "texture": "#1"},
				"west": {"uv": [5, 9.25, 4.5, 9], "texture": "#1"}
			}
		},
		{
			"from": [5, 4.90715, -0.38479],
			"to": [11, 5.90715, 1.61521],
			"rotation": {"angle": -22.5, "axis": "x", "origin": [21, 1.90715, 10.61521]},
			"faces": {
				"north": {"uv": [4.5, 8.75, 6, 9], "texture": "#1"},
				"east": {"uv": [5, 9, 4.5, 9.25], "texture": "#1"},
				"west": {"uv": [4.5, 9, 5, 9.25], "texture": "#1"}
			}
		},
		{
			"from": [3, -1, 3],
			"to": [13, 2, 13],
			"rotation": {"angle": 0, "axis": "y", "origin": [5, 0, 4]},
			"faces": {
				"north": {"uv": [1.5, 7, 4, 7.75], "texture": "#1"},
				"east": {"uv": [7, 3.25, 9.5, 4], "texture": "#1"},
				"south": {"uv": [7, 2.5, 9.5, 3.25], "texture": "#1"},
				"west": {"uv": [7, 3.25, 9.5, 4], "texture": "#1"},
				"up": {"uv": [2.5, 5.25, 0, 2.75], "texture": "#1"},
				"down": {"uv": [7.5, 0, 5, 2.5], "texture": "#1"}
			}
		},
		{
			"from": [12, 2, 12],
			"to": [4, -1, 4],
			"rotation": {"angle": 0, "axis": "y", "origin": [3, -2, 4]},
			"faces": {
				"north": {"uv": [7.25, 3.25, 9.25, 2.5], "texture": "#1"},
				"east": {"uv": [7.25, 4, 9.25, 3.25], "texture": "#1"},
				"south": {"uv": [1.75, 7.75, 3.75, 7], "texture": "#1"},
				"west": {"uv": [7.25, 4, 9.25, 3.25], "texture": "#1"}
			}
		},
		{
			"from": [3, 5, 8],
			"to": [3.05, 12, 16],
			"rotation": {"angle": -45, "axis": "y", "origin": [3, 7, 8]},
			"faces": {
				"east": {"uv": [7, 2.5, 5, 4.25], "texture": "#1"},
				"west": {"uv": [5, 2.5, 7, 4.25], "texture": "#1"}
			}
		},
		{
			"from": [3, 10, 3],
			"to": [13, 20, 3.05],
			"faces": {
				"north": {"uv": [2.5, 0, 5, 2.5], "texture": "#1"},
				"south": {"uv": [2.5, 0, 5, 2.5], "texture": "#1"}
			}
		},
		{
			"from": [2, 8.5, 1.75],
			"to": [5, 10.5, 6.75],
			"rotation": {"angle": -22.5, "axis": "x", "origin": [3, 9.5, 4.25]},
			"faces": {
				"north": {"uv": [0, 8.75, 0.75, 9.25], "texture": "#1"},
				"east": {"uv": [7.5, 2, 8.75, 2.5], "texture": "#1"},
				"south": {"uv": [0.75, 8.75, 1.5, 9.25], "texture": "#1"},
				"west": {"uv": [2.25, 8.5, 3.5, 9], "texture": "#1"},
				"up": {"uv": [7.75, 9.25, 7, 8], "texture": "#1"},
				"down": {"uv": [8.5, 8, 7.75, 9.25], "texture": "#1"}
			}
		},
		{
			"from": [11, 8.5, 1.75],
			"to": [14, 10.5, 6.75],
			"rotation": {"angle": -22.5, "axis": "x", "origin": [13, 9.5, 4.25]},
			"faces": {
				"north": {"uv": [0.75, 8.75, 0, 9.25], "texture": "#1"},
				"east": {"uv": [3.5, 8.5, 2.25, 9], "texture": "#1"},
				"south": {"uv": [1.5, 8.75, 0.75, 9.25], "texture": "#1"},
				"west": {"uv": [8.75, 2, 7.5, 2.5], "texture": "#1"},
				"up": {"uv": [7, 9.25, 7.75, 8], "texture": "#1"},
				"down": {"uv": [7.75, 8, 8.5, 9.25], "texture": "#1"}
			}
		},
		{
			"from": [12.95, 5, 8],
			"to": [13, 12, 16],
			"rotation": {"angle": 45, "axis": "y", "origin": [13, 7, 8]},
			"faces": {
				"east": {"uv": [7, 2.5, 5, 4.25], "texture": "#1"},
				"west": {"uv": [5, 2.5, 7, 4.25], "texture": "#1"}
			}
		},
		{
			"from": [5, 3, -2],
			"to": [11, 5, 0],
			"faces": {
				"north": {"uv": [9, 0, 10.5, 0.5], "texture": "#1"},
				"east": {"uv": [9, 0.5, 9.5, 1], "texture": "#1"},
				"west": {"uv": [9.5, 0.5, 9, 1], "texture": "#1"}
			}
		},
		{
			"from": [11, 5, 0],
			"to": [5, 3, -2],
			"rotation": {"angle": 0, "axis": "y", "origin": [10, 12, 28]},
			"faces": {
				"east": {"uv": [9.5, 1, 9, 0.5], "texture": "#1"},
				"south": {"uv": [9, 0.5, 10.5, 0], "texture": "#1"},
				"west": {"uv": [9, 1, 9.5, 0.5], "texture": "#1"}
			}
		}
	],
	"gui_light": "front",
	"display": {
		"thirdperson_righthand": {
			"rotation": [48.02, 39.07, 12.56],
			"translation": [0, 3.25, 1.25],
			"scale": [0.6, 0.6, 0.6]
		},
		"thirdperson_lefthand": {
			"rotation": [48.02, 39.07, 12.56],
			"translation": [0, 3.25, 1.25],
			"scale": [0.6, 0.6, 0.6]
		},
		"firstperson_righthand": {
			"rotation": [-145.99, 71.99, 146.42],
			"translation": [2.25, 5, -3.25],
			"scale": [0.6, 0.6, 0.6]
		},
		"firstperson_lefthand": {
			"rotation": [-145.99, 71.99, 146.42],
			"translation": [2.25, 5, -3.25],
			"scale": [0.6, 0.6, 0.6]
		},
		"ground": {
			"translation": [-1.5, 3.75, 0.25],
			"scale": [0.57891, 0.57891, 0.57891]
		},
		"gui": {
			"rotation": [9, 136, 0],
			"scale": [0.61172, 0.61172, 0.61172]
		},
		"head": {
			"translation": [0.25, 6.25, 0.25],
			"scale": [1.6, 1.6, 1.6]
		},
		"fixed": {
			"translation": [0, 3.75, -9],
			"scale": [1.55, 1.55, 1.55]
		}
	}
}