{
	"credit": "by w11shes",
	"texture_size": [64, 64],
	"textures": {
		"0": "elitecreatures:lunar_assortment/lunar_fishing_rod",
		"particle": "elitecreatures:lunar_assortment/lunar_fishing_rod_e"
	},
	"elements": [
		{
			"from": [6.14645, 10.70736, 9.14604],
			"to": [10.14645, 13.70736, 11.14604],
			"rotation": {"angle": 22.5, "axis": "x", "origin": [8.14645, 9.74473, 8]},
			"faces": {
				"north": {"uv": [5.75, 1, 6.75, 1.75], "texture": "#0"},
				"east": {"uv": [8, 1.5, 7.5, 2.25], "texture": "#0"},
				"south": {"uv": [5.75, 1.75, 6.75, 2.5], "texture": "#0"},
				"west": {"uv": [7.5, 1.5, 8, 2.25], "texture": "#0"},
				"up": {"uv": [4, 6.5, 3.5, 5.5], "rotation": 270, "texture": "#0"}
			}
		},
		{
			"from": [6.14645, 11.70736, 11.14604],
			"to": [10.14645, 13.70736, 12.14604],
			"rotation": {"angle": 22.5, "axis": "x", "origin": [8.14645, 9.74473, 8]},
			"faces": {
				"east": {"uv": [5.75, 1.5, 5.5, 2], "texture": "#0"},
				"south": {"uv": [3.25, 1.5, 4.25, 2], "texture": "#0"},
				"west": {"uv": [5.5, 1.5, 5.75, 2], "texture": "#0"},
				"up": {"uv": [5, 8.25, 4.75, 7.25], "rotation": 270, "texture": "#0"},
				"down": {"uv": [2.25, 7.5, 2, 8.5], "rotation": 90, "texture": "#0"}
			}
		},
		{
			"from": [6.14645, 10.70736, 7.14604],
			"to": [10.14645, 13.70736, 9.14604],
			"rotation": {"angle": 22.5, "axis": "x", "origin": [8.14645, 9.74473, 8]},
			"faces": {
				"east": {"uv": [8.25, 2.25, 7.75, 3], "texture": "#0"},
				"west": {"uv": [7.75, 2.25, 8.25, 3], "texture": "#0"},
				"up": {"uv": [7.75, 3.25, 7.25, 2.25], "rotation": 270, "texture": "#0"}
			}
		},
		{
			"from": [10.14645, 13.70737, 9.14604],
			"to": [6.14645, 10.70737, 7.14604],
			"rotation": {"angle": 22.5, "axis": "x", "origin": [8.14645, 9.74473, 8]},
			"faces": {
				"east": {"uv": [7.75, 3, 8.25, 2.25], "texture": "#0"},
				"west": {"uv": [8.25, 3, 7.75, 2.25], "texture": "#0"},
				"down": {"uv": [7.25, 3.25, 7.75, 2.25], "rotation": 90, "texture": "#0"}
			}
		},
		{
			"from": [5.14645, 5.70736, 9.14604],
			"to": [11.14645, 10.70736, 13.14604],
			"rotation": {"angle": 22.5, "axis": "x", "origin": [8.14645, 9.74473, 8]},
			"faces": {
				"north": {"uv": [4, 2.75, 5.5, 4], "texture": "#0"},
				"east": {"uv": [5, 5.25, 4, 6.5], "texture": "#0"},
				"south": {"uv": [4, 4, 5.5, 5.25], "texture": "#0"},
				"west": {"uv": [4, 5.25, 5, 6.5], "texture": "#0"},
				"up": {"uv": [2.5, 6, 1.5, 4.5], "rotation": 270, "texture": "#0"},
				"down": {"uv": [5.75, 0, 4.75, 1.5], "rotation": 90, "texture": "#0"}
			}
		},
		{
			"from": [5.14645, 1.70736, 9.14604],
			"to": [5.19645, 5.70736, 13.14604],
			"rotation": {"angle": 22.5, "axis": "x", "origin": [8.14645, 9.74473, 8]},
			"faces": {
				"east": {"uv": [6, 5.25, 5, 6.25], "texture": "#0"},
				"west": {"uv": [5, 5.25, 6, 6.25], "texture": "#0"}
			}
		},
		{
			"from": [11.09645, 1.70736, 9.14604],
			"to": [11.14645, 5.70736, 13.14604],
			"rotation": {"angle": 22.5, "axis": "x", "origin": [8.14645, 9.74473, 8]},
			"faces": {
				"east": {"uv": [6, 5.25, 5, 6.25], "texture": "#0"},
				"west": {"uv": [5, 5.25, 6, 6.25], "texture": "#0"}
			}
		},
		{
			"from": [6.12645, 5.5, 6.14645],
			"to": [10.16645, 9.5, 8.14645],
			"rotation": {"angle": 0, "axis": "y", "origin": [8.14645, 9.74473, 8]},
			"faces": {
				"north": {"uv": [2.5, 5.5, 3.5, 6.5], "texture": "#0"},
				"east": {"uv": [3.5, 7.25, 3, 8.25], "texture": "#0"},
				"south": {"uv": [5.5, 2.75, 6.5, 3.75], "texture": "#0"},
				"west": {"uv": [3, 7.25, 3.5, 8.25], "texture": "#0"},
				"down": {"uv": [7.75, 3.25, 7.25, 4.25], "rotation": 90, "texture": "#0"}
			}
		},
		{
			"from": [6.14645, 9.46813, 5.9305],
			"to": [10.14645, 12.46813, 7.9305],
			"rotation": {"angle": -45, "axis": "x", "origin": [8.14645, 9.74473, 8]},
			"faces": {
				"north": {"uv": [1.5, 6, 2.5, 6.75], "texture": "#0"},
				"east": {"uv": [8.25, 3, 7.75, 3.75], "texture": "#0"},
				"south": {"uv": [6, 4.75, 7, 5.5], "texture": "#0"},
				"west": {"uv": [7.75, 3, 8.25, 3.75], "texture": "#0"},
				"up": {"uv": [4.75, 8.25, 4.25, 7.25], "rotation": 270, "texture": "#0"}
			}
		},
		{
			"from": [6.14645, 9.46813, 7.9305],
			"to": [10.14645, 12.46813, 8.9305],
			"rotation": {"angle": -45, "axis": "x", "origin": [8.14645, 9.74473, 8]},
			"faces": {
				"east": {"uv": [7.75, 3.75, 8, 4.5], "texture": "#0"},
				"west": {"uv": [7.75, 3.75, 8, 4.5], "texture": "#0"},
				"up": {"uv": [4.25, 8.5, 4, 7.5], "rotation": 270, "texture": "#0"}
			}
		},
		{
			"from": [10.14645, 12.46813, 8.9305],
			"to": [6.14645, 9.46813, 7.9305],
			"rotation": {"angle": -45, "axis": "x", "origin": [8.14645, 9.74473, 8]},
			"faces": {
				"east": {"uv": [7.75, 4.5, 8, 3.75], "texture": "#0"},
				"west": {"uv": [7.75, 4.5, 8, 3.75], "texture": "#0"},
				"down": {"uv": [4, 8.5, 4.25, 7.5], "rotation": 90, "texture": "#0"}
			}
		},
		{
			"from": [4.14645, 4.5, 11.14645],
			"to": [6.14645, 8.5, 13.14645],
			"rotation": {"angle": 0, "axis": "y", "origin": [8.14645, 9.74473, 8]},
			"faces": {
				"north": {"uv": [1.5, 7.5, 2, 8.5], "texture": "#0"},
				"east": {"uv": [3.5, 7.5, 4, 8.5], "texture": "#0"},
				"south": {"uv": [7.75, 0, 8.25, 1], "texture": "#0"},
				"west": {"uv": [7.25, 6.75, 7.75, 7.75], "texture": "#0"},
				"up": {"uv": [6, 5.25, 5.5, 4.75], "rotation": 270, "texture": "#0"},
				"down": {"uv": [8.25, 1, 7.75, 1.5], "rotation": 90, "texture": "#0"}
			}
		},
		{
			"from": [5.09645, 3.5, 12.14645],
			"to": [5.14645, 6.5, 15.14645],
			"rotation": {"angle": 0, "axis": "y", "origin": [8.14645, 9.74473, 8]},
			"faces": {
				"east": {"uv": [7.75, 4.5, 7, 5.25], "texture": "#0"},
				"west": {"uv": [7, 4.5, 7.75, 5.25], "texture": "#0"}
			}
		},
		{
			"from": [11.14645, 3.5, 12.14645],
			"to": [11.19645, 6.5, 15.14645],
			"rotation": {"angle": 0, "axis": "y", "origin": [8.14645, 9.74473, 8]},
			"faces": {
				"east": {"uv": [7.75, 4.5, 7, 5.25], "texture": "#0"},
				"west": {"uv": [7, 4.5, 7.75, 5.25], "texture": "#0"}
			}
		},
		{
			"from": [10.14645, 4.5, 11.14645],
			"to": [12.14645, 8.5, 13.14645],
			"rotation": {"angle": 0, "axis": "y", "origin": [8.14645, 9.74473, 8]},
			"faces": {
				"north": {"uv": [2, 7.5, 1.5, 8.5], "texture": "#0"},
				"east": {"uv": [7.75, 6.75, 7.25, 7.75], "texture": "#0"},
				"south": {"uv": [8.25, 0, 7.75, 1], "texture": "#0"},
				"west": {"uv": [4, 7.5, 3.5, 8.5], "texture": "#0"},
				"up": {"uv": [6, 4.75, 5.5, 5.25], "rotation": 270, "texture": "#0"},
				"down": {"uv": [8.25, 1.5, 7.75, 1], "rotation": 90, "texture": "#0"}
			}
		},
		{
			"from": [7.14645, -2, 7.14645],
			"to": [9.14645, 32, 9.14645],
			"rotation": {"angle": 0, "axis": "y", "origin": [8.14645, 9.74473, 8]},
			"faces": {
				"north": {"uv": [0.5, 0, 1, 8.5], "texture": "#0"},
				"east": {"uv": [0.5, 0, 0, 8.5], "texture": "#0"},
				"south": {"uv": [1, 0, 1.5, 8.5], "texture": "#0"},
				"west": {"uv": [0, 0, 0.5, 8.5], "texture": "#0"},
				"up": {"uv": [5.5, 2, 5, 1.5], "rotation": 270, "texture": "#0"}
			}
		},
		{
			"from": [6.54289, 29, 6.60355],
			"to": [9.54289, 31, 9.60355],
			"rotation": {"angle": 45, "axis": "y", "origin": [8.14645, 9.74473, 8]},
			"faces": {
				"north": {"uv": [5, 1.5, 4.25, 2], "texture": "#0"},
				"east": {"uv": [4.25, 1.5, 5, 2], "texture": "#0"},
				"south": {"uv": [5, 1.5, 4.25, 2], "texture": "#0"},
				"west": {"uv": [4.25, 1.5, 5, 2], "texture": "#0"},
				"up": {"uv": [5, 7.25, 4.25, 6.5], "rotation": 270, "texture": "#0"},
				"down": {"uv": [2.25, 6.75, 1.5, 7.5], "rotation": 90, "texture": "#0"}
			}
		},
		{
			"from": [8.01066, 30, 5.13579],
			"to": [11.01066, 30.05, 8.13579],
			"rotation": {"angle": 45, "axis": "y", "origin": [8.14645, 9.74473, 8]},
			"faces": {
				"up": {"uv": [7.5, 2.25, 6.75, 1.5], "rotation": 270, "texture": "#0"},
				"down": {"uv": [7.5, 1.5, 6.75, 2.25], "rotation": 90, "texture": "#0"}
			}
		},
		{
			"from": [6.54289, 22, 6.60355],
			"to": [9.54289, 24, 9.60355],
			"rotation": {"angle": 45, "axis": "y", "origin": [8.14645, 9.74473, 8]},
			"faces": {
				"north": {"uv": [5, 1.5, 4.25, 2], "texture": "#0"},
				"east": {"uv": [4.25, 1.5, 5, 2], "texture": "#0"},
				"south": {"uv": [5, 1.5, 4.25, 2], "texture": "#0"},
				"west": {"uv": [4.25, 1.5, 5, 2], "texture": "#0"},
				"up": {"uv": [5, 7.25, 4.25, 6.5], "rotation": 270, "texture": "#0"},
				"down": {"uv": [2.25, 6.75, 1.5, 7.5], "rotation": 90, "texture": "#0"}
			}
		},
		{
			"from": [8.01066, 23, 5.13579],
			"to": [11.01066, 23.05, 8.13579],
			"rotation": {"angle": 45, "axis": "y", "origin": [8.14645, 9.74473, 8]},
			"faces": {
				"up": {"uv": [7.5, 2.25, 6.75, 1.5], "rotation": 270, "texture": "#0"},
				"down": {"uv": [7.5, 1.5, 6.75, 2.25], "rotation": 90, "texture": "#0"}
			}
		},
		{
			"from": [8.01066, 16, 5.13579],
			"to": [11.01066, 16.05, 8.13579],
			"rotation": {"angle": 45, "axis": "y", "origin": [8.14645, 9.74473, 8]},
			"faces": {
				"up": {"uv": [7.5, 2.25, 6.75, 1.5], "rotation": 270, "texture": "#0"},
				"down": {"uv": [7.5, 1.5, 6.75, 2.25], "rotation": 90, "texture": "#0"}
			}
		},
		{
			"from": [6.54289, 15, 6.60355],
			"to": [9.54289, 17, 9.60355],
			"rotation": {"angle": 45, "axis": "y", "origin": [8.14645, 9.74473, 8]},
			"faces": {
				"north": {"uv": [5, 1.5, 4.25, 2], "texture": "#0"},
				"east": {"uv": [4.25, 1.5, 5, 2], "texture": "#0"},
				"south": {"uv": [5, 1.5, 4.25, 2], "texture": "#0"},
				"west": {"uv": [4.25, 1.5, 5, 2], "texture": "#0"},
				"up": {"uv": [5, 7.25, 4.25, 6.5], "rotation": 270, "texture": "#0"},
				"down": {"uv": [2.25, 6.75, 1.5, 7.5], "rotation": 90, "texture": "#0"}
			}
		},
		{
			"from": [6.14645, -5, 6.14645],
			"to": [10.14645, -2, 10.14645],
			"rotation": {"angle": 0, "axis": "y", "origin": [8.14645, 9.74473, 8]},
			"faces": {
				"north": {"uv": [5, 6.25, 6, 7], "texture": "#0"},
				"east": {"uv": [6, 5.5, 7, 6.25], "texture": "#0"},
				"south": {"uv": [6, 6.25, 7, 7], "texture": "#0"},
				"west": {"uv": [6, 5.5, 7, 6.25], "texture": "#0"},
				"up": {"uv": [6.5, 4.75, 5.5, 3.75], "rotation": 270, "texture": "#0"}
			}
		},
		{
			"from": [6.12645, -1.99203, 17.11544],
			"to": [10.16645, 0.8364, 19.94387],
			"rotation": {"angle": 45, "axis": "x", "origin": [8.14645, 9.74473, 8]},
			"faces": {
				"east": {"uv": [5.75, 7, 5, 7.75], "texture": "#0"},
				"south": {"uv": [2.5, 6.5, 3.5, 7.25], "texture": "#0"},
				"west": {"uv": [5, 7, 5.75, 7.75], "texture": "#0"},
				"down": {"uv": [3.25, 4.5, 2.5, 5.5], "rotation": 90, "texture": "#0"}
			}
		},
		{
			"from": [8.12645, -12.99202, 17.94387],
			"to": [8.17645, -1.99202, 20.94387],
			"rotation": {"angle": 45, "axis": "x", "origin": [8.14645, 9.74473, 8]},
			"faces": {
				"east": {"uv": [3.25, 2.75, 4, 5.5], "texture": "#0"},
				"west": {"uv": [3.25, 2.75, 4, 5.5], "texture": "#0"}
			}
		},
		{
			"from": [8.14645, -2.28457, 13.47757],
			"to": [8.19645, 1.71543, 16.47757],
			"rotation": {"angle": 22.5, "axis": "x", "origin": [8.14645, 9.74473, 8]},
			"faces": {
				"east": {"uv": [7.25, 2.5, 6.5, 3.5], "texture": "#0"},
				"west": {"uv": [6.5, 2.5, 7.25, 3.5], "texture": "#0"}
			}
		},
		{
			"from": [8.14645, -2.39666, -0.20697],
			"to": [8.19645, 1.60334, 2.79303],
			"rotation": {"angle": -22.5, "axis": "x", "origin": [8.14645, 9.74473, 8]},
			"faces": {
				"east": {"uv": [6.5, 2.5, 7.25, 3.5], "texture": "#0"},
				"west": {"uv": [7.25, 2.5, 6.5, 3.5], "texture": "#0"}
			}
		},
		{
			"from": [6.69645, 1.47835, 4.2811],
			"to": [9.69645, 5.47835, 8.2811],
			"rotation": {"angle": 45, "axis": "x", "origin": [8.14645, 9.74473, 8]},
			"faces": {
				"north": {"uv": [3.5, 6.5, 4.25, 7.5], "texture": "#0"},
				"east": {"uv": [6.75, 0, 5.75, 1], "texture": "#0"},
				"south": {"uv": [6.5, 3.5, 7.25, 4.5], "texture": "#0"},
				"west": {"uv": [5.75, 0, 6.75, 1], "texture": "#0"},
				"up": {"uv": [7.75, 0.75, 6.75, 0], "rotation": 270, "texture": "#0"},
				"down": {"uv": [7.75, 0.75, 6.75, 1.5], "rotation": 90, "texture": "#0"}
			}
		},
		{
			"from": [8.14645, 11.00869, -4.54213],
			"to": [8.19645, 17.00869, 1.45787],
			"rotation": {"angle": 45, "axis": "x", "origin": [8.14645, 9.74473, 8]},
			"faces": {
				"east": {"uv": [4.75, 0, 3.25, 1.5], "texture": "#0"},
				"west": {"uv": [3.25, 0, 4.75, 1.5], "texture": "#0"}
			}
		},
		{
			"from": [8.14645, 16.00869, -9.54213],
			"to": [8.19645, 23.00869, -2.54213],
			"rotation": {"angle": 45, "axis": "x", "origin": [8.14645, 9.74473, 8]},
			"faces": {
				"east": {"uv": [3.25, 2.75, 1.5, 4.5], "texture": "#0"},
				"west": {"uv": [1.5, 2.75, 3.25, 4.5], "texture": "#0"}
			}
		},
		{
			"from": [8.14645, 3.00869, 0.45787],
			"to": [8.19645, 13.00869, 7.45787],
			"rotation": {"angle": 45, "axis": "x", "origin": [8.14645, 9.74473, 8]},
			"faces": {
				"east": {"uv": [1.75, 8.5, 0, 11], "texture": "#0"},
				"west": {"uv": [0, 8.5, 1.75, 11], "texture": "#0"}
			}
		},
		{
			"from": [8.03396, 5.52, 3.11249],
			"to": [13.03396, 7.52, 8.11249],
			"rotation": {"angle": 45, "axis": "y", "origin": [8.14645, 9.74473, 8]},
			"faces": {
				"north": {"uv": [2.75, 1.25, 1.5, 1.75], "texture": "#0"},
				"east": {"uv": [1.5, 1.25, 2.75, 1.75], "texture": "#0"},
				"south": {"uv": [5, 7.75, 6.25, 8.25], "texture": "#0"},
				"west": {"uv": [6.25, 7.75, 5, 8.25], "texture": "#0"},
				"up": {"uv": [1.5, 0, 2.75, 1.25], "rotation": 270, "texture": "#0"},
				"down": {"uv": [1.75, 9.75, 3, 8.5], "rotation": 90, "texture": "#0"}
			}
		},
		{
			"from": [12.03396, 7.52, 7.11249],
			"to": [9.03396, 5.52, 4.11249],
			"rotation": {"angle": 45, "axis": "y", "origin": [8.14645, 9.74473, 8]},
			"faces": {
				"north": {"uv": [5.25, 8.25, 6, 7.75], "texture": "#0"},
				"east": {"uv": [6, 8.25, 5.25, 7.75], "texture": "#0"},
				"south": {"uv": [2.5, 1.75, 1.75, 1.25], "texture": "#0"},
				"west": {"uv": [1.75, 1.75, 2.5, 1.25], "texture": "#0"}
			}
		}
	],
	"gui_light": "front",
	"display": {
		"thirdperson_righthand": {
			"translation": [0.75, 1.5, 0.75],
			"scale": [0.6, 0.6, 0.6]
		},
		"thirdperson_lefthand": {
			"translation": [0.75, 1.5, 0.75],
			"scale": [0.6, 0.6, 0.6]
		},
		"firstperson_righthand": {
			"rotation": [-48.75, 15, -4],
			"translation": [3.5, 0.5, -1],
			"scale": [0.54883, 0.54883, 0.54883]
		},
		"firstperson_lefthand": {
			"rotation": [-48.75, 15, -4],
			"translation": [3.5, 0.5, -1],
			"scale": [0.54883, 0.54883, 0.54883]
		},
		"ground": {
			"rotation": [94, 85, 0],
			"translation": [0, 0.25, -0.75],
			"scale": [0.5, 0.5, 0.5]
		},
		"gui": {
			"rotation": [-90, 45, 88],
			"translation": [1.75, -1.25, 0],
			"scale": [0.515, 0.515, 0.515]
		},
		"head": {
			"rotation": [90, -171, 90],
			"translation": [-2.25, 9.25, 0.25],
			"scale": [0.7, 0.7, 0.7]
		},
		"fixed": {
			"rotation": [0, 90, 0],
			"translation": [1.5, -6.75, -1.25],
			"scale": [1.42109, 1.42109, 1.42109]
		}
	},
	"groups": [
		{
			"name": "head",
			"origin": [9.25, 5, 8],
			"color": 0,
			"boneType": "",
			"children": [0, 1, 2, 3, 4, 5, 6, 7, 8, 9, 10, 11, 12, 13, 14]
		},
		15,
		16,
		17,
		18,
		19,
		20,
		21,
		22,
		23,
		24,
		25,
		26,
		27,
		28,
		29,
		30,
		31,
		32
	]
}