{
	"credit": "by w11shes",
	"texture_size": [64, 64],
	"textures": {
		"0": "elitecreatures:lunar_assortment/lunar_shield",
		"particle": "elitecreatures:lunar_assortment/lunar_shield_e"
	},
	"elements": [
		{
			"from": [-1, 0, 2],
			"to": [8, 12, 5],
			"rotation": {"angle": 22.5, "axis": "y", "origin": [8, 0, 2]},
			"faces": {
				"north": {"uv": [0, 0, 2.25, 3], "texture": "#0"},
				"south": {"uv": [2.25, 0, 4.5, 3], "texture": "#0"},
				"west": {"uv": [2, 3, 2.75, 6], "texture": "#0"},
				"up": {"uv": [7.25, 5, 5, 4.25], "texture": "#0"},
				"down": {"uv": [7.25, 5, 5, 5.75], "texture": "#0"}
			}
		},
		{
			"from": [0, -11, 3.5],
			"to": [3, 0, 3.55],
			"rotation": {"angle": 22.5, "axis": "y", "origin": [8, 0, 2]},
			"faces": {
				"north": {"uv": [2.75, 3, 3.5, 5.75], "texture": "#0"},
				"south": {"uv": [2.75, 3, 3.5, 5.75], "texture": "#0"}
			}
		},
		{
			"from": [13, -11, 3.5],
			"to": [16, 0, 3.55],
			"rotation": {"angle": -22.5, "axis": "y", "origin": [8, 0, 2]},
			"faces": {
				"north": {"uv": [3.5, 3, 2.75, 5.75], "texture": "#0"},
				"south": {"uv": [3.5, 3, 2.75, 5.75], "texture": "#0"}
			}
		},
		{
			"from": [0.25911, 7, 4.82997],
			"to": [0.30911, 13, 12.82997],
			"rotation": {"angle": -22.5, "axis": "y", "origin": [0.25911, 12, 6.82997]},
			"faces": {
				"east": {"uv": [2, 3, 0, 4.5], "texture": "#0"},
				"west": {"uv": [0, 3, 2, 4.5], "texture": "#0"}
			}
		},
		{
			"from": [0.25911, 0, 5.82997],
			"to": [0.30911, 6, 13.82997],
			"rotation": {"angle": -45, "axis": "y", "origin": [0.25911, 6, 6.82997]},
			"faces": {
				"east": {"uv": [2, 8.5, 0, 10], "texture": "#0"},
				"west": {"uv": [0, 8.5, 2, 10], "texture": "#0"}
			}
		},
		{
			"from": [15.69089, 0, 5.82997],
			"to": [15.74089, 6, 13.82997],
			"rotation": {"angle": 45, "axis": "y", "origin": [15.74089, 6, 6.82997]},
			"faces": {
				"east": {"uv": [2, 8.5, 0, 10], "texture": "#0"},
				"west": {"uv": [0, 8.5, 2, 10], "texture": "#0"}
			}
		},
		{
			"from": [3, 12, 2],
			"to": [8, 15, 5],
			"rotation": {"angle": 22.5, "axis": "y", "origin": [8, 0, 2]},
			"faces": {
				"north": {"uv": [6.75, 2, 8, 2.75], "texture": "#0"},
				"south": {"uv": [2.25, 6.75, 3.5, 7.5], "texture": "#0"},
				"west": {"uv": [8, 2.5, 8.75, 3.25], "texture": "#0"}
			}
		},
		{
			"from": [-1, 15, 2],
			"to": [8, 18, 5],
			"rotation": {"angle": 22.5, "axis": "y", "origin": [8, 0, 2]},
			"faces": {
				"north": {"uv": [4.5, 1.25, 6.75, 2], "texture": "#0"},
				"south": {"uv": [4.5, 2, 6.75, 2.75], "texture": "#0"},
				"west": {"uv": [8, 3.25, 8.75, 4], "texture": "#0"},
				"up": {"uv": [7.25, 3.5, 5, 2.75], "texture": "#0"},
				"down": {"uv": [7.25, 3.5, 5, 4.25], "texture": "#0"}
			}
		},
		{
			"from": [-1, 18, 3.5],
			"to": [3, 21, 3.55],
			"rotation": {"angle": 22.5, "axis": "y", "origin": [8, 3, 2]},
			"faces": {
				"north": {"uv": [7.5, 7.25, 8.5, 8], "texture": "#0"},
				"south": {"uv": [8.5, 7.25, 7.5, 8], "texture": "#0"}
			}
		},
		{
			"from": [-6.5, 12.25, 2.75],
			"to": [-1.5, 17.25, 5.75],
			"rotation": {"angle": -45, "axis": "z", "origin": [8, 2.75, -3.25]},
			"faces": {
				"north": {"uv": [3.5, 5.5, 4.75, 6.75], "texture": "#0"},
				"east": {"uv": [3.5, 6.75, 4.25, 8], "texture": "#0"},
				"south": {"uv": [0, 5.75, 1.25, 7], "texture": "#0"},
				"west": {"uv": [4.25, 6.75, 5, 8], "texture": "#0"},
				"up": {"uv": [6.25, 7.5, 5, 6.75], "texture": "#0"},
				"down": {"uv": [1.25, 7, 0, 7.75], "texture": "#0"}
			}
		},
		{
			"from": [-6.31891, -11.17373, 1.98],
			"to": [-2.07627, -6.93109, 5.02],
			"rotation": {"angle": -45, "axis": "z", "origin": [8, -21.25, -4]},
			"faces": {
				"north": {"uv": [6.75, 1, 7.75, 2], "texture": "#0"},
				"east": {"uv": [2.75, 5.75, 3.5, 6.75], "texture": "#0"},
				"south": {"uv": [1.25, 6.75, 2.25, 7.75], "texture": "#0"},
				"down": {"uv": [1, 7.75, 0, 8.5], "texture": "#0"}
			}
		},
		{
			"from": [5, -4, 2],
			"to": [11, 1, 5],
			"rotation": {"angle": 0, "axis": "y", "origin": [0, 1, -5.75]},
			"faces": {
				"north": {"uv": [3.5, 3, 5, 4.25], "texture": "#0"},
				"east": {"uv": [7.25, 2.75, 8, 4], "texture": "#0"},
				"south": {"uv": [3.5, 4.25, 5, 5.5], "texture": "#0"},
				"west": {"uv": [7.25, 4, 8, 5.25], "texture": "#0"}
			}
		},
		{
			"from": [4.98, 1, -0.75],
			"to": [11.02, 4, 3.25],
			"rotation": {"angle": -45, "axis": "x", "origin": [5, 4, 3.25]},
			"faces": {
				"north": {"uv": [1.25, 6, 2.75, 6.75], "texture": "#0"},
				"east": {"uv": [7.75, 0.75, 8.75, 1.5], "texture": "#0"},
				"west": {"uv": [1, 7.75, 2, 8.5], "texture": "#0"},
				"up": {"uv": [6.25, 6.75, 4.75, 5.75], "texture": "#0"}
			}
		},
		{
			"from": [4.98, 4, -0.75],
			"to": [11.02, 6, 2.25],
			"rotation": {"angle": -45, "axis": "x", "origin": [5, 4, 3.25]},
			"faces": {
				"north": {"uv": [2, 8.25, 3.5, 8.75], "texture": "#0"},
				"east": {"uv": [3.5, 8.25, 4.25, 8.75], "texture": "#0"},
				"west": {"uv": [4.25, 8.25, 3.5, 8.75], "texture": "#0"}
			}
		},
		{
			"from": [11.02, 13.77817, -0.97183],
			"to": [4.98, 11.77817, -3.97183],
			"rotation": {"angle": -45, "axis": "x", "origin": [4.96, 11.77817, 11.02817]},
			"faces": {
				"east": {"uv": [4.25, 8.75, 3.5, 8.25], "texture": "#0"},
				"south": {"uv": [2, 8.75, 3.5, 8.25], "texture": "#0"},
				"west": {"uv": [3.5, 8.75, 4.25, 8.25], "texture": "#0"}
			}
		},
		{
			"from": [5, 4, -1.75],
			"to": [11, 7, 3.25],
			"rotation": {"angle": 0, "axis": "y", "origin": [0, 0, -5]},
			"faces": {
				"north": {"uv": [6.25, 5.75, 7.75, 6.5], "texture": "#0"},
				"east": {"uv": [6.25, 7.25, 7.5, 8], "texture": "#0"},
				"west": {"uv": [7.5, 0, 8.75, 0.75], "texture": "#0"},
				"up": {"uv": [1.5, 5.75, 0, 4.5], "texture": "#0"},
				"down": {"uv": [6, 0, 4.5, 1.25], "texture": "#0"}
			}
		},
		{
			"from": [5, 7, -1.75],
			"to": [11, 8, 1.25],
			"rotation": {"angle": 0, "axis": "y", "origin": [0, 0, -5]},
			"faces": {
				"north": {"uv": [3.5, 8, 5, 8.25], "texture": "#0"},
				"east": {"uv": [1.25, 5.75, 2, 6], "texture": "#0"},
				"south": {"uv": [8, 4, 9.5, 4.25], "texture": "#0"},
				"west": {"uv": [6, 1, 6.75, 1.25], "texture": "#0"},
				"up": {"uv": [7.75, 7.25, 6.25, 6.5], "texture": "#0"}
			}
		},
		{
			"from": [0, 9.1, 2.5],
			"to": [5, 11.1, 5.5],
			"rotation": {"angle": -22.5, "axis": "z", "origin": [5, 9.1, 3.25]},
			"faces": {
				"north": {"uv": [7.75, 1.5, 9, 2], "texture": "#0"},
				"east": {"uv": [8, 4.25, 8.75, 4.75], "texture": "#0"},
				"south": {"uv": [8, 2, 9.25, 2.5], "texture": "#0"},
				"west": {"uv": [8, 4.75, 8.75, 5.25], "texture": "#0"},
				"up": {"uv": [3.5, 8.25, 2.25, 7.5], "texture": "#0"},
				"down": {"uv": [6.25, 7.5, 5, 8.25], "texture": "#0"}
			}
		},
		{
			"from": [-1, 9.1, 3.5],
			"to": [2, 13.1, 3.55],
			"rotation": {"angle": -22.5, "axis": "z", "origin": [5, 9.1, 3.25]},
			"faces": {
				"north": {"uv": [7.75, 5.25, 8.5, 6.25], "texture": "#0"},
				"south": {"uv": [8.5, 5.25, 7.75, 6.25], "texture": "#0"}
			}
		},
		{
			"from": [13, 18, 3.5],
			"to": [17, 21, 3.55],
			"rotation": {"angle": -22.5, "axis": "y", "origin": [8, 3, 2]},
			"faces": {
				"north": {"uv": [8.5, 7.25, 7.5, 8], "texture": "#0"},
				"south": {"uv": [7.5, 7.25, 8.5, 8], "texture": "#0"}
			}
		},
		{
			"from": [8, 15, 2],
			"to": [17, 18, 5],
			"rotation": {"angle": -22.5, "axis": "y", "origin": [8, 0, 2]},
			"faces": {
				"north": {"uv": [6.75, 1.25, 4.5, 2], "texture": "#0"},
				"east": {"uv": [8.75, 3.25, 8, 4], "texture": "#0"},
				"south": {"uv": [6.75, 2, 4.5, 2.75], "texture": "#0"},
				"up": {"uv": [5, 3.5, 7.25, 2.75], "texture": "#0"},
				"down": {"uv": [5, 3.5, 7.25, 4.25], "texture": "#0"}
			}
		},
		{
			"from": [8, 12, 2],
			"to": [13, 15, 5],
			"rotation": {"angle": -22.5, "axis": "y", "origin": [8, 0, 2]},
			"faces": {
				"north": {"uv": [8, 2, 6.75, 2.75], "texture": "#0"},
				"east": {"uv": [8.75, 2.5, 8, 3.25], "texture": "#0"},
				"south": {"uv": [3.5, 6.75, 2.25, 7.5], "texture": "#0"}
			}
		},
		{
			"from": [14, 9.1, 3.5],
			"to": [17, 13.1, 3.55],
			"rotation": {"angle": 22.5, "axis": "z", "origin": [11, 9.1, 3.25]},
			"faces": {
				"north": {"uv": [8.5, 5.25, 7.75, 6.25], "texture": "#0"},
				"south": {"uv": [7.75, 5.25, 8.5, 6.25], "texture": "#0"}
			}
		},
		{
			"from": [11, 9.1, 2.5],
			"to": [16, 11.1, 5.5],
			"rotation": {"angle": 22.5, "axis": "z", "origin": [11, 9.1, 3.25]},
			"faces": {
				"north": {"uv": [9, 1.5, 7.75, 2], "texture": "#0"},
				"east": {"uv": [8.75, 4.75, 8, 5.25], "texture": "#0"},
				"south": {"uv": [9.25, 2, 8, 2.5], "texture": "#0"},
				"west": {"uv": [8.75, 4.25, 8, 4.75], "texture": "#0"},
				"up": {"uv": [2.25, 8.25, 3.5, 7.5], "texture": "#0"},
				"down": {"uv": [5, 7.5, 6.25, 8.25], "texture": "#0"}
			}
		},
		{
			"from": [8, 0, 2],
			"to": [17, 12, 5],
			"rotation": {"angle": -22.5, "axis": "y", "origin": [8, 0, 2]},
			"faces": {
				"north": {"uv": [2.25, 0, 0, 3], "texture": "#0"},
				"east": {"uv": [2.75, 3, 2, 6], "texture": "#0"},
				"south": {"uv": [4.5, 0, 2.25, 3], "texture": "#0"},
				"up": {"uv": [5, 5, 7.25, 4.25], "texture": "#0"},
				"down": {"uv": [5, 5, 7.25, 5.75], "texture": "#0"}
			}
		},
		{
			"from": [15.69089, 7, 4.82997],
			"to": [15.74089, 13, 12.82997],
			"rotation": {"angle": 22.5, "axis": "y", "origin": [15.74089, 12, 6.82997]},
			"faces": {
				"east": {"uv": [2, 3, 0, 4.5], "texture": "#0"},
				"west": {"uv": [0, 3, 2, 4.5], "texture": "#0"}
			}
		},
		{
			"from": [6.5, 5, 5.25],
			"to": [9.5, 11, 11.25],
			"rotation": {"angle": 0, "axis": "y", "origin": [0, 0, -5]},
			"faces": {
				"east": {"uv": [10.25, 0, 8.75, 1.5], "texture": "#0"},
				"south": {"uv": [10.25, 0, 11, 1.5], "texture": "#0"},
				"west": {"uv": [8.75, 0, 10.25, 1.5], "texture": "#0"},
				"up": {"uv": [11, 0, 11.75, 1.5], "texture": "#0"},
				"down": {"uv": [11, 1.5, 11.75, 0], "texture": "#0"}
			}
		},
		{
			"from": [9.5, 10, 10.25],
			"to": [6.5, 6, 5.25],
			"rotation": {"angle": 0, "axis": "y", "origin": [16, 16, 11]},
			"faces": {
				"north": {"uv": [10.25, 1.25, 11, 0.25], "texture": "#0"},
				"up": {"uv": [11.75, 1.25, 11, 0], "texture": "#0"},
				"down": {"uv": [11.75, 0, 11, 1.25], "texture": "#0"}
			}
		},
		{
			"from": [5, 2, -1.75],
			"to": [11, 4, 1.25],
			"rotation": {"angle": 0, "axis": "y", "origin": [0, 0, -5]},
			"faces": {
				"north": {"uv": [6, 0, 7.5, 0.5], "texture": "#0"},
				"east": {"uv": [6, 0.5, 6.75, 1], "texture": "#0"},
				"west": {"uv": [6.75, 0.5, 6, 1], "texture": "#0"}
			}
		},
		{
			"from": [11, 4, 1.25],
			"to": [5, 2, -1.75],
			"rotation": {"angle": 0, "axis": "y", "origin": [10, 17, 14.5]},
			"faces": {
				"east": {"uv": [6.75, 1, 6, 0.5], "texture": "#0"},
				"south": {"uv": [6, 0.5, 7.5, 0], "texture": "#0"},
				"west": {"uv": [6, 1, 6.75, 0.5], "texture": "#0"}
			}
		}
	],
	"gui_light": "front",
	"display": {
		"thirdperson_righthand": {
			"rotation": [45, -45, 0],
			"translation": [2, -0.25, -0.5],
			"scale": [0.7, 0.7, 0.7]
		},
		"thirdperson_lefthand": {
			"rotation": [45, -45, 0],
			"translation": [2, -0.25, -0.5],
			"scale": [0.7, 0.7, 0.7]
		},
		"firstperson_righthand": {
			"rotation": [0, 0, 9],
			"translation": [-3, -2, -1],
			"scale": [0.82656, 0.82656, 0.82656]
		},
		"firstperson_lefthand": {
			"rotation": [0, 0, 9],
			"translation": [-3, -2, -1],
			"scale": [0.82656, 0.82656, 0.82656]
		},
		"ground": {
			"rotation": [78, 0, 0],
			"translation": [0, 3.75, 0],
			"scale": [0.6, 0.6, 0.6]
		},
		"gui": {
			"rotation": [21, 180, 0],
			"translation": [0, 0.5, -1.5],
			"scale": [0.55, 0.55, 0.55]
		},
		"head": {
			"rotation": [0, 0, -34],
			"translation": [0, 13.5, -0.5],
			"scale": [0.6, 0.6, 0.6]
		},
		"fixed": {
			"translation": [1.25, 0.75, -4.25],
			"scale": [1.40469, 1.40469, 1.40469]
		}
	}
}