{
	"credit": "Made with Blockbench",
	"texture_size": [32, 32],
	"textures": {
		"0": "earthserver:figures/nm_figure_box_fox_texture",
		"2": "earthserver:figures/nm_figure_fox_texture",
		"particle": "earthserver:figures/nm_figure_box_fox_texture"
	},
	"elements": [
		{
			"name": "base",
			"from": [3, 0, 2.9995],
			"to": [13, 2, 12.9995],
			"rotation": {"angle": 0, "axis": "y", "origin": [8, 7.5, 8]},
			"faces": {
				"north": {"uv": [0, 9, 2.5, 9.5], "texture": "#0"},
				"east": {"uv": [2.5, 9, 5, 9.5], "texture": "#0"},
				"south": {"uv": [0, 9.5, 2.5, 10], "texture": "#0"},
				"west": {"uv": [2.5, 9.5, 5, 10], "texture": "#0"},
				"up": {"uv": [7.5, 8.5, 5, 6], "texture": "#0"},
				"down": {"uv": [10, 0, 7.5, 2.5], "texture": "#0"}
			}
		},
		{
			"name": "back",
			"from": [3, 2, 12.9985],
			"to": [13, 14, 12.9985],
			"rotation": {"angle": 0, "axis": "y", "origin": [8, 7.5, 8]},
			"faces": {
				"north": {"uv": [0, 0, 2.5, 3], "texture": "#0"},
				"east": {"uv": [0, 0, 0, 3], "texture": "#0"},
				"south": {"uv": [2.5, 0, 5, 3], "texture": "#0"},
				"west": {"uv": [0, 0, 0, 3], "texture": "#0"},
				"up": {"uv": [2.5, 0, 0, 0], "texture": "#0"},
				"down": {"uv": [2.5, 0, 0, 0], "texture": "#0"}
			}
		},
		{
			"name": "front",
			"from": [3, 2, 3.0005],
			"to": [13, 14, 3.0005],
			"rotation": {"angle": 0, "axis": "y", "origin": [8, 7.5, 8]},
			"faces": {
				"north": {"uv": [0, 3, 2.5, 6], "texture": "#0"},
				"east": {"uv": [0, 0, 0, 3], "texture": "#0"},
				"south": {"uv": [2.5, 3, 5, 6], "texture": "#0"},
				"west": {"uv": [0, 0, 0, 3], "texture": "#0"},
				"up": {"uv": [2.5, 0, 0, 0], "texture": "#0"},
				"down": {"uv": [2.5, 0, 0, 0], "texture": "#0"}
			}
		},
		{
			"name": "clearside",
			"from": [3, 2, 2.9995],
			"to": [3, 14, 12.9995],
			"rotation": {"angle": 0, "axis": "y", "origin": [8, 7.5, 8]},
			"faces": {
				"north": {"uv": [0, 0, 0, 3], "texture": "#0"},
				"east": {"uv": [5, 0, 7.5, 3], "texture": "#0"},
				"south": {"uv": [0, 0, 0, 3], "texture": "#0"},
				"west": {"uv": [5, 3, 7.5, 6], "texture": "#0"},
				"up": {"uv": [0, 2.5, 0, 0], "texture": "#0"},
				"down": {"uv": [0, 0, 0, 2.5], "texture": "#0"}
			}
		},
		{
			"name": "clearside",
			"from": [3, 14, 2.9995],
			"to": [13, 14, 12.9995],
			"rotation": {"angle": 0, "axis": "y", "origin": [8, 7.5, 8]},
			"faces": {
				"north": {"uv": [0, 0, 2.5, 0], "texture": "#0"},
				"east": {"uv": [0, 0, 2.5, 0], "texture": "#0"},
				"south": {"uv": [0, 0, 2.5, 0], "texture": "#0"},
				"west": {"uv": [0, 0, 2.5, 0], "texture": "#0"},
				"up": {"uv": [10, 5, 7.5, 2.5], "texture": "#0"},
				"down": {"uv": [10, 5, 7.5, 7.5], "texture": "#0"}
			}
		},
		{
			"name": "clearside",
			"from": [13, 2, 2.9995],
			"to": [13, 14, 12.9995],
			"rotation": {"angle": 0, "axis": "y", "origin": [8, 7.5, 8]},
			"faces": {
				"north": {"uv": [0, 0, 0, 3], "texture": "#0"},
				"east": {"uv": [0, 6, 2.5, 9], "texture": "#0"},
				"south": {"uv": [0, 0, 0, 3], "texture": "#0"},
				"west": {"uv": [2.5, 6, 5, 9], "texture": "#0"},
				"up": {"uv": [0, 2.5, 0, 0], "texture": "#0"},
				"down": {"uv": [0, 0, 0, 2.5], "texture": "#0"}
			}
		},
		{
			"name": "torso",
			"from": [6.35833, 3, 7.79545],
			"to": [11.35833, 6, 10.79545],
			"rotation": {"angle": -22.5, "axis": "y", "origin": [7.61392, 5.975, 7.82927]},
			"faces": {
				"north": {"uv": [4, 4, 6.5, 5.5], "texture": "#2"},
				"east": {"uv": [5.5, 6.5, 7, 8], "texture": "#2"},
				"south": {"uv": [5, 0, 7.5, 1.5], "texture": "#2"},
				"west": {"uv": [6.5, 4, 8, 5.5], "texture": "#2"},
				"up": {"uv": [6.5, 4, 5, 1.5], "rotation": 270, "texture": "#2"},
				"down": {"uv": [5.5, 5.5, 4, 8], "rotation": 90, "texture": "#2"}
			}
		},
		{
			"name": "torso",
			"from": [9.9382, 2.975, 7.35258],
			"to": [11.9382, 4.975, 12.00258],
			"rotation": {"angle": 0, "axis": "y", "origin": [7.61392, 5.975, 7.82927]},
			"faces": {
				"north": {"uv": [1.5, 7, 2.5, 8], "texture": "#2"},
				"east": {"uv": [5.5, 5.5, 8, 6.5], "texture": "#2"},
				"south": {"uv": [7.5, 2, 8.5, 3], "texture": "#2"},
				"west": {"uv": [0, 6, 2.5, 7], "texture": "#2"},
				"up": {"uv": [3.5, 8.5, 2.5, 6], "texture": "#2"},
				"down": {"uv": [7.5, 1.5, 6.5, 4], "texture": "#2"}
			}
		},
		{
			"name": "head",
			"from": [4.25, 2.975, 5.8495],
			"to": [9.25, 6.975, 9.8495],
			"rotation": {"angle": 22.5, "axis": "y", "origin": [7.61392, 5.975, 7.82927]},
			"faces": {
				"north": {"uv": [0, 0, 2.5, 2], "texture": "#2"},
				"east": {"uv": [0, 4, 2, 6], "texture": "#2"},
				"south": {"uv": [0, 2, 2.5, 4], "texture": "#2"},
				"west": {"uv": [2, 4, 4, 6], "texture": "#2"},
				"up": {"uv": [5, 2, 2.5, 0], "texture": "#2"},
				"down": {"uv": [5, 2, 2.5, 4], "texture": "#2"}
			}
		},
		{
			"name": "head",
			"from": [7.25, 6.975, 6.8495],
			"to": [9.25, 8.975, 7.8495],
			"rotation": {"angle": 22.5, "axis": "y", "origin": [7.61392, 5.975, 7.82927]},
			"faces": {
				"north": {"uv": [7.5, 3, 8.5, 4], "texture": "#2"},
				"east": {"uv": [3.5, 6, 4, 7], "texture": "#2"},
				"south": {"uv": [7, 7.5, 8, 8.5], "texture": "#2"},
				"west": {"uv": [3.5, 7, 4, 8], "texture": "#2"},
				"up": {"uv": [5.5, 8.5, 4.5, 8], "texture": "#2"},
				"down": {"uv": [9, 5, 8, 5.5], "texture": "#2"}
			}
		},
		{
			"name": "head",
			"from": [4.25, 6.975, 6.8495],
			"to": [6.25, 8.975, 7.8495],
			"rotation": {"angle": 22.5, "axis": "y", "origin": [7.61392, 5.975, 7.82927]},
			"faces": {
				"north": {"uv": [0, 8, 1, 9], "texture": "#2"},
				"east": {"uv": [2, 8, 2.5, 9], "texture": "#2"},
				"south": {"uv": [1, 8, 2, 9], "texture": "#2"},
				"west": {"uv": [5.5, 8, 6, 9], "texture": "#2"},
				"up": {"uv": [9, 6, 8, 5.5], "texture": "#2"},
				"down": {"uv": [7, 8, 6, 8.5], "texture": "#2"}
			}
		},
		{
			"name": "head",
			"from": [5.25, 2.975, 3.8495],
			"to": [8.25, 4.975, 5.8495],
			"rotation": {"angle": 22.5, "axis": "y", "origin": [7.61392, 5.975, 7.82927]},
			"faces": {
				"north": {"uv": [0, 7, 1.5, 8], "texture": "#2"},
				"east": {"uv": [3.5, 8, 4.5, 9], "texture": "#2"},
				"south": {"uv": [7, 6.5, 8.5, 7.5], "texture": "#2"},
				"west": {"uv": [8, 4, 9, 5], "texture": "#2"},
				"up": {"uv": [9, 1, 7.5, 0], "texture": "#2"},
				"down": {"uv": [9, 1, 7.5, 2], "texture": "#2"}
			}
		}
	],
	"gui_light": "front",
	"display": {
		"thirdperson_righthand": {
			"translation": [0, -1.25, -2.75],
			"scale": [0.55, 0.55, 0.55]
		},
		"thirdperson_lefthand": {
			"translation": [0, -1.25, -2.75],
			"scale": [0.55, 0.55, 0.55]
		},
		"firstperson_righthand": {
			"rotation": [0, 113, 5],
			"translation": [3.5, 5, 0],
			"scale": [0.73, 0.73, 0.73]
		},
		"firstperson_lefthand": {
			"rotation": [0, 113, 5],
			"translation": [3.5, 5, 0],
			"scale": [0.73, 0.73, 0.73]
		},
		"ground": {
			"translation": [0, 3, 0],
			"scale": [0.7, 0.7, 0.7]
		},
		"gui": {
			"rotation": [25, 151, 0],
			"translation": [0.25, 0.25, 0],
			"scale": [0.74, 0.74, 0.74]
		},
		"head": {
			"translation": [0, 13.5, 0],
			"scale": [0.89, 0.89, 0.89]
		},
		"fixed": {
			"rotation": [-90, 0, 0],
			"translation": [0, 0, -16],
			"scale": [2, 2, 2]
		}
	},
	"groups": [
		{
			"name": "base",
			"origin": [7, 8, 7.9995],
			"color": 0,
			"children": [
				{
					"name": "box",
					"origin": [-1, 0, -0.0005],
					"color": 0,
					"children": [0, 1, 2, 3, 4, 5]
				},
				{
					"name": "figure",
					"origin": [-1, 0, -0.0005],
					"color": 1,
					"children": [
						6,
						7,
						{
							"name": "head",
							"origin": [5.59467, 11, 8.76853],
							"color": 1,
							"children": [8, 9, 10, 11]
						}
					]
				}
			]
		}
	]
}