{
	"credit": "Made with Blockbench",
	"textures": {
		"0": "earthserver:figures/nm_figure_box_husk_texture",
		"3": "earthserver:figures/nm_figure_husk_texture",
		"particle": "earthserver:figures/nm_figure_box_husk_texture"
	},
	"elements": [
		{
			"name": "base",
			"from": [3, 0, 2.9995],
			"to": [13, 2, 12.9995],
			"rotation": {"angle": 0, "axis": "y", "origin": [1, 0, -0.0005]},
			"faces": {
				"north": {"uv": [0, 9, 2.5, 9.5], "texture": "#0"},
				"east": {"uv": [2.5, 9, 5, 9.5], "texture": "#0"},
				"south": {"uv": [0, 9.5, 2.5, 10], "texture": "#0"},
				"west": {"uv": [2.5, 9.5, 5, 10], "texture": "#0"},
				"up": {"uv": [7.5, 8.5, 5, 6], "texture": "#0"},
				"down": {"uv": [10, 0, 7.5, 2.5], "texture": "#0"}
			}
		},
		{
			"name": "back",
			"from": [3, 2, 12.9985],
			"to": [13, 14, 12.9985],
			"rotation": {"angle": 0, "axis": "y", "origin": [3, 0, -2.0015]},
			"faces": {
				"north": {"uv": [0, 0, 2.5, 3], "texture": "#0"},
				"east": {"uv": [0, 0, 0, 3], "texture": "#0"},
				"south": {"uv": [2.5, 0, 5, 3], "texture": "#0"},
				"west": {"uv": [0, 0, 0, 3], "texture": "#0"},
				"up": {"uv": [2.5, 0, 0, 0], "texture": "#0"},
				"down": {"uv": [2.5, 0, 0, 0], "texture": "#0"}
			}
		},
		{
			"name": "front",
			"from": [3, 2, 3.0005],
			"to": [13, 14, 3.0005],
			"rotation": {"angle": 0, "axis": "y", "origin": [3, 0, 18.0005]},
			"faces": {
				"north": {"uv": [0, 3, 2.5, 6], "texture": "#0"},
				"east": {"uv": [0, 0, 0, 3], "texture": "#0"},
				"south": {"uv": [2.5, 3, 5, 6], "texture": "#0"},
				"west": {"uv": [0, 0, 0, 3], "texture": "#0"},
				"up": {"uv": [2.5, 0, 0, 0], "texture": "#0"},
				"down": {"uv": [2.5, 0, 0, 0], "texture": "#0"}
			}
		},
		{
			"name": "clearside",
			"from": [3, 2, 2.9995],
			"to": [3, 14, 12.9995],
			"rotation": {"angle": 0, "axis": "y", "origin": [3, 0, -0.0005]},
			"faces": {
				"north": {"uv": [0, 0, 0, 3], "texture": "#0"},
				"east": {"uv": [5, 0, 7.5, 3], "texture": "#0"},
				"south": {"uv": [0, 0, 0, 3], "texture": "#0"},
				"west": {"uv": [5, 3, 7.5, 6], "texture": "#0"},
				"up": {"uv": [0, 2.5, 0, 0], "texture": "#0"},
				"down": {"uv": [0, 0, 0, 2.5], "texture": "#0"}
			}
		},
		{
			"name": "clearside",
			"from": [3, 14, 2.9995],
			"to": [13, 14, 12.9995],
			"rotation": {"angle": 0, "axis": "y", "origin": [3, 0, -0.0005]},
			"faces": {
				"north": {"uv": [0, 0, 2.5, 0], "texture": "#0"},
				"east": {"uv": [0, 0, 2.5, 0], "texture": "#0"},
				"south": {"uv": [0, 0, 2.5, 0], "texture": "#0"},
				"west": {"uv": [0, 0, 2.5, 0], "texture": "#0"},
				"up": {"uv": [10, 5, 7.5, 2.5], "texture": "#0"},
				"down": {"uv": [10, 5, 7.5, 7.5], "texture": "#0"}
			}
		},
		{
			"name": "clearside",
			"from": [13, 2, 2.9995],
			"to": [13, 14, 12.9995],
			"rotation": {"angle": 0, "axis": "y", "origin": [13, 0, -0.0005]},
			"faces": {
				"north": {"uv": [0, 0, 0, 3], "texture": "#0"},
				"east": {"uv": [0, 6, 2.5, 9], "texture": "#0"},
				"south": {"uv": [0, 0, 0, 3], "texture": "#0"},
				"west": {"uv": [2.5, 6, 5, 9], "texture": "#0"},
				"up": {"uv": [0, 2.5, 0, 0], "texture": "#0"},
				"down": {"uv": [0, 0, 0, 2.5], "texture": "#0"}
			}
		},
		{
			"name": "arm",
			"from": [4.5, 5.75, 5.7495],
			"to": [5.5, 6.75, 8.7495],
			"rotation": {"angle": 0, "axis": "y", "origin": [5, 6.5, 7.4995]},
			"faces": {
				"north": {"uv": [14, 7, 15, 8], "texture": "#3"},
				"east": {"uv": [12, 10, 15, 11], "texture": "#3"},
				"south": {"uv": [14, 14, 15, 15], "texture": "#3"},
				"west": {"uv": [5, 13, 8, 14], "texture": "#3"},
				"up": {"uv": [14, 8, 13, 5], "texture": "#3"},
				"down": {"uv": [9, 13, 8, 16], "texture": "#3"}
			}
		},
		{
			"name": "arm",
			"from": [8.5, 5.75, 5.7495],
			"to": [9.5, 6.75, 8.7495],
			"rotation": {"angle": 0, "axis": "y", "origin": [9, 6.5, 7.4995]},
			"faces": {
				"north": {"uv": [0, 15, 1, 16], "texture": "#3"},
				"east": {"uv": [9, 13, 12, 14], "texture": "#3"},
				"south": {"uv": [15, 0, 16, 1], "texture": "#3"},
				"west": {"uv": [13, 11, 16, 12], "texture": "#3"},
				"up": {"uv": [13, 16, 12, 13], "texture": "#3"},
				"down": {"uv": [14, 12, 13, 15], "texture": "#3"}
			}
		},
		{
			"name": "torso",
			"from": [5.5, 4, 6.9995],
			"to": [8.5, 7, 8.9995],
			"rotation": {"angle": 0, "axis": "y", "origin": [0.5, -1, -0.0005]},
			"faces": {
				"north": {"uv": [5, 10, 8, 13], "texture": "#3"},
				"east": {"uv": [8, 10, 10, 13], "texture": "#3"},
				"south": {"uv": [10, 5, 13, 8], "texture": "#3"},
				"west": {"uv": [10, 8, 12, 11], "texture": "#3"},
				"up": {"uv": [13, 13, 10, 11], "texture": "#3"},
				"down": {"uv": [15, 8, 12, 10], "texture": "#3"}
			}
		},
		{
			"name": "head",
			"from": [4.5, 7, 5.4995],
			"to": [9.5, 12, 10.4995],
			"rotation": {"angle": 0, "axis": "y", "origin": [7.09567, 10, 7.9995]},
			"faces": {
				"north": {"uv": [0, 0, 5, 5], "texture": "#3"},
				"east": {"uv": [0, 5, 5, 10], "texture": "#3"},
				"south": {"uv": [5, 0, 10, 5], "texture": "#3"},
				"west": {"uv": [5, 5, 10, 10], "texture": "#3"},
				"up": {"uv": [5, 15, 0, 10], "texture": "#3"},
				"down": {"uv": [15, 0, 10, 5], "texture": "#3"}
			}
		},
		{
			"from": [5.75, 2, 7.4995],
			"to": [6.75, 4, 8.4995],
			"rotation": {"angle": 0, "axis": "y", "origin": [2.5, -1, 0.4995]},
			"faces": {
				"north": {"uv": [5, 14, 6, 16], "texture": "#3"},
				"east": {"uv": [14, 5, 15, 7], "texture": "#3"},
				"south": {"uv": [6, 14, 7, 16], "texture": "#3"},
				"west": {"uv": [7, 14, 8, 16], "texture": "#3"},
				"up": {"uv": [2, 16, 1, 15], "texture": "#3"},
				"down": {"uv": [16, 1, 15, 2], "texture": "#3"}
			}
		},
		{
			"from": [7.25, 2, 7.4995],
			"to": [8.25, 4, 8.4995],
			"rotation": {"angle": 0, "axis": "y", "origin": [11.5, -1, 0.4995]},
			"faces": {
				"north": {"uv": [9, 14, 10, 16], "texture": "#3"},
				"east": {"uv": [10, 14, 11, 16], "texture": "#3"},
				"south": {"uv": [11, 14, 12, 16], "texture": "#3"},
				"west": {"uv": [14, 12, 15, 14], "texture": "#3"},
				"up": {"uv": [3, 16, 2, 15], "texture": "#3"},
				"down": {"uv": [16, 2, 15, 3], "texture": "#3"}
			}
		}
	],
	"gui_light": "front",
	"display": {
		"thirdperson_righthand": {
			"translation": [0, -1.25, -2.75],
			"scale": [0.55, 0.55, 0.55]
		},
		"thirdperson_lefthand": {
			"translation": [0, -1.25, -2.75],
			"scale": [0.55, 0.55, 0.55]
		},
		"firstperson_righthand": {
			"rotation": [0, 113, 5],
			"translation": [3.5, 5, 0],
			"scale": [0.73, 0.73, 0.73]
		},
		"firstperson_lefthand": {
			"rotation": [0, 113, 5],
			"translation": [3.5, 5, 0],
			"scale": [0.73, 0.73, 0.73]
		},
		"ground": {
			"translation": [0, 3, 0],
			"scale": [0.7, 0.7, 0.7]
		},
		"gui": {
			"rotation": [25, 151, 0],
			"translation": [0.25, 0.25, 0],
			"scale": [0.74, 0.74, 0.74]
		},
		"head": {
			"translation": [0, 13.5, 0],
			"scale": [0.89, 0.89, 0.89]
		},
		"fixed": {
			"rotation": [-90, 0, 0],
			"translation": [0, 0, -16],
			"scale": [2, 2, 2]
		}
	},
	"groups": [
		{
			"name": "base",
			"origin": [7, 8, 7.9995],
			"color": 0,
			"children": [
				{
					"name": "box",
					"origin": [-1, 0, -0.0005],
					"color": 0,
					"children": [0, 1, 2, 3, 4, 5]
				},
				{
					"name": "figure",
					"origin": [-1, 0, -0.0005],
					"color": 1,
					"children": [
						{
							"name": "arms",
							"origin": [2.59253, 8.72887, 8.9995],
							"color": 1,
							"children": [6, 7]
						},
						8,
						{
							"name": "head",
							"origin": [5.59467, 11, 8.76853],
							"color": 1,
							"children": [9]
						},
						{
							"name": "legs",
							"origin": [-1, 0, -0.0005],
							"color": 1,
							"children": [10, 11]
						}
					]
				}
			]
		}
	]
}