{
	"credit": "Made with Blockbench",
	"texture_size": [32, 32],
	"textures": {
		"0": "earthserver:figures/nm_figure_box_mooshroom_texture",
		"3": "earthserver:figures/nm_figure_mooshroom_texture",
		"particle": "earthserver:figures/nm_figure_box_mooshroom_texture"
	},
	"elements": [
		{
			"name": "base",
			"from": [3, 0, 2.9995],
			"to": [13, 2, 12.9995],
			"rotation": {"angle": 0, "axis": "y", "origin": [1, 0, -0.0005]},
			"faces": {
				"north": {"uv": [0, 9, 2.5, 9.5], "texture": "#0"},
				"east": {"uv": [2.5, 9, 5, 9.5], "texture": "#0"},
				"south": {"uv": [0, 9.5, 2.5, 10], "texture": "#0"},
				"west": {"uv": [2.5, 9.5, 5, 10], "texture": "#0"},
				"up": {"uv": [7.5, 8.5, 5, 6], "texture": "#0"},
				"down": {"uv": [10, 0, 7.5, 2.5], "texture": "#0"}
			}
		},
		{
			"name": "back",
			"from": [3, 2, 12.9985],
			"to": [13, 14, 12.9985],
			"rotation": {"angle": 0, "axis": "y", "origin": [3, 0, -2.0015]},
			"faces": {
				"north": {"uv": [0, 0, 2.5, 3], "texture": "#0"},
				"east": {"uv": [0, 0, 0, 3], "texture": "#0"},
				"south": {"uv": [2.5, 0, 5, 3], "texture": "#0"},
				"west": {"uv": [0, 0, 0, 3], "texture": "#0"},
				"up": {"uv": [2.5, 0, 0, 0], "texture": "#0"},
				"down": {"uv": [2.5, 0, 0, 0], "texture": "#0"}
			}
		},
		{
			"name": "front",
			"from": [3, 2, 3.0005],
			"to": [13, 14, 3.0005],
			"rotation": {"angle": 0, "axis": "y", "origin": [3, 0, 18.0005]},
			"faces": {
				"north": {"uv": [0, 3, 2.5, 6], "texture": "#0"},
				"east": {"uv": [0, 0, 0, 3], "texture": "#0"},
				"south": {"uv": [2.5, 3, 5, 6], "texture": "#0"},
				"west": {"uv": [0, 0, 0, 3], "texture": "#0"},
				"up": {"uv": [2.5, 0, 0, 0], "texture": "#0"},
				"down": {"uv": [2.5, 0, 0, 0], "texture": "#0"}
			}
		},
		{
			"name": "clearside",
			"from": [3, 2, 2.9995],
			"to": [3, 14, 12.9995],
			"rotation": {"angle": 0, "axis": "y", "origin": [3, 0, -0.0005]},
			"faces": {
				"north": {"uv": [0, 0, 0, 3], "texture": "#0"},
				"east": {"uv": [5, 0, 7.5, 3], "texture": "#0"},
				"south": {"uv": [0, 0, 0, 3], "texture": "#0"},
				"west": {"uv": [5, 3, 7.5, 6], "texture": "#0"},
				"up": {"uv": [0, 2.5, 0, 0], "texture": "#0"},
				"down": {"uv": [0, 0, 0, 2.5], "texture": "#0"}
			}
		},
		{
			"name": "clearside",
			"from": [3, 14, 2.9995],
			"to": [13, 14, 12.9995],
			"rotation": {"angle": 0, "axis": "y", "origin": [3, 0, -0.0005]},
			"faces": {
				"north": {"uv": [0, 0, 2.5, 0], "texture": "#0"},
				"east": {"uv": [0, 0, 2.5, 0], "texture": "#0"},
				"south": {"uv": [0, 0, 2.5, 0], "texture": "#0"},
				"west": {"uv": [0, 0, 2.5, 0], "texture": "#0"},
				"up": {"uv": [10, 5, 7.5, 2.5], "texture": "#0"},
				"down": {"uv": [10, 5, 7.5, 7.5], "texture": "#0"}
			}
		},
		{
			"name": "clearside",
			"from": [13, 2, 2.9995],
			"to": [13, 14, 12.9995],
			"rotation": {"angle": 0, "axis": "y", "origin": [13, 0, -0.0005]},
			"faces": {
				"north": {"uv": [0, 0, 0, 3], "texture": "#0"},
				"east": {"uv": [0, 6, 2.5, 9], "texture": "#0"},
				"south": {"uv": [0, 0, 0, 3], "texture": "#0"},
				"west": {"uv": [2.5, 6, 5, 9], "texture": "#0"},
				"up": {"uv": [0, 2.5, 0, 0], "texture": "#0"},
				"down": {"uv": [0, 0, 0, 2.5], "texture": "#0"}
			}
		},
		{
			"from": [5, 2, 11.7495],
			"to": [6, 5, 12.7495],
			"rotation": {"angle": 0, "axis": "y", "origin": [2.25, -1.5, -0.5005]},
			"faces": {
				"north": {"uv": [2, 7.5, 2.5, 9], "texture": "#3"},
				"east": {"uv": [7.5, 7.5, 8, 9], "texture": "#3"},
				"south": {"uv": [8, 2, 8.5, 3.5], "texture": "#3"},
				"west": {"uv": [8, 7.5, 8.5, 9], "texture": "#3"},
				"up": {"uv": [5.5, 5, 5, 4.5], "texture": "#3"},
				"down": {"uv": [5, 7, 4.5, 7.5], "texture": "#3"}
			}
		},
		{
			"from": [8, 2, 11.7495],
			"to": [9, 5, 12.7495],
			"rotation": {"angle": 0, "axis": "y", "origin": [11.75, -1.5, -0.5005]},
			"faces": {
				"north": {"uv": [8.5, 2, 9, 3.5], "texture": "#3"},
				"east": {"uv": [8.5, 7.5, 9, 9], "texture": "#3"},
				"south": {"uv": [2, 9, 2.5, 10.5], "texture": "#3"},
				"west": {"uv": [9, 2, 9.5, 3.5], "texture": "#3"},
				"up": {"uv": [5.5, 7.5, 5, 7], "texture": "#3"},
				"down": {"uv": [8, 2, 7.5, 2.5], "texture": "#3"}
			}
		},
		{
			"name": "torso",
			"from": [5, 5, 6.7495],
			"to": [9, 9, 12.7495],
			"rotation": {"angle": 0, "axis": "y", "origin": [7, 5.5, 7.9995]},
			"faces": {
				"north": {"uv": [0, 7.5, 2, 9.5], "texture": "#3"},
				"east": {"uv": [2.5, 5, 5.5, 7], "texture": "#3"},
				"south": {"uv": [7.5, 0, 9.5, 2], "texture": "#3"},
				"west": {"uv": [5, 2.5, 8, 4.5], "texture": "#3"},
				"up": {"uv": [7.5, 7.5, 5.5, 4.5], "texture": "#3"},
				"down": {"uv": [4.5, 7, 2.5, 10], "texture": "#3"}
			}
		},
		{
			"name": "head",
			"from": [4.5, 6, 3.7495],
			"to": [9.5, 11, 8.7495],
			"rotation": {"angle": 0, "axis": "y", "origin": [7.09567, 10, 7.9995]},
			"faces": {
				"north": {"uv": [0, 0, 2.5, 2.5], "texture": "#3"},
				"east": {"uv": [0, 2.5, 2.5, 5], "texture": "#3"},
				"south": {"uv": [2.5, 0, 5, 2.5], "texture": "#3"},
				"west": {"uv": [2.5, 2.5, 5, 5], "texture": "#3"},
				"up": {"uv": [2.5, 7.5, 0, 5], "texture": "#3"},
				"down": {"uv": [7.5, 0, 5, 2.5], "texture": "#3"}
			}
		},
		{
			"name": "head",
			"from": [5.5, 11, 6.2495],
			"to": [8.5, 14, 6.2495],
			"rotation": {"angle": -45, "axis": "y", "origin": [7, 12, 6.2495]},
			"faces": {
				"north": {"uv": [4.5, 7.5, 6, 9], "texture": "#3"},
				"east": {"uv": [0, 0, 0, 1.5], "texture": "#3"},
				"south": {"uv": [7.5, 4.5, 9, 6], "texture": "#3"},
				"west": {"uv": [0, 0, 0, 1.5], "texture": "#3"},
				"up": {"uv": [1.5, 0, 0, 0], "texture": "#3"},
				"down": {"uv": [1.5, 0, 0, 0], "texture": "#3"}
			}
		},
		{
			"name": "head",
			"from": [7, 11, 4.7495],
			"to": [7, 13.975, 7.7495],
			"rotation": {"angle": -45, "axis": "y", "origin": [7, 11.5, 6.2495]},
			"faces": {
				"north": {"uv": [0, 0, 0, 1.5], "texture": "#3"},
				"east": {"uv": [6, 7.5, 7.5, 9], "texture": "#3"},
				"south": {"uv": [0, 0, 0, 1.5], "texture": "#3"},
				"west": {"uv": [7.5, 6, 9, 7.5], "texture": "#3"},
				"up": {"uv": [0, 1.5, 0, 0], "texture": "#3"},
				"down": {"uv": [0, 0, 0, 1.5], "texture": "#3"}
			}
		},
		{
			"name": "head",
			"from": [5.5, 9, 11.2495],
			"to": [8.5, 12, 11.2495],
			"rotation": {"angle": -45, "axis": "y", "origin": [7, 10, 11.2495]},
			"faces": {
				"north": {"uv": [4.5, 7.5, 6, 9], "texture": "#3"},
				"east": {"uv": [0, 0, 0, 1.5], "texture": "#3"},
				"south": {"uv": [7.5, 4.5, 9, 6], "texture": "#3"},
				"west": {"uv": [0, 0, 0, 1.5], "texture": "#3"},
				"up": {"uv": [1.5, 0, 0, 0], "texture": "#3"},
				"down": {"uv": [1.5, 0, 0, 0], "texture": "#3"}
			}
		},
		{
			"name": "head",
			"from": [7, 9, 9.7495],
			"to": [7, 11.975, 12.7495],
			"rotation": {"angle": -45, "axis": "y", "origin": [7, 9.5, 11.2495]},
			"faces": {
				"north": {"uv": [0, 0, 0, 1.5], "texture": "#3"},
				"east": {"uv": [6, 7.5, 7.5, 9], "texture": "#3"},
				"south": {"uv": [0, 0, 0, 1.5], "texture": "#3"},
				"west": {"uv": [7.5, 6, 9, 7.5], "texture": "#3"},
				"up": {"uv": [0, 1.5, 0, 0], "texture": "#3"},
				"down": {"uv": [0, 0, 0, 1.5], "texture": "#3"}
			}
		},
		{
			"name": "head",
			"from": [3.5, 10, 5.7495],
			"to": [4.5, 12, 6.7495],
			"rotation": {"angle": 0, "axis": "y", "origin": [6.09567, 16.5, 6.9995]},
			"faces": {
				"north": {"uv": [8, 3.5, 8.5, 4.5], "texture": "#3"},
				"east": {"uv": [8.5, 3.5, 9, 4.5], "texture": "#3"},
				"south": {"uv": [7, 9, 7.5, 10], "texture": "#3"},
				"west": {"uv": [7.5, 9, 8, 10], "texture": "#3"},
				"up": {"uv": [0.5, 10, 0, 9.5], "texture": "#3"},
				"down": {"uv": [10, 0, 9.5, 0.5], "texture": "#3"}
			}
		},
		{
			"name": "head",
			"from": [9.5, 10, 5.7495],
			"to": [10.5, 12, 6.7495],
			"rotation": {"angle": 0, "axis": "y", "origin": [7.90433, 16.5, 6.9995]},
			"faces": {
				"north": {"uv": [8, 9, 8.5, 10], "texture": "#3"},
				"east": {"uv": [9, 8, 9.5, 9], "texture": "#3"},
				"south": {"uv": [8.5, 9, 9, 10], "texture": "#3"},
				"west": {"uv": [9, 9, 9.5, 10], "texture": "#3"},
				"up": {"uv": [1, 10, 0.5, 9.5], "texture": "#3"},
				"down": {"uv": [10, 0.5, 9.5, 1], "texture": "#3"}
			}
		},
		{
			"from": [8, 2, 6.7495],
			"to": [9, 5, 7.7495],
			"rotation": {"angle": 0, "axis": "y", "origin": [11.75, -1.5, -0.5005]},
			"faces": {
				"north": {"uv": [9, 3.5, 9.5, 5], "texture": "#3"},
				"east": {"uv": [4.5, 9, 5, 10.5], "texture": "#3"},
				"south": {"uv": [5, 9, 5.5, 10.5], "texture": "#3"},
				"west": {"uv": [9, 5, 9.5, 6.5], "texture": "#3"},
				"up": {"uv": [1.5, 10, 1, 9.5], "texture": "#3"},
				"down": {"uv": [10, 1, 9.5, 1.5], "texture": "#3"}
			}
		},
		{
			"from": [5, 2, 6.7495],
			"to": [6, 5, 7.7495],
			"rotation": {"angle": 0, "axis": "y", "origin": [2.25, -1.5, -0.5005]},
			"faces": {
				"north": {"uv": [5.5, 9, 6, 10.5], "texture": "#3"},
				"east": {"uv": [6, 9, 6.5, 10.5], "texture": "#3"},
				"south": {"uv": [6.5, 9, 7, 10.5], "texture": "#3"},
				"west": {"uv": [9, 6.5, 9.5, 8], "texture": "#3"},
				"up": {"uv": [2, 10, 1.5, 9.5], "texture": "#3"},
				"down": {"uv": [10, 1.5, 9.5, 2], "texture": "#3"}
			}
		}
	],
	"gui_light": "front",
	"display": {
		"thirdperson_righthand": {
			"translation": [0, -1.25, -2.75],
			"scale": [0.55, 0.55, 0.55]
		},
		"thirdperson_lefthand": {
			"translation": [0, -1.25, -2.75],
			"scale": [0.55, 0.55, 0.55]
		},
		"firstperson_righthand": {
			"rotation": [0, 113, 5],
			"translation": [3.5, 5, 0],
			"scale": [0.73, 0.73, 0.73]
		},
		"firstperson_lefthand": {
			"rotation": [0, 113, 5],
			"translation": [3.5, 5, 0],
			"scale": [0.73, 0.73, 0.73]
		},
		"ground": {
			"translation": [0, 3, 0],
			"scale": [0.7, 0.7, 0.7]
		},
		"gui": {
			"rotation": [25, 151, 0],
			"translation": [0.25, 0.25, 0],
			"scale": [0.74, 0.74, 0.74]
		},
		"head": {
			"translation": [0, 13.5, 0],
			"scale": [0.89, 0.89, 0.89]
		},
		"fixed": {
			"rotation": [-90, 0, 0],
			"translation": [0, 0, -16],
			"scale": [2, 2, 2]
		}
	},
	"groups": [
		{
			"name": "base",
			"origin": [7, 8, 7.9995],
			"color": 0,
			"children": [
				{
					"name": "box",
					"origin": [-1, 0, -0.0005],
					"color": 0,
					"children": [0, 1, 2, 3, 4, 5]
				},
				{
					"name": "figure",
					"origin": [-1, 0, -0.0005],
					"color": 1,
					"children": [
						{
							"name": "arms",
							"origin": [2.59253, 8.72887, 8.9995],
							"color": 1,
							"children": [6, 7]
						},
						8,
						{
							"name": "head",
							"origin": [5.59467, 11, 8.76853],
							"color": 1,
							"children": [9, 10, 11, 12, 13, 14, 15]
						},
						{
							"name": "legs",
							"origin": [-1, 0, -0.0005],
							"color": 1,
							"children": [16, 17]
						}
					]
				}
			]
		}
	]
}