{
	"credit": "Made with Blockbench",
	"texture_size": [128, 128],
	"textures": {
		"0": "elitecreatures:newyear_2024_animated/newyear_texture_01",
		"2": "elitecreatures:newyear_2024_animated/newyear_animation_02",
		"3": "elitecreatures:newyear_2024_animated/newyear_animation_03",
		"4": "elitecreatures:newyear_2024_animated/newyear_animation_04",
		"particle": "elitecreatures:newyear_2024_animated/newyear_texture_01"
	},
	"elements": [
		{
			"from": [6.15, 14.45, 6],
			"to": [9.85, 17.05, 10],
			"rotation": {"angle": 0, "axis": "y", "origin": [6.93216, 3.3, 5.26998]},
			"faces": {
				"north": {"uv": [1.525, 0, 1.0625, 0.325], "texture": "#0"},
				"east": {"uv": [1.0625, 0, 0.5625, 0.3125], "texture": "#0"},
				"south": {"uv": [1.525, 0, 1.0625, 0.325], "texture": "#0"},
				"west": {"uv": [0.5625, 0, 1.0625, 0.3125], "texture": "#0"},
				"up": {"uv": [1, 0.3125, 0.5625, 0.8125], "texture": "#0"},
				"down": {"uv": [2.025, 0.625, 1.5625, 1.125], "texture": "#0"}
			}
		},
		{
			"from": [6.88879, 14.5, 3.71646],
			"to": [9.48879, 17, 6.31646],
			"rotation": {"angle": -45, "axis": "y", "origin": [6.93216, 3.3, 5.26998]},
			"faces": {
				"north": {"uv": [1, 0.625, 1.3125, 0.9375], "texture": "#0"},
				"east": {"uv": [0.9375, 0.3125, 1.25, 0.625], "texture": "#0"},
				"south": {"uv": [1, 0.625, 1.3125, 0.9375], "texture": "#0"},
				"west": {"uv": [1.3125, 0.625, 1, 0.9375], "texture": "#0"},
				"up": {"uv": [1.8125, 0.3125, 1.5, 0], "texture": "#0"},
				"down": {"uv": [1.875, 0.625, 1.5625, 0.3125], "texture": "#0"}
			}
		},
		{
			"from": [3.02797, 14.5, 8.08433],
			"to": [5.62797, 17, 10.68433],
			"rotation": {"angle": 45, "axis": "y", "origin": [6.93216, 3.3, 5.26998]},
			"faces": {
				"north": {"uv": [1.3125, 0.625, 1, 0.9375], "texture": "#0"},
				"east": {"uv": [1.3125, 0.3125, 1, 0.625], "texture": "#0"},
				"south": {"uv": [1.3125, 0.625, 1, 0.9375], "texture": "#0"},
				"west": {"uv": [1, 0.625, 1.3125, 0.9375], "texture": "#0"},
				"up": {"uv": [1.8125, 0, 1.5, 0.3125], "texture": "#0"},
				"down": {"uv": [1.875, 0.3125, 1.5625, 0.625], "texture": "#0"}
			}
		},
		{
			"from": [6.5, -12.55, 7.25],
			"to": [9.5, -10.45, 8.75],
			"rotation": {"angle": 0, "axis": "y", "origin": [6.93216, 3.3, 5.26998]},
			"faces": {
				"north": {"uv": [1.3125, 1.125, 0.9375, 1.375], "texture": "#0"},
				"east": {"uv": [0.9375, 1.125, 0.75, 1.375], "texture": "#0"},
				"south": {"uv": [1.3125, 1.125, 0.9375, 1.375], "texture": "#0"},
				"west": {"uv": [0.75, 1.125, 0.9375, 1.375], "texture": "#0"},
				"up": {"uv": [1.25, 0.9375, 0.875, 1.125], "texture": "#0"},
				"down": {"uv": [1.25, 0.9375, 0.875, 1.125], "texture": "#0"}
			}
		},
		{
			"from": [8, 16, 3],
			"to": [8, 23, 8],
			"rotation": {"angle": 0, "axis": "y", "origin": [6.93216, 3.3, 5.26998]},
			"faces": {
				"north": {"uv": [0, 0, 0, 0.875], "texture": "#missing"},
				"east": {"uv": [2.25, 1.9375, 1.625, 2.8125], "texture": "#0"},
				"south": {"uv": [0, 0, 0, 0.875], "texture": "#0"},
				"west": {"uv": [1.625, 1.9375, 2.25, 2.8125], "texture": "#0"},
				"up": {"uv": [0, 0, 0, 0.625], "texture": "#missing"},
				"down": {"uv": [0, 0, 0, 0.625], "texture": "#missing"}
			}
		},
		{
			"from": [8, 16, 8],
			"to": [8, 23, 13],
			"rotation": {"angle": 0, "axis": "y", "origin": [6.93216, 3.3, 5.26998]},
			"faces": {
				"north": {"uv": [0, 0, 0, 0.875], "texture": "#0"},
				"east": {"uv": [1.625, 1.9375, 2.25, 2.8125], "texture": "#0"},
				"south": {"uv": [0, 0, 0, 0.875], "texture": "#missing"},
				"west": {"uv": [2.25, 1.9375, 1.625, 2.8125], "texture": "#0"},
				"up": {"uv": [0, 0.625, 0, 0], "texture": "#missing"},
				"down": {"uv": [0, 0.625, 0, 0], "texture": "#missing"}
			}
		},
		{
			"from": [8.02267, -12.5, 4.85035],
			"to": [10.12267, -10.5, 6.95035],
			"rotation": {"angle": -45, "axis": "y", "origin": [6.93216, 3.3, 5.26998]},
			"faces": {
				"north": {"uv": [1.3125, 0.3125, 1.5625, 0.5625], "texture": "#0"},
				"east": {"uv": [1.8125, 0, 2.0625, 0.25], "texture": "#0"},
				"south": {"uv": [1.3125, 0.3125, 1.5625, 0.5625], "texture": "#0"},
				"west": {"uv": [1.5625, 0.3125, 1.3125, 0.5625], "texture": "#0"},
				"up": {"uv": [1.5625, 0.8125, 1.3125, 0.5625], "texture": "#0"},
				"down": {"uv": [1.5625, 0.8125, 1.3125, 0.5625], "texture": "#0"}
			}
		},
		{
			"from": [4.16185, -12.5, 7.45045],
			"to": [6.26185, -10.5, 9.55045],
			"rotation": {"angle": 45, "axis": "y", "origin": [6.93216, 3.3, 5.26998]},
			"faces": {
				"north": {"uv": [1.5625, 0.3125, 1.3125, 0.5625], "texture": "#0"},
				"east": {"uv": [2.0625, 0, 1.8125, 0.25], "texture": "#0"},
				"south": {"uv": [1.5625, 0.3125, 1.3125, 0.5625], "texture": "#0"},
				"west": {"uv": [1.3125, 0.3125, 1.5625, 0.5625], "texture": "#0"},
				"up": {"uv": [1.5625, 0.5625, 1.3125, 0.8125], "texture": "#0"},
				"down": {"uv": [1.5625, 0.5625, 1.3125, 0.8125], "texture": "#0"}
			}
		},
		{
			"from": [4.75682, -11, 6.95547],
			"to": [6.75682, 13, 8.95547],
			"rotation": {"angle": 45, "axis": "y", "origin": [6.93216, 3.3, 5.26998]},
			"faces": {
				"north": {"uv": [0.25, 3, 0, 6], "texture": "#0"},
				"east": {"uv": [0.25, 3, 0, 6], "texture": "#0"},
				"south": {"uv": [0.25, 3, 0, 6], "texture": "#0"},
				"west": {"uv": [0.25, 3, 0, 6], "texture": "#0"},
				"up": {"uv": [0.25, 3, 0, 3.25], "texture": "#0"},
				"down": {"uv": [0.25, 3, 0, 3.25], "texture": "#0"}
			}
		},
		{
			"from": [8.51765, -10.5, 5.34532],
			"to": [10.71765, 13, 5.34532],
			"rotation": {"angle": -45, "axis": "y", "origin": [6.93216, 3.3, 5.26998]},
			"faces": {
				"north": {"uv": [0.25, 3, 0.5, 5.9375], "texture": "#0"},
				"east": {"uv": [0.5625, 1.4375, 0.8125, 2.6875], "texture": "#0"},
				"south": {"uv": [0.5, 3, 0.25, 5.9375], "texture": "#0"},
				"west": {"uv": [0.5625, 1.4375, 0.8125, 2.6875], "texture": "#0"},
				"up": {"uv": [0.8125, 1.6875, 0.5625, 1.4375], "texture": "#0"},
				"down": {"uv": [0.8125, 1.6875, 0.5625, 1.4375], "texture": "#0"}
			}
		},
		{
			"from": [4.65682, -10.5, 6.85547],
			"to": [6.85682, 13, 6.85547],
			"rotation": {"angle": 45, "axis": "y", "origin": [6.93216, 3.3, 5.26998]},
			"faces": {
				"north": {"uv": [0.5, 3, 0.25, 5.9375], "texture": "#0"},
				"east": {"uv": [0.8125, 1.4375, 0.5625, 2.6875], "texture": "#0"},
				"south": {"uv": [0.25, 3, 0.5, 5.9375], "texture": "#0"},
				"west": {"uv": [0.8125, 1.4375, 0.5625, 2.6875], "texture": "#0"},
				"up": {"uv": [0.5625, 1.6875, 0.8125, 1.4375], "texture": "#0"},
				"down": {"uv": [0.5625, 1.6875, 0.8125, 1.4375], "texture": "#0"}
			}
		},
		{
			"from": [8.51765, -10.5, 7.54532],
			"to": [10.71765, 13, 7.54532],
			"rotation": {"angle": -45, "axis": "y", "origin": [6.93216, 3.3, 5.26998]},
			"faces": {
				"north": {"uv": [0.5, 3, 0.25, 5.9375], "texture": "#0"},
				"east": {"uv": [0.5625, 1.4375, 0.8125, 2.6875], "texture": "#0"},
				"south": {"uv": [0.25, 3, 0.5, 5.9375], "texture": "#0"},
				"west": {"uv": [0.5625, 1.4375, 0.8125, 2.6875], "texture": "#0"},
				"up": {"uv": [0.5625, 1.4375, 0.8125, 1.6875], "texture": "#0"},
				"down": {"uv": [0.5625, 1.4375, 0.8125, 1.6875], "texture": "#0"}
			}
		},
		{
			"from": [4.65682, -10.5, 9.05547],
			"to": [6.85682, 13, 9.05547],
			"rotation": {"angle": 45, "axis": "y", "origin": [6.93216, 3.3, 5.26998]},
			"faces": {
				"north": {"uv": [0.25, 3, 0.5, 5.9375], "texture": "#0"},
				"east": {"uv": [0.8125, 1.4375, 0.5625, 2.6875], "texture": "#0"},
				"south": {"uv": [0.5, 3, 0.25, 5.9375], "texture": "#0"},
				"west": {"uv": [0.8125, 1.4375, 0.5625, 2.6875], "texture": "#0"},
				"up": {"uv": [0.8125, 1.4375, 0.5625, 1.6875], "texture": "#0"},
				"down": {"uv": [0.8125, 1.4375, 0.5625, 1.6875], "texture": "#0"}
			}
		},
		{
			"from": [4.50682, 13, 6.70547],
			"to": [7.00682, 15.5, 9.20547],
			"rotation": {"angle": 45, "axis": "y", "origin": [6.93216, 3.3, 5.26998]},
			"faces": {
				"north": {"uv": [1.125, 1.375, 0.8125, 1.6875], "texture": "#0"},
				"east": {"uv": [1.125, 1.375, 0.8125, 1.6875], "texture": "#0"},
				"south": {"uv": [1.125, 1.375, 0.8125, 1.6875], "texture": "#0"},
				"west": {"uv": [1.125, 1.375, 0.8125, 1.6875], "texture": "#0"},
				"up": {"uv": [1.125, 1.6875, 0.8125, 2], "texture": "#0"},
				"down": {"uv": [1.125, 1.6875, 0.8125, 2], "texture": "#0"}
			}
		},
		{
			"from": [4.50682, 8.5, 6.70547],
			"to": [7.00682, 11, 9.20547],
			"rotation": {"angle": 45, "axis": "y", "origin": [6.93216, 3.3, 5.26998]},
			"faces": {
				"north": {"uv": [1.125, 1.375, 0.8125, 1.6875], "texture": "#0"},
				"east": {"uv": [1.125, 1.375, 0.8125, 1.6875], "texture": "#0"},
				"south": {"uv": [1.125, 1.375, 0.8125, 1.6875], "texture": "#0"},
				"west": {"uv": [1.125, 1.375, 0.8125, 1.6875], "texture": "#0"},
				"up": {"uv": [1.125, 1.6875, 0.8125, 2], "texture": "#0"},
				"down": {"uv": [1.125, 1.6875, 0.8125, 2], "texture": "#0"}
			}
		},
		{
			"from": [4.50682, 2.5, 6.70547],
			"to": [7.00682, 5, 9.20547],
			"rotation": {"angle": 45, "axis": "y", "origin": [6.93216, 3.3, 5.26998]},
			"faces": {
				"north": {"uv": [1.125, 1.375, 0.8125, 1.6875], "texture": "#0"},
				"east": {"uv": [1.125, 1.375, 0.8125, 1.6875], "texture": "#0"},
				"south": {"uv": [1.125, 1.375, 0.8125, 1.6875], "texture": "#0"},
				"west": {"uv": [1.125, 1.375, 0.8125, 1.6875], "texture": "#0"},
				"up": {"uv": [1.125, 1.6875, 0.8125, 2], "texture": "#0"},
				"down": {"uv": [1.125, 1.6875, 0.8125, 2], "texture": "#0"}
			}
		},
		{
			"from": [4.75682, -14.4, 6.95547],
			"to": [6.75682, -12.4, 8.95547],
			"rotation": {"angle": 45, "axis": "y", "origin": [6.93216, 3.3, 5.26998]},
			"faces": {
				"north": {"uv": [1.5625, 0.8125, 1.3125, 1.0625], "texture": "#0"},
				"east": {"uv": [1.5625, 0.8125, 1.3125, 1.0625], "texture": "#0"},
				"south": {"uv": [1.5625, 0.8125, 1.3125, 1.0625], "texture": "#0"},
				"west": {"uv": [1.5625, 0.8125, 1.3125, 1.0625], "texture": "#0"},
				"up": {"uv": [1.5625, 1.0625, 1.3125, 1.3125], "texture": "#0"},
				"down": {"uv": [1.5625, 1.0625, 1.3125, 1.3125], "texture": "#0"}
			}
		},
		{
			"from": [7.25, -14.10635, 2.58832],
			"to": [8.75, -11.60635, 4.58832],
			"rotation": {"angle": -22.5, "axis": "x", "origin": [6.93216, 3.3, 5.26998]},
			"faces": {
				"north": {"uv": [2.3125, 0.5625, 2.125, 0.25], "texture": "#0"},
				"east": {"uv": [2.125, 0.5625, 1.875, 0.25], "texture": "#0"},
				"south": {"uv": [2.3125, 0.5625, 2.125, 0.25], "texture": "#0"},
				"west": {"uv": [2.125, 0.5625, 1.875, 0.25], "texture": "#0"},
				"up": {"uv": [2.25, 0.25, 2.0625, 0], "texture": "#0"},
				"down": {"uv": [2.25, 0.25, 2.0625, 0], "texture": "#0"}
			}
		},
		{
			"from": [7.25, -12.01689, 10.99606],
			"to": [8.75, -9.51689, 12.99606],
			"rotation": {"angle": 22.5, "axis": "x", "origin": [6.93216, 3.3, 5.26998]},
			"faces": {
				"north": {"uv": [2.125, 0.5625, 2.3125, 0.25], "texture": "#0"},
				"east": {"uv": [1.875, 0.5625, 2.125, 0.25], "texture": "#0"},
				"south": {"uv": [2.125, 0.5625, 2.3125, 0.25], "texture": "#0"},
				"west": {"uv": [1.875, 0.5625, 2.125, 0.25], "texture": "#0"},
				"up": {"uv": [2.25, 0, 2.0625, 0.25], "texture": "#0"},
				"down": {"uv": [2.25, 0, 2.0625, 0.25], "texture": "#0"}
			}
		},
		{
			"from": [8.02267, 15.6, 4.85035],
			"to": [10.12267, 17.6, 6.95035],
			"rotation": {"angle": -45, "axis": "y", "origin": [6.93216, 3.3, 5.26998]},
			"faces": {
				"north": {"uv": [1.3125, 0.5625, 1.5625, 0.3125], "texture": "#0"},
				"east": {"uv": [1.8125, 0.25, 2.0625, 0], "texture": "#0"},
				"south": {"uv": [1.3125, 0.5625, 1.5625, 0.3125], "texture": "#0"},
				"west": {"uv": [1.5625, 0.5625, 1.3125, 0.3125], "texture": "#0"},
				"up": {"uv": [1.5625, 0.5625, 1.3125, 0.8125], "texture": "#0"},
				"down": {"uv": [1.5625, 0.5625, 1.3125, 0.8125], "texture": "#0"}
			}
		},
		{
			"from": [4.16185, 15.6, 7.45045],
			"to": [6.26185, 17.6, 9.55045],
			"rotation": {"angle": 45, "axis": "y", "origin": [6.93216, 3.3, 5.26998]},
			"faces": {
				"north": {"uv": [1.5625, 0.5625, 1.3125, 0.3125], "texture": "#0"},
				"east": {"uv": [2.0625, 0.25, 1.8125, 0], "texture": "#0"},
				"south": {"uv": [1.5625, 0.5625, 1.3125, 0.3125], "texture": "#0"},
				"west": {"uv": [1.3125, 0.5625, 1.5625, 0.3125], "texture": "#0"},
				"up": {"uv": [1.5625, 0.8125, 1.3125, 0.5625], "texture": "#0"},
				"down": {"uv": [1.5625, 0.8125, 1.3125, 0.5625], "texture": "#0"}
			}
		},
		{
			"from": [5, 10.21345, 16.04426],
			"to": [11, 12.21345, 18.04426],
			"rotation": {"angle": -45, "axis": "x", "origin": [6.93216, 3.3, 5.26998]},
			"faces": {
				"north": {"uv": [1.5625, 1.125, 2.3125, 1.375], "texture": "#0"},
				"east": {"uv": [1.3125, 1.3125, 1.5625, 1.5625], "texture": "#0"},
				"south": {"uv": [1.5625, 1.125, 2.3125, 1.375], "texture": "#0"},
				"west": {"uv": [1.5625, 1.3125, 1.3125, 1.5625], "texture": "#0"},
				"up": {"uv": [1.5625, 1.125, 2.3125, 1.375], "texture": "#0"},
				"down": {"uv": [1.5625, 1.125, 2.3125, 1.375], "texture": "#0"}
			}
		},
		{
			"from": [5.75, 9.93563, 15.76644],
			"to": [10.25, 12.93563, 18.76644],
			"rotation": {"angle": -45, "axis": "x", "origin": [6.93216, 3.3, 5.26998]},
			"faces": {
				"north": {"uv": [1.1875, 2.9375, 0.8125, 2.375], "rotation": 90, "texture": "#0"},
				"east": {"uv": [0.8125, 2, 1.1875, 2.375], "rotation": 90, "texture": "#0"},
				"south": {"uv": [1.1875, 2.9375, 0.8125, 2.375], "rotation": 90, "texture": "#0"},
				"west": {"uv": [0.8125, 2.375, 1.1875, 2], "rotation": 90, "texture": "#0"},
				"up": {"uv": [0.8125, 2.9375, 1.1875, 2.375], "rotation": 90, "texture": "#0"},
				"down": {"uv": [0.8125, 2.9375, 1.1875, 2.375], "rotation": 90, "texture": "#0"}
			}
		},
		{
			"from": [8.1, 16, 8.8],
			"to": [8.1, 20, 12.8],
			"rotation": {"angle": 0, "axis": "y", "origin": [6.93216, 3.3, 5.26998]},
			"faces": {
				"north": {"uv": [0, 0, 0, 0.5], "texture": "#0"},
				"east": {"uv": [1.625, 1.4375, 2.125, 1.9375], "texture": "#0"},
				"south": {"uv": [0, 0, 0, 0.5], "texture": "#missing"},
				"west": {"uv": [2.125, 1.4375, 1.625, 1.9375], "texture": "#0"},
				"up": {"uv": [0, 0.5, 0, 0], "texture": "#missing"},
				"down": {"uv": [0, 0.5, 0, 0], "texture": "#missing"}
			}
		},
		{
			"from": [7.9, 16, 8.8],
			"to": [7.9, 20, 12.8],
			"rotation": {"angle": 0, "axis": "y", "origin": [6.93216, 3.3, 5.26998]},
			"faces": {
				"north": {"uv": [0, 0, 0, 0.5], "texture": "#0"},
				"east": {"uv": [1.625, 1.4375, 2.125, 1.9375], "texture": "#0"},
				"south": {"uv": [0, 0, 0, 0.5], "texture": "#missing"},
				"west": {"uv": [2.125, 1.4375, 1.625, 1.9375], "texture": "#0"},
				"up": {"uv": [0, 0.5, 0, 0], "texture": "#missing"},
				"down": {"uv": [0, 0.5, 0, 0], "texture": "#missing"}
			}
		},
		{
			"from": [8.1, 16, 3.2],
			"to": [8.1, 20, 7.2],
			"rotation": {"angle": 0, "axis": "y", "origin": [6.93216, 3.3, 5.26998]},
			"faces": {
				"north": {"uv": [0, 0, 0, 0.5], "texture": "#missing"},
				"east": {"uv": [2.125, 1.4375, 1.625, 1.9375], "texture": "#0"},
				"south": {"uv": [0, 0, 0, 0.5], "texture": "#0"},
				"west": {"uv": [1.625, 1.4375, 2.125, 1.9375], "texture": "#0"},
				"up": {"uv": [0, 0, 0, 0.5], "texture": "#missing"},
				"down": {"uv": [0, 0, 0, 0.5], "texture": "#missing"}
			}
		},
		{
			"from": [8.1, 17, -1.8],
			"to": [8.1, 21, 2.2],
			"rotation": {"angle": 0, "axis": "y", "origin": [6.93216, 3.3, 5.26998]},
			"faces": {
				"north": {"uv": [0, 0, 0, 0.5], "texture": "#0"},
				"east": {"uv": [1.625, 1.4375, 2.125, 1.9375], "texture": "#0"},
				"south": {"uv": [0, 0, 0, 0.5], "texture": "#missing"},
				"west": {"uv": [2.125, 1.4375, 1.625, 1.9375], "texture": "#0"},
				"up": {"uv": [0, 0.5, 0, 0], "texture": "#missing"},
				"down": {"uv": [0, 0.5, 0, 0], "texture": "#missing"}
			}
		},
		{
			"from": [8.1, 17, -5.8],
			"to": [8.1, 21, -1.8],
			"rotation": {"angle": 0, "axis": "y", "origin": [6.93216, 3.3, 5.26998]},
			"faces": {
				"north": {"uv": [0, 0, 0, 0.5], "texture": "#missing"},
				"east": {"uv": [2.125, 1.4375, 1.625, 1.9375], "texture": "#0"},
				"south": {"uv": [0, 0, 0, 0.5], "texture": "#0"},
				"west": {"uv": [1.625, 1.4375, 2.125, 1.9375], "texture": "#0"},
				"up": {"uv": [0, 0, 0, 0.5], "texture": "#missing"},
				"down": {"uv": [0, 0, 0, 0.5], "texture": "#missing"}
			}
		},
		{
			"from": [7.9, 16, 8.8],
			"to": [7.9, 20, 12.8],
			"rotation": {"angle": 0, "axis": "y", "origin": [6.93216, 3.3, 5.26998]},
			"faces": {
				"north": {"uv": [0, 0, 0, 0.5], "texture": "#0"},
				"east": {"uv": [1.625, 1.4375, 2.125, 1.9375], "texture": "#0"},
				"south": {"uv": [0, 0, 0, 0.5], "texture": "#missing"},
				"west": {"uv": [2.125, 1.4375, 1.625, 1.9375], "texture": "#0"},
				"up": {"uv": [0, 0.5, 0, 0], "texture": "#missing"},
				"down": {"uv": [0, 0.5, 0, 0], "texture": "#missing"}
			}
		},
		{
			"from": [7.9, 16, 3.2],
			"to": [7.9, 20, 7.2],
			"rotation": {"angle": 0, "axis": "y", "origin": [6.93216, 3.3, 5.26998]},
			"faces": {
				"north": {"uv": [0, 0, 0, 0.5], "texture": "#missing"},
				"east": {"uv": [2.125, 1.4375, 1.625, 1.9375], "texture": "#0"},
				"south": {"uv": [0, 0, 0, 0.5], "texture": "#0"},
				"west": {"uv": [1.625, 1.4375, 2.125, 1.9375], "texture": "#0"},
				"up": {"uv": [0, 0, 0, 0.5], "texture": "#missing"},
				"down": {"uv": [0, 0, 0, 0.5], "texture": "#missing"}
			}
		},
		{
			"from": [7.9, 16, 3.2],
			"to": [7.9, 20, 7.2],
			"rotation": {"angle": 0, "axis": "y", "origin": [6.93216, 3.3, 5.26998]},
			"faces": {
				"north": {"uv": [0, 0, 0, 0.5], "texture": "#missing"},
				"east": {"uv": [2.125, 1.4375, 1.625, 1.9375], "texture": "#0"},
				"south": {"uv": [0, 0, 0, 0.5], "texture": "#0"},
				"west": {"uv": [1.625, 1.4375, 2.125, 1.9375], "texture": "#0"},
				"up": {"uv": [0, 0, 0, 0.5], "texture": "#missing"},
				"down": {"uv": [0, 0, 0, 0.5], "texture": "#missing"}
			}
		},
		{
			"from": [3.07847, 13, 7.5701],
			"to": [3.07847, 15.7, 10.7701],
			"rotation": {"angle": 22.5, "axis": "y", "origin": [6.93216, 3.3, 5.26998]},
			"faces": {
				"north": {"uv": [0, 0, 0, 6], "texture": "#4"},
				"east": {"uv": [0, 0, 6, 6], "texture": "#4"},
				"south": {"uv": [0, 0, 0, 6], "texture": "#4"},
				"west": {"uv": [0, 0, 6, 6], "texture": "#4"},
				"up": {"uv": [0, 0, 0, 6], "texture": "#4"},
				"down": {"uv": [0, 6, 0, 0], "texture": "#4"}
			}
		},
		{
			"from": [5.16793, 13, 4.81428],
			"to": [5.16793, 15.7, 8.01428],
			"rotation": {"angle": -22.5, "axis": "y", "origin": [6.93216, 3.3, 5.26998]},
			"faces": {
				"north": {"uv": [0, 0, 0, 6], "texture": "#4"},
				"east": {"uv": [0, 0, 6, 6], "texture": "#4"},
				"south": {"uv": [0, 0, 0, 6], "texture": "#4"},
				"west": {"uv": [6, 0, 0, 6], "texture": "#4"},
				"up": {"uv": [0, 6, 0, 0], "texture": "#4"},
				"down": {"uv": [0, 0, 0, 6], "texture": "#4"}
			}
		},
		{
			"from": [5.26793, 8, 2.91428],
			"to": [5.26793, 20, 8.91428],
			"rotation": {"angle": -22.5, "axis": "y", "origin": [6.93216, 3.3, 5.26998]},
			"faces": {
				"north": {"uv": [0, 0, 0, 120], "texture": "#missing"},
				"east": {"uv": [14.5, 0, 15.25, 1.875], "texture": "#0"},
				"south": {"uv": [0, 0, 0, 120], "texture": "#missing"},
				"west": {"uv": [15.25, 0, 14.5, 1.875], "texture": "#0"},
				"up": {"uv": [0, 0, 0, 48], "texture": "#missing"},
				"down": {"uv": [0, 0, 0, 48], "texture": "#missing"}
			}
		},
		{
			"from": [3.17847, 8, 6.6701],
			"to": [3.17847, 20, 12.6701],
			"rotation": {"angle": 22.5, "axis": "y", "origin": [6.93216, 3.3, 5.26998]},
			"faces": {
				"north": {"uv": [0, 0, 0, 120], "texture": "#missing"},
				"east": {"uv": [13.75, 0, 14.5, 1.875], "texture": "#0"},
				"south": {"uv": [0, 0, 0, 120], "texture": "#missing"},
				"west": {"uv": [14.5, 0, 13.75, 1.875], "texture": "#0"},
				"up": {"uv": [0, 0, 0, 48], "texture": "#missing"},
				"down": {"uv": [0, 0, 0, 48], "texture": "#missing"}
			}
		},
		{
			"from": [10.83207, 13, 4.81428],
			"to": [10.83207, 15.7, 8.01428],
			"rotation": {"angle": 22.5, "axis": "y", "origin": [9.06784, 3.3, 5.26998]},
			"faces": {
				"north": {"uv": [0, 0, 0, 6], "texture": "#4"},
				"east": {"uv": [0, 0, 6, 6], "texture": "#4"},
				"south": {"uv": [0, 0, 0, 6], "texture": "#4"},
				"west": {"uv": [6, 0, 0, 6], "texture": "#4"},
				"up": {"uv": [0, 6, 0, 0], "texture": "#4"},
				"down": {"uv": [0, 0, 0, 6], "texture": "#4"}
			}
		},
		{
			"from": [10.73207, 8, 2.91428],
			"to": [10.73207, 20, 8.91428],
			"rotation": {"angle": 22.5, "axis": "y", "origin": [9.06784, 3.3, 5.26998]},
			"faces": {
				"north": {"uv": [0, 0, 0, 120], "texture": "#missing"},
				"east": {"uv": [14.5, 0, 15.25, 1.875], "texture": "#0"},
				"south": {"uv": [0, 0, 0, 120], "texture": "#missing"},
				"west": {"uv": [15.25, 0, 14.5, 1.875], "texture": "#0"},
				"up": {"uv": [0, 0, 0, 48], "texture": "#missing"},
				"down": {"uv": [0, 0, 0, 48], "texture": "#missing"}
			}
		},
		{
			"from": [12.82153, 8, 6.6701],
			"to": [12.82153, 20, 12.6701],
			"rotation": {"angle": -22.5, "axis": "y", "origin": [9.06784, 3.3, 5.26998]},
			"faces": {
				"north": {"uv": [0, 0, 0, 120], "texture": "#missing"},
				"east": {"uv": [13.75, 0, 14.5, 1.875], "texture": "#0"},
				"south": {"uv": [0, 0, 0, 120], "texture": "#missing"},
				"west": {"uv": [14.5, 0, 13.75, 1.875], "texture": "#0"},
				"up": {"uv": [0, 0, 0, 48], "texture": "#missing"},
				"down": {"uv": [0, 0, 0, 48], "texture": "#missing"}
			}
		},
		{
			"from": [12.92153, 13, 7.5701],
			"to": [12.92153, 15.7, 10.7701],
			"rotation": {"angle": -22.5, "axis": "y", "origin": [9.06784, 3.3, 5.26998]},
			"faces": {
				"north": {"uv": [0, 0, 0, 6], "texture": "#4"},
				"east": {"uv": [6, 0, 0, 6], "texture": "#4"},
				"south": {"uv": [0, 0, 0, 6], "texture": "#4"},
				"west": {"uv": [6, 0, 0, 6], "texture": "#4"},
				"up": {"uv": [0, 0, 0, 6], "texture": "#4"},
				"down": {"uv": [0, 6, 0, 0], "texture": "#4"}
			}
		},
		{
			"from": [7.25, 9.91451, 12.53809],
			"to": [8.75, 12.41451, 14.53809],
			"rotation": {"angle": -22.5, "axis": "x", "origin": [6.93216, 3.3, 5.26998]},
			"faces": {
				"north": {"uv": [2.3125, 0.5625, 2.125, 0.25], "texture": "#0"},
				"east": {"uv": [2.125, 0.5625, 1.875, 0.25], "texture": "#0"},
				"south": {"uv": [2.3125, 0.5625, 2.125, 0.25], "texture": "#0"},
				"west": {"uv": [2.125, 0.5625, 1.875, 0.25], "texture": "#0"},
				"up": {"uv": [2.25, 0.25, 2.0625, 0], "texture": "#0"},
				"down": {"uv": [2.25, 0.25, 2.0625, 0], "texture": "#0"}
			}
		},
		{
			"from": [7.25, 12.00398, 1.04629],
			"to": [8.75, 14.50398, 3.04629],
			"rotation": {"angle": 22.5, "axis": "x", "origin": [6.93216, 3.3, 5.26998]},
			"faces": {
				"north": {"uv": [2.125, 0.5625, 2.3125, 0.25], "texture": "#0"},
				"east": {"uv": [1.875, 0.5625, 2.125, 0.25], "texture": "#0"},
				"south": {"uv": [2.125, 0.5625, 2.3125, 0.25], "texture": "#0"},
				"west": {"uv": [1.875, 0.5625, 2.125, 0.25], "texture": "#0"},
				"up": {"uv": [2.25, 0, 2.0625, 0.25], "texture": "#0"},
				"down": {"uv": [2.25, 0, 2.0625, 0.25], "texture": "#0"}
			}
		},
		{
			"from": [8, 2.5, 9.7],
			"to": [8, 6.5, 13.7],
			"rotation": {"angle": 0, "axis": "y", "origin": [6.93216, 3.3, 5.26998]},
			"faces": {
				"north": {"uv": [0, 0.5, 0, 0], "rotation": 180, "texture": "#missing"},
				"east": {"uv": [2.125, 1.9375, 1.625, 1.4375], "rotation": 90, "texture": "#0"},
				"south": {"uv": [0, 0.5, 0, 0], "texture": "#missing"},
				"west": {"uv": [1.625, 1.9375, 2.125, 1.4375], "rotation": 270, "texture": "#0"},
				"up": {"uv": [0, 0, 0, 0.5], "rotation": 180, "texture": "#0"},
				"down": {"uv": [0, 0, 0, 0.5], "texture": "#missing"}
			}
		},
		{
			"from": [8, 6.5, 9.7],
			"to": [8, 10.5, 13.7],
			"rotation": {"angle": 0, "axis": "y", "origin": [6.93216, 3.3, 5.26998]},
			"faces": {
				"north": {"uv": [0, 0, 0, 0.5], "rotation": 180, "texture": "#missing"},
				"east": {"uv": [1.625, 1.9375, 2.125, 1.4375], "rotation": 90, "texture": "#0"},
				"south": {"uv": [0, 0, 0, 0.5], "texture": "#missing"},
				"west": {"uv": [2.125, 1.9375, 1.625, 1.4375], "rotation": 270, "texture": "#0"},
				"up": {"uv": [0, 0, 0, 0.5], "rotation": 180, "texture": "#missing"},
				"down": {"uv": [0, 0, 0, 0.5], "texture": "#0"}
			}
		},
		{
			"from": [7.6, 7.5, 3.5],
			"to": [8.6, 8.5, 4.5],
			"rotation": {"angle": 0, "axis": "y", "origin": [6.93216, 3.3, 5.26998]},
			"faces": {
				"north": {"uv": [2.0625, 1, 2.1875, 1.125], "texture": "#0"},
				"east": {"uv": [2.1875, 1, 2.0625, 1.125], "texture": "#0"},
				"south": {"uv": [2.0625, 1, 2.1875, 1.125], "texture": "#0"},
				"west": {"uv": [2.1875, 1, 2.0625, 1.125], "texture": "#0"},
				"up": {"uv": [2.1875, 0.875, 2.0625, 1], "texture": "#0"},
				"down": {"uv": [2.1875, 0.875, 2.0625, 1], "texture": "#0"}
			}
		},
		{
			"from": [8.1, 4, 2.75],
			"to": [8.1, 10, 4.75],
			"rotation": {"angle": 0, "axis": "y", "origin": [6.93216, 3.3, 5.26998]},
			"faces": {
				"north": {"uv": [1.0625, 1.1875, 1.0625, 1.9375], "texture": "#0"},
				"east": {"uv": [1.5625, 1.5625, 1.3125, 2.3125], "texture": "#0"},
				"south": {"uv": [1.0625, 1.1875, 1.0625, 1.9375], "texture": "#0"},
				"west": {"uv": [1.3125, 1.5625, 1.5625, 2.3125], "texture": "#0"},
				"up": {"uv": [1.0625, 1.1875, 1.0625, 1.4375], "texture": "#0"},
				"down": {"uv": [1.0625, 1.1875, 1.0625, 1.4375], "texture": "#0"}
			}
		},
		{
			"from": [7.6, 6.1, 3.5],
			"to": [8.6, 6.6, 4.5],
			"rotation": {"angle": 0, "axis": "y", "origin": [6.93216, 3.3, 5.26998]},
			"faces": {
				"north": {"uv": [2.0625, 0.6875, 2.1875, 0.75], "texture": "#0"},
				"east": {"uv": [2.1875, 0.6875, 2.0625, 0.75], "texture": "#0"},
				"south": {"uv": [2.0625, 0.6875, 2.1875, 0.75], "texture": "#0"},
				"west": {"uv": [2.1875, 0.6875, 2.0625, 0.75], "texture": "#0"},
				"up": {"uv": [2.1875, 0.75, 2.0625, 0.875], "texture": "#0"},
				"down": {"uv": [2.1875, 0.75, 2.0625, 0.875], "texture": "#0"}
			}
		},
		{
			"from": [7.75, 18.36491, -0.64883],
			"to": [8.25, 20.16491, 3.35117],
			"rotation": {"angle": -22.5, "axis": "x", "origin": [6.93216, 3.3, 5.26998]},
			"faces": {
				"north": {"uv": [7.625, 5.9375, 7.5625, 6.1625], "rotation": 180, "texture": "#0"},
				"east": {"uv": [7.0625, 5.9375, 7.5625, 6.1625], "rotation": 180, "texture": "#0"},
				"south": {"uv": [7.625, 5.9375, 7.5625, 6.1625], "rotation": 180, "texture": "#0"},
				"west": {"uv": [7.5625, 5.9375, 7.0625, 6.1625], "rotation": 180, "texture": "#0"},
				"up": {"uv": [8, 5.5625, 7.9375, 6.0625], "rotation": 180, "texture": "#0"},
				"down": {"uv": [8.1875, 5.5625, 8.125, 6.0625], "rotation": 180, "texture": "#0"}
			}
		},
		{
			"from": [7.5, 15.76983, -3.82668],
			"to": [8.5, 18.76983, 2.17332],
			"rotation": {"angle": 0, "axis": "y", "origin": [6.93216, 3.3, 5.26998]},
			"faces": {
				"north": {"uv": [7.9375, 5.5625, 7.8125, 5.9375], "rotation": 180, "texture": "#0"},
				"east": {"uv": [7.8125, 5.5625, 7.0625, 5.9375], "rotation": 180, "texture": "#0"},
				"south": {"uv": [7.9375, 5.5625, 7.8125, 5.9375], "rotation": 180, "texture": "#0"},
				"west": {"uv": [7.0625, 5.5625, 7.8125, 5.9375], "rotation": 180, "texture": "#0"},
				"up": {"uv": [7.0625, 5.5625, 6.9375, 6.3125], "rotation": 180, "texture": "#0"},
				"down": {"uv": [8.125, 5.5625, 8, 6.3125], "rotation": 180, "texture": "#0"}
			}
		},
		{
			"from": [8, 5.76983, -11.82668],
			"to": [8, 18.76983, 7.17332],
			"rotation": {"angle": 0, "axis": "y", "origin": [6.93216, 3.3, 5.26998]},
			"faces": {
				"north": {"uv": [5, 0.5625, 4.875, 0.9375], "rotation": 180, "texture": "#0"},
				"east": {"uv": [16, 4.6875, 13.625, 6.3125], "rotation": 180, "texture": "#0"},
				"south": {"uv": [5, 0.5625, 4.875, 0.9375], "rotation": 180, "texture": "#0"},
				"west": {"uv": [13.625, 4.6875, 16, 6.3125], "rotation": 180, "texture": "#0"},
				"up": {"uv": [4.375, 0.9375, 4.25, 1.6875], "rotation": 180, "texture": "#0"},
				"down": {"uv": [4.5625, 0.9375, 4.4375, 1.6875], "rotation": 180, "texture": "#0"}
			}
		},
		{
			"from": [8, -0.23017, -4.82668],
			"to": [8, 12.76983, 8.17332],
			"rotation": {"angle": 0, "axis": "y", "origin": [6.93216, 3.3, 5.26998]},
			"faces": {
				"north": {"uv": [4.875, 0.5625, 4.875, 2.1875], "rotation": 180, "texture": "#0"},
				"east": {"uv": [16, 4.6875, 14.375, 6.3125], "rotation": 180, "texture": "#0"},
				"south": {"uv": [4.875, 0.5625, 4.875, 2.1875], "rotation": 180, "texture": "#0"},
				"west": {"uv": [14.375, 4.6875, 16, 6.3125], "rotation": 180, "texture": "#0"},
				"up": {"uv": [4.25, 0.9375, 4.25, 2.5625], "rotation": 180, "texture": "#0"},
				"down": {"uv": [4.4375, 0.9375, 4.4375, 2.5625], "rotation": 180, "texture": "#0"}
			}
		},
		{
			"from": [7.75, 10.14285, 3.52223],
			"to": [8.25, 11.94285, 7.52223],
			"rotation": {"angle": -22.5, "axis": "x", "origin": [6.93216, 3.3, 5.26998]},
			"faces": {
				"north": {"uv": [7.625, 5.9375, 7.5625, 6.1625], "rotation": 180, "texture": "#0"},
				"east": {"uv": [7.0625, 5.9375, 7.5625, 6.1625], "rotation": 180, "texture": "#0"},
				"south": {"uv": [7.625, 5.9375, 7.5625, 6.1625], "rotation": 180, "texture": "#0"},
				"west": {"uv": [7.5625, 5.9375, 7.0625, 6.1625], "rotation": 180, "texture": "#0"},
				"up": {"uv": [8, 5.5625, 7.9375, 6.0625], "rotation": 180, "texture": "#0"},
				"down": {"uv": [8.1875, 5.5625, 8.125, 6.0625], "rotation": 180, "texture": "#0"}
			}
		},
		{
			"from": [7.5, 9.76983, 3.17332],
			"to": [8.5, 12.76983, 9.17332],
			"rotation": {"angle": 0, "axis": "y", "origin": [6.93216, 3.3, 5.26998]},
			"faces": {
				"north": {"uv": [7.9375, 5.5625, 7.8125, 5.9375], "rotation": 180, "texture": "#0"},
				"east": {"uv": [7.8125, 5.5625, 7.0625, 5.9375], "rotation": 180, "texture": "#0"},
				"south": {"uv": [7.9375, 5.5625, 7.8125, 5.9375], "rotation": 180, "texture": "#0"},
				"west": {"uv": [7.0625, 5.5625, 7.8125, 5.9375], "rotation": 180, "texture": "#0"},
				"up": {"uv": [7.0625, 5.5625, 6.9375, 6.3125], "rotation": 180, "texture": "#0"},
				"down": {"uv": [8.125, 5.5625, 8, 6.3125], "rotation": 180, "texture": "#0"}
			}
		},
		{
			"from": [7, 13.15015, -3.58849],
			"to": [9, 16.65015, 3.41151],
			"rotation": {"angle": 22.5, "axis": "x", "origin": [6.93216, 3.3, 5.26998]},
			"faces": {
				"north": {"uv": [8.5, 4.875, 8.25, 5.3125], "texture": "#0"},
				"east": {"uv": [8.25, 4.875, 7.375, 5.3125], "texture": "#0"},
				"south": {"uv": [8.5, 4.875, 8.25, 5.3125], "texture": "#0"},
				"west": {"uv": [7.375, 4.875, 8.25, 5.3125], "texture": "#0"},
				"up": {"uv": [6.9375, 5.5625, 6.6875, 6.4375], "texture": "#0"},
				"down": {"uv": [6.1875, 5.625, 5.9375, 6.5], "texture": "#0"}
			}
		},
		{
			"from": [9, 4, -5],
			"to": [9, 14, 5],
			"rotation": {"angle": 0, "axis": "y", "origin": [6.93216, 3.3, 5.26998]},
			"faces": {
				"north": {"uv": [0, 0, 0, 12], "texture": "#2"},
				"east": {"uv": [10.5, 1, 0.5, 11], "texture": "#2"},
				"south": {"uv": [0, 0, 0, 12], "texture": "#2"},
				"west": {"uv": [10.5, 1, 0.5, 11], "texture": "#2"},
				"up": {"uv": [0, 12, 0, 0], "texture": "#2"},
				"down": {"uv": [0, 0, 0, 12], "texture": "#2"}
			}
		},
		{
			"from": [9, 4, 9],
			"to": [9, 12, 17],
			"rotation": {"angle": 0, "axis": "y", "origin": [6.93216, 3.3, 5.26998]},
			"faces": {
				"north": {"uv": [0, 0, 0, 16], "texture": "#3"},
				"east": {"uv": [16, 0, 0, 16], "texture": "#3"},
				"south": {"uv": [0, 0, 0, 16], "texture": "#3"},
				"west": {"uv": [16, 0, 0, 16], "texture": "#3"},
				"up": {"uv": [0, 16, 0, 0], "texture": "#3"},
				"down": {"uv": [0, 0, 0, 16], "texture": "#3"}
			}
		},
		{
			"from": [7, 15, 10],
			"to": [7, 25, 20],
			"rotation": {"angle": 0, "axis": "y", "origin": [6.93216, 3.3, 5.26998]},
			"faces": {
				"north": {"uv": [0.5, 1, 0.5, 11], "texture": "#2"},
				"east": {"uv": [0.5, 1, 10.5, 11], "texture": "#2"},
				"south": {"uv": [0.5, 1, 0.5, 11], "texture": "#2"},
				"west": {"uv": [0.5, 1, 10.5, 11], "texture": "#2"},
				"up": {"uv": [0.5, 11, 0.5, 1], "texture": "#2"},
				"down": {"uv": [0.5, 1, 0.5, 11], "texture": "#2"}
			}
		}
	],
	"gui_light": "front",
	"display": {
		"thirdperson_righthand": {
			"translation": [0, 6.5, 1.75],
			"scale": [0.7, 0.7, 0.7]
		},
		"thirdperson_lefthand": {
			"translation": [0, 6.5, 1.75],
			"scale": [0.7, 0.7, 0.7]
		},
		"firstperson_righthand": {
			"rotation": [-10, 8, 0],
			"translation": [1.25, 4.25, 0],
			"scale": [0.6, 0.6, 0.6]
		},
		"firstperson_lefthand": {
			"rotation": [-10, 8, 0],
			"translation": [1.25, 4.25, 0],
			"scale": [0.6, 0.6, 0.6]
		},
		"ground": {
			"rotation": [0, 0, 88],
			"translation": [-2, 2.5, 0.25],
			"scale": [0.45, 0.45, 0.45]
		},
		"gui": {
			"rotation": [90, 135, -90],
			"translation": [-0.5, 0.25, -1.5],
			"scale": [0.5, 0.5, 0.5]
		},
		"head": {
			"rotation": [90, -156, 90],
			"translation": [1, 10.5, 1.75],
			"scale": [0.6, 0.6, 0.6]
		},
		"fixed": {
			"rotation": [-90, -90, -90],
			"translation": [0, 5.5, 0.25],
			"scale": [1.2, 1.2, 1.2]
		}
	},
	"groups": [
		0,
		1,
		2,
		3,
		4,
		5,
		6,
		7,
		8,
		9,
		10,
		11,
		12,
		13,
		14,
		15,
		16,
		17,
		18,
		19,
		20,
		21,
		22,
		{
			"name": "group",
			"origin": [4, 16.5, 8],
			"color": 0,
			"boneType": "",
			"children": []
		},
		23,
		24,
		25,
		26,
		27,
		28,
		29,
		30,
		31,
		32,
		33,
		34,
		35,
		36,
		37,
		38,
		39,
		40,
		41,
		42,
		43,
		44,
		45,
		46,
		47,
		48,
		49,
		50,
		51,
		52,
		53,
		54,
		55
	]
}