{
    "sources": [
        {
            "type": "directory",
            "source": "items",
            "prefix": "items/"
        },
        {
            "type": "directory",
            "source": "ores2",
            "prefix": "ores2/"
        },
        {
            "type": "directory",
            "source": "elemental_book",
            "prefix": "elemental_book/"
        },
        {
            "type": "directory",
            "source": "crates",
            "prefix": "crates/"
        },
        {
            "type": "directory",
            "source": "backpack",
            "prefix": "backpack/"
        },
        {
            "type": "directory",
            "source": "superior",
            "prefix": "superior/"
        }
    ]
}