{
	"credit": "Made with Blockbench",
	"texture_size": [32, 32],
	"textures": {
		"3": "hub:items/compass"
	},
	"elements": [
		{
			"from": [1, 0, 14],
			"to": [15, 4, 16],
			"rotation": {"angle": 0, "axis": "y", "origin": [8, 0, 16]},
			"faces": {
				"north": {"uv": [6.5, 0, 10.5, 2], "texture": "#3"},
				"east": {"uv": [11, 4.5, 12, 6.5], "texture": "#3"},
				"south": {"uv": [6, 2, 11, 4], "texture": "#3"},
				"west": {"uv": [9.5, 11, 10.5, 13], "texture": "#3"},
				"up": {"uv": [14.5, 11, 9.5, 9.5], "texture": "#3"},
				"down": {"uv": [15.5, 8, 10.5, 9], "texture": "#3"}
			}
		},
		{
			"from": [1, 0, 2],
			"to": [15, 4, 4],
			"rotation": {"angle": 0, "axis": "y", "origin": [8, 0, 3]},
			"faces": {
				"north": {"uv": [6, 4, 11, 6], "texture": "#3"},
				"east": {"uv": [10.5, 11, 11.5, 13], "texture": "#3"},
				"south": {"uv": [6.5, 6, 10.5, 8], "texture": "#3"},
				"west": {"uv": [11.5, 11, 12.5, 13], "texture": "#3"},
				"up": {"uv": [15.5, 10, 10.5, 9], "texture": "#3"},
				"down": {"uv": [16, 0, 11, 1], "texture": "#3"}
			}
		},
		{
			"from": [1, 0, 4],
			"to": [3, 4, 14],
			"rotation": {"angle": 0, "axis": "y", "origin": [6, 0, 6]},
			"faces": {
				"north": {"uv": [12, 1, 13, 3], "texture": "#3"},
				"east": {"uv": [0, 7, 3.5, 9], "texture": "#3"},
				"south": {"uv": [3, 12, 4, 14], "texture": "#3"},
				"west": {"uv": [3.5, 8, 7, 10], "texture": "#3"},
				"up": {"uv": [1.5, 14.5, 0, 11], "texture": "#3"},
				"down": {"uv": [2, 11, 1, 14.5], "texture": "#3"}
			}
		},
		{
			"from": [13, 0, 4],
			"to": [15, 4, 14],
			"rotation": {"angle": 0, "axis": "y", "origin": [18, 0, 6]},
			"faces": {
				"north": {"uv": [12, 3, 13, 5], "texture": "#3"},
				"east": {"uv": [7, 8, 10.5, 10], "texture": "#3"},
				"south": {"uv": [4, 12, 5, 14], "texture": "#3"},
				"west": {"uv": [0, 9, 3.5, 11], "texture": "#3"},
				"up": {"uv": [12, 4.5, 10.5, 1], "texture": "#3"},
				"down": {"uv": [3, 11, 2, 14.5], "texture": "#3"}
			}
		},
		{
			"from": [3, -0.025, 4],
			"to": [13, -0.025, 14],
			"rotation": {"angle": 0, "axis": "y", "origin": [14, -0.025, 6]},
			"faces": {
				"north": {"uv": [0, 0, 3, 0], "texture": "#3"},
				"east": {"uv": [0, 0, 3.5, 0], "texture": "#3"},
				"south": {"uv": [0, 0, 3, 0], "texture": "#3"},
				"west": {"uv": [0, 0, 3.5, 0], "texture": "#3"},
				"up": {"uv": [3, 7, 0, 3.5], "texture": "#3"},
				"down": {"uv": [6, 3.5, 3, 7], "texture": "#3"}
			}
		},
		{
			"from": [7, 0, 8],
			"to": [9, 2, 10],
			"rotation": {"angle": 0, "axis": "y", "origin": [7, 0, 8]},
			"faces": {
				"north": {"uv": [5, 12, 6, 13], "texture": "#3"},
				"east": {"uv": [5, 12, 6, 13], "texture": "#3"},
				"south": {"uv": [5, 12, 6, 13], "texture": "#3"},
				"west": {"uv": [5, 12, 6, 13], "texture": "#3"},
				"up": {"uv": [5, 12, 6, 13], "texture": "#3"},
				"down": {"uv": [3.5, 7, 5.5, 8], "texture": "#3"}
			}
		},
		{
			"from": [10, 0.5, 6],
			"to": [11, 1.5, 7],
			"rotation": {"angle": 0, "axis": "y", "origin": [10, 0.5, 5]},
			"faces": {
				"north": {"uv": [4.5, 11, 6, 11.5], "texture": "#3"},
				"east": {"uv": [4.5, 11, 6, 11.5], "texture": "#3"},
				"south": {"uv": [4, 11, 4.5, 11.5], "texture": "#3"},
				"west": {"uv": [4, 11, 4.5, 11.5], "texture": "#3"},
				"up": {"uv": [4, 12.5, 4.5, 13], "texture": "#3"},
				"down": {"uv": [4, 11, 4.5, 11.5], "texture": "#3"}
			}
		},
		{
			"from": [9, 0.5, 7],
			"to": [10, 1.5, 8],
			"rotation": {"angle": 0, "axis": "y", "origin": [9, 0.5, 6]},
			"faces": {
				"north": {"uv": [4, 11, 4.5, 11.5], "texture": "#3"},
				"east": {"uv": [4, 11, 4.5, 11.5], "texture": "#3"},
				"south": {"uv": [4, 11, 4.5, 11.5], "texture": "#3"},
				"west": {"uv": [4, 11, 4.5, 11.5], "texture": "#3"},
				"up": {"uv": [4, 12.5, 4.5, 13], "texture": "#3"},
				"down": {"uv": [4, 11, 4.5, 11.5], "texture": "#3"}
			}
		},
		{
			"from": [6, 0.5, 10],
			"to": [7, 1.5, 11],
			"rotation": {"angle": 0, "axis": "y", "origin": [6, 0.5, 9]},
			"faces": {
				"north": {"uv": [4, 11, 4.5, 11.5], "texture": "#3"},
				"east": {"uv": [4, 11, 4.5, 11.5], "texture": "#3"},
				"south": {"uv": [4, 11, 4.5, 11.5], "texture": "#3"},
				"west": {"uv": [4, 11, 4.5, 11.5], "texture": "#3"},
				"up": {"uv": [4, 13.5, 4.5, 14], "texture": "#3"},
				"down": {"uv": [4, 11, 4.5, 11.5], "texture": "#3"}
			}
		},
		{
			"from": [5, 0.5, 11],
			"to": [6, 1.5, 12],
			"rotation": {"angle": 0, "axis": "y", "origin": [5, 0.5, 10]},
			"faces": {
				"north": {"uv": [4, 11, 4.5, 11.5], "texture": "#3"},
				"east": {"uv": [4, 11, 4.5, 11.5], "texture": "#3"},
				"south": {"uv": [4, 11, 4.5, 11.5], "texture": "#3"},
				"west": {"uv": [4, 11, 4.5, 11.5], "texture": "#3"},
				"up": {"uv": [3.5, 13, 4, 13.5], "texture": "#3"},
				"down": {"uv": [4, 11, 4.5, 11.5], "texture": "#3"}
			}
		},
		{
			"from": [5, 0.5, 12],
			"to": [6, 1.5, 13],
			"rotation": {"angle": 0, "axis": "y", "origin": [5, 0.5, 11]},
			"faces": {
				"north": {"uv": [4, 11, 4.5, 11.5], "texture": "#3"},
				"east": {"uv": [3.5, 10.5, 4, 11], "texture": "#3"},
				"south": {"uv": [3.5, 10.5, 4, 11], "texture": "#3"},
				"west": {"uv": [3.5, 10.5, 4, 11], "texture": "#3"},
				"up": {"uv": [2.5, 1, 3, 1.5], "texture": "#3"},
				"down": {"uv": [3.5, 10.5, 4, 11], "texture": "#3"}
			}
		},
		{
			"from": [4, 0.5, 11],
			"to": [5, 1.5, 12],
			"rotation": {"angle": 0, "axis": "y", "origin": [4, 0.5, 10]},
			"faces": {
				"north": {"uv": [3.5, 11.5, 4, 12], "texture": "#3"},
				"east": {"uv": [3.5, 10.5, 4, 11], "texture": "#3"},
				"south": {"uv": [3.5, 10.5, 4, 11], "texture": "#3"},
				"west": {"uv": [3.5, 10.5, 4, 11], "texture": "#3"},
				"up": {"uv": [2.5, 1, 3, 1.5], "texture": "#3"},
				"down": {"uv": [3.5, 10.5, 4, 11], "texture": "#3"}
			}
		},
		{
			"from": [11, 0.5, 5],
			"to": [12, 1.5, 6],
			"rotation": {"angle": 0, "axis": "y", "origin": [11, 0.5, 4]},
			"faces": {
				"north": {"uv": [6, 11, 6.5, 11.5], "texture": "#3"},
				"east": {"uv": [6, 11, 6.5, 11.5], "texture": "#3"},
				"south": {"uv": [6, 11, 6.5, 11.5], "texture": "#3"},
				"west": {"uv": [6, 11, 6.5, 11.5], "texture": "#3"},
				"up": {"uv": [6, 11, 6.5, 11.5], "texture": "#3"},
				"down": {"uv": [6, 11, 6.5, 11.5], "texture": "#3"}
			}
		},
		{
			"from": [11, 0.5, 6],
			"to": [12, 1.5, 7],
			"rotation": {"angle": 0, "axis": "y", "origin": [11, 0.5, 5]},
			"faces": {
				"north": {"uv": [6, 11, 6.5, 11.5], "texture": "#3"},
				"east": {"uv": [6, 11, 6.5, 11.5], "texture": "#3"},
				"south": {"uv": [6, 11, 6.5, 11.5], "texture": "#3"},
				"west": {"uv": [6, 11, 6.5, 11.5], "texture": "#3"},
				"up": {"uv": [6, 11, 6.5, 11.5], "texture": "#3"},
				"down": {"uv": [6, 11, 6.5, 11.5], "texture": "#3"}
			}
		},
		{
			"from": [10, 0.5, 5],
			"to": [11, 1.5, 6],
			"rotation": {"angle": 0, "axis": "y", "origin": [10, 0.5, 4]},
			"faces": {
				"north": {"uv": [6, 11, 6.5, 11.5], "texture": "#3"},
				"east": {"uv": [6, 11, 6.5, 11.5], "texture": "#3"},
				"south": {"uv": [6, 11, 6.5, 11.5], "texture": "#3"},
				"west": {"uv": [6, 11, 6.5, 11.5], "texture": "#3"},
				"up": {"uv": [6, 11, 6.5, 11.5], "texture": "#3"},
				"down": {"uv": [6, 11, 6.5, 11.5], "texture": "#3"}
			}
		}
	],
	"gui_light": "front",
	"display": {
		"thirdperson_righthand": {
			"rotation": [66.25, 0, 0],
			"translation": [0, 2, 1.25],
			"scale": [0.25, 0.25, 0.25]
		},
		"thirdperson_lefthand": {
			"rotation": [66.25, 0, 0],
			"translation": [0, 2, 1.25],
			"scale": [0.25, 0.25, 0.25]
		},
		"firstperson_righthand": {
			"rotation": [42.76, -19.81, 24.44],
			"translation": [0, 3.75, 3],
			"scale": [0.25, 0.25, 0.25]
		},
		"firstperson_lefthand": {
			"rotation": [42.76, -19.81, 24.44],
			"translation": [0, 3.75, 3],
			"scale": [0.25, 0.25, 0.25]
		},
		"ground": {
			"translation": [0, 0.25, 0],
			"scale": [0.5, 0.5, 0.5]
		},
		"gui": {
			"rotation": [67, 110, -4.01],
			"translation": [-1, 2.25, 0],
			"scale": [0.85, 0.85, 0.85]
		}
	},
	"groups": [
		{
			"name": "compass",
			"origin": [8, 0, 13],
			"color": 0,
			"children": [
				0,
				1,
				2,
				3,
				4,
				{
					"name": "bone",
					"origin": [8, 0.975, 8.5],
					"color": 0,
					"children": [
						{
							"name": "bone2",
							"origin": [8, 1, 8.5],
							"color": 0,
							"children": []
						}
					]
				}
			]
		},
		5,
		6,
		7,
		8,
		9,
		10,
		11,
		12,
		13,
		14
	]
}