{
	"credit": "Made with Blockbench",
	"texture_size": [64, 64],
	"textures": {
		"2": "hub:items/gold_book"
	},
	"elements": [
		{
			"from": [4, 2, 7],
			"to": [12, 14, 8],
			"rotation": {"angle": 0, "axis": "y", "origin": [5, 8, 8]},
			"faces": {
				"north": {"uv": [2, 3, 0, 0], "rotation": 180, "texture": "#2"},
				"east": {"uv": [6, 0.75, 9, 1], "rotation": 90, "texture": "#2"},
				"south": {"uv": [4, 0, 2, 3], "texture": "#2"},
				"west": {"uv": [6, 1, 9, 1.25], "rotation": 270, "texture": "#2"},
				"up": {"uv": [6, 4.75, 8, 5], "texture": "#2"},
				"down": {"uv": [3.25, 6, 5.25, 6.25], "rotation": 180, "texture": "#2"}
			}
		},
		{
			"from": [4, 2, 6],
			"to": [12, 14, 7],
			"rotation": {"angle": 0, "axis": "y", "origin": [5, 8, 6]},
			"faces": {
				"north": {"uv": [4, 3, 2, 6], "texture": "#2"},
				"east": {"uv": [6, 1.5, 9, 1.75], "rotation": 270, "texture": "#2"},
				"south": {"uv": [2, 6, 0, 3], "rotation": 180, "texture": "#2"},
				"west": {"uv": [6, 1.25, 9, 1.5], "rotation": 90, "texture": "#2"},
				"up": {"uv": [5.25, 6, 7.25, 6.25], "rotation": 180, "texture": "#2"},
				"down": {"uv": [6, 5, 8, 5.25], "texture": "#2"}
			}
		},
		{
			"from": [3, 2, 6],
			"to": [4, 14, 8.25],
			"rotation": {"angle": 0, "axis": "y", "origin": [3, 8, 6]},
			"faces": {
				"north": {"uv": [3.25, 6, 3, 9], "texture": "#2"},
				"east": {"uv": [6, 0, 9, 0.625], "rotation": 270, "texture": "#2"},
				"south": {"uv": [6.25, 4.75, 6, 1.75], "rotation": 180, "texture": "#2"},
				"west": {"uv": [0, 6, 3, 6.625], "rotation": 90, "texture": "#2"},
				"up": {"uv": [4.25, 6.25, 4.5, 6.875], "rotation": 180, "texture": "#2"},
				"down": {"uv": [6.25, 3.75, 6.5, 4.375], "texture": "#2"}
			}
		},
		{
			"from": [11, 6.75, 6],
			"to": [13, 8.75, 9],
			"rotation": {"angle": 0, "axis": "y", "origin": [12, 7.75, 6]},
			"faces": {
				"north": {"uv": [4.25, 6.25, 3.75, 6.75], "texture": "#2"},
				"east": {"uv": [3.25, 6.25, 3.75, 7], "rotation": 270, "texture": "#2"},
				"south": {"uv": [6.75, 3.75, 6.25, 3.25], "rotation": 180, "texture": "#2"},
				"west": {"uv": [6.25, 1.75, 6.75, 2.5], "rotation": 90, "texture": "#2"},
				"up": {"uv": [6.25, 2.5, 6.75, 3.25], "rotation": 180, "texture": "#2"},
				"down": {"uv": [6, 5.25, 6.5, 6], "texture": "#2"}
			}
		}
	],
	"gui_light": "front",
	"display": {
		"thirdperson_righthand": {
			"rotation": [-111.08, 89.07, 86.5],
			"translation": [-0.5, -4.5, -2.75]
		},
		"thirdperson_lefthand": {
			"rotation": [103.08, 88.06, 55.5],
			"translation": [-0.75, -4.25, -3.25]
		},
		"firstperson_righthand": {
			"rotation": [-19.25, 0, 0],
			"translation": [3.5, 0, 0]
		},
		"firstperson_lefthand": {
			"rotation": [-19.25, 0, 0],
			"translation": [2.5, 0, 0]
		},
		"ground": {
			"rotation": [-90, 0, 38],
			"translation": [-0.5, -2.25, 0.25],
			"scale": [1.5, 1.5, 1.5]
		},
		"gui": {
			"rotation": [-39, -9, -43],
			"translation": [0.25, 1, 0],
			"scale": [1.13641, 1.09938, 1.95922]
		},
		"head": {
			"translation": [0, 14.25, 0]
		},
		"fixed": {
			"rotation": [0, 180, -46],
			"translation": [-0.5, -0.5, -1.5],
			"scale": [1.36, 1.36, 1.78]
		}
	},
	"groups": [
		{
			"name": "book",
			"origin": [12, 0, 8],
			"color": 0,
			"children": [
				{
					"name": "part",
					"origin": [12, 1.625, 8],
					"color": 0,
					"children": [0]
				},
				{
					"name": "part2",
					"origin": [12, 0, 8],
					"color": 0,
					"children": [1]
				},
				2,
				{
					"name": "bone",
					"origin": [4, 0.5, 8],
					"color": 0,
					"children": [3]
				}
			]
		}
	]
}