{
	"credit": "Made with Blockbench",
	"texture_size": [64, 64],
	"textures": {
		"1": "hub:items/player_on"
	},
	"elements": [
		{
			"from": [6, 0, 6],
			"to": [10, 4, 10],
			"rotation": {"angle": 0, "axis": "y", "origin": [8, 0, 8]},
			"faces": {
				"north": {"uv": [7.25, 3.5, 8.25, 4.5], "texture": "#1"},
				"east": {"uv": [8.25, 3.5, 9.25, 4.5], "texture": "#1"},
				"south": {"uv": [8.5, 6.5, 9.5, 7.5], "texture": "#1"},
				"west": {"uv": [8.5, 7.5, 9.5, 8.5], "texture": "#1"},
				"up": {"uv": [9.5, 9.5, 8.5, 8.5], "texture": "#1"},
				"down": {"uv": [9.75, 0, 8.75, 1], "texture": "#1"}
			}
		},
		{
			"from": [3.5, 9, 4],
			"to": [12.5, 17.75, 12],
			"rotation": {"angle": 0, "axis": "y", "origin": [8, 9, 8]},
			"faces": {
				"north": {"uv": [4.75, 4.5, 7, 6.75], "texture": "#1"},
				"east": {"uv": [2.25, 5, 4.25, 7.25], "texture": "#1"},
				"south": {"uv": [0, 5, 2.25, 7.25], "texture": "#1"},
				"west": {"uv": [4.25, 6.75, 6.25, 9], "texture": "#1"},
				"up": {"uv": [8.5, 8.75, 6.25, 6.75], "texture": "#1"},
				"down": {"uv": [9.25, 4.5, 7, 6.5], "texture": "#1"}
			}
		},
		{
			"from": [3, 8.5, 3.5],
			"to": [13, 18.25, 12.5],
			"rotation": {"angle": 0, "axis": "y", "origin": [8, 9, 8]},
			"faces": {
				"north": {"uv": [0, 0, 2.5, 2.5], "texture": "#1"},
				"east": {"uv": [2.5, 0, 4.75, 2.5], "texture": "#1"},
				"south": {"uv": [0, 2.5, 2.5, 5], "texture": "#1"},
				"west": {"uv": [2.5, 2.5, 4.75, 5], "texture": "#1"},
				"up": {"uv": [7.25, 2.25, 4.75, 0], "texture": "#1"},
				"down": {"uv": [7.25, 2.25, 4.75, 4.5], "texture": "#1"}
			}
		},
		{
			"from": [5, 4, 6],
			"to": [11, 9, 10],
			"rotation": {"angle": 0, "axis": "y", "origin": [8, 4, 8]},
			"faces": {
				"north": {"uv": [0, 7.25, 1.5, 8.5], "texture": "#1"},
				"east": {"uv": [7.25, 2.25, 8.25, 3.5], "texture": "#1"},
				"south": {"uv": [7.25, 0, 8.75, 1.25], "texture": "#1"},
				"west": {"uv": [3, 7.25, 4, 8.5], "texture": "#1"},
				"up": {"uv": [8.75, 2.25, 7.25, 1.25], "texture": "#1"},
				"down": {"uv": [3, 7.25, 1.5, 8.25], "texture": "#1"}
			}
		},
		{
			"from": [1.75, 4, 6.5],
			"to": [5.5, 9, 9.5],
			"rotation": {"angle": -22.5, "axis": "z", "origin": [4.5, 7.5, 8]},
			"faces": {
				"north": {"uv": [1.5, 8.25, 2.5, 9.5], "texture": "#1"},
				"east": {"uv": [3.5, 8.5, 4.25, 9.75], "texture": "#1"},
				"south": {"uv": [8.25, 2.25, 9.25, 3.5], "texture": "#1"},
				"west": {"uv": [8.75, 1, 9.5, 2.25], "texture": "#1"},
				"up": {"uv": [5.25, 9.75, 4.25, 9], "texture": "#1"},
				"down": {"uv": [6.25, 9, 5.25, 9.75], "texture": "#1"}
			}
		},
		{
			"from": [10.5, 4, 6.5],
			"to": [14.25, 9, 9.5],
			"rotation": {"angle": 22.5, "axis": "z", "origin": [11.5, 7.5, 8]},
			"faces": {
				"north": {"uv": [0, 8.5, 1, 9.75], "texture": "#1"},
				"east": {"uv": [6.25, 8.75, 7, 10], "texture": "#1"},
				"south": {"uv": [2.5, 8.5, 3.5, 9.75], "texture": "#1"},
				"west": {"uv": [7, 8.75, 7.75, 10], "texture": "#1"},
				"up": {"uv": [10.25, 3, 9.25, 2.25], "texture": "#1"},
				"down": {"uv": [10.25, 3, 9.25, 3.75], "texture": "#1"}
			}
		}
	],
	"gui_light": "front",
	"display": {
		"thirdperson_righthand": {
			"rotation": [4, 180, 0],
			"translation": [0, 1.25, 0.5],
			"scale": [0.25, 0.25, 0.25]
		},
		"thirdperson_lefthand": {
			"rotation": [4, 180, 0],
			"translation": [0, 1.25, 0.5],
			"scale": [0.25, 0.25, 0.25]
		},
		"firstperson_righthand": {
			"rotation": [-19, 146, 12],
			"translation": [3.75, 1, -0.25],
			"scale": [0.25, 0.25, 0.25]
		},
		"firstperson_lefthand": {
			"rotation": [-19, 146, 12],
			"translation": [3.75, 1, -0.25],
			"scale": [0.25, 0.25, 0.25]
		},
		"gui": {
			"rotation": [0, 180, 0],
			"translation": [0, -1, 0],
			"scale": [0.85, 0.83242, 0.85]
		}
	},
	"groups": [
		{
			"name": "miniplayer",
			"origin": [8, 0, 8],
			"color": 0,
			"children": [0, 1, 2, 3, 4, 5]
		}
	]
}