{
	"credit": "Made by PolygonMC",
	"texture_size": [32, 32],
	"textures": {
		"1": "littledragonset:item/little_dragon",
		"2": "littledragonset:item/chest",
		"3": "littledragonset:item/animations/animations_flame_03",
		"particle": "littledragonset:item/animations/animations_flame_03"
	},
	"elements": [
		{
			"from": [3, 5.5, 3],
			"to": [4, 9.5, 4],
			"rotation": {"angle": 45, "axis": "x", "origin": [8, 5.5, 13]},
			"faces": {
				"north": {"uv": [12.5, 13, 13, 15], "texture": "#2"},
				"east": {"uv": [13, 13, 13.5, 15], "texture": "#2"},
				"south": {"uv": [0, 13.5, 0.5, 15.5], "texture": "#2"},
				"west": {"uv": [13.5, 0, 14, 2], "texture": "#2"},
				"up": {"uv": [14, 10.5, 13.5, 10], "texture": "#2"},
				"down": {"uv": [14, 13, 13.5, 13.5], "texture": "#2"}
			}
		},
		{
			"from": [4, 8.5, 3],
			"to": [12, 9.5, 4],
			"rotation": {"angle": 45, "axis": "x", "origin": [8, 5.5, 13]},
			"faces": {
				"north": {"uv": [0, 12, 4, 12.5], "texture": "#2"},
				"south": {"uv": [6, 12, 10, 12.5], "texture": "#2"},
				"up": {"uv": [14, 12.5, 10, 12], "texture": "#2"},
				"down": {"uv": [4, 12.5, 0, 13], "texture": "#2"}
			}
		},
		{
			"from": [3.5, 6, 3.5],
			"to": [12.5, 9, 12.5],
			"rotation": {"angle": 45, "axis": "x", "origin": [8, 5.5, 13]},
			"faces": {
				"north": {"uv": [4.5, 9, 9, 10.5], "texture": "#2"},
				"east": {"uv": [9, 6, 13.5, 7.5], "texture": "#2"},
				"south": {"uv": [9, 7.5, 13.5, 9], "texture": "#2"},
				"west": {"uv": [9, 9, 13.5, 10.5], "texture": "#2"},
				"up": {"uv": [9, 4.5, 4.5, 0], "texture": "#2"},
				"down": {"uv": [9, 4.5, 4.5, 9], "texture": "#2"}
			}
		},
		{
			"from": [4, 5.5, 3],
			"to": [12, 6.5, 4],
			"rotation": {"angle": 45, "axis": "x", "origin": [8, 5.5, 13]},
			"faces": {
				"north": {"uv": [6, 12.5, 10, 13], "texture": "#2"},
				"south": {"uv": [10, 12.5, 14, 13], "texture": "#2"},
				"up": {"uv": [4, 13.5, 0, 13], "texture": "#2"},
				"down": {"uv": [8, 13, 4, 13.5], "texture": "#2"}
			}
		},
		{
			"from": [12, 5.5, 3],
			"to": [13, 9.5, 4],
			"rotation": {"angle": 45, "axis": "x", "origin": [8, 5.5, 13]},
			"faces": {
				"north": {"uv": [13, 13, 12.5, 15], "texture": "#2"},
				"east": {"uv": [14, 0, 13.5, 2], "texture": "#2"},
				"south": {"uv": [0.5, 13.5, 0, 15.5], "texture": "#2"},
				"west": {"uv": [13.5, 13, 13, 15], "texture": "#2"},
				"up": {"uv": [13.5, 10.5, 14, 10], "texture": "#2"},
				"down": {"uv": [13.5, 13, 14, 13.5], "texture": "#2"}
			}
		},
		{
			"from": [3, 5.5, 12],
			"to": [4, 9.5, 13],
			"rotation": {"angle": 45, "axis": "x", "origin": [8, 5.5, 13]},
			"faces": {
				"north": {"uv": [0.5, 13.5, 0, 15.5], "texture": "#2"},
				"east": {"uv": [13.5, 13, 13, 15], "texture": "#2"},
				"south": {"uv": [13, 13, 12.5, 15], "texture": "#2"},
				"west": {"uv": [14, 0, 13.5, 2], "texture": "#2"},
				"up": {"uv": [14, 10, 13.5, 10.5], "texture": "#2"},
				"down": {"uv": [14, 13.5, 13.5, 13], "texture": "#2"}
			}
		},
		{
			"from": [12, 5.5, 12],
			"to": [13, 9.5, 13],
			"rotation": {"angle": 45, "axis": "x", "origin": [8, 5.5, 13]},
			"faces": {
				"north": {"uv": [0, 13.5, 0.5, 15.5], "texture": "#2"},
				"east": {"uv": [13.5, 0, 14, 2], "texture": "#2"},
				"south": {"uv": [12.5, 13, 13, 15], "texture": "#2"},
				"west": {"uv": [13, 13, 13.5, 15], "texture": "#2"},
				"up": {"uv": [13.5, 10, 14, 10.5], "texture": "#2"},
				"down": {"uv": [13.5, 13.5, 14, 13], "texture": "#2"}
			}
		},
		{
			"from": [4, 5.5, 12],
			"to": [12, 6.5, 13],
			"rotation": {"angle": 45, "axis": "x", "origin": [8, 5.5, 13]},
			"faces": {
				"north": {"uv": [14, 12.5, 10, 13], "texture": "#2"},
				"south": {"uv": [10, 12.5, 6, 13], "texture": "#2"},
				"up": {"uv": [4, 13, 0, 13.5], "texture": "#2"},
				"down": {"uv": [8, 13.5, 4, 13], "texture": "#2"}
			}
		},
		{
			"from": [4, 8.5, 12],
			"to": [12, 9.5, 13],
			"rotation": {"angle": 45, "axis": "x", "origin": [8, 5.5, 13]},
			"faces": {
				"north": {"uv": [10, 12, 6, 12.5], "texture": "#2"},
				"south": {"uv": [4, 12, 0, 12.5], "texture": "#2"},
				"up": {"uv": [14, 12, 10, 12.5], "texture": "#2"},
				"down": {"uv": [4, 13, 0, 12.5], "texture": "#2"}
			}
		},
		{
			"from": [3, 5.5, 4],
			"to": [4, 6.5, 12],
			"rotation": {"angle": 45, "axis": "x", "origin": [8, 5.5, 13]},
			"faces": {
				"east": {"uv": [10, 12.5, 14, 13], "texture": "#2"},
				"west": {"uv": [6, 12.5, 10, 13], "texture": "#2"},
				"up": {"uv": [4, 13.5, 0, 13], "rotation": 270, "texture": "#2"},
				"down": {"uv": [8, 13, 4, 13.5], "rotation": 90, "texture": "#2"}
			}
		},
		{
			"from": [3, 8.5, 4],
			"to": [4, 9.5, 12],
			"rotation": {"angle": 45, "axis": "x", "origin": [8, 5.5, 13]},
			"faces": {
				"east": {"uv": [6, 12, 10, 12.5], "texture": "#2"},
				"west": {"uv": [0, 12, 4, 12.5], "texture": "#2"},
				"up": {"uv": [14, 12.5, 10, 12], "rotation": 270, "texture": "#2"},
				"down": {"uv": [4, 12.5, 0, 13], "rotation": 90, "texture": "#2"}
			}
		},
		{
			"from": [12, 5.5, 4],
			"to": [13, 6.5, 12],
			"rotation": {"angle": 45, "axis": "x", "origin": [8, 5.5, 13]},
			"faces": {
				"east": {"uv": [10, 12.5, 6, 13], "texture": "#2"},
				"west": {"uv": [14, 12.5, 10, 13], "texture": "#2"},
				"up": {"uv": [4, 13, 0, 13.5], "rotation": 270, "texture": "#2"},
				"down": {"uv": [8, 13.5, 4, 13], "rotation": 90, "texture": "#2"}
			}
		},
		{
			"from": [12, 8.5, 4],
			"to": [13, 9.5, 12],
			"rotation": {"angle": 45, "axis": "x", "origin": [8, 5.5, 13]},
			"faces": {
				"east": {"uv": [4, 12, 0, 12.5], "texture": "#2"},
				"west": {"uv": [10, 12, 6, 12.5], "texture": "#2"},
				"up": {"uv": [14, 12, 10, 12.5], "rotation": 270, "texture": "#2"},
				"down": {"uv": [4, 13, 0, 12.5], "rotation": 90, "texture": "#2"}
			}
		},
		{
			"from": [4, 0.5, 3],
			"to": [12, 1.5, 4],
			"rotation": {"angle": 0, "axis": "y", "origin": [8, 1, 8]},
			"faces": {
				"north": {"uv": [6, 10.5, 10, 11], "texture": "#2"},
				"south": {"uv": [10, 10.5, 14, 11], "texture": "#2"},
				"up": {"uv": [4, 11.5, 0, 11], "texture": "#2"},
				"down": {"uv": [10, 11, 6, 11.5], "texture": "#2"}
			}
		},
		{
			"from": [3.5, 1, 3.5],
			"to": [12.5, 5, 12.5],
			"rotation": {"angle": 0, "axis": "y", "origin": [8, 1.5, 8.5]},
			"faces": {
				"north": {"uv": [0, 9, 4.5, 11], "texture": "#2"},
				"east": {"uv": [9, 0, 13.5, 2], "texture": "#2"},
				"south": {"uv": [9, 2, 13.5, 4], "texture": "#2"},
				"west": {"uv": [9, 4, 13.5, 6], "texture": "#2"},
				"up": {"uv": [4.5, 4.5, 0, 0], "texture": "#2"},
				"down": {"uv": [4.5, 4.5, 0, 9], "texture": "#2"}
			}
		},
		{
			"from": [3, 1.5, 3],
			"to": [4, 5.5, 4],
			"rotation": {"angle": 0, "axis": "y", "origin": [2, 1.5, 2]},
			"faces": {
				"north": {"uv": [4, 11, 4.5, 13], "texture": "#2"},
				"east": {"uv": [11, 13, 11.5, 15], "texture": "#2"},
				"south": {"uv": [11.5, 13, 12, 15], "texture": "#2"},
				"west": {"uv": [12, 13, 12.5, 15], "texture": "#2"},
				"up": {"uv": [8, 14, 7.5, 13.5], "texture": "#2"}
			}
		},
		{
			"from": [4, 4.5, 3],
			"to": [12, 5.5, 4],
			"rotation": {"angle": 0, "axis": "y", "origin": [8, 5, 8]},
			"faces": {
				"north": {"uv": [10, 11, 14, 11.5], "texture": "#2"},
				"south": {"uv": [0, 11.5, 4, 12], "texture": "#2"},
				"up": {"uv": [10, 12, 6, 11.5], "texture": "#2"},
				"down": {"uv": [14, 11.5, 10, 12], "texture": "#2"}
			}
		},
		{
			"from": [2.5, 0, 2.5],
			"to": [4, 1.5, 4],
			"rotation": {"angle": 0, "axis": "y", "origin": [2, -0.5, 2]},
			"faces": {
				"north": {"uv": [13.5, 4, 14.25, 4.75], "texture": "#2"},
				"east": {"uv": [13.5, 5, 14.25, 5.75], "texture": "#2"},
				"south": {"uv": [5.5, 13.5, 6.25, 14.25], "texture": "#2"},
				"west": {"uv": [13.5, 6, 14.25, 6.75], "texture": "#2"},
				"up": {"uv": [7.25, 14.25, 6.5, 13.5], "texture": "#2"},
				"down": {"uv": [14.25, 7, 13.5, 7.75], "texture": "#2"}
			}
		},
		{
			"from": [6.33579, 2.25, 2.75],
			"to": [8.83579, 4.75, 3.75],
			"rotation": {"angle": 45, "axis": "z", "origin": [6.58579, 4.5, 2.75]},
			"faces": {
				"north": {"uv": [8, 13, 9.25, 14.25], "texture": "#2"},
				"east": {"uv": [3, 13.5, 3.5, 14.75], "texture": "#2"},
				"south": {"uv": [9.5, 13, 10.75, 14.25], "texture": "#2"},
				"west": {"uv": [3.5, 13.5, 4, 14.75], "texture": "#2"},
				"up": {"uv": [14.75, 4, 13.5, 3.5], "texture": "#2"},
				"down": {"uv": [5.25, 13.5, 4, 14], "texture": "#2"}
			}
		},
		{
			"from": [2, 3, 6.75],
			"to": [3.5, 4.5, 9.25],
			"rotation": {"angle": 0, "axis": "y", "origin": [1.5, 3, 6.5]},
			"faces": {
				"north": {"uv": [13.5, 8, 14.25, 8.75], "texture": "#2"},
				"south": {"uv": [13.5, 9, 14.25, 9.75], "texture": "#2"},
				"west": {"uv": [0.5, 13.5, 1.75, 14.25], "texture": "#2"},
				"up": {"uv": [2.75, 14.75, 2, 13.5], "texture": "#2"},
				"down": {"uv": [14.25, 2, 13.5, 3.25], "texture": "#2"}
			}
		},
		{
			"from": [0.8, 3.025, 5.5],
			"to": [3.3, 3.055, 10.5],
			"rotation": {"angle": 45, "axis": "z", "origin": [2.05, 3.04, 8]},
			"faces": {
				"up": {"uv": [5.75, 13, 4.5, 10.5], "texture": "#2"},
				"down": {"uv": [5.75, 13, 4.5, 10.5], "texture": "#2"}
			}
		},
		{
			"from": [3, 0.5, 4],
			"to": [4, 1.5, 12],
			"rotation": {"angle": 0, "axis": "y", "origin": [8, 1, 8]},
			"faces": {
				"east": {"uv": [10, 10.5, 14, 11], "texture": "#2"},
				"west": {"uv": [6, 10.5, 10, 11], "texture": "#2"},
				"up": {"uv": [4, 11.5, 0, 11], "rotation": 270, "texture": "#2"},
				"down": {"uv": [10, 11, 6, 11.5], "rotation": 90, "texture": "#2"}
			}
		},
		{
			"from": [3, 4.5, 4],
			"to": [4, 5.5, 12],
			"rotation": {"angle": 0, "axis": "y", "origin": [8, 5, 8]},
			"faces": {
				"east": {"uv": [0, 11.5, 4, 12], "texture": "#2"},
				"west": {"uv": [10, 11, 14, 11.5], "texture": "#2"},
				"up": {"uv": [10, 12, 6, 11.5], "rotation": 270, "texture": "#2"},
				"down": {"uv": [14, 11.5, 10, 12], "rotation": 90, "texture": "#2"}
			}
		},
		{
			"from": [12, 0.5, 4],
			"to": [13, 1.5, 12],
			"rotation": {"angle": 0, "axis": "y", "origin": [8, 1, 8]},
			"faces": {
				"east": {"uv": [10, 10.5, 6, 11], "texture": "#2"},
				"west": {"uv": [14, 10.5, 10, 11], "texture": "#2"},
				"up": {"uv": [4, 11, 0, 11.5], "rotation": 270, "texture": "#2"},
				"down": {"uv": [10, 11.5, 6, 11], "rotation": 90, "texture": "#2"}
			}
		},
		{
			"from": [12, 4.5, 4],
			"to": [13, 5.5, 12],
			"rotation": {"angle": 0, "axis": "y", "origin": [8, 5, 8]},
			"faces": {
				"east": {"uv": [14, 11, 10, 11.5], "texture": "#2"},
				"west": {"uv": [4, 11.5, 0, 12], "texture": "#2"},
				"up": {"uv": [10, 11.5, 6, 12], "rotation": 270, "texture": "#2"},
				"down": {"uv": [14, 12, 10, 11.5], "rotation": 90, "texture": "#2"}
			}
		},
		{
			"from": [2.5, 0, 12],
			"to": [4, 1.5, 13.5],
			"rotation": {"angle": 0, "axis": "y", "origin": [2, -0.5, 14]},
			"faces": {
				"north": {"uv": [6.25, 13.5, 5.5, 14.25], "texture": "#2"},
				"east": {"uv": [14.25, 5, 13.5, 5.75], "texture": "#2"},
				"south": {"uv": [14.25, 4, 13.5, 4.75], "texture": "#2"},
				"west": {"uv": [14.25, 6, 13.5, 6.75], "texture": "#2"},
				"up": {"uv": [7.25, 13.5, 6.5, 14.25], "texture": "#2"},
				"down": {"uv": [14.25, 7.75, 13.5, 7], "texture": "#2"}
			}
		},
		{
			"from": [3, 1.5, 12],
			"to": [4, 5.5, 13],
			"rotation": {"angle": 0, "axis": "y", "origin": [2, 1.5, 14]},
			"faces": {
				"north": {"uv": [12, 13, 11.5, 15], "texture": "#2"},
				"east": {"uv": [11.5, 13, 11, 15], "texture": "#2"},
				"south": {"uv": [4.5, 11, 4, 13], "texture": "#2"},
				"west": {"uv": [12.5, 13, 12, 15], "texture": "#2"},
				"up": {"uv": [8, 13.5, 7.5, 14], "texture": "#2"}
			}
		},
		{
			"from": [12, 0, 2.5],
			"to": [13.5, 1.5, 4],
			"rotation": {"angle": 0, "axis": "y", "origin": [14, -0.5, 2]},
			"faces": {
				"north": {"uv": [14.25, 4, 13.5, 4.75], "texture": "#2"},
				"east": {"uv": [14.25, 6, 13.5, 6.75], "texture": "#2"},
				"south": {"uv": [6.25, 13.5, 5.5, 14.25], "texture": "#2"},
				"west": {"uv": [14.25, 5, 13.5, 5.75], "texture": "#2"},
				"up": {"uv": [6.5, 14.25, 7.25, 13.5], "texture": "#2"},
				"down": {"uv": [13.5, 7, 14.25, 7.75], "texture": "#2"}
			}
		},
		{
			"from": [12, 1.5, 3],
			"to": [13, 5.5, 4],
			"rotation": {"angle": 0, "axis": "y", "origin": [14, 1.5, 2]},
			"faces": {
				"north": {"uv": [4.5, 11, 4, 13], "texture": "#2"},
				"east": {"uv": [12.5, 13, 12, 15], "texture": "#2"},
				"south": {"uv": [12, 13, 11.5, 15], "texture": "#2"},
				"west": {"uv": [11.5, 13, 11, 15], "texture": "#2"},
				"up": {"uv": [7.5, 14, 8, 13.5], "texture": "#2"}
			}
		},
		{
			"from": [12, 0, 12],
			"to": [13.5, 1.5, 13.5],
			"rotation": {"angle": 0, "axis": "y", "origin": [14, -0.5, 14]},
			"faces": {
				"north": {"uv": [5.5, 13.5, 6.25, 14.25], "texture": "#2"},
				"east": {"uv": [13.5, 6, 14.25, 6.75], "texture": "#2"},
				"south": {"uv": [13.5, 4, 14.25, 4.75], "texture": "#2"},
				"west": {"uv": [13.5, 5, 14.25, 5.75], "texture": "#2"},
				"up": {"uv": [6.5, 13.5, 7.25, 14.25], "texture": "#2"},
				"down": {"uv": [13.5, 7.75, 14.25, 7], "texture": "#2"}
			}
		},
		{
			"from": [12, 1.5, 12],
			"to": [13, 5.5, 13],
			"rotation": {"angle": 0, "axis": "y", "origin": [14, 1.5, 14]},
			"faces": {
				"north": {"uv": [11.5, 13, 12, 15], "texture": "#2"},
				"east": {"uv": [12, 13, 12.5, 15], "texture": "#2"},
				"south": {"uv": [4, 11, 4.5, 13], "texture": "#2"},
				"west": {"uv": [11, 13, 11.5, 15], "texture": "#2"},
				"up": {"uv": [7.5, 13.5, 8, 14], "texture": "#2"}
			}
		},
		{
			"from": [4, 0.5, 12],
			"to": [12, 1.5, 13],
			"rotation": {"angle": 0, "axis": "y", "origin": [8, 1, 8]},
			"faces": {
				"north": {"uv": [14, 10.5, 10, 11], "texture": "#2"},
				"south": {"uv": [10, 10.5, 6, 11], "texture": "#2"},
				"up": {"uv": [4, 11, 0, 11.5], "texture": "#2"},
				"down": {"uv": [10, 11.5, 6, 11], "texture": "#2"}
			}
		},
		{
			"from": [4, 4.5, 12],
			"to": [12, 5.5, 13],
			"rotation": {"angle": 0, "axis": "y", "origin": [8, 5, 8]},
			"faces": {
				"north": {"uv": [4, 11.5, 0, 12], "texture": "#2"},
				"south": {"uv": [14, 11, 10, 11.5], "texture": "#2"},
				"up": {"uv": [10, 11.5, 6, 12], "texture": "#2"},
				"down": {"uv": [14, 12, 10, 11.5], "texture": "#2"}
			}
		},
		{
			"from": [12.7, 3.025, 5.5],
			"to": [15.2, 3.055, 10.5],
			"rotation": {"angle": -45, "axis": "z", "origin": [13.95, 3.04, 8]},
			"faces": {
				"up": {"uv": [4.5, 13, 5.75, 10.5], "texture": "#2"},
				"down": {"uv": [4.5, 13, 5.75, 10.5], "texture": "#2"}
			}
		},
		{
			"from": [12.5, 3, 6.75],
			"to": [14, 4.5, 9.25],
			"rotation": {"angle": 0, "axis": "y", "origin": [14.5, 3, 6.5]},
			"faces": {
				"north": {"uv": [14.25, 8, 13.5, 8.75], "texture": "#2"},
				"east": {"uv": [1.75, 13.5, 0.5, 14.25], "texture": "#2"},
				"south": {"uv": [14.25, 9, 13.5, 9.75], "texture": "#2"},
				"up": {"uv": [2, 14.75, 2.75, 13.5], "texture": "#2"},
				"down": {"uv": [13.5, 2, 14.25, 3.25], "texture": "#2"}
			}
		},
		{
			"from": [7, 15.1, 6.5],
			"to": [9, 17.1, 11],
			"rotation": {"angle": 22.5, "axis": "x", "origin": [8, 16.1, 8.75]},
			"faces": {
				"north": {"uv": [4.66667, 0, 6, 1.33333], "texture": "#1"},
				"east": {"uv": [0, 0, 3, 1.33333], "texture": "#1"},
				"south": {"uv": [4.66667, 1.33333, 6, 2.66667], "texture": "#1"},
				"west": {"uv": [0, 1.33333, 3, 2.66667], "texture": "#1"},
				"up": {"uv": [1.33333, 5.66667, 0, 2.66667], "texture": "#1"},
				"down": {"uv": [2.66667, 2.66667, 1.33333, 5.66667], "texture": "#1"}
			}
		},
		{
			"from": [6.575, 13.9, 6.75],
			"to": [7.575, 14.4, 8.25],
			"rotation": {"angle": 22.5, "axis": "z", "origin": [7.075, 15.025, 7.625]},
			"faces": {
				"north": {"uv": [4, 10, 4.66667, 10.33333], "texture": "#1"},
				"east": {"uv": [2.66667, 10, 3.66667, 10.33333], "texture": "#1"},
				"south": {"uv": [10, 4, 10.66667, 4.33333], "texture": "#1"},
				"west": {"uv": [10, 3.33333, 11, 3.66667], "texture": "#1"},
				"up": {"uv": [0.66667, 9.66667, 0, 8.66667], "texture": "#1"},
				"down": {"uv": [9.33333, 0, 8.66667, 1], "texture": "#1"}
			}
		},
		{
			"from": [6.575, 14.4, 7.25],
			"to": [7.575, 15.4, 8.25],
			"rotation": {"angle": 22.5, "axis": "z", "origin": [7.075, 15.025, 7.625]},
			"faces": {
				"north": {"uv": [4.66667, 4, 5.33333, 4.66667], "texture": "#1"},
				"east": {"uv": [9.33333, 0, 10, 0.66667], "texture": "#1"},
				"south": {"uv": [0.66667, 9.33333, 1.33333, 10], "texture": "#1"},
				"west": {"uv": [9.33333, 0.66667, 10, 1.33333], "texture": "#1"}
			}
		},
		{
			"from": [6.575, 15.4, 6.75],
			"to": [7.575, 16.4, 8.25],
			"rotation": {"angle": 22.5, "axis": "z", "origin": [7.075, 15.025, 7.625]},
			"faces": {
				"north": {"uv": [1.33333, 9.33333, 2, 10], "texture": "#1"},
				"east": {"uv": [0.66667, 8.66667, 1.66667, 9.33333], "texture": "#1"},
				"south": {"uv": [9.33333, 2, 10, 2.66667], "texture": "#1"},
				"west": {"uv": [8.66667, 1.33333, 9.66667, 2], "texture": "#1"},
				"up": {"uv": [2.66667, 9.66667, 2, 8.66667], "texture": "#1"},
				"down": {"uv": [9.33333, 2, 8.66667, 3], "texture": "#1"}
			}
		},
		{
			"from": [8.425, 15.4, 6.75],
			"to": [9.425, 16.4, 8.25],
			"rotation": {"angle": -22.5, "axis": "z", "origin": [8.925, 15.025, 7.625]},
			"faces": {
				"north": {"uv": [2, 9.33333, 1.33333, 10], "texture": "#1"},
				"east": {"uv": [8.66667, 2, 9.66667, 1.33333], "rotation": 180, "texture": "#1"},
				"south": {"uv": [10, 2, 9.33333, 2.66667], "texture": "#1"},
				"west": {"uv": [0.66667, 9.33333, 1.66667, 8.66667], "rotation": 180, "texture": "#1"},
				"up": {"uv": [2, 9.66667, 2.66667, 8.66667], "texture": "#1"},
				"down": {"uv": [8.66667, 2, 9.33333, 3], "texture": "#1"}
			}
		},
		{
			"from": [8.425, 14.4, 7.25],
			"to": [9.425, 15.4, 8.25],
			"rotation": {"angle": -22.5, "axis": "z", "origin": [8.925, 15.025, 7.625]},
			"faces": {
				"north": {"uv": [5.33333, 4, 4.66667, 4.66667], "texture": "#1"},
				"east": {"uv": [9.33333, 1.33333, 10, 0.66667], "rotation": 180, "texture": "#1"},
				"south": {"uv": [1.33333, 9.33333, 0.66667, 10], "texture": "#1"},
				"west": {"uv": [9.33333, 0.66667, 10, 0], "rotation": 180, "texture": "#1"}
			}
		},
		{
			"from": [8.425, 13.9, 6.75],
			"to": [9.425, 14.4, 8.25],
			"rotation": {"angle": -22.5, "axis": "z", "origin": [8.925, 15.025, 7.625]},
			"faces": {
				"north": {"uv": [4.66667, 10, 4, 10.33333], "texture": "#1"},
				"east": {"uv": [10, 3.66667, 11, 3.33333], "rotation": 180, "texture": "#1"},
				"south": {"uv": [10.66667, 4, 10, 4.33333], "texture": "#1"},
				"west": {"uv": [2.66667, 10.33333, 3.66667, 10], "rotation": 180, "texture": "#1"},
				"up": {"uv": [0, 9.66667, 0.66667, 8.66667], "texture": "#1"},
				"down": {"uv": [8.66667, 0, 9.33333, 1], "texture": "#1"}
			}
		},
		{
			"from": [7.25, 16.56456, 5.69186],
			"to": [8.75, 18.06456, 7.19186],
			"rotation": {"angle": -22.5, "axis": "x", "origin": [8, 17.38956, 6.96686]},
			"faces": {
				"north": {"uv": [6.66667, 4, 7.66667, 5], "texture": "#1"},
				"east": {"uv": [5.33333, 6.66667, 6.33333, 7.66667], "texture": "#1"},
				"south": {"uv": [6.66667, 5.33333, 7.66667, 6.33333], "texture": "#1"},
				"west": {"uv": [6.66667, 6.66667, 7.66667, 7.66667], "texture": "#1"},
				"up": {"uv": [1, 8.33333, 0, 7.33333], "texture": "#1"},
				"down": {"uv": [8.33333, 0, 7.33333, 1], "texture": "#1"}
			}
		},
		{
			"from": [7, 16.06211, 4.15531],
			"to": [9, 18.06211, 6.15531],
			"rotation": {"angle": 0, "axis": "y", "origin": [8, 17.72611, 5.31161]},
			"faces": {
				"north": {"uv": [2.66667, 4.66667, 4, 6], "texture": "#1"},
				"east": {"uv": [4.66667, 2.66667, 6, 4], "texture": "#1"},
				"south": {"uv": [4, 4.66667, 5.33333, 6], "texture": "#1"},
				"west": {"uv": [5.33333, 4, 6.66667, 5.33333], "texture": "#1"},
				"up": {"uv": [6.66667, 6.66667, 5.33333, 5.33333], "texture": "#1"},
				"down": {"uv": [1.33333, 6, 0, 7.33333], "texture": "#1"}
			}
		},
		{
			"from": [7, 16.06211, 3.15531],
			"to": [9, 17.06211, 4.15531],
			"rotation": {"angle": 0, "axis": "y", "origin": [8, 17.72611, 5.31161]},
			"faces": {
				"north": {"uv": [3.33333, 2, 4.66667, 2.66667], "texture": "#1"},
				"east": {"uv": [4, 9.33333, 4.66667, 10], "texture": "#1"},
				"west": {"uv": [4.66667, 9.33333, 5.33333, 10], "texture": "#1"},
				"up": {"uv": [8, 8.66667, 6.66667, 8], "texture": "#1"},
				"down": {"uv": [9.33333, 6.66667, 8, 7.33333], "texture": "#1"}
			}
		},
		{
			"from": [7.25, 16.31211, 2.90531],
			"to": [8.75, 17.31211, 4.15531],
			"rotation": {"angle": 0, "axis": "y", "origin": [8, 17.72611, 5.31161]},
			"faces": {
				"north": {"uv": [2.66667, 8.66667, 3.66667, 9.33333], "texture": "#1"},
				"east": {"uv": [8.66667, 3.33333, 9.66667, 4], "texture": "#1"},
				"west": {"uv": [4, 8.66667, 5, 9.33333], "texture": "#1"},
				"up": {"uv": [2.33333, 8.33333, 1.33333, 7.33333], "texture": "#1"},
				"down": {"uv": [8.33333, 1.33333, 7.33333, 2.33333], "texture": "#1"}
			}
		},
		{
			"from": [6.7, 14.51902, 10.07271],
			"to": [8.2, 16.01902, 12.07271],
			"rotation": {"angle": -22.5, "axis": "y", "origin": [7.05225, 15.2672, 12.28346]},
			"faces": {
				"north": {"uv": [2.66667, 7.33333, 3.66667, 8.33333], "texture": "#1"},
				"east": {"uv": [6, 1.33333, 7.33333, 2.33333], "texture": "#1"},
				"south": {"uv": [7.33333, 2.66667, 8.33333, 3.66667], "texture": "#1"},
				"west": {"uv": [2.66667, 6, 4, 7], "texture": "#1"},
				"up": {"uv": [7, 4, 6, 2.66667], "texture": "#1"},
				"down": {"uv": [5, 6, 4, 7.33333], "texture": "#1"}
			}
		},
		{
			"from": [6.70048, 14.64178, 11.49019],
			"to": [7.94548, 15.88678, 13.15019],
			"rotation": {"angle": -45, "axis": "y", "origin": [7.05225, 15.2672, 12.28346]},
			"faces": {
				"north": {"uv": [5.33333, 9.33333, 6, 10], "texture": "#1"},
				"east": {"uv": [8.66667, 4, 9.66667, 4.66667], "texture": "#1"},
				"south": {"uv": [9.33333, 5.33333, 10, 6], "texture": "#1"},
				"west": {"uv": [8.66667, 4.66667, 9.66667, 5.33333], "texture": "#1"},
				"up": {"uv": [9.33333, 6.33333, 8.66667, 5.33333], "texture": "#1"},
				"down": {"uv": [7.33333, 8.66667, 6.66667, 9.66667], "texture": "#1"}
			}
		},
		{
			"from": [5.22597, 14.75343, 12.34167],
			"to": [6.60377, 15.78678, 13.37502],
			"rotation": {"angle": 22.5, "axis": "y", "origin": [7.05225, 15.2672, 12.28346]},
			"faces": {
				"north": {"uv": [8.66667, 8.66667, 9.33333, 9.66667], "rotation": 90, "texture": "#1"},
				"east": {"uv": [10, 6, 9.33333, 6.66667], "rotation": 180, "texture": "#1"},
				"south": {"uv": [8.66667, 7.33333, 9.33333, 8.33333], "rotation": 270, "texture": "#1"},
				"west": {"uv": [6.66667, 10, 6, 9.33333], "texture": "#1"},
				"up": {"uv": [7.33333, 8.66667, 8, 9.66667], "rotation": 270, "texture": "#1"},
				"down": {"uv": [8, 8.66667, 8.66667, 9.66667], "rotation": 270, "texture": "#1"}
			}
		},
		{
			"from": [6.50346, 16.20061, 5.22449],
			"to": [6.50346, 17.70061, 6.72449],
			"rotation": {"angle": -22.5, "axis": "y", "origin": [6.50346, 16.95061, 6.62449]},
			"faces": {
				"east": {"uv": [5, 7.33333, 4, 8.33333], "texture": "#1"},
				"west": {"uv": [4, 7.33333, 5, 8.33333], "texture": "#1"}
			}
		},
		{
			"from": [9.49654, 16.20061, 5.22449],
			"to": [9.49654, 17.70061, 6.72449],
			"rotation": {"angle": 22.5, "axis": "y", "origin": [9.49654, 16.95061, 6.62449]},
			"faces": {
				"east": {"uv": [5, 7.33333, 4, 8.33333], "texture": "#1"},
				"west": {"uv": [4, 7.33333, 5, 8.33333], "texture": "#1"}
			}
		},
		{
			"from": [6.9, 16.91251, 5.67134],
			"to": [7.9, 17.91251, 6.67134],
			"rotation": {"angle": -22.5, "axis": "x", "origin": [8, 17.72611, 5.31161]},
			"faces": {
				"north": {"uv": [9.33333, 6.66667, 10, 7.33333], "texture": "#1"},
				"east": {"uv": [9.33333, 7.33333, 10, 8], "texture": "#1"},
				"south": {"uv": [9.33333, 8, 10, 8.66667], "texture": "#1"},
				"west": {"uv": [9.33333, 8.66667, 10, 9.33333], "texture": "#1"},
				"up": {"uv": [10, 10, 9.33333, 9.33333], "texture": "#1"},
				"down": {"uv": [0.66667, 10, 0, 10.66667], "texture": "#1"}
			}
		},
		{
			"from": [7.005, 16.5091, 6.23649],
			"to": [7.795, 17.2991, 7.02649],
			"rotation": {"angle": -45, "axis": "x", "origin": [8, 17.72611, 5.31161]},
			"faces": {
				"east": {"uv": [10, 0, 10.66667, 0.66667], "texture": "#1"},
				"south": {"uv": [0.66667, 10, 1.33333, 10.66667], "texture": "#1"},
				"west": {"uv": [10, 0.66667, 10.66667, 1.33333], "texture": "#1"},
				"up": {"uv": [2, 10.66667, 1.33333, 10], "texture": "#1"},
				"down": {"uv": [10.66667, 1.33333, 10, 2], "texture": "#1"}
			}
		},
		{
			"from": [7.10375, 18.84649, 6.42077],
			"to": [7.69625, 19.43899, 7.01327],
			"rotation": {"angle": 22.5, "axis": "x", "origin": [8, 17.72611, 5.31161]},
			"faces": {
				"north": {"uv": [6.66667, 10, 7, 10.33333], "texture": "#1"},
				"east": {"uv": [10, 6.66667, 10.33333, 7], "texture": "#1"},
				"south": {"uv": [7.33333, 10, 7.66667, 10.33333], "texture": "#1"},
				"west": {"uv": [10, 7.33333, 10.33333, 7.66667], "texture": "#1"},
				"up": {"uv": [8.33333, 10.33333, 8, 10], "texture": "#1"}
			}
		},
		{
			"from": [6.8, 18.02976, 4.17232],
			"to": [7.8, 18.52976, 5.17232],
			"rotation": {"angle": -22.5, "axis": "x", "origin": [8, 17.72611, 5.31161]},
			"faces": {
				"north": {"uv": [12, 0, 12.66667, 0.33333], "texture": "#1"},
				"east": {"uv": [10, 5.33333, 10.66667, 5.66667], "texture": "#1"},
				"south": {"uv": [12.66667, 0, 13.33333, 0.33333], "texture": "#1"},
				"west": {"uv": [10, 6, 10.66667, 6.33333], "texture": "#1"},
				"up": {"uv": [11.66667, 0.66667, 11, 0], "texture": "#1"},
				"down": {"uv": [10.66667, 2, 10, 2.66667], "texture": "#1"}
			}
		},
		{
			"from": [5.15186, 17.61444, 7],
			"to": [7.15186, 17.61444, 10],
			"rotation": {"angle": -22.5, "axis": "z", "origin": [5.15186, 17.61444, 6.5]},
			"faces": {
				"up": {"uv": [4.66667, 2, 3.33333, 0], "texture": "#1"},
				"down": {"uv": [4.66667, 0, 3.33333, 2], "texture": "#1"}
			}
		},
		{
			"from": [2.15186, 17.61444, 7],
			"to": [5.15186, 17.61444, 10],
			"rotation": {"angle": 22.5, "axis": "z", "origin": [5.15186, 17.61444, 6.5]},
			"faces": {
				"up": {"uv": [4.66667, 4.66667, 2.66667, 2.66667], "texture": "#1"},
				"down": {"uv": [4.66667, 2.66667, 2.66667, 4.66667], "texture": "#1"}
			}
		},
		{
			"from": [5.9, 14.25, 9.75],
			"to": [6.9, 16.25, 11.25],
			"rotation": {"angle": -22.5, "axis": "z", "origin": [6.4, 14.625, 10.375]},
			"faces": {
				"north": {"uv": [8, 4, 8.66667, 5.33333], "texture": "#1"},
				"east": {"uv": [7, 1.33333, 6, 0], "rotation": 180, "texture": "#1"},
				"south": {"uv": [5.33333, 8, 6, 9.33333], "texture": "#1"},
				"west": {"uv": [2.33333, 7.33333, 1.33333, 6], "rotation": 180, "texture": "#1"},
				"up": {"uv": [8.66667, 8.33333, 8, 7.33333], "texture": "#1"}
			}
		},
		{
			"from": [5.9, 13.75, 9.25],
			"to": [6.9, 14.25, 11.25],
			"rotation": {"angle": -22.5, "axis": "z", "origin": [6.4, 14.625, 10.375]},
			"faces": {
				"north": {"uv": [4.66667, 10, 5.33333, 10.33333], "texture": "#1"},
				"east": {"uv": [4, 9.66667, 2.66667, 9.33333], "rotation": 180, "texture": "#1"},
				"south": {"uv": [10, 4.66667, 10.66667, 5], "texture": "#1"},
				"west": {"uv": [10.66667, 3, 9.33333, 2.66667], "rotation": 180, "texture": "#1"},
				"up": {"uv": [8.66667, 6.66667, 8, 5.33333], "texture": "#1"},
				"down": {"uv": [6.66667, 8, 6, 9.33333], "texture": "#1"}
			}
		},
		{
			"from": [9.1, 14.25, 9.75],
			"to": [10.1, 16.25, 11.25],
			"rotation": {"angle": 22.5, "axis": "z", "origin": [9.6, 14.625, 10.375]},
			"faces": {
				"north": {"uv": [8.66667, 4, 8, 5.33333], "texture": "#1"},
				"east": {"uv": [1.33333, 7.33333, 2.33333, 6], "rotation": 180, "texture": "#1"},
				"south": {"uv": [6, 8, 5.33333, 9.33333], "texture": "#1"},
				"west": {"uv": [6, 1.33333, 7, 0], "rotation": 180, "texture": "#1"},
				"up": {"uv": [8, 8.33333, 8.66667, 7.33333], "texture": "#1"}
			}
		},
		{
			"from": [9.1, 13.75, 9.25],
			"to": [10.1, 14.25, 11.25],
			"rotation": {"angle": 22.5, "axis": "z", "origin": [9.6, 14.625, 10.375]},
			"faces": {
				"north": {"uv": [5.33333, 10, 4.66667, 10.33333], "texture": "#1"},
				"east": {"uv": [9.33333, 3, 10.66667, 2.66667], "rotation": 180, "texture": "#1"},
				"south": {"uv": [10.66667, 4.66667, 10, 5], "texture": "#1"},
				"west": {"uv": [2.66667, 9.66667, 4, 9.33333], "rotation": 180, "texture": "#1"},
				"up": {"uv": [8, 6.66667, 8.66667, 5.33333], "texture": "#1"},
				"down": {"uv": [6, 8, 6.66667, 9.33333], "texture": "#1"}
			}
		},
		{
			"from": [8.205, 16.5091, 6.23649],
			"to": [8.995, 17.2991, 7.02649],
			"rotation": {"angle": -45, "axis": "x", "origin": [8, 17.72611, 5.31161]},
			"faces": {
				"east": {"uv": [10.66667, 0.66667, 10, 1.33333], "texture": "#1"},
				"south": {"uv": [1.33333, 10, 0.66667, 10.66667], "texture": "#1"},
				"west": {"uv": [10.66667, 0, 10, 0.66667], "texture": "#1"},
				"up": {"uv": [1.33333, 10.66667, 2, 10], "texture": "#1"},
				"down": {"uv": [10, 1.33333, 10.66667, 2], "texture": "#1"}
			}
		},
		{
			"from": [8.30375, 18.84649, 6.42077],
			"to": [8.89625, 19.43899, 7.01327],
			"rotation": {"angle": 22.5, "axis": "x", "origin": [8, 17.72611, 5.31161]},
			"faces": {
				"north": {"uv": [7, 10, 6.66667, 10.33333], "texture": "#1"},
				"east": {"uv": [10.33333, 7.33333, 10, 7.66667], "texture": "#1"},
				"south": {"uv": [7.66667, 10, 7.33333, 10.33333], "texture": "#1"},
				"west": {"uv": [10.33333, 6.66667, 10, 7], "texture": "#1"},
				"up": {"uv": [8, 10.33333, 8.33333, 10], "texture": "#1"}
			}
		},
		{
			"from": [8.1, 16.91251, 5.67134],
			"to": [9.1, 17.91251, 6.67134],
			"rotation": {"angle": -22.5, "axis": "x", "origin": [8, 17.72611, 5.31161]},
			"faces": {
				"north": {"uv": [10, 6.66667, 9.33333, 7.33333], "texture": "#1"},
				"east": {"uv": [10, 8.66667, 9.33333, 9.33333], "texture": "#1"},
				"south": {"uv": [10, 8, 9.33333, 8.66667], "texture": "#1"},
				"west": {"uv": [10, 7.33333, 9.33333, 8], "texture": "#1"},
				"up": {"uv": [9.33333, 10, 10, 9.33333], "texture": "#1"},
				"down": {"uv": [0, 10, 0.66667, 10.66667], "texture": "#1"}
			}
		},
		{
			"from": [8.2, 18.02976, 4.17232],
			"to": [9.2, 18.52976, 5.17232],
			"rotation": {"angle": -22.5, "axis": "x", "origin": [8, 17.72611, 5.31161]},
			"faces": {
				"north": {"uv": [12.66667, 0, 12, 0.33333], "texture": "#1"},
				"east": {"uv": [10.66667, 6, 10, 6.33333], "texture": "#1"},
				"south": {"uv": [13.33333, 0, 12.66667, 0.33333], "texture": "#1"},
				"west": {"uv": [10.66667, 5.33333, 10, 5.66667], "texture": "#1"},
				"up": {"uv": [11, 0.66667, 11.66667, 0], "texture": "#1"},
				"down": {"uv": [10, 2, 10.66667, 2.66667], "texture": "#1"}
			}
		},
		{
			"from": [10.84814, 17.61444, 7],
			"to": [13.84814, 17.61444, 10],
			"rotation": {"angle": -22.5, "axis": "z", "origin": [10.84814, 17.61444, 6.5]},
			"faces": {
				"up": {"uv": [2.66667, 4.66667, 4.66667, 2.66667], "texture": "#1"},
				"down": {"uv": [2.66667, 2.66667, 4.66667, 4.66667], "texture": "#1"}
			}
		},
		{
			"from": [8.84814, 17.61444, 7],
			"to": [10.84814, 17.61444, 10],
			"rotation": {"angle": 22.5, "axis": "z", "origin": [10.84814, 17.61444, 6.5]},
			"faces": {
				"up": {"uv": [3.33333, 2, 4.66667, 0], "texture": "#1"},
				"down": {"uv": [3.33333, 0, 4.66667, 2], "texture": "#1"}
			}
		},
		{
			"from": [14.64466, 0, 1.48656],
			"to": [14.67466, 11, 4.73656],
			"rotation": {"angle": -45, "axis": "y", "origin": [14.65966, 5.5, 1.36156]},
			"faces": {
				"east": {"uv": [3.5, 0, 0, 11], "texture": "#3"},
				"west": {"uv": [0, 0, 3.5, 11], "texture": "#3"}
			}
		},
		{
			"from": [1.32534, 0, 1.48656],
			"to": [1.35534, 11, 4.73656],
			"rotation": {"angle": 45, "axis": "y", "origin": [1.34034, 5.5, 1.36156]},
			"faces": {
				"east": {"uv": [3.5, 0, 0, 11], "texture": "#3"},
				"west": {"uv": [0, 0, 3.5, 11], "texture": "#3"}
			}
		},
		{
			"from": [1.32534, 0, 11.26344],
			"to": [1.35534, 11, 14.51344],
			"rotation": {"angle": -45, "axis": "y", "origin": [1.34034, 5.5, 14.63844]},
			"faces": {
				"east": {"uv": [0, 0, 3.5, 11], "texture": "#3"},
				"west": {"uv": [3.5, 0, 0, 11], "texture": "#3"}
			}
		},
		{
			"from": [14.64466, 0, 11.26344],
			"to": [14.67466, 11, 14.51344],
			"rotation": {"angle": 45, "axis": "y", "origin": [14.65966, 5.5, 14.63844]},
			"faces": {
				"east": {"uv": [0, 0, 3.5, 11], "texture": "#3"},
				"west": {"uv": [3.5, 0, 0, 11], "texture": "#3"}
			}
		}
	],
	"gui_light": "front",
	"display": {
		"thirdperson_righthand": {
			"rotation": [56.75, 0, 0],
			"translation": [0, 4, 3],
			"scale": [0.66992, 0.66992, 0.66992]
		},
		"thirdperson_lefthand": {
			"rotation": [56.75, 0, 0],
			"translation": [0, 4, 3],
			"scale": [0.66992, 0.66992, 0.66992]
		},
		"firstperson_righthand": {
			"rotation": [169.5, 0, -180],
			"translation": [-2.75, 6, 0],
			"scale": [0.77539, 0.77539, 0.77539]
		},
		"firstperson_lefthand": {
			"rotation": [169.5, 0, -180],
			"translation": [-2.75, 6, 0],
			"scale": [0.77539, 0.77539, 0.77539]
		},
		"ground": {
			"translation": [0, 7.25, 0]
		},
		"gui": {
			"rotation": [0, 135, 0],
			"translation": [0, -1.5, 0]
		},
		"head": {
			"rotation": [0, 180, 0],
			"translation": [0, -24.25, 0],
			"scale": [2.42969, 2.42969, 2.42969]
		},
		"fixed": {
			"rotation": [-90, 0, 0],
			"translation": [0, 0, -20.75],
			"scale": [2.7832, 2.7832, 2.7832]
		}
	},
	"groups": [
		{
			"name": "group",
			"origin": [8, 15.5, 8],
			"color": 0,
			"boneType": "",
			"children": [0, 1, 2, 3, 4, 5, 6, 7, 8, 9, 10, 11, 12]
		},
		{
			"name": "group",
			"origin": [14.5, 3, 6.5],
			"color": 0,
			"boneType": "",
			"children": [13, 14, 15, 16, 17, 18, 19, 20, 21, 22, 23, 24, 25, 26, 27, 28, 29, 30, 31, 32, 33, 34]
		},
		{
			"name": "group",
			"origin": [10.84814, 3.76444, 5.5],
			"color": 0,
			"boneType": "",
			"children": [35, 36, 37, 38, 39, 40, 41, 42, 43, 44, 45, 46, 47, 48, 49, 50, 51, 52, 53, 54, 55, 56, 57, 58, 59, 60, 61, 62, 63, 64, 65, 66]
		},
		67,
		68,
		69,
		70
	]
}