{
	"credit": "Made by PolygonMC",
	"texture_size": [24, 24],
	"textures": {
		"1": "littledragonset:item/little_dragon",
		"4": "littledragonset:item/animations/animations_flame_02",
		"6": "littledragonset:item/fishing_rod_cast",
		"particle": "littledragonset:item/animations/animations_flame_04"
	},
	"elements": [
		{
			"from": [7.5, 0, 7.5],
			"to": [8.5, 2, 8.5],
			"rotation": {"angle": 0, "axis": "y", "origin": [6.5, 0, 7.5]},
			"faces": {
				"north": {"uv": [4.66667, 8, 5.33333, 9.33333], "texture": "#6"},
				"east": {"uv": [5.33333, 8, 6, 9.33333], "texture": "#6"},
				"south": {"uv": [6, 8, 6.66667, 9.33333], "texture": "#6"},
				"west": {"uv": [6.66667, 8, 7.33333, 9.33333], "texture": "#6"},
				"up": {"uv": [9.33333, 10, 8.66667, 9.33333], "texture": "#6"},
				"down": {"uv": [10, 9.33333, 9.33333, 10], "texture": "#6"}
			}
		},
		{
			"from": [7.6, 2, 7.6],
			"to": [8.4, 3.8, 8.4],
			"rotation": {"angle": 0, "axis": "y", "origin": [6.5, 0, 7.5]},
			"faces": {
				"north": {"uv": [7.33333, 8, 8, 9.33333], "texture": "#6"},
				"east": {"uv": [8, 8, 8.66667, 9.33333], "texture": "#6"},
				"south": {"uv": [0, 8.66667, 0.66667, 10], "texture": "#6"},
				"west": {"uv": [0.66667, 8.66667, 1.33333, 10], "texture": "#6"}
			}
		},
		{
			"from": [7.5, 3.8, 7.5],
			"to": [8.5, 5.8, 8.5],
			"rotation": {"angle": 0, "axis": "y", "origin": [6.5, 0, 7.5]},
			"faces": {
				"north": {"uv": [1.33333, 8.66667, 2, 10], "texture": "#6"},
				"east": {"uv": [2, 8.66667, 2.66667, 10], "texture": "#6"},
				"south": {"uv": [2.66667, 8.66667, 3.33333, 10], "texture": "#6"},
				"west": {"uv": [8.66667, 5.33333, 9.33333, 6.66667], "texture": "#6"},
				"up": {"uv": [0.66667, 10.66667, 0, 10], "texture": "#6"},
				"down": {"uv": [10.66667, 0, 10, 0.66667], "texture": "#6"}
			}
		},
		{
			"from": [7.75, -0.25, 7.25],
			"to": [8.25, 1.25, 8.75],
			"rotation": {"angle": 0, "axis": "y", "origin": [7.75, 0, 7.25]},
			"faces": {
				"north": {"uv": [10.66667, 2.66667, 11, 3.66667], "texture": "#6"},
				"east": {"uv": [6.66667, 1.33333, 7.66667, 2.33333], "texture": "#6"},
				"south": {"uv": [10.66667, 4, 11, 5], "texture": "#6"},
				"west": {"uv": [6.66667, 2.66667, 7.66667, 3.66667], "texture": "#6"},
				"up": {"uv": [5.66667, 11.66667, 5.33333, 10.66667], "texture": "#6"},
				"down": {"uv": [11, 5.33333, 10.66667, 6.33333], "texture": "#6"}
			}
		},
		{
			"from": [7.25, 5.8, 7],
			"to": [8.75, 6.3, 9],
			"rotation": {"angle": 0, "axis": "y", "origin": [7.25, 5.8, 7.25]},
			"faces": {
				"north": {"uv": [6, 10.66667, 7, 11], "texture": "#6"},
				"east": {"uv": [0.66667, 10, 2, 10.33333], "texture": "#6"},
				"south": {"uv": [10.66667, 6.66667, 11.66667, 7], "texture": "#6"},
				"west": {"uv": [10, 0.66667, 11.33333, 1], "texture": "#6"},
				"up": {"uv": [7, 6.66667, 6, 5.33333], "texture": "#6"},
				"down": {"uv": [7.66667, 0, 6.66667, 1.33333], "texture": "#6"}
			}
		},
		{
			"from": [7.55, 5.25, 7.25],
			"to": [8.45, 6.75, 8.75],
			"rotation": {"angle": 0, "axis": "y", "origin": [7.75, 0, 7.25]},
			"faces": {
				"north": {"uv": [5.33333, 9.33333, 6, 10.33333], "texture": "#6"},
				"east": {"uv": [3.33333, 6.66667, 4.33333, 7.66667], "texture": "#6"},
				"south": {"uv": [9.33333, 5.33333, 10, 6.33333], "texture": "#6"},
				"west": {"uv": [6.66667, 4, 7.66667, 5], "texture": "#6"},
				"up": {"uv": [6.66667, 10.33333, 6, 9.33333], "texture": "#6"},
				"down": {"uv": [7.33333, 9.33333, 6.66667, 10.33333], "texture": "#6"}
			}
		},
		{
			"from": [7.55, 8, 7.25],
			"to": [8.45, 9.5, 8.75],
			"rotation": {"angle": 0, "axis": "y", "origin": [7.75, 5, 7.25]},
			"faces": {
				"north": {"uv": [9.33333, 6.66667, 10, 7.66667], "texture": "#6"},
				"east": {"uv": [6, 6.66667, 7, 7.66667], "texture": "#6"},
				"south": {"uv": [7.33333, 9.33333, 8, 10.33333], "texture": "#6"},
				"west": {"uv": [7.33333, 5.33333, 8.33333, 6.33333], "texture": "#6"},
				"up": {"uv": [8.66667, 10.33333, 8, 9.33333], "texture": "#6"},
				"down": {"uv": [10, 8, 9.33333, 9], "texture": "#6"}
			}
		},
		{
			"from": [7.5, 5.95, 8],
			"to": [8.5, 7.95, 10],
			"rotation": {"angle": -45, "axis": "x", "origin": [7.5, 5.95, 8]},
			"faces": {
				"north": {"uv": [8.66667, 6.66667, 9.33333, 8], "texture": "#6"},
				"east": {"uv": [4.66667, 0, 6, 1.33333], "texture": "#6"},
				"south": {"uv": [8.66667, 8, 9.33333, 9.33333], "texture": "#6"},
				"west": {"uv": [4.66667, 1.33333, 6, 2.66667], "texture": "#6"},
				"up": {"uv": [10, 1.33333, 9.33333, 0], "texture": "#6"},
				"down": {"uv": [10, 1.33333, 9.33333, 2.66667], "texture": "#6"}
			}
		},
		{
			"from": [7.25, 6.2, 8.25],
			"to": [8.75, 7.7, 9.75],
			"rotation": {"angle": -45, "axis": "x", "origin": [7.5, 5.95, 8]},
			"faces": {
				"north": {"uv": [7.33333, 6.66667, 8.33333, 7.66667], "texture": "#6"},
				"east": {"uv": [8, 0, 9, 1], "texture": "#6"},
				"south": {"uv": [8, 1.33333, 9, 2.33333], "texture": "#6"},
				"west": {"uv": [8, 2.66667, 9, 3.66667], "texture": "#6"},
				"up": {"uv": [4.33333, 9, 3.33333, 8], "texture": "#6"},
				"down": {"uv": [9, 4, 8, 5], "texture": "#6"}
			}
		},
		{
			"from": [7.544, 6.64543, 8.38661],
			"to": [8.456, 7.55743, 9.41261],
			"rotation": {"angle": -22.5, "axis": "x", "origin": [8, 7.52005, 9.7148]},
			"faces": {
				"north": {"uv": [10, 1.33333, 10.66667, 2], "texture": "#6"},
				"east": {"uv": [2, 10, 2.66667, 10.66667], "texture": "#6"},
				"south": {"uv": [10, 2, 10.66667, 2.66667], "texture": "#6"},
				"west": {"uv": [2.66667, 10, 3.33333, 10.66667], "texture": "#6"},
				"up": {"uv": [10.66667, 3.33333, 10, 2.66667], "texture": "#6"},
				"down": {"uv": [10.66667, 3.33333, 10, 4], "texture": "#6"}
			}
		},
		{
			"from": [7.60784, 6.86298, 9.08722],
			"to": [8.39216, 7.6473, 9.96958],
			"rotation": {"angle": -45, "axis": "x", "origin": [8, 7.52005, 9.7148]},
			"faces": {
				"east": {"uv": [10, 4, 10.66667, 4.66667], "texture": "#6"},
				"south": {"uv": [10, 4.66667, 10.66667, 5.33333], "texture": "#6"},
				"west": {"uv": [10, 5.33333, 10.66667, 6], "texture": "#6"},
				"up": {"uv": [10.66667, 6.66667, 10, 6], "texture": "#6"},
				"down": {"uv": [10.66667, 6.66667, 10, 7.33333], "texture": "#6"}
			}
		},
		{
			"from": [7.66274, 7.48026, 9.71843],
			"to": [8.33726, 8.23909, 10.39294],
			"rotation": {"angle": 22.5, "axis": "x", "origin": [8, 7.52005, 9.7148]},
			"faces": {
				"north": {"uv": [7.33333, 10.66667, 7.66667, 11.33333], "texture": "#6"},
				"east": {"uv": [10.66667, 7.33333, 11, 8], "texture": "#6"},
				"south": {"uv": [8, 10.66667, 8.33333, 11.33333], "texture": "#6"},
				"west": {"uv": [10.66667, 8, 11, 8.66667], "texture": "#6"},
				"up": {"uv": [9, 11, 8.66667, 10.66667], "texture": "#6"}
			}
		},
		{
			"from": [7.71333, 7.89626, 10.02106],
			"to": [8.28667, 8.54126, 10.5944],
			"rotation": {"angle": 0, "axis": "y", "origin": [8, 7.52005, 9.7148]},
			"faces": {
				"north": {"uv": [9.33333, 10.66667, 9.66667, 11], "texture": "#6"},
				"east": {"uv": [10, 10.66667, 10.33333, 11], "texture": "#6"},
				"south": {"uv": [10.66667, 10, 11, 10.33333], "texture": "#6"},
				"west": {"uv": [10.66667, 10.66667, 11, 11], "texture": "#6"},
				"up": {"uv": [0.33333, 11.66667, 0, 11.33333], "texture": "#6"}
			}
		},
		{
			"from": [7, 11.1292, 9.02838],
			"to": [9, 15.6292, 11.02838],
			"rotation": {"angle": 22.5, "axis": "x", "origin": [8, 13.3792, 10.02838]},
			"faces": {
				"north": {"uv": [2.66667, 2.66667, 1.33333, 5.66667], "rotation": 180, "texture": "#1"},
				"east": {"uv": [0, 0, 3, 1.33333], "rotation": 270, "texture": "#1"},
				"south": {"uv": [1.33333, 5.66667, 0, 2.66667], "texture": "#1"},
				"west": {"uv": [0, 1.33333, 3, 2.66667], "rotation": 90, "texture": "#1"},
				"up": {"uv": [4.66667, 0, 6, 1.33333], "rotation": 180, "texture": "#1"},
				"down": {"uv": [4.66667, 1.33333, 6, 2.66667], "texture": "#1"}
			}
		},
		{
			"from": [6.32029, 13.8792, 8.24703],
			"to": [7.32029, 15.3792, 8.74703],
			"rotation": {"angle": -22.5, "axis": "y", "origin": [8, 13.93299, 9.80297]},
			"faces": {
				"north": {"uv": [9.33333, 0, 8.66667, 1], "rotation": 180, "texture": "#1"},
				"east": {"uv": [2.66667, 10, 3.66667, 10.33333], "rotation": 270, "texture": "#1"},
				"south": {"uv": [0.66667, 9.66667, 0, 8.66667], "texture": "#1"},
				"west": {"uv": [10, 3.33333, 11, 3.66667], "rotation": 90, "texture": "#1"},
				"up": {"uv": [4, 10, 4.66667, 10.33333], "rotation": 180, "texture": "#1"},
				"down": {"uv": [10, 4, 10.66667, 4.33333], "texture": "#1"}
			}
		},
		{
			"from": [6.32029, 13.8792, 8.74703],
			"to": [7.32029, 14.8792, 9.74703],
			"rotation": {"angle": -22.5, "axis": "y", "origin": [8, 13.93299, 9.80297]},
			"faces": {
				"east": {"uv": [9.33333, 0, 10, 0.66667], "rotation": 270, "texture": "#1"},
				"west": {"uv": [9.33333, 0.66667, 10, 1.33333], "rotation": 90, "texture": "#1"},
				"up": {"uv": [4.66667, 4, 5.33333, 4.66667], "rotation": 180, "texture": "#1"},
				"down": {"uv": [0.66667, 9.33333, 1.33333, 10], "texture": "#1"}
			}
		},
		{
			"from": [6.32029, 13.8792, 9.74703],
			"to": [7.32029, 15.3792, 10.74703],
			"rotation": {"angle": -22.5, "axis": "y", "origin": [8, 13.93299, 9.80297]},
			"faces": {
				"north": {"uv": [9.33333, 2, 8.66667, 3], "rotation": 180, "texture": "#1"},
				"east": {"uv": [0.66667, 8.66667, 1.66667, 9.33333], "rotation": 270, "texture": "#1"},
				"south": {"uv": [2.66667, 9.66667, 2, 8.66667], "texture": "#1"},
				"west": {"uv": [8.66667, 1.33333, 9.66667, 2], "rotation": 90, "texture": "#1"},
				"up": {"uv": [1.33333, 9.33333, 2, 10], "rotation": 180, "texture": "#1"},
				"down": {"uv": [9.33333, 2, 10, 2.66667], "texture": "#1"}
			}
		},
		{
			"from": [8.67971, 13.8792, 9.74703],
			"to": [9.67971, 15.3792, 10.74703],
			"rotation": {"angle": 22.5, "axis": "y", "origin": [8, 13.93299, 9.80297]},
			"faces": {
				"north": {"uv": [8.66667, 2, 9.33333, 3], "rotation": 180, "texture": "#1"},
				"east": {"uv": [8.66667, 2, 9.66667, 1.33333], "rotation": 90, "texture": "#1"},
				"south": {"uv": [2, 9.66667, 2.66667, 8.66667], "texture": "#1"},
				"west": {"uv": [0.66667, 9.33333, 1.66667, 8.66667], "rotation": 270, "texture": "#1"},
				"up": {"uv": [2, 9.33333, 1.33333, 10], "rotation": 180, "texture": "#1"},
				"down": {"uv": [10, 2, 9.33333, 2.66667], "texture": "#1"}
			}
		},
		{
			"from": [8.67971, 13.8792, 8.74703],
			"to": [9.67971, 14.8792, 9.74703],
			"rotation": {"angle": 22.5, "axis": "y", "origin": [8, 13.93299, 9.80297]},
			"faces": {
				"east": {"uv": [9.33333, 1.33333, 10, 0.66667], "rotation": 90, "texture": "#1"},
				"west": {"uv": [9.33333, 0.66667, 10, 0], "rotation": 270, "texture": "#1"},
				"up": {"uv": [5.33333, 4, 4.66667, 4.66667], "rotation": 180, "texture": "#1"},
				"down": {"uv": [1.33333, 9.33333, 0.66667, 10], "texture": "#1"}
			}
		},
		{
			"from": [8.67971, 13.8792, 8.24703],
			"to": [9.67971, 15.3792, 8.74703],
			"rotation": {"angle": 22.5, "axis": "y", "origin": [8, 13.93299, 9.80297]},
			"faces": {
				"north": {"uv": [8.66667, 0, 9.33333, 1], "rotation": 180, "texture": "#1"},
				"east": {"uv": [10, 3.66667, 11, 3.33333], "rotation": 90, "texture": "#1"},
				"south": {"uv": [0, 9.66667, 0.66667, 8.66667], "texture": "#1"},
				"west": {"uv": [2.66667, 10.33333, 3.66667, 10], "rotation": 270, "texture": "#1"},
				"up": {"uv": [4.66667, 10, 4, 10.33333], "rotation": 180, "texture": "#1"},
				"down": {"uv": [10.66667, 4, 10, 4.33333], "texture": "#1"}
			}
		},
		{
			"from": [7.25, 14.68728, 10.8215],
			"to": [8.75, 16.18728, 12.3215],
			"rotation": {"angle": -22.5, "axis": "x", "origin": [8, 13.60799, 10.60297]},
			"faces": {
				"north": {"uv": [8.33333, 0, 7.33333, 1], "rotation": 180, "texture": "#1"},
				"east": {"uv": [5.33333, 6.66667, 6.33333, 7.66667], "rotation": 270, "texture": "#1"},
				"south": {"uv": [1, 8.33333, 0, 7.33333], "texture": "#1"},
				"west": {"uv": [6.66667, 6.66667, 7.66667, 7.66667], "rotation": 90, "texture": "#1"},
				"up": {"uv": [6.66667, 4, 7.66667, 5], "rotation": 180, "texture": "#1"},
				"down": {"uv": [6.66667, 5.33333, 7.66667, 6.33333], "texture": "#1"}
			}
		},
		{
			"from": [7, 16.03662, 9.82598],
			"to": [9, 18.03662, 11.82598],
			"rotation": {"angle": 0, "axis": "y", "origin": [8, 13.60799, 10.60297]},
			"faces": {
				"north": {"uv": [1.33333, 6, 0, 7.33333], "rotation": 180, "texture": "#1"},
				"east": {"uv": [4.66667, 2.66667, 6, 4], "rotation": 270, "texture": "#1"},
				"south": {"uv": [6.66667, 6.66667, 5.33333, 5.33333], "texture": "#1"},
				"west": {"uv": [5.33333, 4, 6.66667, 5.33333], "rotation": 90, "texture": "#1"},
				"up": {"uv": [2.66667, 4.66667, 4, 6], "rotation": 180, "texture": "#1"},
				"down": {"uv": [4, 4.66667, 5.33333, 6], "texture": "#1"}
			}
		},
		{
			"from": [7, 18.03662, 9.82598],
			"to": [9, 19.03662, 10.82598],
			"rotation": {"angle": 0, "axis": "y", "origin": [8, 13.60799, 10.60297]},
			"faces": {
				"north": {"uv": [9.33333, 6.66667, 8, 7.33333], "rotation": 180, "texture": "#1"},
				"east": {"uv": [4, 9.33333, 4.66667, 10], "rotation": 270, "texture": "#1"},
				"south": {"uv": [8, 8.66667, 6.66667, 8], "texture": "#1"},
				"west": {"uv": [4.66667, 9.33333, 5.33333, 10], "rotation": 90, "texture": "#1"},
				"up": {"uv": [3.33333, 2, 4.66667, 2.66667], "rotation": 180, "texture": "#1"}
			}
		},
		{
			"from": [7.25, 18.03662, 10.07598],
			"to": [8.75, 19.28662, 11.07598],
			"rotation": {"angle": 0, "axis": "y", "origin": [8, 13.60799, 10.60297]},
			"faces": {
				"north": {"uv": [8.33333, 1.33333, 7.33333, 2.33333], "rotation": 180, "texture": "#1"},
				"east": {"uv": [8.66667, 3.33333, 9.66667, 4], "rotation": 270, "texture": "#1"},
				"south": {"uv": [2.33333, 8.33333, 1.33333, 7.33333], "texture": "#1"},
				"west": {"uv": [4, 8.66667, 5, 9.33333], "rotation": 90, "texture": "#1"},
				"up": {"uv": [2.66667, 8.66667, 3.66667, 9.33333], "rotation": 180, "texture": "#1"}
			}
		},
		{
			"from": [7.25, 9.45649, 8.7224],
			"to": [8.75, 11.45649, 10.2224],
			"rotation": {"angle": 0, "axis": "y", "origin": [7.60225, 9.24574, 9.47057]},
			"faces": {
				"north": {"uv": [5, 6, 4, 7.33333], "rotation": 180, "texture": "#1"},
				"east": {"uv": [6, 1.33333, 7.33333, 2.33333], "rotation": 270, "texture": "#1"},
				"south": {"uv": [7, 4, 6, 2.66667], "texture": "#1"},
				"west": {"uv": [2.66667, 6, 4, 7], "rotation": 90, "texture": "#1"},
				"up": {"uv": [2.66667, 7.33333, 3.66667, 8.33333], "rotation": 180, "texture": "#1"},
				"down": {"uv": [7.33333, 2.66667, 8.33333, 3.66667], "texture": "#1"}
			}
		},
		{
			"from": [7.3775, 8.09649, 9.1524],
			"to": [8.6225, 9.75649, 10.3974],
			"rotation": {"angle": -22.5, "axis": "x", "origin": [8, 8.62649, 9.5999]},
			"faces": {
				"north": {"uv": [7.33333, 8.66667, 6.66667, 9.66667], "rotation": 180, "texture": "#1"},
				"east": {"uv": [8.66667, 4, 9.66667, 4.66667], "rotation": 270, "texture": "#1"},
				"south": {"uv": [9.33333, 6.33333, 8.66667, 5.33333], "texture": "#1"},
				"west": {"uv": [8.66667, 4.66667, 9.66667, 5.33333], "rotation": 90, "texture": "#1"},
				"up": {"uv": [5.33333, 9.33333, 6, 10], "rotation": 180, "texture": "#1"},
				"down": {"uv": [9.33333, 5.33333, 10, 6], "texture": "#1"}
			}
		},
		{
			"from": [7.48333, 7.1549, 9.77508],
			"to": [8.51667, 8.5327, 10.80843],
			"rotation": {"angle": -45, "axis": "x", "origin": [8, 7.8438, 10.24175]},
			"faces": {
				"north": {"uv": [8, 8.66667, 8.66667, 9.66667], "rotation": 180, "texture": "#1"},
				"east": {"uv": [8.66667, 7.33333, 9.33333, 8.33333], "rotation": 180, "texture": "#1"},
				"south": {"uv": [7.33333, 8.66667, 8, 9.66667], "rotation": 180, "texture": "#1"},
				"west": {"uv": [8.66667, 8.66667, 9.33333, 9.66667], "rotation": 180, "texture": "#1"},
				"up": {"uv": [10, 6, 9.33333, 6.66667], "texture": "#1"},
				"down": {"uv": [6.66667, 10, 6, 9.33333], "texture": "#1"}
			}
		},
		{
			"from": [5.86753, 14.74558, 9.96448],
			"to": [5.86753, 16.24558, 11.46448],
			"rotation": {"angle": -22.5, "axis": "z", "origin": [8, 13.60799, 10.60297]},
			"faces": {
				"east": {"uv": [5, 7.33333, 4, 8.33333], "rotation": 270, "texture": "#1"},
				"west": {"uv": [4, 7.33333, 5, 8.33333], "rotation": 90, "texture": "#1"}
			}
		},
		{
			"from": [10.13247, 14.74558, 9.96448],
			"to": [10.13247, 16.24558, 11.46448],
			"rotation": {"angle": 22.5, "axis": "z", "origin": [8, 13.60799, 10.60297]},
			"faces": {
				"east": {"uv": [5, 7.33333, 4, 8.33333], "rotation": 270, "texture": "#1"},
				"west": {"uv": [4, 7.33333, 5, 8.33333], "rotation": 90, "texture": "#1"}
			}
		},
		{
			"from": [6.9, 14.93205, 11.86113],
			"to": [7.9, 15.93205, 12.86113],
			"rotation": {"angle": -22.5, "axis": "x", "origin": [8, 13.60799, 10.60297]},
			"faces": {
				"north": {"uv": [0.66667, 10, 0, 10.66667], "rotation": 180, "texture": "#1"},
				"east": {"uv": [9.33333, 7.33333, 10, 8], "rotation": 270, "texture": "#1"},
				"south": {"uv": [10, 10, 9.33333, 9.33333], "texture": "#1"},
				"west": {"uv": [9.33333, 8.66667, 10, 9.33333], "rotation": 90, "texture": "#1"},
				"up": {"uv": [9.33333, 6.66667, 10, 7.33333], "rotation": 180, "texture": "#1"},
				"down": {"uv": [9.33333, 8, 10, 8.66667], "texture": "#1"}
			}
		},
		{
			"from": [7.005, 13.57978, 12.32705],
			"to": [7.795, 14.36978, 13.11705],
			"rotation": {"angle": -45, "axis": "x", "origin": [8, 13.60799, 10.60297]},
			"faces": {
				"north": {"uv": [10.66667, 1.33333, 10, 2], "rotation": 180, "texture": "#1"},
				"east": {"uv": [10, 0, 10.66667, 0.66667], "rotation": 270, "texture": "#1"},
				"south": {"uv": [2, 10.66667, 1.33333, 10], "texture": "#1"},
				"west": {"uv": [10, 0.66667, 10.66667, 1.33333], "rotation": 90, "texture": "#1"},
				"down": {"uv": [0.66667, 10, 1.33333, 10.66667], "texture": "#1"}
			}
		},
		{
			"from": [7.10375, 15.26902, 11.29058],
			"to": [7.69625, 15.86152, 11.88308],
			"rotation": {"angle": 22.5, "axis": "x", "origin": [8, 13.60799, 10.60297]},
			"faces": {
				"east": {"uv": [10, 6.66667, 10.33333, 7], "rotation": 270, "texture": "#1"},
				"south": {"uv": [8.33333, 10.33333, 8, 10], "texture": "#1"},
				"west": {"uv": [10, 7.33333, 10.33333, 7.66667], "rotation": 90, "texture": "#1"},
				"up": {"uv": [6.66667, 10, 7, 10.33333], "rotation": 180, "texture": "#1"},
				"down": {"uv": [7.33333, 10, 7.66667, 10.33333], "texture": "#1"}
			}
		},
		{
			"from": [6.8, 16.43106, 12.97838],
			"to": [7.8, 17.43106, 13.47838],
			"rotation": {"angle": -22.5, "axis": "x", "origin": [8, 13.60799, 10.60297]},
			"faces": {
				"north": {"uv": [10.66667, 2, 10, 2.66667], "rotation": 180, "texture": "#1"},
				"east": {"uv": [10, 5.33333, 10.66667, 5.66667], "rotation": 270, "texture": "#1"},
				"south": {"uv": [11.66667, 0.66667, 11, 0], "texture": "#1"},
				"west": {"uv": [10, 6, 10.66667, 6.33333], "rotation": 90, "texture": "#1"},
				"up": {"uv": [12, 0, 12.66667, 0.33333], "rotation": 180, "texture": "#1"},
				"down": {"uv": [12.66667, 0, 13.33333, 0.33333], "texture": "#1"}
			}
		},
		{
			"from": [4.60718, 12.1292, 10.55141],
			"to": [6.60718, 15.1292, 10.55141],
			"rotation": {"angle": 22.5, "axis": "y", "origin": [8, 13.93299, 9.80297]},
			"faces": {
				"north": {"uv": [4.66667, 0, 3.33333, 2], "rotation": 180, "texture": "#1"},
				"south": {"uv": [4.66667, 2, 3.33333, 0], "texture": "#1"}
			}
		},
		{
			"from": [3.13014, 12.1292, 12.73128],
			"to": [6.13014, 15.1292, 12.73128],
			"rotation": {"angle": -22.5, "axis": "y", "origin": [8, 13.93299, 9.80297]},
			"faces": {
				"north": {"uv": [4.66667, 2.66667, 2.66667, 4.66667], "rotation": 180, "texture": "#1"},
				"south": {"uv": [4.66667, 4.66667, 2.66667, 2.66667], "texture": "#1"}
			}
		},
		{
			"from": [8.58336, 10.8792, 7.903],
			"to": [9.58336, 12.8792, 8.403],
			"rotation": {"angle": 22.5, "axis": "y", "origin": [8, 13.93299, 9.30297]},
			"faces": {
				"north": {"uv": [6, 8, 6.66667, 9.33333], "rotation": 180, "texture": "#1"},
				"east": {"uv": [10.66667, 2.66667, 9.33333, 3], "rotation": 270, "texture": "#1"},
				"south": {"uv": [8, 6.66667, 8.66667, 5.33333], "texture": "#1"},
				"west": {"uv": [4, 9.33333, 2.66667, 9.66667], "rotation": 90, "texture": "#1"},
				"up": {"uv": [5.33333, 10, 4.66667, 10.33333], "rotation": 180, "texture": "#1"},
				"down": {"uv": [10.66667, 4.66667, 10, 5], "texture": "#1"}
			}
		},
		{
			"from": [8.58336, 10.8792, 8.403],
			"to": [9.58336, 12.3792, 10.403],
			"rotation": {"angle": 22.5, "axis": "y", "origin": [8, 13.93299, 9.30297]},
			"faces": {
				"east": {"uv": [2.33333, 6, 1.33333, 7.33333], "rotation": 270, "texture": "#1"},
				"south": {"uv": [8, 8.33333, 8.66667, 7.33333], "texture": "#1"},
				"west": {"uv": [7, 0, 6, 1.33333], "rotation": 90, "texture": "#1"},
				"up": {"uv": [8.66667, 4, 8, 5.33333], "rotation": 180, "texture": "#1"},
				"down": {"uv": [6, 8, 5.33333, 9.33333], "texture": "#1"}
			}
		},
		{
			"from": [6.41664, 10.8792, 8.403],
			"to": [7.41664, 12.3792, 10.403],
			"rotation": {"angle": -22.5, "axis": "y", "origin": [8, 13.93299, 9.30297]},
			"faces": {
				"east": {"uv": [7, 1.33333, 6, 0], "rotation": 90, "texture": "#1"},
				"south": {"uv": [8.66667, 8.33333, 8, 7.33333], "texture": "#1"},
				"west": {"uv": [2.33333, 7.33333, 1.33333, 6], "rotation": 270, "texture": "#1"},
				"up": {"uv": [8, 4, 8.66667, 5.33333], "rotation": 180, "texture": "#1"},
				"down": {"uv": [5.33333, 8, 6, 9.33333], "texture": "#1"}
			}
		},
		{
			"from": [6.41664, 10.8792, 7.903],
			"to": [7.41664, 12.8792, 8.403],
			"rotation": {"angle": -22.5, "axis": "y", "origin": [8, 13.93299, 9.30297]},
			"faces": {
				"north": {"uv": [6.66667, 8, 6, 9.33333], "rotation": 180, "texture": "#1"},
				"east": {"uv": [4, 9.66667, 2.66667, 9.33333], "rotation": 90, "texture": "#1"},
				"south": {"uv": [8.66667, 6.66667, 8, 5.33333], "texture": "#1"},
				"west": {"uv": [10.66667, 3, 9.33333, 2.66667], "rotation": 270, "texture": "#1"},
				"up": {"uv": [4.66667, 10, 5.33333, 10.33333], "rotation": 180, "texture": "#1"},
				"down": {"uv": [10, 4.66667, 10.66667, 5], "texture": "#1"}
			}
		},
		{
			"from": [8.205, 13.57978, 12.32705],
			"to": [8.995, 14.36978, 13.11705],
			"rotation": {"angle": -45, "axis": "x", "origin": [8, 13.60799, 10.60297]},
			"faces": {
				"north": {"uv": [10, 1.33333, 10.66667, 2], "rotation": 180, "texture": "#1"},
				"east": {"uv": [10.66667, 0.66667, 10, 1.33333], "rotation": 270, "texture": "#1"},
				"south": {"uv": [1.33333, 10.66667, 2, 10], "texture": "#1"},
				"west": {"uv": [10.66667, 0, 10, 0.66667], "rotation": 90, "texture": "#1"},
				"down": {"uv": [1.33333, 10, 0.66667, 10.66667], "texture": "#1"}
			}
		},
		{
			"from": [8.30375, 15.26902, 11.29058],
			"to": [8.89625, 15.86152, 11.88308],
			"rotation": {"angle": 22.5, "axis": "x", "origin": [8, 13.60799, 10.60297]},
			"faces": {
				"east": {"uv": [10.33333, 7.33333, 10, 7.66667], "rotation": 270, "texture": "#1"},
				"south": {"uv": [8, 10.33333, 8.33333, 10], "texture": "#1"},
				"west": {"uv": [10.33333, 6.66667, 10, 7], "rotation": 90, "texture": "#1"},
				"up": {"uv": [7, 10, 6.66667, 10.33333], "rotation": 180, "texture": "#1"},
				"down": {"uv": [7.66667, 10, 7.33333, 10.33333], "texture": "#1"}
			}
		},
		{
			"from": [8.1, 14.93205, 11.86113],
			"to": [9.1, 15.93205, 12.86113],
			"rotation": {"angle": -22.5, "axis": "x", "origin": [8, 13.60799, 10.60297]},
			"faces": {
				"north": {"uv": [0, 10, 0.66667, 10.66667], "rotation": 180, "texture": "#1"},
				"east": {"uv": [10, 8.66667, 9.33333, 9.33333], "rotation": 270, "texture": "#1"},
				"south": {"uv": [9.33333, 10, 10, 9.33333], "texture": "#1"},
				"west": {"uv": [10, 7.33333, 9.33333, 8], "rotation": 90, "texture": "#1"},
				"up": {"uv": [10, 6.66667, 9.33333, 7.33333], "rotation": 180, "texture": "#1"},
				"down": {"uv": [10, 8, 9.33333, 8.66667], "texture": "#1"}
			}
		},
		{
			"from": [8.2, 16.43106, 12.97838],
			"to": [9.2, 17.43106, 13.47838],
			"rotation": {"angle": -22.5, "axis": "x", "origin": [8, 13.60799, 10.60297]},
			"faces": {
				"north": {"uv": [10, 2, 10.66667, 2.66667], "rotation": 180, "texture": "#1"},
				"east": {"uv": [10.66667, 6, 10, 6.33333], "rotation": 270, "texture": "#1"},
				"south": {"uv": [11, 0.66667, 11.66667, 0], "texture": "#1"},
				"west": {"uv": [10.66667, 5.33333, 10, 5.66667], "rotation": 90, "texture": "#1"},
				"up": {"uv": [12.66667, 0, 12, 0.33333], "rotation": 180, "texture": "#1"},
				"down": {"uv": [13.33333, 0, 12.66667, 0.33333], "texture": "#1"}
			}
		},
		{
			"from": [9.86986, 12.1292, 12.73128],
			"to": [12.86986, 15.1292, 12.73128],
			"rotation": {"angle": 22.5, "axis": "y", "origin": [8, 13.93299, 9.80297]},
			"faces": {
				"north": {"uv": [2.66667, 2.66667, 4.66667, 4.66667], "rotation": 180, "texture": "#1"},
				"south": {"uv": [2.66667, 4.66667, 4.66667, 2.66667], "texture": "#1"}
			}
		},
		{
			"from": [9.39282, 12.1292, 10.55141],
			"to": [11.39282, 15.1292, 10.55141],
			"rotation": {"angle": -22.5, "axis": "y", "origin": [8, 13.93299, 9.80297]},
			"faces": {
				"north": {"uv": [3.33333, 0, 4.66667, 2], "rotation": 180, "texture": "#1"},
				"south": {"uv": [3.33333, 2, 4.66667, 0], "texture": "#1"}
			}
		},
		{
			"from": [7.985, 5.85758, 8.64918],
			"to": [8.015, 8.85758, 12.64918],
			"rotation": {"angle": 22.5, "axis": "x", "origin": [8, 4.95758, 11.14918]},
			"faces": {
				"east": {"uv": [6, 0, 0, 8], "rotation": 90, "texture": "#4"},
				"west": {"uv": [0, 0, 6, 8], "rotation": 270, "texture": "#4"}
			}
		},
		{
			"from": [7.985, -3, 6.5],
			"to": [8.015, 1, 9.5],
			"rotation": {"angle": 0, "axis": "y", "origin": [0.985, 0, -0.5]},
			"faces": {
				"east": {"uv": [6, 0, 0, 8], "texture": "#4"},
				"west": {"uv": [0, 0, 6, 8], "texture": "#4"}
			}
		},
		{
			"from": [7.5, 8.8, 7.5],
			"to": [8.5, 13.3, 8.5],
			"rotation": {"angle": 0, "axis": "y", "origin": [7.5, 6.3, 7.5]},
			"faces": {
				"north": {"uv": [3.33333, 0, 4, 3], "texture": "#6"},
				"east": {"uv": [3.33333, 3.33333, 4, 6.33333], "texture": "#6"},
				"south": {"uv": [4, 0, 4.66667, 3], "texture": "#6"},
				"west": {"uv": [4, 3.33333, 4.66667, 6.33333], "texture": "#6"},
				"up": {"uv": [10.66667, 8, 10, 7.33333], "texture": "#6"},
				"down": {"uv": [10.66667, 8, 10, 8.66667], "texture": "#6"}
			}
		},
		{
			"from": [7.6, 13.3, 7.6],
			"to": [8.4, 16.8, 8.4],
			"rotation": {"angle": 0, "axis": "y", "origin": [7.5, 5.8, 7.5]},
			"faces": {
				"north": {"uv": [6.66667, 2.66667, 6, 5], "texture": "#6"},
				"east": {"uv": [6, 2.66667, 6.66667, 5], "texture": "#6"},
				"south": {"uv": [6.66667, 2.66667, 6, 5], "texture": "#6"},
				"west": {"uv": [6, 2.66667, 6.66667, 5], "texture": "#6"},
				"up": {"uv": [9.33333, 10.66667, 8.66667, 10], "texture": "#6"}
			}
		},
		{
			"from": [7.7, 16.8, 7.7],
			"to": [8.3, 20.3, 8.3],
			"rotation": {"angle": 0, "axis": "y", "origin": [7.5, 5.8, 7.5]},
			"faces": {
				"north": {"uv": [9.33333, 2.66667, 9.66667, 5], "texture": "#6"},
				"east": {"uv": [3.33333, 9.33333, 3.66667, 11.66667], "texture": "#6"},
				"south": {"uv": [4, 9.33333, 4.33333, 11.66667], "texture": "#6"},
				"west": {"uv": [4.66667, 9.33333, 5, 11.66667], "texture": "#6"},
				"up": {"uv": [11.66667, 0.33333, 11.33333, 0], "texture": "#6"}
			}
		},
		{
			"from": [7, 9.75, 6],
			"to": [9, 10.25, 8],
			"rotation": {"angle": 0, "axis": "y", "origin": [7, 0, 0]},
			"faces": {
				"north": {"uv": [10, 8.66667, 11.33333, 9], "texture": "#6"},
				"east": {"uv": [9.33333, 10, 10.66667, 10.33333], "texture": "#6"},
				"south": {"uv": [10, 9.33333, 11.33333, 9.66667], "texture": "#6"},
				"west": {"uv": [0, 10.66667, 1.33333, 11], "texture": "#6"},
				"up": {"uv": [6, 4, 4.66667, 2.66667], "texture": "#6"},
				"down": {"uv": [6, 4, 4.66667, 5.33333], "texture": "#6"}
			}
		},
		{
			"from": [7, 13.75, 6],
			"to": [9, 14.25, 8],
			"rotation": {"angle": 0, "axis": "y", "origin": [7, 0, 0]},
			"faces": {
				"north": {"uv": [10, 8.66667, 11.33333, 9], "texture": "#6"},
				"east": {"uv": [9.33333, 10, 10.66667, 10.33333], "texture": "#6"},
				"south": {"uv": [10, 9.33333, 11.33333, 9.66667], "texture": "#6"},
				"west": {"uv": [0, 10.66667, 1.33333, 11], "texture": "#6"},
				"up": {"uv": [6, 4, 4.66667, 2.66667], "texture": "#6"},
				"down": {"uv": [6, 4, 4.66667, 5.33333], "texture": "#6"}
			}
		},
		{
			"from": [7, 17.75, 6],
			"to": [9, 18.25, 8],
			"rotation": {"angle": 0, "axis": "y", "origin": [7, 0, 0]},
			"faces": {
				"north": {"uv": [10, 8.66667, 11.33333, 9], "texture": "#6"},
				"east": {"uv": [9.33333, 10, 10.66667, 10.33333], "texture": "#6"},
				"south": {"uv": [10, 9.33333, 11.33333, 9.66667], "texture": "#6"},
				"west": {"uv": [0, 10.66667, 1.33333, 11], "texture": "#6"},
				"up": {"uv": [6, 4, 4.66667, 2.66667], "texture": "#6"},
				"down": {"uv": [6, 4, 4.66667, 5.33333], "texture": "#6"}
			}
		},
		{
			"from": [7.985, 7.25, 2.5],
			"to": [8.015, 20.25, 7.5],
			"rotation": {"angle": 0, "axis": "y", "origin": [7.985, 0, 0]},
			"faces": {
				"east": {"uv": [3.33333, 0, 0, 8.66667], "texture": "#6"},
				"west": {"uv": [0, 0, 3.33333, 8.66667], "texture": "#6"}
			}
		}
	],
	"gui_light": "front",
	"display": {
		"thirdperson_righthand": {
			"rotation": [18.75, 0, 0],
			"translation": [0, 2.5, 2]
		},
		"thirdperson_lefthand": {
			"rotation": [18.75, 0, 0],
			"translation": [0, 2.5, 2]
		},
		"firstperson_righthand": {
			"rotation": [-65.25, 0, -24],
			"translation": [-3.5, 5, 4.5]
		},
		"firstperson_lefthand": {
			"rotation": [-65.25, 0, -24],
			"translation": [-3.5, 5, 4.5]
		},
		"ground": {
			"rotation": [-45, 0, 0],
			"translation": [0, 4.25, 0]
		},
		"gui": {
			"rotation": [-90, 45, 90],
			"translation": [1.75, -1, 0],
			"scale": [0.86133, 0.86133, 0.86133]
		},
		"head": {
			"rotation": [0, -90, 0]
		},
		"fixed": {
			"rotation": [90, -90, 90],
			"translation": [0, -1.75, -2.25],
			"scale": [2.5, 2.5, 2.5]
		}
	},
	"groups": [
		{
			"name": "group",
			"origin": [7.5, 6, 8],
			"color": 0,
			"boneType": "",
			"children": [0, 1, 2, 3, 4, 5, 6, 7, 8]
		},
		9,
		10,
		11,
		12,
		{
			"name": "group",
			"origin": [10.84814, 3.76444, 5.5],
			"color": 0,
			"boneType": "",
			"children": [13, 14, 15, 16, 17, 18, 19, 20, 21, 22, 23, 24, 25, 26, 27, 28, 29, 30, 31, 32, 33, 34, 35, 36, 37, 38, 39, 40, 41, 42, 43, 44]
		},
		45,
		46,
		47,
		48,
		49,
		50,
		51,
		52,
		53
	]
}