{
	"credit": "Made by PolygonMC",
	"texture_size": [24, 24],
	"textures": {
		"1": "littledragonset:item/little_dragon",
		"3": "littledragonset:item/animations/animations_flame_01",
		"4": "littledragonset:item/animations/animations_flame_02",
		"5": "littledragonset:item/scythe"
	},
	"elements": [
		{
			"from": [7.5, 0, 7.5],
			"to": [8.5, 2, 8.5],
			"rotation": {"angle": 0, "axis": "y", "origin": [6.5, 0, 7.5]},
			"faces": {
				"north": {"uv": [10.66667, 3.33333, 11.33333, 4.66667], "texture": "#5"},
				"east": {"uv": [4.66667, 10.66667, 5.33333, 12], "texture": "#5"},
				"south": {"uv": [6, 10.66667, 6.66667, 12], "texture": "#5"},
				"west": {"uv": [10.66667, 6.66667, 11.33333, 8], "texture": "#5"},
				"up": {"uv": [9.33333, 8, 8.66667, 7.33333], "texture": "#5"},
				"down": {"uv": [10, 5.33333, 9.33333, 6], "texture": "#5"}
			}
		},
		{
			"from": [7.6, 2, 7.6],
			"to": [8.4, 3.8, 8.4],
			"rotation": {"angle": 0, "axis": "y", "origin": [6.5, 0, 7.5]},
			"faces": {
				"north": {"uv": [8, 10.66667, 8.66667, 12], "texture": "#5"},
				"east": {"uv": [10.66667, 8, 11.33333, 9.33333], "texture": "#5"},
				"south": {"uv": [8.66667, 10.66667, 9.33333, 12], "texture": "#5"},
				"west": {"uv": [10.66667, 9.33333, 11.33333, 10.66667], "texture": "#5"}
			}
		},
		{
			"from": [7.5, 3.8, 7.5],
			"to": [8.5, 5.8, 8.5],
			"rotation": {"angle": 0, "axis": "y", "origin": [6.5, 0, 7.5]},
			"faces": {
				"north": {"uv": [10.66667, 10.66667, 11.33333, 12], "texture": "#5"},
				"east": {"uv": [0, 11.33333, 0.66667, 12.66667], "texture": "#5"},
				"south": {"uv": [11.33333, 0, 12, 1.33333], "texture": "#5"},
				"west": {"uv": [0.66667, 11.33333, 1.33333, 12.66667], "texture": "#5"},
				"up": {"uv": [10.66667, 7.33333, 10, 6.66667], "texture": "#5"},
				"down": {"uv": [11.33333, 4.66667, 10.66667, 5.33333], "texture": "#5"}
			}
		},
		{
			"from": [7.75, -0.25, 7.25],
			"to": [8.25, 1.25, 8.75],
			"rotation": {"angle": 0, "axis": "y", "origin": [7.75, 0, 7.25]},
			"faces": {
				"north": {"uv": [12, 8, 12.33333, 9], "texture": "#5"},
				"east": {"uv": [0, 8.66667, 1, 9.66667], "texture": "#5"},
				"south": {"uv": [8.66667, 12, 9, 13], "texture": "#5"},
				"west": {"uv": [1.33333, 8.66667, 2.33333, 9.66667], "texture": "#5"},
				"up": {"uv": [12.33333, 10.33333, 12, 9.33333], "texture": "#5"},
				"down": {"uv": [11, 12, 10.66667, 13], "texture": "#5"}
			}
		},
		{
			"from": [7.75, -9.75, 7.25],
			"to": [8.25, -8.25, 8.75],
			"rotation": {"angle": 0, "axis": "y", "origin": [7.75, -9.5, 7.25]},
			"faces": {
				"north": {"uv": [12, 10.66667, 12.33333, 11.66667], "texture": "#5"},
				"east": {"uv": [8.66667, 6, 9.66667, 7], "texture": "#5"},
				"south": {"uv": [11.33333, 12, 11.66667, 13], "texture": "#5"},
				"west": {"uv": [9.33333, 0, 10.33333, 1], "texture": "#5"},
				"up": {"uv": [12.33333, 13, 12, 12], "texture": "#5"},
				"down": {"uv": [0.33333, 12.66667, 0, 13.66667], "texture": "#5"}
			}
		},
		{
			"from": [7.5, -9.5, 7.5],
			"to": [8.5, -7.5, 8.5],
			"rotation": {"angle": 0, "axis": "y", "origin": [6.5, -9.5, 7.5]},
			"faces": {
				"north": {"uv": [1.33333, 11.33333, 2, 12.66667], "texture": "#5"},
				"east": {"uv": [11.33333, 1.33333, 12, 2.66667], "texture": "#5"},
				"south": {"uv": [2, 11.33333, 2.66667, 12.66667], "texture": "#5"},
				"west": {"uv": [2.66667, 11.33333, 3.33333, 12.66667], "texture": "#5"},
				"up": {"uv": [12.66667, 2.66667, 12, 2], "texture": "#5"},
				"down": {"uv": [12.66667, 2.66667, 12, 3.33333], "texture": "#5"}
			}
		},
		{
			"from": [7.25, 5.8, 7],
			"to": [8.75, 6.3, 9],
			"rotation": {"angle": 0, "axis": "y", "origin": [7.25, 5.8, 7.25]},
			"faces": {
				"north": {"uv": [12.66667, 0, 13.66667, 0.33333], "texture": "#5"},
				"east": {"uv": [12, 3.33333, 13.33333, 3.66667], "texture": "#5"},
				"south": {"uv": [0.66667, 12.66667, 1.66667, 13], "texture": "#5"},
				"west": {"uv": [12, 4, 13.33333, 4.33333], "texture": "#5"},
				"up": {"uv": [9, 6, 8, 4.66667], "texture": "#5"},
				"down": {"uv": [9, 8, 8, 9.33333], "texture": "#5"}
			}
		},
		{
			"from": [7.55, 5.25, 7.25],
			"to": [8.45, 6.75, 8.75],
			"rotation": {"angle": 0, "axis": "y", "origin": [7.75, 0, 7.25]},
			"faces": {
				"north": {"uv": [11.33333, 5.33333, 12, 6.33333], "texture": "#5"},
				"east": {"uv": [9.33333, 1.33333, 10.33333, 2.33333], "texture": "#5"},
				"south": {"uv": [6.66667, 11.33333, 7.33333, 12.33333], "texture": "#5"},
				"west": {"uv": [9.33333, 2.66667, 10.33333, 3.66667], "texture": "#5"},
				"up": {"uv": [12, 7.66667, 11.33333, 6.66667], "texture": "#5"},
				"down": {"uv": [12, 8, 11.33333, 9], "texture": "#5"}
			}
		},
		{
			"from": [7.55, 14.25, 7.25],
			"to": [8.45, 15.75, 8.75],
			"rotation": {"angle": 0, "axis": "y", "origin": [7.75, 9, 7.25]},
			"faces": {
				"north": {"uv": [9.33333, 11.33333, 10, 12.33333], "texture": "#5"},
				"east": {"uv": [9.33333, 4, 10.33333, 5], "texture": "#5"},
				"south": {"uv": [11.33333, 9.33333, 12, 10.33333], "texture": "#5"},
				"west": {"uv": [9.33333, 7.33333, 10.33333, 8.33333], "texture": "#5"},
				"up": {"uv": [10.66667, 12.33333, 10, 11.33333], "texture": "#5"},
				"down": {"uv": [12, 10.66667, 11.33333, 11.66667], "texture": "#5"}
			}
		},
		{
			"from": [7.5, 15, 8],
			"to": [8.5, 17, 10],
			"rotation": {"angle": -45, "axis": "x", "origin": [7.5, 15, 8]},
			"faces": {
				"north": {"uv": [11.33333, 2.66667, 12, 4], "texture": "#5"},
				"east": {"uv": [8, 2, 9.33333, 3.33333], "texture": "#5"},
				"south": {"uv": [3.33333, 11.33333, 4, 12.66667], "texture": "#5"},
				"west": {"uv": [8, 3.33333, 9.33333, 4.66667], "texture": "#5"},
				"up": {"uv": [4.66667, 12.66667, 4, 11.33333], "texture": "#5"},
				"down": {"uv": [12, 4, 11.33333, 5.33333], "texture": "#5"}
			}
		},
		{
			"from": [7.25, 15.25, 8.25],
			"to": [8.75, 16.75, 9.75],
			"rotation": {"angle": -45, "axis": "x", "origin": [7.5, 15, 8]},
			"faces": {
				"north": {"uv": [8, 9.33333, 9, 10.33333], "texture": "#5"},
				"east": {"uv": [9.33333, 8.66667, 10.33333, 9.66667], "texture": "#5"},
				"south": {"uv": [0, 10, 1, 11], "texture": "#5"},
				"west": {"uv": [1.33333, 10, 2.33333, 11], "texture": "#5"},
				"up": {"uv": [11, 6.33333, 10, 5.33333], "texture": "#5"},
				"down": {"uv": [10.33333, 10, 9.33333, 11], "texture": "#5"}
			}
		},
		{
			"from": [7, 12.75, 9.25],
			"to": [9, 17.25, 11.25],
			"rotation": {"angle": 0, "axis": "y", "origin": [7, 16.75, 9.25]},
			"faces": {
				"north": {"uv": [2.66667, 2.66667, 1.33333, 5.66667], "rotation": 180, "texture": "#1"},
				"east": {"uv": [0, 0, 3, 1.33333], "rotation": 270, "texture": "#1"},
				"south": {"uv": [1.33333, 5.66667, 0, 2.66667], "texture": "#1"},
				"west": {"uv": [0, 1.33333, 3, 2.66667], "rotation": 90, "texture": "#1"},
				"up": {"uv": [4.66667, 0, 6, 1.33333], "rotation": 180, "texture": "#1"},
				"down": {"uv": [4.66667, 1.33333, 6, 2.66667], "texture": "#1"}
			}
		},
		{
			"from": [6.575, 15.5, 8.05],
			"to": [7.575, 17, 8.55],
			"rotation": {"angle": -22.5, "axis": "y", "origin": [7.075, 16.125, 9.175]},
			"faces": {
				"north": {"uv": [9.33333, 0, 8.66667, 1], "rotation": 180, "texture": "#1"},
				"east": {"uv": [2.66667, 10, 3.66667, 10.33333], "rotation": 270, "texture": "#1"},
				"south": {"uv": [0.66667, 9.66667, 0, 8.66667], "texture": "#1"},
				"west": {"uv": [10, 3.33333, 11, 3.66667], "rotation": 90, "texture": "#1"},
				"up": {"uv": [4, 10, 4.66667, 10.33333], "rotation": 180, "texture": "#1"},
				"down": {"uv": [10, 4, 10.66667, 4.33333], "texture": "#1"}
			}
		},
		{
			"from": [6.575, 15.5, 8.55],
			"to": [7.575, 16.5, 9.55],
			"rotation": {"angle": -22.5, "axis": "y", "origin": [7.075, 16.125, 9.175]},
			"faces": {
				"east": {"uv": [9.33333, 0, 10, 0.66667], "rotation": 270, "texture": "#1"},
				"west": {"uv": [9.33333, 0.66667, 10, 1.33333], "rotation": 90, "texture": "#1"},
				"up": {"uv": [4.66667, 4, 5.33333, 4.66667], "rotation": 180, "texture": "#1"},
				"down": {"uv": [0.66667, 9.33333, 1.33333, 10], "texture": "#1"}
			}
		},
		{
			"from": [6.575, 15.5, 9.55],
			"to": [7.575, 17, 10.55],
			"rotation": {"angle": -22.5, "axis": "y", "origin": [7.075, 16.125, 9.175]},
			"faces": {
				"north": {"uv": [9.33333, 2, 8.66667, 3], "rotation": 180, "texture": "#1"},
				"east": {"uv": [0.66667, 8.66667, 1.66667, 9.33333], "rotation": 270, "texture": "#1"},
				"south": {"uv": [2.66667, 9.66667, 2, 8.66667], "texture": "#1"},
				"west": {"uv": [8.66667, 1.33333, 9.66667, 2], "rotation": 90, "texture": "#1"},
				"up": {"uv": [1.33333, 9.33333, 2, 10], "rotation": 180, "texture": "#1"},
				"down": {"uv": [9.33333, 2, 10, 2.66667], "texture": "#1"}
			}
		},
		{
			"from": [8.425, 15.5, 9.55],
			"to": [9.425, 17, 10.55],
			"rotation": {"angle": 22.5, "axis": "y", "origin": [8.925, 16.125, 9.175]},
			"faces": {
				"north": {"uv": [8.66667, 2, 9.33333, 3], "rotation": 180, "texture": "#1"},
				"east": {"uv": [8.66667, 2, 9.66667, 1.33333], "rotation": 90, "texture": "#1"},
				"south": {"uv": [2, 9.66667, 2.66667, 8.66667], "texture": "#1"},
				"west": {"uv": [0.66667, 9.33333, 1.66667, 8.66667], "rotation": 270, "texture": "#1"},
				"up": {"uv": [2, 9.33333, 1.33333, 10], "rotation": 180, "texture": "#1"},
				"down": {"uv": [10, 2, 9.33333, 2.66667], "texture": "#1"}
			}
		},
		{
			"from": [8.425, 15.5, 8.55],
			"to": [9.425, 16.5, 9.55],
			"rotation": {"angle": 22.5, "axis": "y", "origin": [8.925, 16.125, 9.175]},
			"faces": {
				"east": {"uv": [9.33333, 1.33333, 10, 0.66667], "rotation": 90, "texture": "#1"},
				"west": {"uv": [9.33333, 0.66667, 10, 0], "rotation": 270, "texture": "#1"},
				"up": {"uv": [5.33333, 4, 4.66667, 4.66667], "rotation": 180, "texture": "#1"},
				"down": {"uv": [1.33333, 9.33333, 0.66667, 10], "texture": "#1"}
			}
		},
		{
			"from": [8.425, 15.5, 8.05],
			"to": [9.425, 17, 8.55],
			"rotation": {"angle": 22.5, "axis": "y", "origin": [8.925, 16.125, 9.175]},
			"faces": {
				"north": {"uv": [8.66667, 0, 9.33333, 1], "rotation": 180, "texture": "#1"},
				"east": {"uv": [10, 3.66667, 11, 3.33333], "rotation": 90, "texture": "#1"},
				"south": {"uv": [0, 9.66667, 0.66667, 8.66667], "texture": "#1"},
				"west": {"uv": [2.66667, 10.33333, 3.66667, 10], "rotation": 270, "texture": "#1"},
				"up": {"uv": [4.66667, 10, 4, 10.33333], "rotation": 180, "texture": "#1"},
				"down": {"uv": [10.66667, 4, 10, 4.33333], "texture": "#1"}
			}
		},
		{
			"from": [7.25, 16.98314, 9.63956],
			"to": [8.75, 18.48314, 11.13956],
			"rotation": {"angle": -22.5, "axis": "x", "origin": [8, 17.20814, 10.46456]},
			"faces": {
				"north": {"uv": [8.33333, 0, 7.33333, 1], "rotation": 180, "texture": "#1"},
				"east": {"uv": [5.33333, 6.66667, 6.33333, 7.66667], "rotation": 270, "texture": "#1"},
				"south": {"uv": [1, 8.33333, 0, 7.33333], "texture": "#1"},
				"west": {"uv": [6.66667, 6.66667, 7.66667, 7.66667], "rotation": 90, "texture": "#1"},
				"up": {"uv": [6.66667, 4, 7.66667, 5], "rotation": 180, "texture": "#1"},
				"down": {"uv": [6.66667, 5.33333, 7.66667, 6.33333], "texture": "#1"}
			}
		},
		{
			"from": [7, 17.91348, 9.27057],
			"to": [9, 19.91348, 11.27057],
			"rotation": {"angle": 0, "axis": "y", "origin": [8, 19.36702, 10.45354]},
			"faces": {
				"north": {"uv": [2.66667, 4.66667, 4, 6], "texture": "#1"},
				"east": {"uv": [4.66667, 2.66667, 6, 4], "texture": "#1"},
				"south": {"uv": [4, 4.66667, 5.33333, 6], "texture": "#1"},
				"west": {"uv": [5.33333, 4, 6.66667, 5.33333], "texture": "#1"},
				"up": {"uv": [6.66667, 6.66667, 5.33333, 5.33333], "texture": "#1"},
				"down": {"uv": [1.33333, 6, 0, 7.33333], "texture": "#1"}
			}
		},
		{
			"from": [7, 17.91348, 8.27057],
			"to": [9, 18.91348, 9.27057],
			"rotation": {"angle": 0, "axis": "y", "origin": [8, 19.36702, 10.45354]},
			"faces": {
				"north": {"uv": [3.33333, 2, 4.66667, 2.66667], "texture": "#1"},
				"east": {"uv": [4, 9.33333, 4.66667, 10], "texture": "#1"},
				"west": {"uv": [4.66667, 9.33333, 5.33333, 10], "texture": "#1"},
				"up": {"uv": [8, 8.66667, 6.66667, 8], "texture": "#1"},
				"down": {"uv": [9.33333, 6.66667, 8, 7.33333], "texture": "#1"}
			}
		},
		{
			"from": [7.25, 18.16348, 8.02057],
			"to": [8.75, 19.16348, 9.27057],
			"rotation": {"angle": 0, "axis": "y", "origin": [8, 19.36702, 10.45354]},
			"faces": {
				"north": {"uv": [2.66667, 8.66667, 3.66667, 9.33333], "texture": "#1"},
				"east": {"uv": [8.66667, 3.33333, 9.66667, 4], "texture": "#1"},
				"west": {"uv": [4, 8.66667, 5, 9.33333], "texture": "#1"},
				"up": {"uv": [2.33333, 8.33333, 1.33333, 7.33333], "texture": "#1"},
				"down": {"uv": [8.33333, 1.33333, 7.33333, 2.33333], "texture": "#1"}
			}
		},
		{
			"from": [6.7, 11.67729, 9.66902],
			"to": [8.2, 13.67729, 11.16902],
			"rotation": {"angle": -22.5, "axis": "z", "origin": [7.05225, 11.46654, 10.4172]},
			"faces": {
				"north": {"uv": [5, 6, 4, 7.33333], "rotation": 180, "texture": "#1"},
				"east": {"uv": [6, 1.33333, 7.33333, 2.33333], "rotation": 270, "texture": "#1"},
				"south": {"uv": [7, 4, 6, 2.66667], "texture": "#1"},
				"west": {"uv": [2.66667, 6, 4, 7], "rotation": 90, "texture": "#1"},
				"up": {"uv": [2.66667, 7.33333, 3.66667, 8.33333], "rotation": 180, "texture": "#1"},
				"down": {"uv": [7.33333, 2.66667, 8.33333, 3.66667], "texture": "#1"}
			}
		},
		{
			"from": [6.70048, 10.59981, 9.79178],
			"to": [7.94548, 12.25981, 11.03678],
			"rotation": {"angle": -45, "axis": "z", "origin": [7.05225, 11.46654, 10.4172]},
			"faces": {
				"north": {"uv": [7.33333, 8.66667, 6.66667, 9.66667], "rotation": 180, "texture": "#1"},
				"east": {"uv": [8.66667, 4, 9.66667, 4.66667], "rotation": 270, "texture": "#1"},
				"south": {"uv": [9.33333, 6.33333, 8.66667, 5.33333], "texture": "#1"},
				"west": {"uv": [8.66667, 4.66667, 9.66667, 5.33333], "rotation": 90, "texture": "#1"},
				"up": {"uv": [5.33333, 9.33333, 6, 10], "rotation": 180, "texture": "#1"},
				"down": {"uv": [9.33333, 5.33333, 10, 6], "texture": "#1"}
			}
		},
		{
			"from": [5.22597, 10.37498, 9.90343],
			"to": [6.60377, 11.40833, 10.93678],
			"rotation": {"angle": 22.5, "axis": "z", "origin": [7.05225, 11.46654, 10.4172]},
			"faces": {
				"north": {"uv": [8, 8.66667, 8.66667, 9.66667], "rotation": 90, "texture": "#1"},
				"east": {"uv": [10, 6, 9.33333, 6.66667], "rotation": 90, "texture": "#1"},
				"south": {"uv": [7.33333, 8.66667, 8, 9.66667], "rotation": 270, "texture": "#1"},
				"west": {"uv": [6.66667, 10, 6, 9.33333], "rotation": 90, "texture": "#1"},
				"up": {"uv": [8.66667, 8.66667, 9.33333, 9.66667], "rotation": 270, "texture": "#1"},
				"down": {"uv": [8.66667, 7.33333, 9.33333, 8.33333], "rotation": 270, "texture": "#1"}
			}
		},
		{
			"from": [7.34028, 18.41348, 11.20804],
			"to": [7.34028, 19.91348, 12.70804],
			"rotation": {"angle": -45, "axis": "y", "origin": [8, 19.36702, 10.45354]},
			"faces": {
				"east": {"uv": [5, 7.33333, 4, 8.33333], "texture": "#1"},
				"west": {"uv": [4, 7.33333, 5, 8.33333], "texture": "#1"}
			}
		},
		{
			"from": [6.9, 18.75807, 10.86917],
			"to": [7.9, 19.75807, 11.86917],
			"rotation": {"angle": -22.5, "axis": "x", "origin": [8, 19.36702, 10.45354]},
			"faces": {
				"north": {"uv": [9.33333, 6.66667, 10, 7.33333], "texture": "#1"},
				"east": {"uv": [9.33333, 7.33333, 10, 8], "texture": "#1"},
				"south": {"uv": [9.33333, 8, 10, 8.66667], "texture": "#1"},
				"west": {"uv": [9.33333, 8.66667, 10, 9.33333], "texture": "#1"},
				"up": {"uv": [10, 10, 9.33333, 9.33333], "texture": "#1"},
				"down": {"uv": [0.66667, 10, 0, 10.66667], "texture": "#1"}
			}
		},
		{
			"from": [7.005, 18.31769, 11.50838],
			"to": [7.795, 19.10769, 12.29838],
			"rotation": {"angle": -45, "axis": "x", "origin": [8, 19.36702, 10.45354]},
			"faces": {
				"east": {"uv": [10, 0, 10.66667, 0.66667], "texture": "#1"},
				"south": {"uv": [0.66667, 10, 1.33333, 10.66667], "texture": "#1"},
				"west": {"uv": [10, 0.66667, 10.66667, 1.33333], "texture": "#1"},
				"up": {"uv": [2, 10.66667, 1.33333, 10], "texture": "#1"},
				"down": {"uv": [10.66667, 1.33333, 10, 2], "texture": "#1"}
			}
		},
		{
			"from": [7.10375, 20.64362, 11.46274],
			"to": [7.69625, 21.23612, 12.05524],
			"rotation": {"angle": 22.5, "axis": "x", "origin": [8, 19.36702, 10.45354]},
			"faces": {
				"north": {"uv": [6.66667, 10, 7, 10.33333], "texture": "#1"},
				"east": {"uv": [10, 6.66667, 10.33333, 7], "texture": "#1"},
				"south": {"uv": [7.33333, 10, 7.66667, 10.33333], "texture": "#1"},
				"west": {"uv": [10, 7.33333, 10.33333, 7.66667], "texture": "#1"},
				"up": {"uv": [8.33333, 10.33333, 8, 10], "texture": "#1"}
			}
		},
		{
			"from": [6.8, 19.87532, 9.37015],
			"to": [7.8, 20.37532, 10.37015],
			"rotation": {"angle": -22.5, "axis": "x", "origin": [8, 19.36702, 10.45354]},
			"faces": {
				"north": {"uv": [12, 0, 12.66667, 0.33333], "texture": "#1"},
				"east": {"uv": [10, 5.33333, 10.66667, 5.66667], "texture": "#1"},
				"south": {"uv": [12.66667, 0, 13.33333, 0.33333], "texture": "#1"},
				"west": {"uv": [10, 6, 10.66667, 6.33333], "texture": "#1"},
				"up": {"uv": [11.66667, 0.66667, 11, 0], "texture": "#1"},
				"down": {"uv": [10.66667, 2, 10, 2.66667], "texture": "#1"}
			}
		},
		{
			"from": [5.15186, 13.75, 12.01444],
			"to": [7.15186, 16.75, 12.01444],
			"rotation": {"angle": 22.5, "axis": "y", "origin": [5.15186, 17.25, 12.01444]},
			"faces": {
				"north": {"uv": [4.66667, 0, 3.33333, 2], "rotation": 180, "texture": "#1"},
				"south": {"uv": [4.66667, 2, 3.33333, 0], "texture": "#1"}
			}
		},
		{
			"from": [2.15186, 13.75, 12.01444],
			"to": [5.15186, 16.75, 12.01444],
			"rotation": {"angle": -22.5, "axis": "y", "origin": [5.15186, 17.25, 12.01444]},
			"faces": {
				"north": {"uv": [4.66667, 2.66667, 2.66667, 4.66667], "rotation": 180, "texture": "#1"},
				"south": {"uv": [4.66667, 4.66667, 2.66667, 2.66667], "texture": "#1"}
			}
		},
		{
			"from": [8.3, 12.5, 8.25],
			"to": [9.3, 14.5, 8.75],
			"rotation": {"angle": 22.5, "axis": "y", "origin": [8.8, 13.375, 9.125]},
			"faces": {
				"north": {"uv": [6, 8, 6.66667, 9.33333], "rotation": 180, "texture": "#1"},
				"east": {"uv": [10.66667, 2.66667, 9.33333, 3], "rotation": 270, "texture": "#1"},
				"south": {"uv": [8, 6.66667, 8.66667, 5.33333], "texture": "#1"},
				"west": {"uv": [4, 9.33333, 2.66667, 9.66667], "rotation": 90, "texture": "#1"},
				"up": {"uv": [5.33333, 10, 4.66667, 10.33333], "rotation": 180, "texture": "#1"},
				"down": {"uv": [10.66667, 4.66667, 10, 5], "texture": "#1"}
			}
		},
		{
			"from": [8.3, 12.5, 8.75],
			"to": [9.3, 14, 10.75],
			"rotation": {"angle": 22.5, "axis": "y", "origin": [8.8, 13.375, 9.125]},
			"faces": {
				"east": {"uv": [2.33333, 6, 1.33333, 7.33333], "rotation": 270, "texture": "#1"},
				"south": {"uv": [8, 8.33333, 8.66667, 7.33333], "texture": "#1"},
				"west": {"uv": [7, 0, 6, 1.33333], "rotation": 90, "texture": "#1"},
				"up": {"uv": [8.66667, 4, 8, 5.33333], "rotation": 180, "texture": "#1"},
				"down": {"uv": [6, 8, 5.33333, 9.33333], "texture": "#1"}
			}
		},
		{
			"from": [6.7, 12.5, 8.75],
			"to": [7.7, 14, 10.75],
			"rotation": {"angle": -22.5, "axis": "y", "origin": [7.2, 13.375, 9.125]},
			"faces": {
				"east": {"uv": [7, 1.33333, 6, 0], "rotation": 90, "texture": "#1"},
				"south": {"uv": [8.66667, 8.33333, 8, 7.33333], "texture": "#1"},
				"west": {"uv": [2.33333, 7.33333, 1.33333, 6], "rotation": 270, "texture": "#1"},
				"up": {"uv": [8, 4, 8.66667, 5.33333], "rotation": 180, "texture": "#1"},
				"down": {"uv": [5.33333, 8, 6, 9.33333], "texture": "#1"}
			}
		},
		{
			"from": [6.7, 12.5, 8.25],
			"to": [7.7, 14.5, 8.75],
			"rotation": {"angle": -22.5, "axis": "y", "origin": [7.2, 13.375, 9.125]},
			"faces": {
				"north": {"uv": [6.66667, 8, 6, 9.33333], "rotation": 180, "texture": "#1"},
				"east": {"uv": [4, 9.66667, 2.66667, 9.33333], "rotation": 90, "texture": "#1"},
				"south": {"uv": [8.66667, 6.66667, 8, 5.33333], "texture": "#1"},
				"west": {"uv": [10.66667, 3, 9.33333, 2.66667], "rotation": 270, "texture": "#1"},
				"up": {"uv": [4.66667, 10, 5.33333, 10.33333], "rotation": 180, "texture": "#1"},
				"down": {"uv": [10, 4.66667, 10.66667, 5], "texture": "#1"}
			}
		},
		{
			"from": [8.205, 18.31769, 11.50838],
			"to": [8.995, 19.10769, 12.29838],
			"rotation": {"angle": -45, "axis": "x", "origin": [8, 19.36702, 10.45354]},
			"faces": {
				"east": {"uv": [10.66667, 0.66667, 10, 1.33333], "texture": "#1"},
				"south": {"uv": [1.33333, 10, 0.66667, 10.66667], "texture": "#1"},
				"west": {"uv": [10.66667, 0, 10, 0.66667], "texture": "#1"},
				"up": {"uv": [1.33333, 10.66667, 2, 10], "texture": "#1"},
				"down": {"uv": [10, 1.33333, 10.66667, 2], "texture": "#1"}
			}
		},
		{
			"from": [8.30375, 20.64362, 11.46274],
			"to": [8.89625, 21.23612, 12.05524],
			"rotation": {"angle": 22.5, "axis": "x", "origin": [8, 19.36702, 10.45354]},
			"faces": {
				"north": {"uv": [7, 10, 6.66667, 10.33333], "texture": "#1"},
				"east": {"uv": [10.33333, 7.33333, 10, 7.66667], "texture": "#1"},
				"south": {"uv": [7.66667, 10, 7.33333, 10.33333], "texture": "#1"},
				"west": {"uv": [10.33333, 6.66667, 10, 7], "texture": "#1"},
				"up": {"uv": [8, 10.33333, 8.33333, 10], "texture": "#1"}
			}
		},
		{
			"from": [8.1, 18.75807, 10.86917],
			"to": [9.1, 19.75807, 11.86917],
			"rotation": {"angle": -22.5, "axis": "x", "origin": [8, 19.36702, 10.45354]},
			"faces": {
				"north": {"uv": [10, 6.66667, 9.33333, 7.33333], "texture": "#1"},
				"east": {"uv": [10, 8.66667, 9.33333, 9.33333], "texture": "#1"},
				"south": {"uv": [10, 8, 9.33333, 8.66667], "texture": "#1"},
				"west": {"uv": [10, 7.33333, 9.33333, 8], "texture": "#1"},
				"up": {"uv": [9.33333, 10, 10, 9.33333], "texture": "#1"},
				"down": {"uv": [0, 10, 0.66667, 10.66667], "texture": "#1"}
			}
		},
		{
			"from": [8.2, 19.87532, 9.37015],
			"to": [9.2, 20.37532, 10.37015],
			"rotation": {"angle": -22.5, "axis": "x", "origin": [8, 19.36702, 10.45354]},
			"faces": {
				"north": {"uv": [12.66667, 0, 12, 0.33333], "texture": "#1"},
				"east": {"uv": [10.66667, 6, 10, 6.33333], "texture": "#1"},
				"south": {"uv": [13.33333, 0, 12.66667, 0.33333], "texture": "#1"},
				"west": {"uv": [10.66667, 5.33333, 10, 5.66667], "texture": "#1"},
				"up": {"uv": [11, 0.66667, 11.66667, 0], "texture": "#1"},
				"down": {"uv": [10, 2, 10.66667, 2.66667], "texture": "#1"}
			}
		},
		{
			"from": [8.65972, 18.41348, 11.20804],
			"to": [8.65972, 19.91348, 12.70804],
			"rotation": {"angle": 45, "axis": "y", "origin": [8, 19.36702, 10.45354]},
			"faces": {
				"east": {"uv": [5, 7.33333, 4, 8.33333], "texture": "#1"},
				"west": {"uv": [4, 7.33333, 5, 8.33333], "texture": "#1"}
			}
		},
		{
			"from": [10.84814, 13.75, 12.01444],
			"to": [13.84814, 16.75, 12.01444],
			"rotation": {"angle": 22.5, "axis": "y", "origin": [10.84814, 17.25, 12.01444]},
			"faces": {
				"north": {"uv": [2.66667, 2.66667, 4.66667, 4.66667], "rotation": 180, "texture": "#1"},
				"south": {"uv": [2.66667, 4.66667, 4.66667, 2.66667], "texture": "#1"}
			}
		},
		{
			"from": [8.84814, 13.75, 12.01444],
			"to": [10.84814, 16.75, 12.01444],
			"rotation": {"angle": -22.5, "axis": "y", "origin": [10.84814, 17.25, 12.01444]},
			"faces": {
				"north": {"uv": [3.33333, 0, 4.66667, 2], "rotation": 180, "texture": "#1"},
				"south": {"uv": [3.33333, 2, 4.66667, 0], "texture": "#1"}
			}
		},
		{
			"from": [7.985, -12.5, 6.5],
			"to": [8.015, -8.5, 9.5],
			"rotation": {"angle": 0, "axis": "y", "origin": [0.985, -9.5, -0.5]},
			"faces": {
				"east": {"uv": [6, 0, 0, 8], "texture": "#4"},
				"west": {"uv": [0, 0, 6, 8], "texture": "#4"}
			}
		},
		{
			"from": [2.95343, 8.75343, 10.485],
			"to": [6.95343, 11.75343, 10.515],
			"rotation": {"angle": 22.5, "axis": "z", "origin": [5.82843, 9.32843, 10.5]},
			"faces": {
				"north": {"uv": [6, 0, 0, 8], "rotation": 270, "texture": "#4"},
				"south": {"uv": [0, 0, 6, 8], "rotation": 90, "texture": "#4"}
			}
		},
		{
			"from": [7.5, 6.5, 7.5],
			"to": [8.5, 14.75, 8.5],
			"rotation": {"angle": 0, "axis": "y", "origin": [7.5, 6.5, 7.5]},
			"faces": {
				"north": {"uv": [2.66667, 5.33333, 3.33333, 11], "texture": "#5"},
				"east": {"uv": [5.33333, 2.66667, 6, 8.33333], "texture": "#5"},
				"south": {"uv": [3.33333, 5.33333, 4, 11], "texture": "#5"},
				"west": {"uv": [4, 5.33333, 4.66667, 11], "texture": "#5"},
				"up": {"uv": [5.33333, 12.66667, 4.66667, 12], "texture": "#5"},
				"down": {"uv": [12.66667, 4.66667, 12, 5.33333], "texture": "#5"}
			}
		},
		{
			"from": [7.55, -7.5, 7.55],
			"to": [8.45, 0, 8.45],
			"rotation": {"angle": 0, "axis": "y", "origin": [7.5, -8.25, 7.5]},
			"faces": {
				"north": {"uv": [4.66667, 5.33333, 5.33333, 10.33333], "texture": "#5"},
				"east": {"uv": [6, 0, 6.66667, 5], "texture": "#5"},
				"south": {"uv": [6, 5.33333, 6.66667, 10.33333], "texture": "#5"},
				"west": {"uv": [6.66667, 0, 7.33333, 5], "texture": "#5"}
			}
		},
		{
			"from": [7.75, 12, 4],
			"to": [8.25, 14, 13],
			"rotation": {"angle": -22.5, "axis": "x", "origin": [8, 1, 1]},
			"faces": {
				"north": {"uv": [5.33333, 12, 5.66667, 13.33333], "texture": "#5"},
				"east": {"uv": [0, 0, 6, 1.33333], "texture": "#5"},
				"south": {"uv": [12, 5.33333, 12.33333, 6.66667], "texture": "#5"},
				"west": {"uv": [0, 1.33333, 6, 2.66667], "texture": "#5"},
				"up": {"uv": [7, 11.33333, 6.66667, 5.33333], "texture": "#5"},
				"down": {"uv": [7.66667, 0, 7.33333, 6], "texture": "#5"}
			}
		},
		{
			"from": [7.75, 10, 2.5],
			"to": [8.25, 12, 10],
			"rotation": {"angle": -22.5, "axis": "x", "origin": [8, 1, 1]},
			"faces": {
				"east": {"uv": [0, 2.66667, 5, 4], "texture": "#5"},
				"south": {"uv": [8, 12, 8.33333, 13.33333], "texture": "#5"},
				"west": {"uv": [0, 4, 5, 5.33333], "texture": "#5"},
				"down": {"uv": [7.66667, 8, 7.33333, 13], "texture": "#5"}
			}
		},
		{
			"from": [7.7475, 9.42804, -2.04473],
			"to": [8.2525, 13.92804, -0.04473],
			"rotation": {"angle": 22.5, "axis": "x", "origin": [7.9975, 11.92804, -1.04473]},
			"faces": {
				"north": {"uv": [5.33333, 8.66667, 5.66667, 11.66667], "texture": "#5"},
				"east": {"uv": [0, 5.33333, 1.33333, 8.33333], "texture": "#5"},
				"south": {"uv": [10.66667, 0, 11, 3], "texture": "#5"},
				"west": {"uv": [1.33333, 5.33333, 2.66667, 8.33333], "texture": "#5"},
				"up": {"uv": [6.33333, 13.33333, 6, 12], "texture": "#5"},
				"down": {"uv": [12.33333, 6.66667, 12, 8], "texture": "#5"}
			}
		},
		{
			"from": [7.751, 16.43366, 5.89734],
			"to": [8.249, 19.43366, 7.39734],
			"rotation": {"angle": 22.5, "axis": "x", "origin": [8.001, 18.43366, -2.60266]},
			"faces": {
				"east": {"uv": [7.33333, 6, 8.33333, 8], "texture": "#5"},
				"south": {"uv": [12, 0, 12.33333, 2], "texture": "#5"},
				"west": {"uv": [8, 0, 9, 2], "texture": "#5"}
			}
		},
		{
			"from": [7.9475, 11.75, -0.5],
			"to": [7.9775, 29.75, 3.5],
			"rotation": {"angle": 45, "axis": "x", "origin": [7.9625, 16.75, -2]},
			"faces": {
				"east": {"uv": [0, 0, 2.66667, 12], "texture": "#3"},
				"west": {"uv": [2.66667, 0, 0, 12], "texture": "#3"}
			}
		}
	],
	"gui_light": "front",
	"display": {
		"thirdperson_righthand": {
			"translation": [0, 2.25, 0.75]
		},
		"thirdperson_lefthand": {
			"translation": [0, 2.25, 0.75]
		},
		"firstperson_righthand": {
			"rotation": [-15, 0, 0],
			"translation": [0, 1.75, 0]
		},
		"firstperson_lefthand": {
			"rotation": [-15, 0, 0],
			"translation": [0, 1.75, 0]
		},
		"ground": {
			"rotation": [-45, 0, 0],
			"translation": [0, 14.25, 0]
		},
		"gui": {
			"rotation": [-90, 45, 90],
			"translation": [-1.25, 1.5, 0],
			"scale": [0.67188, 0.67188, 0.67188]
		},
		"head": {
			"rotation": [0, -90, 0]
		},
		"fixed": {
			"rotation": [90, -90, 90],
			"translation": [0, 8, -2.25],
			"scale": [2.5, 2.5, 2.5]
		}
	},
	"groups": [
		0,
		1,
		2,
		3,
		4,
		5,
		6,
		7,
		8,
		9,
		10,
		{
			"name": "group",
			"origin": [10.84814, 3.76444, 5.5],
			"color": 0,
			"boneType": "",
			"children": [11, 12, 13, 14, 15, 16, 17, 18, 19, 20, 21, 22, 23, 24, 25, 26, 27, 28, 29, 30, 31, 32, 33, 34, 35, 36, 37, 38, 39, 40, 41, 42]
		},
		43,
		44,
		45,
		46,
		47,
		48,
		49,
		50,
		{
			"name": "group",
			"origin": [10.84814, 3.76444, 5.5],
			"color": 0,
			"boneType": "",
			"children": []
		},
		51
	]
}