{
	"credit": "Made by PolygonMC",
	"texture_size": [8, 8],
	"textures": {
		"1": "littledragonset:item/little_dragon",
		"3": "littledragonset:item/animations/animations_flame_04",
		"4": "littledragonset:item/animations/animations_flame_02",
		"5": "littledragonset:item/shovel",
		"particle": "littledragonset:item/animations/animations_flame_04"
	},
	"elements": [
		{
			"from": [7.5, 0, 7.5],
			"to": [8.5, 2, 8.5],
			"rotation": {"angle": 0, "axis": "y", "origin": [6.5, 0, 7.5]},
			"faces": {
				"north": {"uv": [6.66667, 2.66667, 7.33333, 4], "texture": "#5"},
				"east": {"uv": [4, 6.66667, 4.66667, 8], "texture": "#5"},
				"south": {"uv": [6.66667, 4, 7.33333, 5.33333], "texture": "#5"},
				"west": {"uv": [4.66667, 6.66667, 5.33333, 8], "texture": "#5"},
				"up": {"uv": [9.33333, 2, 8.66667, 1.33333], "texture": "#5"},
				"down": {"uv": [2.66667, 8.66667, 2, 9.33333], "texture": "#5"}
			}
		},
		{
			"from": [7.6, 2, 7.6],
			"to": [8.4, 3.8, 8.4],
			"rotation": {"angle": 0, "axis": "y", "origin": [6.5, 0, 7.5]},
			"faces": {
				"north": {"uv": [5.33333, 6.66667, 6, 8], "texture": "#5"},
				"east": {"uv": [6.66667, 5.33333, 7.33333, 6.66667], "texture": "#5"},
				"south": {"uv": [6, 6.66667, 6.66667, 8], "texture": "#5"},
				"west": {"uv": [6.66667, 6.66667, 7.33333, 8], "texture": "#5"}
			}
		},
		{
			"from": [7.5, 3.8, 7.5],
			"to": [8.5, 5.8, 8.5],
			"rotation": {"angle": 0, "axis": "y", "origin": [6.5, 0, 7.5]},
			"faces": {
				"north": {"uv": [0, 7.33333, 0.66667, 8.66667], "texture": "#5"},
				"east": {"uv": [0.66667, 7.33333, 1.33333, 8.66667], "texture": "#5"},
				"south": {"uv": [1.33333, 7.33333, 2, 8.66667], "texture": "#5"},
				"west": {"uv": [2, 7.33333, 2.66667, 8.66667], "texture": "#5"},
				"up": {"uv": [9.33333, 2.66667, 8.66667, 2], "texture": "#5"},
				"down": {"uv": [9.33333, 2.66667, 8.66667, 3.33333], "texture": "#5"}
			}
		},
		{
			"from": [7.75, -0.25, 7.25],
			"to": [8.25, 1.25, 8.75],
			"rotation": {"angle": 0, "axis": "y", "origin": [7.75, 0, 7.25]},
			"faces": {
				"north": {"uv": [9.33333, 6.66667, 9.66667, 7.66667], "texture": "#5"},
				"east": {"uv": [5.33333, 0, 6.33333, 1], "texture": "#5"},
				"south": {"uv": [7.33333, 9.33333, 7.66667, 10.33333], "texture": "#5"},
				"west": {"uv": [5.33333, 1.33333, 6.33333, 2.33333], "texture": "#5"},
				"up": {"uv": [8.33333, 10.33333, 8, 9.33333], "texture": "#5"},
				"down": {"uv": [9.66667, 8, 9.33333, 9], "texture": "#5"}
			}
		},
		{
			"from": [7.25, 5.8, 7],
			"to": [8.75, 6.3, 9],
			"rotation": {"angle": 0, "axis": "y", "origin": [7.25, 5.8, 7.25]},
			"faces": {
				"north": {"uv": [8.66667, 9.33333, 9.66667, 9.66667], "texture": "#5"},
				"east": {"uv": [8.66667, 3.33333, 10, 3.66667], "texture": "#5"},
				"south": {"uv": [0, 10, 1, 10.33333], "texture": "#5"},
				"west": {"uv": [8.66667, 4, 10, 4.33333], "texture": "#5"},
				"up": {"uv": [5, 4, 4, 2.66667], "texture": "#5"},
				"down": {"uv": [5, 4, 4, 5.33333], "texture": "#5"}
			}
		},
		{
			"from": [7.55, 5.25, 7.25],
			"to": [8.45, 6.75, 8.75],
			"rotation": {"angle": 0, "axis": "y", "origin": [7.75, 0, 7.25]},
			"faces": {
				"north": {"uv": [8, 4, 8.66667, 5], "texture": "#5"},
				"east": {"uv": [2.66667, 5.33333, 3.66667, 6.33333], "texture": "#5"},
				"south": {"uv": [4.66667, 8, 5.33333, 9], "texture": "#5"},
				"west": {"uv": [5.33333, 2.66667, 6.33333, 3.66667], "texture": "#5"},
				"up": {"uv": [6, 9, 5.33333, 8], "texture": "#5"},
				"down": {"uv": [8.66667, 5.33333, 8, 6.33333], "texture": "#5"}
			}
		},
		{
			"from": [7.55, 10.25, 7.25],
			"to": [8.45, 11.75, 8.75],
			"rotation": {"angle": 0, "axis": "y", "origin": [7.75, 5, 7.25]},
			"faces": {
				"north": {"uv": [6, 8, 6.66667, 9], "texture": "#5"},
				"east": {"uv": [4, 5.33333, 5, 6.33333], "texture": "#5"},
				"south": {"uv": [6.66667, 8, 7.33333, 9], "texture": "#5"},
				"west": {"uv": [5.33333, 4, 6.33333, 5], "texture": "#5"},
				"up": {"uv": [8.66667, 7.66667, 8, 6.66667], "texture": "#5"},
				"down": {"uv": [8, 8, 7.33333, 9], "texture": "#5"}
			}
		},
		{
			"from": [7.5, 11, 8],
			"to": [8.5, 13, 10],
			"rotation": {"angle": -45, "axis": "x", "origin": [7.5, 11, 8]},
			"faces": {
				"north": {"uv": [7.33333, 2.66667, 8, 4], "texture": "#5"},
				"east": {"uv": [2.66667, 2.66667, 4, 4], "texture": "#5"},
				"south": {"uv": [7.33333, 4, 8, 5.33333], "texture": "#5"},
				"west": {"uv": [4, 0, 5.33333, 1.33333], "texture": "#5"},
				"up": {"uv": [8, 6.66667, 7.33333, 5.33333], "texture": "#5"},
				"down": {"uv": [8, 6.66667, 7.33333, 8], "texture": "#5"}
			}
		},
		{
			"from": [7.25, 11.25, 8.25],
			"to": [8.75, 12.75, 9.75],
			"rotation": {"angle": -45, "axis": "x", "origin": [7.5, 11, 8]},
			"faces": {
				"north": {"uv": [5.33333, 5.33333, 6.33333, 6.33333], "texture": "#5"},
				"east": {"uv": [0, 6, 1, 7], "texture": "#5"},
				"south": {"uv": [1.33333, 6, 2.33333, 7], "texture": "#5"},
				"west": {"uv": [6.66667, 0, 7.66667, 1], "texture": "#5"},
				"up": {"uv": [7.66667, 2.33333, 6.66667, 1.33333], "texture": "#5"},
				"down": {"uv": [3.66667, 6.66667, 2.66667, 7.66667], "texture": "#5"}
			}
		},
		{
			"from": [7.544, 11.69543, 8.38661],
			"to": [8.456, 12.60743, 9.41261],
			"rotation": {"angle": -22.5, "axis": "x", "origin": [8, 12.57005, 9.7148]},
			"faces": {
				"north": {"uv": [8.66667, 4.66667, 9.33333, 5.33333], "texture": "#5"},
				"east": {"uv": [8.66667, 5.33333, 9.33333, 6], "texture": "#5"},
				"south": {"uv": [8.66667, 6, 9.33333, 6.66667], "texture": "#5"},
				"west": {"uv": [8.66667, 6.66667, 9.33333, 7.33333], "texture": "#5"},
				"up": {"uv": [9.33333, 8, 8.66667, 7.33333], "texture": "#5"},
				"down": {"uv": [9.33333, 8, 8.66667, 8.66667], "texture": "#5"}
			}
		},
		{
			"from": [7.60784, 11.91298, 9.08722],
			"to": [8.39216, 12.6973, 9.96958],
			"rotation": {"angle": -45, "axis": "x", "origin": [8, 12.57005, 9.7148]},
			"faces": {
				"east": {"uv": [8.66667, 8.66667, 9.33333, 9.33333], "texture": "#5"},
				"south": {"uv": [9.33333, 0, 10, 0.66667], "texture": "#5"},
				"west": {"uv": [9.33333, 0.66667, 10, 1.33333], "texture": "#5"},
				"up": {"uv": [10, 2, 9.33333, 1.33333], "texture": "#5"},
				"down": {"uv": [2.66667, 9.33333, 2, 10], "texture": "#5"}
			}
		},
		{
			"from": [7.66274, 12.53026, 9.71843],
			"to": [8.33726, 13.28909, 10.39294],
			"rotation": {"angle": 22.5, "axis": "x", "origin": [8, 12.57005, 9.7148]},
			"faces": {
				"north": {"uv": [10, 2.66667, 10.33333, 3.33333], "texture": "#5"},
				"east": {"uv": [10, 3.33333, 10.33333, 4], "texture": "#5"},
				"south": {"uv": [10, 4, 10.33333, 4.66667], "texture": "#5"},
				"west": {"uv": [4.66667, 10, 5, 10.66667], "texture": "#5"},
				"up": {"uv": [10.33333, 5, 10, 4.66667], "texture": "#5"}
			}
		},
		{
			"from": [7.71333, 12.94626, 10.02106],
			"to": [8.28667, 13.59126, 10.5944],
			"rotation": {"angle": 0, "axis": "y", "origin": [8, 12.57005, 9.7148]},
			"faces": {
				"north": {"uv": [10, 5.33333, 10.33333, 5.66667], "texture": "#5"},
				"east": {"uv": [10, 6, 10.33333, 6.33333], "texture": "#5"},
				"south": {"uv": [10, 6.66667, 10.33333, 7], "texture": "#5"},
				"west": {"uv": [10, 7.33333, 10.33333, 7.66667], "texture": "#5"},
				"up": {"uv": [10.33333, 8.33333, 10, 8], "texture": "#5"}
			}
		},
		{
			"from": [7.544, 11.69543, 6.58739],
			"to": [8.456, 12.60743, 7.61339],
			"rotation": {"angle": 22.5, "axis": "x", "origin": [8, 12.57005, 6.2852]},
			"faces": {
				"north": {"uv": [9.33333, 6, 8.66667, 6.66667], "texture": "#5"},
				"east": {"uv": [9.33333, 5.33333, 8.66667, 6], "texture": "#5"},
				"south": {"uv": [9.33333, 4.66667, 8.66667, 5.33333], "texture": "#5"},
				"west": {"uv": [9.33333, 6.66667, 8.66667, 7.33333], "texture": "#5"},
				"up": {"uv": [9.33333, 7.33333, 8.66667, 8], "texture": "#5"},
				"down": {"uv": [9.33333, 8.66667, 8.66667, 8], "texture": "#5"}
			}
		},
		{
			"from": [7.60784, 11.91298, 6.03042],
			"to": [8.39216, 12.6973, 6.91278],
			"rotation": {"angle": 45, "axis": "x", "origin": [8, 12.57005, 6.2852]},
			"faces": {
				"north": {"uv": [10, 0, 9.33333, 0.66667], "texture": "#5"},
				"east": {"uv": [9.33333, 8.66667, 8.66667, 9.33333], "texture": "#5"},
				"west": {"uv": [10, 0.66667, 9.33333, 1.33333], "texture": "#5"},
				"up": {"uv": [10, 1.33333, 9.33333, 2], "texture": "#5"},
				"down": {"uv": [2.66667, 10, 2, 9.33333], "texture": "#5"}
			}
		},
		{
			"from": [7.66274, 12.53026, 5.60706],
			"to": [8.33726, 13.28909, 6.28157],
			"rotation": {"angle": -22.5, "axis": "x", "origin": [8, 12.57005, 6.2852]},
			"faces": {
				"north": {"uv": [10.33333, 4, 10, 4.66667], "texture": "#5"},
				"east": {"uv": [10.33333, 3.33333, 10, 4], "texture": "#5"},
				"south": {"uv": [10.33333, 2.66667, 10, 3.33333], "texture": "#5"},
				"west": {"uv": [5, 10, 4.66667, 10.66667], "texture": "#5"},
				"up": {"uv": [10.33333, 4.66667, 10, 5], "texture": "#5"}
			}
		},
		{
			"from": [7.71333, 12.94626, 5.4056],
			"to": [8.28667, 13.59126, 5.97894],
			"rotation": {"angle": 0, "axis": "y", "origin": [8, 12.57005, 6.2852]},
			"faces": {
				"north": {"uv": [10.33333, 6.66667, 10, 7], "texture": "#5"},
				"east": {"uv": [10.33333, 6, 10, 6.33333], "texture": "#5"},
				"south": {"uv": [10.33333, 5.33333, 10, 5.66667], "texture": "#5"},
				"west": {"uv": [10.33333, 7.33333, 10, 7.66667], "texture": "#5"},
				"up": {"uv": [10.33333, 8, 10, 8.33333], "texture": "#5"}
			}
		},
		{
			"from": [7, 8.1292, 9.32838],
			"to": [9, 12.6292, 11.32838],
			"rotation": {"angle": 22.5, "axis": "x", "origin": [8, 10.3792, 10.32838]},
			"faces": {
				"north": {"uv": [2.66667, 2.66667, 1.33333, 5.66667], "rotation": 180, "texture": "#1"},
				"east": {"uv": [0, 0, 3, 1.33333], "rotation": 270, "texture": "#1"},
				"south": {"uv": [1.33333, 5.66667, 0, 2.66667], "texture": "#1"},
				"west": {"uv": [0, 1.33333, 3, 2.66667], "rotation": 90, "texture": "#1"},
				"up": {"uv": [4.66667, 0, 6, 1.33333], "rotation": 180, "texture": "#1"},
				"down": {"uv": [4.66667, 1.33333, 6, 2.66667], "texture": "#1"}
			}
		},
		{
			"from": [6.32029, 10.8792, 8.54703],
			"to": [7.32029, 12.3792, 9.04703],
			"rotation": {"angle": -22.5, "axis": "y", "origin": [8, 10.93299, 10.10297]},
			"faces": {
				"north": {"uv": [9.33333, 0, 8.66667, 1], "rotation": 180, "texture": "#1"},
				"east": {"uv": [2.66667, 10, 3.66667, 10.33333], "rotation": 270, "texture": "#1"},
				"south": {"uv": [0.66667, 9.66667, 0, 8.66667], "texture": "#1"},
				"west": {"uv": [10, 3.33333, 11, 3.66667], "rotation": 90, "texture": "#1"},
				"up": {"uv": [4, 10, 4.66667, 10.33333], "rotation": 180, "texture": "#1"},
				"down": {"uv": [10, 4, 10.66667, 4.33333], "texture": "#1"}
			}
		},
		{
			"from": [6.32029, 10.8792, 9.04703],
			"to": [7.32029, 11.8792, 10.04703],
			"rotation": {"angle": -22.5, "axis": "y", "origin": [8, 10.93299, 10.10297]},
			"faces": {
				"east": {"uv": [9.33333, 0, 10, 0.66667], "rotation": 270, "texture": "#1"},
				"west": {"uv": [9.33333, 0.66667, 10, 1.33333], "rotation": 90, "texture": "#1"},
				"up": {"uv": [4.66667, 4, 5.33333, 4.66667], "rotation": 180, "texture": "#1"},
				"down": {"uv": [0.66667, 9.33333, 1.33333, 10], "texture": "#1"}
			}
		},
		{
			"from": [6.32029, 10.8792, 10.04703],
			"to": [7.32029, 12.3792, 11.04703],
			"rotation": {"angle": -22.5, "axis": "y", "origin": [8, 10.93299, 10.10297]},
			"faces": {
				"north": {"uv": [9.33333, 2, 8.66667, 3], "rotation": 180, "texture": "#1"},
				"east": {"uv": [0.66667, 8.66667, 1.66667, 9.33333], "rotation": 270, "texture": "#1"},
				"south": {"uv": [2.66667, 9.66667, 2, 8.66667], "texture": "#1"},
				"west": {"uv": [8.66667, 1.33333, 9.66667, 2], "rotation": 90, "texture": "#1"},
				"up": {"uv": [1.33333, 9.33333, 2, 10], "rotation": 180, "texture": "#1"},
				"down": {"uv": [9.33333, 2, 10, 2.66667], "texture": "#1"}
			}
		},
		{
			"from": [8.67971, 10.8792, 10.04703],
			"to": [9.67971, 12.3792, 11.04703],
			"rotation": {"angle": 22.5, "axis": "y", "origin": [8, 10.93299, 10.10297]},
			"faces": {
				"north": {"uv": [8.66667, 2, 9.33333, 3], "rotation": 180, "texture": "#1"},
				"east": {"uv": [8.66667, 2, 9.66667, 1.33333], "rotation": 90, "texture": "#1"},
				"south": {"uv": [2, 9.66667, 2.66667, 8.66667], "texture": "#1"},
				"west": {"uv": [0.66667, 9.33333, 1.66667, 8.66667], "rotation": 270, "texture": "#1"},
				"up": {"uv": [2, 9.33333, 1.33333, 10], "rotation": 180, "texture": "#1"},
				"down": {"uv": [10, 2, 9.33333, 2.66667], "texture": "#1"}
			}
		},
		{
			"from": [8.67971, 10.8792, 9.04703],
			"to": [9.67971, 11.8792, 10.04703],
			"rotation": {"angle": 22.5, "axis": "y", "origin": [8, 10.93299, 10.10297]},
			"faces": {
				"east": {"uv": [9.33333, 1.33333, 10, 0.66667], "rotation": 90, "texture": "#1"},
				"west": {"uv": [9.33333, 0.66667, 10, 0], "rotation": 270, "texture": "#1"},
				"up": {"uv": [5.33333, 4, 4.66667, 4.66667], "rotation": 180, "texture": "#1"},
				"down": {"uv": [1.33333, 9.33333, 0.66667, 10], "texture": "#1"}
			}
		},
		{
			"from": [8.67971, 10.8792, 8.54703],
			"to": [9.67971, 12.3792, 9.04703],
			"rotation": {"angle": 22.5, "axis": "y", "origin": [8, 10.93299, 10.10297]},
			"faces": {
				"north": {"uv": [8.66667, 0, 9.33333, 1], "rotation": 180, "texture": "#1"},
				"east": {"uv": [10, 3.66667, 11, 3.33333], "rotation": 90, "texture": "#1"},
				"south": {"uv": [0, 9.66667, 0.66667, 8.66667], "texture": "#1"},
				"west": {"uv": [2.66667, 10.33333, 3.66667, 10], "rotation": 270, "texture": "#1"},
				"up": {"uv": [4.66667, 10, 4, 10.33333], "rotation": 180, "texture": "#1"},
				"down": {"uv": [10.66667, 4, 10, 4.33333], "texture": "#1"}
			}
		},
		{
			"from": [7.25, 11.68728, 11.1215],
			"to": [8.75, 13.18728, 12.6215],
			"rotation": {"angle": -22.5, "axis": "x", "origin": [8, 10.60799, 10.90297]},
			"faces": {
				"north": {"uv": [8.33333, 0, 7.33333, 1], "rotation": 180, "texture": "#1"},
				"east": {"uv": [5.33333, 6.66667, 6.33333, 7.66667], "rotation": 270, "texture": "#1"},
				"south": {"uv": [1, 8.33333, 0, 7.33333], "texture": "#1"},
				"west": {"uv": [6.66667, 6.66667, 7.66667, 7.66667], "rotation": 90, "texture": "#1"},
				"up": {"uv": [6.66667, 4, 7.66667, 5], "rotation": 180, "texture": "#1"},
				"down": {"uv": [6.66667, 5.33333, 7.66667, 6.33333], "texture": "#1"}
			}
		},
		{
			"from": [7, 13.03662, 10.12598],
			"to": [9, 15.03662, 12.12598],
			"rotation": {"angle": 0, "axis": "y", "origin": [8, 10.60799, 10.90297]},
			"faces": {
				"north": {"uv": [1.33333, 6, 0, 7.33333], "rotation": 180, "texture": "#1"},
				"east": {"uv": [4.66667, 2.66667, 6, 4], "rotation": 270, "texture": "#1"},
				"south": {"uv": [6.66667, 6.66667, 5.33333, 5.33333], "texture": "#1"},
				"west": {"uv": [5.33333, 4, 6.66667, 5.33333], "rotation": 90, "texture": "#1"},
				"up": {"uv": [2.66667, 4.66667, 4, 6], "rotation": 180, "texture": "#1"},
				"down": {"uv": [4, 4.66667, 5.33333, 6], "texture": "#1"}
			}
		},
		{
			"from": [7, 15.03662, 10.12598],
			"to": [9, 16.03662, 11.12598],
			"rotation": {"angle": 0, "axis": "y", "origin": [8, 10.60799, 10.90297]},
			"faces": {
				"north": {"uv": [9.33333, 6.66667, 8, 7.33333], "rotation": 180, "texture": "#1"},
				"east": {"uv": [4, 9.33333, 4.66667, 10], "rotation": 270, "texture": "#1"},
				"south": {"uv": [8, 8.66667, 6.66667, 8], "texture": "#1"},
				"west": {"uv": [4.66667, 9.33333, 5.33333, 10], "rotation": 90, "texture": "#1"},
				"up": {"uv": [3.33333, 2, 4.66667, 2.66667], "rotation": 180, "texture": "#1"}
			}
		},
		{
			"from": [7.25, 15.03662, 10.37598],
			"to": [8.75, 16.28662, 11.37598],
			"rotation": {"angle": 0, "axis": "y", "origin": [8, 10.60799, 10.90297]},
			"faces": {
				"north": {"uv": [8.33333, 1.33333, 7.33333, 2.33333], "rotation": 180, "texture": "#1"},
				"east": {"uv": [8.66667, 3.33333, 9.66667, 4], "rotation": 270, "texture": "#1"},
				"south": {"uv": [2.33333, 8.33333, 1.33333, 7.33333], "texture": "#1"},
				"west": {"uv": [4, 8.66667, 5, 9.33333], "rotation": 90, "texture": "#1"},
				"up": {"uv": [2.66667, 8.66667, 3.66667, 9.33333], "rotation": 180, "texture": "#1"}
			}
		},
		{
			"from": [7.25, 6.45649, 9.0224],
			"to": [8.75, 8.45649, 10.5224],
			"rotation": {"angle": 0, "axis": "y", "origin": [7.60225, 6.24574, 9.77057]},
			"faces": {
				"north": {"uv": [5, 6, 4, 7.33333], "rotation": 180, "texture": "#1"},
				"east": {"uv": [6, 1.33333, 7.33333, 2.33333], "rotation": 270, "texture": "#1"},
				"south": {"uv": [7, 4, 6, 2.66667], "texture": "#1"},
				"west": {"uv": [2.66667, 6, 4, 7], "rotation": 90, "texture": "#1"},
				"up": {"uv": [2.66667, 7.33333, 3.66667, 8.33333], "rotation": 180, "texture": "#1"},
				"down": {"uv": [7.33333, 2.66667, 8.33333, 3.66667], "texture": "#1"}
			}
		},
		{
			"from": [7.3775, 5.09649, 9.4524],
			"to": [8.6225, 6.75649, 10.6974],
			"rotation": {"angle": -22.5, "axis": "x", "origin": [8, 5.62649, 9.8999]},
			"faces": {
				"north": {"uv": [7.33333, 8.66667, 6.66667, 9.66667], "rotation": 180, "texture": "#1"},
				"east": {"uv": [8.66667, 4, 9.66667, 4.66667], "rotation": 270, "texture": "#1"},
				"south": {"uv": [9.33333, 6.33333, 8.66667, 5.33333], "texture": "#1"},
				"west": {"uv": [8.66667, 4.66667, 9.66667, 5.33333], "rotation": 90, "texture": "#1"},
				"up": {"uv": [5.33333, 9.33333, 6, 10], "rotation": 180, "texture": "#1"},
				"down": {"uv": [9.33333, 5.33333, 10, 6], "texture": "#1"}
			}
		},
		{
			"from": [7.48333, 4.1549, 10.07508],
			"to": [8.51667, 5.5327, 11.10843],
			"rotation": {"angle": -45, "axis": "x", "origin": [8, 4.8438, 10.54175]},
			"faces": {
				"north": {"uv": [8, 8.66667, 8.66667, 9.66667], "rotation": 180, "texture": "#1"},
				"east": {"uv": [8.66667, 7.33333, 9.33333, 8.33333], "rotation": 180, "texture": "#1"},
				"south": {"uv": [7.33333, 8.66667, 8, 9.66667], "rotation": 180, "texture": "#1"},
				"west": {"uv": [8.66667, 8.66667, 9.33333, 9.66667], "rotation": 180, "texture": "#1"},
				"up": {"uv": [10, 6, 9.33333, 6.66667], "texture": "#1"},
				"down": {"uv": [6.66667, 10, 6, 9.33333], "texture": "#1"}
			}
		},
		{
			"from": [5.86753, 11.74558, 10.26448],
			"to": [5.86753, 13.24558, 11.76448],
			"rotation": {"angle": -22.5, "axis": "z", "origin": [8, 10.60799, 10.90297]},
			"faces": {
				"east": {"uv": [5, 7.33333, 4, 8.33333], "rotation": 270, "texture": "#1"},
				"west": {"uv": [4, 7.33333, 5, 8.33333], "rotation": 90, "texture": "#1"}
			}
		},
		{
			"from": [10.13247, 11.74558, 10.26448],
			"to": [10.13247, 13.24558, 11.76448],
			"rotation": {"angle": 22.5, "axis": "z", "origin": [8, 10.60799, 10.90297]},
			"faces": {
				"east": {"uv": [5, 7.33333, 4, 8.33333], "rotation": 270, "texture": "#1"},
				"west": {"uv": [4, 7.33333, 5, 8.33333], "rotation": 90, "texture": "#1"}
			}
		},
		{
			"from": [6.9, 11.93205, 12.16113],
			"to": [7.9, 12.93205, 13.16113],
			"rotation": {"angle": -22.5, "axis": "x", "origin": [8, 10.60799, 10.90297]},
			"faces": {
				"north": {"uv": [0.66667, 10, 0, 10.66667], "rotation": 180, "texture": "#1"},
				"east": {"uv": [9.33333, 7.33333, 10, 8], "rotation": 270, "texture": "#1"},
				"south": {"uv": [10, 10, 9.33333, 9.33333], "texture": "#1"},
				"west": {"uv": [9.33333, 8.66667, 10, 9.33333], "rotation": 90, "texture": "#1"},
				"up": {"uv": [9.33333, 6.66667, 10, 7.33333], "rotation": 180, "texture": "#1"},
				"down": {"uv": [9.33333, 8, 10, 8.66667], "texture": "#1"}
			}
		},
		{
			"from": [7.005, 10.57978, 12.62705],
			"to": [7.795, 11.36978, 13.41705],
			"rotation": {"angle": -45, "axis": "x", "origin": [8, 10.60799, 10.90297]},
			"faces": {
				"north": {"uv": [10.66667, 1.33333, 10, 2], "rotation": 180, "texture": "#1"},
				"east": {"uv": [10, 0, 10.66667, 0.66667], "rotation": 270, "texture": "#1"},
				"south": {"uv": [2, 10.66667, 1.33333, 10], "texture": "#1"},
				"west": {"uv": [10, 0.66667, 10.66667, 1.33333], "rotation": 90, "texture": "#1"},
				"down": {"uv": [0.66667, 10, 1.33333, 10.66667], "texture": "#1"}
			}
		},
		{
			"from": [7.10375, 12.26902, 11.59058],
			"to": [7.69625, 12.86152, 12.18308],
			"rotation": {"angle": 22.5, "axis": "x", "origin": [8, 10.60799, 10.90297]},
			"faces": {
				"east": {"uv": [10, 6.66667, 10.33333, 7], "rotation": 270, "texture": "#1"},
				"south": {"uv": [8.33333, 10.33333, 8, 10], "texture": "#1"},
				"west": {"uv": [10, 7.33333, 10.33333, 7.66667], "rotation": 90, "texture": "#1"},
				"up": {"uv": [6.66667, 10, 7, 10.33333], "rotation": 180, "texture": "#1"},
				"down": {"uv": [7.33333, 10, 7.66667, 10.33333], "texture": "#1"}
			}
		},
		{
			"from": [6.8, 13.43106, 13.27838],
			"to": [7.8, 14.43106, 13.77838],
			"rotation": {"angle": -22.5, "axis": "x", "origin": [8, 10.60799, 10.90297]},
			"faces": {
				"north": {"uv": [10.66667, 2, 10, 2.66667], "rotation": 180, "texture": "#1"},
				"east": {"uv": [10, 5.33333, 10.66667, 5.66667], "rotation": 270, "texture": "#1"},
				"south": {"uv": [11.66667, 0.66667, 11, 0], "texture": "#1"},
				"west": {"uv": [10, 6, 10.66667, 6.33333], "rotation": 90, "texture": "#1"},
				"up": {"uv": [12, 0, 12.66667, 0.33333], "rotation": 180, "texture": "#1"},
				"down": {"uv": [12.66667, 0, 13.33333, 0.33333], "texture": "#1"}
			}
		},
		{
			"from": [4.60718, 9.1292, 10.85141],
			"to": [6.60718, 12.1292, 10.85141],
			"rotation": {"angle": 22.5, "axis": "y", "origin": [8, 10.93299, 10.10297]},
			"faces": {
				"north": {"uv": [4.66667, 0, 3.33333, 2], "rotation": 180, "texture": "#1"},
				"south": {"uv": [4.66667, 2, 3.33333, 0], "texture": "#1"}
			}
		},
		{
			"from": [3.13014, 9.1292, 13.03128],
			"to": [6.13014, 12.1292, 13.03128],
			"rotation": {"angle": -22.5, "axis": "y", "origin": [8, 10.93299, 10.10297]},
			"faces": {
				"north": {"uv": [4.66667, 2.66667, 2.66667, 4.66667], "rotation": 180, "texture": "#1"},
				"south": {"uv": [4.66667, 4.66667, 2.66667, 2.66667], "texture": "#1"}
			}
		},
		{
			"from": [8.58336, 7.8792, 8.203],
			"to": [9.58336, 9.8792, 8.703],
			"rotation": {"angle": 22.5, "axis": "y", "origin": [8, 10.93299, 9.60297]},
			"faces": {
				"north": {"uv": [6, 8, 6.66667, 9.33333], "rotation": 180, "texture": "#1"},
				"east": {"uv": [10.66667, 2.66667, 9.33333, 3], "rotation": 270, "texture": "#1"},
				"south": {"uv": [8, 6.66667, 8.66667, 5.33333], "texture": "#1"},
				"west": {"uv": [4, 9.33333, 2.66667, 9.66667], "rotation": 90, "texture": "#1"},
				"up": {"uv": [5.33333, 10, 4.66667, 10.33333], "rotation": 180, "texture": "#1"},
				"down": {"uv": [10.66667, 4.66667, 10, 5], "texture": "#1"}
			}
		},
		{
			"from": [8.58336, 7.8792, 8.703],
			"to": [9.58336, 9.3792, 10.703],
			"rotation": {"angle": 22.5, "axis": "y", "origin": [8, 10.93299, 9.60297]},
			"faces": {
				"east": {"uv": [2.33333, 6, 1.33333, 7.33333], "rotation": 270, "texture": "#1"},
				"south": {"uv": [8, 8.33333, 8.66667, 7.33333], "texture": "#1"},
				"west": {"uv": [7, 0, 6, 1.33333], "rotation": 90, "texture": "#1"},
				"up": {"uv": [8.66667, 4, 8, 5.33333], "rotation": 180, "texture": "#1"},
				"down": {"uv": [6, 8, 5.33333, 9.33333], "texture": "#1"}
			}
		},
		{
			"from": [6.41664, 7.8792, 8.703],
			"to": [7.41664, 9.3792, 10.703],
			"rotation": {"angle": -22.5, "axis": "y", "origin": [8, 10.93299, 9.60297]},
			"faces": {
				"east": {"uv": [7, 1.33333, 6, 0], "rotation": 90, "texture": "#1"},
				"south": {"uv": [8.66667, 8.33333, 8, 7.33333], "texture": "#1"},
				"west": {"uv": [2.33333, 7.33333, 1.33333, 6], "rotation": 270, "texture": "#1"},
				"up": {"uv": [8, 4, 8.66667, 5.33333], "rotation": 180, "texture": "#1"},
				"down": {"uv": [5.33333, 8, 6, 9.33333], "texture": "#1"}
			}
		},
		{
			"from": [6.41664, 7.8792, 8.203],
			"to": [7.41664, 9.8792, 8.703],
			"rotation": {"angle": -22.5, "axis": "y", "origin": [8, 10.93299, 9.60297]},
			"faces": {
				"north": {"uv": [6.66667, 8, 6, 9.33333], "rotation": 180, "texture": "#1"},
				"east": {"uv": [4, 9.66667, 2.66667, 9.33333], "rotation": 90, "texture": "#1"},
				"south": {"uv": [8.66667, 6.66667, 8, 5.33333], "texture": "#1"},
				"west": {"uv": [10.66667, 3, 9.33333, 2.66667], "rotation": 270, "texture": "#1"},
				"up": {"uv": [4.66667, 10, 5.33333, 10.33333], "rotation": 180, "texture": "#1"},
				"down": {"uv": [10, 4.66667, 10.66667, 5], "texture": "#1"}
			}
		},
		{
			"from": [8.205, 10.57978, 12.62705],
			"to": [8.995, 11.36978, 13.41705],
			"rotation": {"angle": -45, "axis": "x", "origin": [8, 10.60799, 10.90297]},
			"faces": {
				"north": {"uv": [10, 1.33333, 10.66667, 2], "rotation": 180, "texture": "#1"},
				"east": {"uv": [10.66667, 0.66667, 10, 1.33333], "rotation": 270, "texture": "#1"},
				"south": {"uv": [1.33333, 10.66667, 2, 10], "texture": "#1"},
				"west": {"uv": [10.66667, 0, 10, 0.66667], "rotation": 90, "texture": "#1"},
				"down": {"uv": [1.33333, 10, 0.66667, 10.66667], "texture": "#1"}
			}
		},
		{
			"from": [8.30375, 12.26902, 11.59058],
			"to": [8.89625, 12.86152, 12.18308],
			"rotation": {"angle": 22.5, "axis": "x", "origin": [8, 10.60799, 10.90297]},
			"faces": {
				"east": {"uv": [10.33333, 7.33333, 10, 7.66667], "rotation": 270, "texture": "#1"},
				"south": {"uv": [8, 10.33333, 8.33333, 10], "texture": "#1"},
				"west": {"uv": [10.33333, 6.66667, 10, 7], "rotation": 90, "texture": "#1"},
				"up": {"uv": [7, 10, 6.66667, 10.33333], "rotation": 180, "texture": "#1"},
				"down": {"uv": [7.66667, 10, 7.33333, 10.33333], "texture": "#1"}
			}
		},
		{
			"from": [8.1, 11.93205, 12.16113],
			"to": [9.1, 12.93205, 13.16113],
			"rotation": {"angle": -22.5, "axis": "x", "origin": [8, 10.60799, 10.90297]},
			"faces": {
				"north": {"uv": [0, 10, 0.66667, 10.66667], "rotation": 180, "texture": "#1"},
				"east": {"uv": [10, 8.66667, 9.33333, 9.33333], "rotation": 270, "texture": "#1"},
				"south": {"uv": [9.33333, 10, 10, 9.33333], "texture": "#1"},
				"west": {"uv": [10, 7.33333, 9.33333, 8], "rotation": 90, "texture": "#1"},
				"up": {"uv": [10, 6.66667, 9.33333, 7.33333], "rotation": 180, "texture": "#1"},
				"down": {"uv": [10, 8, 9.33333, 8.66667], "texture": "#1"}
			}
		},
		{
			"from": [8.2, 13.43106, 13.27838],
			"to": [9.2, 14.43106, 13.77838],
			"rotation": {"angle": -22.5, "axis": "x", "origin": [8, 10.60799, 10.90297]},
			"faces": {
				"north": {"uv": [10, 2, 10.66667, 2.66667], "rotation": 180, "texture": "#1"},
				"east": {"uv": [10.66667, 6, 10, 6.33333], "rotation": 270, "texture": "#1"},
				"south": {"uv": [11, 0.66667, 11.66667, 0], "texture": "#1"},
				"west": {"uv": [10.66667, 5.33333, 10, 5.66667], "rotation": 90, "texture": "#1"},
				"up": {"uv": [12.66667, 0, 12, 0.33333], "rotation": 180, "texture": "#1"},
				"down": {"uv": [13.33333, 0, 12.66667, 0.33333], "texture": "#1"}
			}
		},
		{
			"from": [9.86986, 9.1292, 13.03128],
			"to": [12.86986, 12.1292, 13.03128],
			"rotation": {"angle": 22.5, "axis": "y", "origin": [8, 10.93299, 10.10297]},
			"faces": {
				"north": {"uv": [2.66667, 2.66667, 4.66667, 4.66667], "rotation": 180, "texture": "#1"},
				"south": {"uv": [2.66667, 4.66667, 4.66667, 2.66667], "texture": "#1"}
			}
		},
		{
			"from": [9.39282, 9.1292, 10.85141],
			"to": [11.39282, 12.1292, 10.85141],
			"rotation": {"angle": -22.5, "axis": "y", "origin": [8, 10.93299, 10.10297]},
			"faces": {
				"north": {"uv": [3.33333, 0, 4.66667, 2], "rotation": 180, "texture": "#1"},
				"south": {"uv": [3.33333, 2, 4.66667, 0], "texture": "#1"}
			}
		},
		{
			"from": [7.985, 2.85758, 8.94918],
			"to": [8.015, 5.85758, 12.94918],
			"rotation": {"angle": 22.5, "axis": "x", "origin": [8, 1.95758, 11.44918]},
			"faces": {
				"east": {"uv": [6, 0, 0, 8], "rotation": 90, "texture": "#4"},
				"west": {"uv": [0, 0, 6, 8], "rotation": 270, "texture": "#4"}
			}
		},
		{
			"from": [7.985, -3, 6.5],
			"to": [8.015, 1, 9.5],
			"rotation": {"angle": 0, "axis": "y", "origin": [0.985, 0, -0.5]},
			"faces": {
				"east": {"uv": [6, 0, 0, 8], "texture": "#4"},
				"west": {"uv": [0, 0, 6, 8], "texture": "#4"}
			}
		},
		{
			"from": [7.5, 6.3, 7.5],
			"to": [8.5, 10.8, 8.5],
			"rotation": {"angle": 0, "axis": "y", "origin": [7.5, 6.3, 7.5]},
			"faces": {
				"north": {"uv": [0, 2.66667, 0.66667, 5.66667], "texture": "#5"},
				"east": {"uv": [0.66667, 2.66667, 1.33333, 5.66667], "texture": "#5"},
				"south": {"uv": [1.33333, 2.66667, 2, 5.66667], "texture": "#5"},
				"west": {"uv": [2, 2.66667, 2.66667, 5.66667], "texture": "#5"},
				"up": {"uv": [10, 2.66667, 9.33333, 2], "texture": "#5"},
				"down": {"uv": [3.33333, 9.33333, 2.66667, 10], "texture": "#5"}
			}
		},
		{
			"from": [7.545, 12.58858, 5.701],
			"to": [8.455, 14.40858, 6.611],
			"rotation": {"angle": -22.5, "axis": "x", "origin": [8, 14.72545, 6.58168]},
			"faces": {
				"north": {"uv": [8, 0, 8.66667, 1.33333], "texture": "#5"},
				"east": {"uv": [8, 1.33333, 8.66667, 2.66667], "texture": "#5"},
				"south": {"uv": [2.66667, 8, 3.33333, 9.33333], "texture": "#5"},
				"west": {"uv": [8, 2.66667, 8.66667, 4], "texture": "#5"},
				"up": {"uv": [10, 3.33333, 9.33333, 2.66667], "texture": "#5"},
				"down": {"uv": [5.33333, 9.33333, 4.66667, 10], "texture": "#5"}
			}
		},
		{
			"from": [7.6269, 14.10022, 5.94845],
			"to": [8.3731, 15.59262, 6.69465],
			"rotation": {"angle": 0, "axis": "x", "origin": [8, 14.72545, 6.58168]},
			"faces": {
				"north": {"uv": [8, 8, 8.66667, 9], "texture": "#5"},
				"east": {"uv": [0, 8.66667, 0.66667, 9.66667], "texture": "#5"},
				"south": {"uv": [8.66667, 0, 9.33333, 1], "texture": "#5"},
				"west": {"uv": [0.66667, 8.66667, 1.33333, 9.66667], "texture": "#5"},
				"up": {"uv": [10, 5.33333, 9.33333, 4.66667], "texture": "#5"}
			}
		},
		{
			"from": [7.69406, 15.2821, 5.70921],
			"to": [8.30594, 16.50587, 6.32109],
			"rotation": {"angle": 22.5, "axis": "x", "origin": [8, 14.72545, 6.58168]},
			"faces": {
				"north": {"uv": [10, 0, 10.33333, 1], "texture": "#5"},
				"east": {"uv": [10, 1.33333, 10.33333, 2.33333], "texture": "#5"},
				"south": {"uv": [2, 10, 2.33333, 11], "texture": "#5"},
				"west": {"uv": [2.66667, 10, 3, 11], "texture": "#5"},
				"up": {"uv": [9, 10.33333, 8.66667, 10], "texture": "#5"}
			}
		},
		{
			"from": [7.69406, 15.2821, 9.67891],
			"to": [8.30594, 16.50587, 10.29079],
			"rotation": {"angle": -22.5, "axis": "x", "origin": [8, 14.72545, 9.41832]},
			"faces": {
				"north": {"uv": [2.33333, 10, 2, 11], "texture": "#5"},
				"east": {"uv": [10.33333, 1.33333, 10, 2.33333], "texture": "#5"},
				"south": {"uv": [10.33333, 0, 10, 1], "texture": "#5"},
				"west": {"uv": [3, 10, 2.66667, 11], "texture": "#5"},
				"up": {"uv": [9, 10, 8.66667, 10.33333], "texture": "#5"}
			}
		},
		{
			"from": [7.6269, 14.10022, 9.30535],
			"to": [8.3731, 15.59262, 10.05155],
			"rotation": {"angle": 0, "axis": "x", "origin": [8, 14.72545, 9.41832]},
			"faces": {
				"north": {"uv": [9.33333, 0, 8.66667, 1], "texture": "#5"},
				"east": {"uv": [0.66667, 8.66667, 0, 9.66667], "texture": "#5"},
				"south": {"uv": [8.66667, 8, 8, 9], "texture": "#5"},
				"west": {"uv": [1.33333, 8.66667, 0.66667, 9.66667], "texture": "#5"},
				"up": {"uv": [10, 4.66667, 9.33333, 5.33333], "texture": "#5"}
			}
		},
		{
			"from": [7.545, 12.58858, 9.389],
			"to": [8.455, 14.40858, 10.299],
			"rotation": {"angle": 22.5, "axis": "x", "origin": [8, 14.72545, 9.41832]},
			"faces": {
				"north": {"uv": [3.33333, 8, 2.66667, 9.33333], "texture": "#5"},
				"east": {"uv": [8.66667, 1.33333, 8, 2.66667], "texture": "#5"},
				"south": {"uv": [8.66667, 0, 8, 1.33333], "texture": "#5"},
				"west": {"uv": [8.66667, 2.66667, 8, 4], "texture": "#5"},
				"up": {"uv": [10, 2.66667, 9.33333, 3.33333], "texture": "#5"},
				"down": {"uv": [5.33333, 10, 4.66667, 9.33333], "texture": "#5"}
			}
		},
		{
			"from": [7.75, 13, 6.5],
			"to": [8.25, 16.5, 9.5],
			"rotation": {"angle": 0, "axis": "y", "origin": [0.75, 0, 7]},
			"faces": {
				"north": {"uv": [3.33333, 8, 3.66667, 10.33333], "texture": "#5"},
				"east": {"uv": [0, 0, 2, 2.33333], "texture": "#5"},
				"south": {"uv": [4, 8, 4.33333, 10.33333], "texture": "#5"},
				"west": {"uv": [2, 0, 4, 2.33333], "texture": "#5"},
				"up": {"uv": [1.66667, 10.66667, 1.33333, 8.66667], "texture": "#5"}
			}
		},
		{
			"from": [7.745, 15.51517, 6.75],
			"to": [8.255, 17.64017, 8.875],
			"rotation": {"angle": -45, "axis": "x", "origin": [7.995, 16.76517, 8]},
			"faces": {
				"north": {"uv": [5.33333, 9.33333, 5.66667, 10.66667], "texture": "#5"},
				"east": {"uv": [4, 1.33333, 5.33333, 2.66667], "texture": "#5"},
				"south": {"uv": [9.33333, 5.33333, 9.66667, 6.66667], "texture": "#5"},
				"west": {"uv": [2.66667, 4, 4, 5.33333], "texture": "#5"},
				"up": {"uv": [6.33333, 10.66667, 6, 9.33333], "texture": "#5"},
				"down": {"uv": [7, 9.33333, 6.66667, 10.66667], "texture": "#5"}
			}
		},
		{
			"from": [7.985, 14.5, 5.5],
			"to": [8.015, 21.5, 10.5],
			"rotation": {"angle": 0, "axis": "y", "origin": [7.985, 14.5, 5.5]},
			"faces": {
				"east": {"uv": [10, 0, 0, 14], "texture": "#3"},
				"west": {"uv": [0, 0, 10, 14], "texture": "#3"}
			}
		}
	],
	"gui_light": "front",
	"display": {
		"thirdperson_righthand": {
			"translation": [0, 2.5, 0.75]
		},
		"thirdperson_lefthand": {
			"translation": [0, 2.5, 0.75]
		},
		"firstperson_righthand": {
			"rotation": [-15, 0, 0],
			"translation": [0, 3.25, 0]
		},
		"firstperson_lefthand": {
			"rotation": [-15, 0, 0],
			"translation": [0, 3.25, 0]
		},
		"ground": {
			"rotation": [-45, 0, 0],
			"translation": [0, 4.25, 0]
		},
		"gui": {
			"rotation": [-90, 45, 90],
			"translation": [0.75, -1, 0],
			"scale": [0.86133, 0.86133, 0.86133]
		},
		"head": {
			"rotation": [0, -90, 0]
		},
		"fixed": {
			"rotation": [90, -90, 90],
			"translation": [0, -1.75, -2.25],
			"scale": [2.5, 2.5, 2.5]
		}
	},
	"groups": [
		{
			"name": "group",
			"origin": [7.5, 6, 8],
			"color": 0,
			"boneType": "",
			"children": [0, 1, 2, 3, 4, 5, 6, 7, 8]
		},
		9,
		10,
		11,
		12,
		13,
		14,
		15,
		16,
		{
			"name": "group",
			"origin": [10.84814, 3.76444, 5.5],
			"color": 0,
			"boneType": "",
			"children": [17, 18, 19, 20, 21, 22, 23, 24, 25, 26, 27, 28, 29, 30, 31, 32, 33, 34, 35, 36, 37, 38, 39, 40, 41, 42, 43, 44, 45, 46, 47, 48]
		},
		49,
		50,
		51,
		52,
		53,
		54,
		55,
		56,
		57,
		58,
		59,
		60
	]
}