{
	"credit": "Made by PolygonMC",
	"textures": {
		"1": "littledragonset:item/little_dragon",
		"3": "littledragonset:item/animations/animations_flame_05",
		"4": "littledragonset:item/animations/animations_flame_02",
		"6": "littledragonset:item/hammer",
		"particle": "littledragonset:item/hammer"
	},
	"elements": [
		{
			"from": [7.5, 0, 7.5],
			"to": [8.5, 2, 8.5],
			"rotation": {"angle": 0, "axis": "y", "origin": [6.5, 0, 7.5]},
			"faces": {
				"north": {"uv": [5.33333, 11.33333, 6, 12.66667], "texture": "#6"},
				"east": {"uv": [6, 11.33333, 6.66667, 12.66667], "texture": "#6"},
				"south": {"uv": [6.66667, 11.33333, 7.33333, 12.66667], "texture": "#6"},
				"west": {"uv": [7.33333, 11.33333, 8, 12.66667], "texture": "#6"},
				"up": {"uv": [6, 2.66667, 5.33333, 2], "texture": "#6"},
				"down": {"uv": [6.66667, 2, 6, 2.66667], "texture": "#6"}
			}
		},
		{
			"from": [7.6, 2, 7.6],
			"to": [8.4, 3.8, 8.4],
			"rotation": {"angle": 0, "axis": "y", "origin": [6.5, 0, 7.5]},
			"faces": {
				"north": {"uv": [8, 11.33333, 8.66667, 12.66667], "texture": "#6"},
				"east": {"uv": [11.33333, 9.33333, 12, 10.66667], "texture": "#6"},
				"south": {"uv": [11.33333, 10.66667, 12, 12], "texture": "#6"},
				"west": {"uv": [12, 4, 12.66667, 5.33333], "texture": "#6"}
			}
		},
		{
			"from": [7.5, 3.8, 7.5],
			"to": [8.5, 5.8, 8.5],
			"rotation": {"angle": 0, "axis": "y", "origin": [6.5, 0, 7.5]},
			"faces": {
				"north": {"uv": [12, 5.33333, 12.66667, 6.66667], "texture": "#6"},
				"east": {"uv": [12, 6.66667, 12.66667, 8], "texture": "#6"},
				"south": {"uv": [12, 8, 12.66667, 9.33333], "texture": "#6"},
				"west": {"uv": [8.66667, 12, 9.33333, 13.33333], "texture": "#6"},
				"up": {"uv": [8.66667, 2, 8, 1.33333], "texture": "#6"},
				"down": {"uv": [9.33333, 1.33333, 8.66667, 2], "texture": "#6"}
			}
		},
		{
			"from": [7.75, -0.25, 7.25],
			"to": [8.25, 1.25, 8.75],
			"rotation": {"angle": 0, "axis": "y", "origin": [7.75, 0, 7.25]},
			"faces": {
				"north": {"uv": [12.66667, 4.66667, 13, 5.66667], "texture": "#6"},
				"east": {"uv": [10, 1.33333, 11, 2.33333], "texture": "#6"},
				"south": {"uv": [5.33333, 12.66667, 5.66667, 13.66667], "texture": "#6"},
				"west": {"uv": [10, 2.66667, 11, 3.66667], "texture": "#6"},
				"up": {"uv": [6.33333, 13.66667, 6, 12.66667], "texture": "#6"},
				"down": {"uv": [13, 6, 12.66667, 7], "texture": "#6"}
			}
		},
		{
			"from": [7.75, -6.75, 7.25],
			"to": [8.25, -5.25, 8.75],
			"rotation": {"angle": 0, "axis": "y", "origin": [7.75, -9.5, 7.25]},
			"faces": {
				"north": {"uv": [6.66667, 12.66667, 7, 13.66667], "texture": "#6"},
				"east": {"uv": [10, 9.33333, 11, 10.33333], "texture": "#6"},
				"south": {"uv": [7.33333, 12.66667, 7.66667, 13.66667], "texture": "#6"},
				"west": {"uv": [10.66667, 4, 11.66667, 5], "texture": "#6"},
				"up": {"uv": [13, 8.33333, 12.66667, 7.33333], "texture": "#6"},
				"down": {"uv": [8.33333, 12.66667, 8, 13.66667], "texture": "#6"}
			}
		},
		{
			"from": [7.5, -6.5, 7.5],
			"to": [8.5, -4.5, 8.5],
			"rotation": {"angle": 0, "axis": "y", "origin": [6.5, -9.5, 7.5]},
			"faces": {
				"north": {"uv": [9.33333, 12, 10, 13.33333], "texture": "#6"},
				"east": {"uv": [12, 9.33333, 12.66667, 10.66667], "texture": "#6"},
				"south": {"uv": [10, 12, 10.66667, 13.33333], "texture": "#6"},
				"west": {"uv": [10.66667, 12, 11.33333, 13.33333], "texture": "#6"},
				"up": {"uv": [9.33333, 6.66667, 8.66667, 6], "texture": "#6"},
				"down": {"uv": [10, 1.33333, 9.33333, 2], "texture": "#6"}
			}
		},
		{
			"from": [7.25, 5.8, 7],
			"to": [8.75, 6.3, 9],
			"rotation": {"angle": 0, "axis": "y", "origin": [7.25, 5.8, 7.25]},
			"faces": {
				"north": {"uv": [12.66667, 8.66667, 13.66667, 9], "texture": "#6"},
				"east": {"uv": [4, 12.66667, 5.33333, 13], "texture": "#6"},
				"south": {"uv": [12.66667, 9.33333, 13.66667, 9.66667], "texture": "#6"},
				"west": {"uv": [12.66667, 4, 14, 4.33333], "texture": "#6"},
				"up": {"uv": [11, 1.33333, 10, 0], "texture": "#6"},
				"down": {"uv": [2.33333, 10, 1.33333, 11.33333], "texture": "#6"}
			}
		},
		{
			"from": [7.55, 5.25, 7.25],
			"to": [8.45, 6.75, 8.75],
			"rotation": {"angle": 0, "axis": "y", "origin": [7.75, 0, 7.25]},
			"faces": {
				"north": {"uv": [12.66667, 0, 13.33333, 1], "texture": "#6"},
				"east": {"uv": [10.66667, 5.33333, 11.66667, 6.33333], "texture": "#6"},
				"south": {"uv": [0.66667, 12.66667, 1.33333, 13.66667], "texture": "#6"},
				"west": {"uv": [10.66667, 6.66667, 11.66667, 7.66667], "texture": "#6"},
				"up": {"uv": [2, 13.66667, 1.33333, 12.66667], "texture": "#6"},
				"down": {"uv": [13.33333, 1.33333, 12.66667, 2.33333], "texture": "#6"}
			}
		},
		{
			"from": [7.55, 14.25, 7.25],
			"to": [8.45, 15.75, 8.75],
			"rotation": {"angle": 0, "axis": "y", "origin": [7.75, 9, 7.25]},
			"faces": {
				"north": {"uv": [2, 12.66667, 2.66667, 13.66667], "texture": "#6"},
				"east": {"uv": [10.66667, 8, 11.66667, 9], "texture": "#6"},
				"south": {"uv": [2.66667, 12.66667, 3.33333, 13.66667], "texture": "#6"},
				"west": {"uv": [8.66667, 10.66667, 9.66667, 11.66667], "texture": "#6"},
				"up": {"uv": [13.33333, 3.66667, 12.66667, 2.66667], "texture": "#6"},
				"down": {"uv": [4, 12.66667, 3.33333, 13.66667], "texture": "#6"}
			}
		},
		{
			"from": [7.5, 15, 8],
			"to": [8.5, 17, 10],
			"rotation": {"angle": -45, "axis": "x", "origin": [7.5, 15, 8]},
			"faces": {
				"north": {"uv": [12, 10.66667, 12.66667, 12], "texture": "#6"},
				"east": {"uv": [8.66667, 9.33333, 10, 10.66667], "texture": "#6"},
				"south": {"uv": [11.33333, 12, 12, 13.33333], "texture": "#6"},
				"west": {"uv": [0, 10, 1.33333, 11.33333], "texture": "#6"},
				"up": {"uv": [12.66667, 13.33333, 12, 12], "texture": "#6"},
				"down": {"uv": [0.66667, 12.66667, 0, 14], "texture": "#6"}
			}
		},
		{
			"from": [7.25, 15.25, 8.25],
			"to": [8.75, 16.75, 9.75],
			"rotation": {"angle": -45, "axis": "x", "origin": [7.5, 15, 8]},
			"faces": {
				"north": {"uv": [10, 10.66667, 11, 11.66667], "texture": "#6"},
				"east": {"uv": [0, 11.33333, 1, 12.33333], "texture": "#6"},
				"south": {"uv": [11.33333, 0, 12.33333, 1], "texture": "#6"},
				"west": {"uv": [1.33333, 11.33333, 2.33333, 12.33333], "texture": "#6"},
				"up": {"uv": [12.33333, 2.33333, 11.33333, 1.33333], "texture": "#6"},
				"down": {"uv": [3.66667, 11.33333, 2.66667, 12.33333], "texture": "#6"}
			}
		},
		{
			"from": [7, 18.3, 8],
			"to": [9, 22.8, 10],
			"rotation": {"angle": -22.5, "axis": "x", "origin": [8, 20.55, 9]},
			"faces": {
				"north": {"uv": [2.66667, 2.66667, 1.33333, 5.66667], "rotation": 180, "texture": "#1"},
				"east": {"uv": [0, 0, 3, 1.33333], "rotation": 270, "texture": "#1"},
				"south": {"uv": [1.33333, 5.66667, 0, 2.66667], "texture": "#1"},
				"west": {"uv": [0, 1.33333, 3, 2.66667], "rotation": 90, "texture": "#1"},
				"up": {"uv": [4.66667, 0, 6, 1.33333], "rotation": 180, "texture": "#1"},
				"down": {"uv": [4.66667, 1.33333, 6, 2.66667], "texture": "#1"}
			}
		},
		{
			"from": [6.275, 20.65, 6.35],
			"to": [7.275, 22.15, 6.85],
			"rotation": {"angle": -45, "axis": "x", "origin": [7.075, 21.775, 7.375]},
			"faces": {
				"north": {"uv": [9.33333, 0, 8.66667, 1], "rotation": 180, "texture": "#1"},
				"east": {"uv": [2.66667, 10, 3.66667, 10.33333], "rotation": 270, "texture": "#1"},
				"south": {"uv": [0.66667, 9.66667, 0, 8.66667], "texture": "#1"},
				"west": {"uv": [10, 3.33333, 11, 3.66667], "rotation": 90, "texture": "#1"},
				"up": {"uv": [4, 10, 4.66667, 10.33333], "rotation": 180, "texture": "#1"},
				"down": {"uv": [10, 4, 10.66667, 4.33333], "texture": "#1"}
			}
		},
		{
			"from": [6.275, 20.65, 6.85],
			"to": [7.275, 21.65, 7.85],
			"rotation": {"angle": -45, "axis": "x", "origin": [7.075, 21.775, 7.375]},
			"faces": {
				"east": {"uv": [9.33333, 0, 10, 0.66667], "rotation": 270, "texture": "#1"},
				"west": {"uv": [9.33333, 0.66667, 10, 1.33333], "rotation": 90, "texture": "#1"},
				"up": {"uv": [4.66667, 4, 5.33333, 4.66667], "rotation": 180, "texture": "#1"},
				"down": {"uv": [0.66667, 9.33333, 1.33333, 10], "texture": "#1"}
			}
		},
		{
			"from": [6.275, 20.65, 7.85],
			"to": [7.275, 22.15, 8.85],
			"rotation": {"angle": -45, "axis": "x", "origin": [7.075, 21.775, 7.375]},
			"faces": {
				"north": {"uv": [9.33333, 2, 8.66667, 3], "rotation": 180, "texture": "#1"},
				"east": {"uv": [0.66667, 8.66667, 1.66667, 9.33333], "rotation": 270, "texture": "#1"},
				"south": {"uv": [2.66667, 9.66667, 2, 8.66667], "texture": "#1"},
				"west": {"uv": [8.66667, 1.33333, 9.66667, 2], "rotation": 90, "texture": "#1"},
				"up": {"uv": [1.33333, 9.33333, 2, 10], "rotation": 180, "texture": "#1"},
				"down": {"uv": [9.33333, 2, 10, 2.66667], "texture": "#1"}
			}
		},
		{
			"from": [8.725, 20.65, 7.85],
			"to": [9.725, 22.15, 8.85],
			"rotation": {"angle": -45, "axis": "x", "origin": [8.925, 21.775, 7.375]},
			"faces": {
				"north": {"uv": [8.66667, 2, 9.33333, 3], "rotation": 180, "texture": "#1"},
				"east": {"uv": [8.66667, 2, 9.66667, 1.33333], "rotation": 90, "texture": "#1"},
				"south": {"uv": [2, 9.66667, 2.66667, 8.66667], "texture": "#1"},
				"west": {"uv": [0.66667, 9.33333, 1.66667, 8.66667], "rotation": 270, "texture": "#1"},
				"up": {"uv": [2, 9.33333, 1.33333, 10], "rotation": 180, "texture": "#1"},
				"down": {"uv": [10, 2, 9.33333, 2.66667], "texture": "#1"}
			}
		},
		{
			"from": [8.725, 20.65, 6.85],
			"to": [9.725, 21.65, 7.85],
			"rotation": {"angle": -45, "axis": "x", "origin": [8.925, 21.775, 7.375]},
			"faces": {
				"east": {"uv": [9.33333, 1.33333, 10, 0.66667], "rotation": 90, "texture": "#1"},
				"west": {"uv": [9.33333, 0.66667, 10, 0], "rotation": 270, "texture": "#1"},
				"up": {"uv": [5.33333, 4, 4.66667, 4.66667], "rotation": 180, "texture": "#1"},
				"down": {"uv": [1.33333, 9.33333, 0.66667, 10], "texture": "#1"}
			}
		},
		{
			"from": [8.725, 20.65, 6.35],
			"to": [9.725, 22.15, 6.85],
			"rotation": {"angle": -45, "axis": "x", "origin": [8.925, 21.775, 7.375]},
			"faces": {
				"north": {"uv": [8.66667, 0, 9.33333, 1], "rotation": 180, "texture": "#1"},
				"east": {"uv": [10, 3.66667, 11, 3.33333], "rotation": 90, "texture": "#1"},
				"south": {"uv": [0, 9.66667, 0.66667, 8.66667], "texture": "#1"},
				"west": {"uv": [2.66667, 10.33333, 3.66667, 10], "rotation": 270, "texture": "#1"},
				"up": {"uv": [4.66667, 10, 4, 10.33333], "rotation": 180, "texture": "#1"},
				"down": {"uv": [10.66667, 4, 10, 4.33333], "texture": "#1"}
			}
		},
		{
			"from": [7.25, 22.38314, 7.43956],
			"to": [8.75, 23.88314, 8.93956],
			"rotation": {"angle": -45, "axis": "x", "origin": [8, 23.00814, 8.26456]},
			"faces": {
				"north": {"uv": [8.33333, 0, 7.33333, 1], "rotation": 180, "texture": "#1"},
				"east": {"uv": [5.33333, 6.66667, 6.33333, 7.66667], "rotation": 270, "texture": "#1"},
				"south": {"uv": [1, 8.33333, 0, 7.33333], "texture": "#1"},
				"west": {"uv": [6.66667, 6.66667, 7.66667, 7.66667], "rotation": 90, "texture": "#1"},
				"up": {"uv": [6.66667, 4, 7.66667, 5], "rotation": 180, "texture": "#1"},
				"down": {"uv": [6.66667, 5.33333, 7.66667, 6.33333], "texture": "#1"}
			}
		},
		{
			"from": [7, 23.01348, 6.72057],
			"to": [9, 25.01348, 8.72057],
			"rotation": {"angle": 0, "axis": "y", "origin": [8, 24.46702, 7.90354]},
			"faces": {
				"north": {"uv": [2.66667, 4.66667, 4, 6], "texture": "#1"},
				"east": {"uv": [4.66667, 2.66667, 6, 4], "texture": "#1"},
				"south": {"uv": [4, 4.66667, 5.33333, 6], "texture": "#1"},
				"west": {"uv": [5.33333, 4, 6.66667, 5.33333], "texture": "#1"},
				"up": {"uv": [6.66667, 6.66667, 5.33333, 5.33333], "texture": "#1"},
				"down": {"uv": [1.33333, 6, 0, 7.33333], "texture": "#1"}
			}
		},
		{
			"from": [7, 23.01348, 5.72057],
			"to": [9, 24.01348, 6.72057],
			"rotation": {"angle": 0, "axis": "y", "origin": [8, 24.46702, 7.90354]},
			"faces": {
				"north": {"uv": [3.33333, 2, 4.66667, 2.66667], "texture": "#1"},
				"east": {"uv": [4, 9.33333, 4.66667, 10], "texture": "#1"},
				"west": {"uv": [4.66667, 9.33333, 5.33333, 10], "texture": "#1"},
				"up": {"uv": [8, 8.66667, 6.66667, 8], "texture": "#1"},
				"down": {"uv": [9.33333, 6.66667, 8, 7.33333], "texture": "#1"}
			}
		},
		{
			"from": [7.25, 23.26348, 5.47057],
			"to": [8.75, 24.26348, 6.72057],
			"rotation": {"angle": 0, "axis": "y", "origin": [8, 24.46702, 7.90354]},
			"faces": {
				"north": {"uv": [2.66667, 8.66667, 3.66667, 9.33333], "texture": "#1"},
				"east": {"uv": [8.66667, 3.33333, 9.66667, 4], "texture": "#1"},
				"west": {"uv": [4, 8.66667, 5, 9.33333], "texture": "#1"},
				"up": {"uv": [2.33333, 8.33333, 1.33333, 7.33333], "texture": "#1"},
				"down": {"uv": [8.33333, 1.33333, 7.33333, 2.33333], "texture": "#1"}
			}
		},
		{
			"from": [7.3, 18.17729, 7.51902],
			"to": [8.8, 20.17729, 9.01902],
			"rotation": {"angle": 45, "axis": "x", "origin": [8.025, 17.9219, 7.76516]},
			"faces": {
				"north": {"uv": [5, 6, 4, 7.33333], "rotation": 180, "texture": "#1"},
				"east": {"uv": [6, 1.33333, 7.33333, 2.33333], "rotation": 270, "texture": "#1"},
				"south": {"uv": [7, 4, 6, 2.66667], "texture": "#1"},
				"west": {"uv": [2.66667, 6, 4, 7], "rotation": 90, "texture": "#1"},
				"up": {"uv": [2.66667, 7.33333, 3.66667, 8.33333], "rotation": 180, "texture": "#1"},
				"down": {"uv": [7.33333, 2.66667, 8.33333, 3.66667], "texture": "#1"}
			}
		},
		{
			"from": [7.3775, 17.04607, 6.77163],
			"to": [8.6225, 18.29107, 8.43163],
			"rotation": {"angle": -22.5, "axis": "x", "origin": [8.025, 17.9219, 7.76516]},
			"faces": {
				"north": {"uv": [9.33333, 5.33333, 10, 6], "rotation": 180, "texture": "#1"},
				"east": {"uv": [8.66667, 4, 9.66667, 4.66667], "rotation": 180, "texture": "#1"},
				"south": {"uv": [5.33333, 9.33333, 6, 10], "rotation": 180, "texture": "#1"},
				"west": {"uv": [8.66667, 4.66667, 9.66667, 5.33333], "rotation": 180, "texture": "#1"},
				"up": {"uv": [7.33333, 8.66667, 6.66667, 9.66667], "texture": "#1"},
				"down": {"uv": [9.33333, 6.33333, 8.66667, 5.33333], "texture": "#1"}
			}
		},
		{
			"from": [7.48333, 16.87381, 5.83229],
			"to": [8.51667, 17.90716, 7.21009],
			"rotation": {"angle": 0, "axis": "x", "origin": [8.025, 17.9219, 7.76516]},
			"faces": {
				"north": {"uv": [6.66667, 10, 6, 9.33333], "rotation": 180, "texture": "#1"},
				"east": {"uv": [8.66667, 7.33333, 9.33333, 8.33333], "rotation": 90, "texture": "#1"},
				"south": {"uv": [10, 6, 9.33333, 6.66667], "texture": "#1"},
				"west": {"uv": [8.66667, 8.66667, 9.33333, 9.66667], "rotation": 270, "texture": "#1"},
				"up": {"uv": [8, 8.66667, 8.66667, 9.66667], "texture": "#1"},
				"down": {"uv": [7.33333, 8.66667, 8, 9.66667], "rotation": 180, "texture": "#1"}
			}
		},
		{
			"from": [7.34028, 23.51348, 8.65804],
			"to": [7.34028, 25.01348, 10.15804],
			"rotation": {"angle": -45, "axis": "y", "origin": [8, 24.46702, 7.90354]},
			"faces": {
				"east": {"uv": [5, 7.33333, 4, 8.33333], "texture": "#1"},
				"west": {"uv": [4, 7.33333, 5, 8.33333], "texture": "#1"}
			}
		},
		{
			"from": [6.9, 23.85807, 8.31917],
			"to": [7.9, 24.85807, 9.31917],
			"rotation": {"angle": -22.5, "axis": "x", "origin": [8, 24.46702, 7.90354]},
			"faces": {
				"north": {"uv": [9.33333, 6.66667, 10, 7.33333], "texture": "#1"},
				"east": {"uv": [9.33333, 7.33333, 10, 8], "texture": "#1"},
				"south": {"uv": [9.33333, 8, 10, 8.66667], "texture": "#1"},
				"west": {"uv": [9.33333, 8.66667, 10, 9.33333], "texture": "#1"},
				"up": {"uv": [10, 10, 9.33333, 9.33333], "texture": "#1"},
				"down": {"uv": [0.66667, 10, 0, 10.66667], "texture": "#1"}
			}
		},
		{
			"from": [7.005, 23.41769, 8.95838],
			"to": [7.795, 24.20769, 9.74838],
			"rotation": {"angle": -45, "axis": "x", "origin": [8, 24.46702, 7.90354]},
			"faces": {
				"east": {"uv": [10, 0, 10.66667, 0.66667], "texture": "#1"},
				"south": {"uv": [0.66667, 10, 1.33333, 10.66667], "texture": "#1"},
				"west": {"uv": [10, 0.66667, 10.66667, 1.33333], "texture": "#1"},
				"up": {"uv": [2, 10.66667, 1.33333, 10], "texture": "#1"},
				"down": {"uv": [10.66667, 1.33333, 10, 2], "texture": "#1"}
			}
		},
		{
			"from": [7.10375, 25.74362, 8.91274],
			"to": [7.69625, 26.33612, 9.50524],
			"rotation": {"angle": 22.5, "axis": "x", "origin": [8, 24.46702, 7.90354]},
			"faces": {
				"north": {"uv": [6.66667, 10, 7, 10.33333], "texture": "#1"},
				"east": {"uv": [10, 6.66667, 10.33333, 7], "texture": "#1"},
				"south": {"uv": [7.33333, 10, 7.66667, 10.33333], "texture": "#1"},
				"west": {"uv": [10, 7.33333, 10.33333, 7.66667], "texture": "#1"},
				"up": {"uv": [8.33333, 10.33333, 8, 10], "texture": "#1"}
			}
		},
		{
			"from": [6.8, 24.97532, 6.82015],
			"to": [7.8, 25.47532, 7.82015],
			"rotation": {"angle": -22.5, "axis": "x", "origin": [8, 24.46702, 7.90354]},
			"faces": {
				"north": {"uv": [12, 0, 12.66667, 0.33333], "texture": "#1"},
				"east": {"uv": [10, 5.33333, 10.66667, 5.66667], "texture": "#1"},
				"south": {"uv": [12.66667, 0, 13.33333, 0.33333], "texture": "#1"},
				"west": {"uv": [10, 6, 10.66667, 6.33333], "texture": "#1"},
				"up": {"uv": [11.66667, 0.66667, 11, 0], "texture": "#1"},
				"down": {"uv": [10.66667, 2, 10, 2.66667], "texture": "#1"}
			}
		},
		{
			"from": [5.15186, 19.4, 10.06444],
			"to": [7.15186, 22.4, 10.06444],
			"rotation": {"angle": 22.5, "axis": "y", "origin": [5.15186, 22.9, 10.06444]},
			"faces": {
				"north": {"uv": [4.66667, 0, 3.33333, 2], "rotation": 180, "texture": "#1"},
				"south": {"uv": [4.66667, 2, 3.33333, 0], "texture": "#1"}
			}
		},
		{
			"from": [2.15186, 19.4, 10.06444],
			"to": [5.15186, 22.4, 10.06444],
			"rotation": {"angle": -22.5, "axis": "y", "origin": [5.15186, 22.9, 10.06444]},
			"faces": {
				"north": {"uv": [4.66667, 2.66667, 2.66667, 4.66667], "rotation": 180, "texture": "#1"},
				"south": {"uv": [4.66667, 4.66667, 2.66667, 2.66667], "texture": "#1"}
			}
		},
		{
			"from": [5.95, 18.15, 7.95],
			"to": [6.95, 19.65, 9.95],
			"rotation": {"angle": 22.5, "axis": "y", "origin": [6.45, 19.025, 8.325]},
			"faces": {
				"east": {"uv": [7, 1.33333, 6, 0], "rotation": 90, "texture": "#1"},
				"south": {"uv": [8.66667, 8.33333, 8, 7.33333], "texture": "#1"},
				"west": {"uv": [2.33333, 7.33333, 1.33333, 6], "rotation": 270, "texture": "#1"},
				"up": {"uv": [8, 4, 8.66667, 5.33333], "rotation": 180, "texture": "#1"},
				"down": {"uv": [5.33333, 8, 6, 9.33333], "texture": "#1"}
			}
		},
		{
			"from": [5.95, 18.15, 7.45],
			"to": [6.95, 20.15, 7.95],
			"rotation": {"angle": 22.5, "axis": "y", "origin": [6.45, 19.025, 8.325]},
			"faces": {
				"north": {"uv": [6.66667, 8, 6, 9.33333], "rotation": 180, "texture": "#1"},
				"east": {"uv": [4, 9.66667, 2.66667, 9.33333], "rotation": 90, "texture": "#1"},
				"south": {"uv": [8.66667, 6.66667, 8, 5.33333], "texture": "#1"},
				"west": {"uv": [10.66667, 3, 9.33333, 2.66667], "rotation": 270, "texture": "#1"},
				"up": {"uv": [4.66667, 10, 5.33333, 10.33333], "rotation": 180, "texture": "#1"},
				"down": {"uv": [10, 4.66667, 10.66667, 5], "texture": "#1"}
			}
		},
		{
			"from": [9.05, 18.15, 7.95],
			"to": [10.05, 19.65, 9.95],
			"rotation": {"angle": -22.5, "axis": "y", "origin": [9.55, 19.025, 8.325]},
			"faces": {
				"east": {"uv": [1.33333, 7.33333, 2.33333, 6], "rotation": 90, "texture": "#1"},
				"south": {"uv": [8, 8.33333, 8.66667, 7.33333], "texture": "#1"},
				"west": {"uv": [6, 1.33333, 7, 0], "rotation": 270, "texture": "#1"},
				"up": {"uv": [8.66667, 4, 8, 5.33333], "rotation": 180, "texture": "#1"},
				"down": {"uv": [6, 8, 5.33333, 9.33333], "texture": "#1"}
			}
		},
		{
			"from": [9.05, 18.15, 7.45],
			"to": [10.05, 20.15, 7.95],
			"rotation": {"angle": -22.5, "axis": "y", "origin": [9.55, 19.025, 8.325]},
			"faces": {
				"north": {"uv": [6, 8, 6.66667, 9.33333], "rotation": 180, "texture": "#1"},
				"east": {"uv": [9.33333, 3, 10.66667, 2.66667], "rotation": 90, "texture": "#1"},
				"south": {"uv": [8, 6.66667, 8.66667, 5.33333], "texture": "#1"},
				"west": {"uv": [2.66667, 9.66667, 4, 9.33333], "rotation": 270, "texture": "#1"},
				"up": {"uv": [5.33333, 10, 4.66667, 10.33333], "rotation": 180, "texture": "#1"},
				"down": {"uv": [10.66667, 4.66667, 10, 5], "texture": "#1"}
			}
		},
		{
			"from": [8.205, 23.41769, 8.95838],
			"to": [8.995, 24.20769, 9.74838],
			"rotation": {"angle": -45, "axis": "x", "origin": [8, 24.46702, 7.90354]},
			"faces": {
				"east": {"uv": [10.66667, 0.66667, 10, 1.33333], "texture": "#1"},
				"south": {"uv": [1.33333, 10, 0.66667, 10.66667], "texture": "#1"},
				"west": {"uv": [10.66667, 0, 10, 0.66667], "texture": "#1"},
				"up": {"uv": [1.33333, 10.66667, 2, 10], "texture": "#1"},
				"down": {"uv": [10, 1.33333, 10.66667, 2], "texture": "#1"}
			}
		},
		{
			"from": [8.30375, 25.74362, 8.91274],
			"to": [8.89625, 26.33612, 9.50524],
			"rotation": {"angle": 22.5, "axis": "x", "origin": [8, 24.46702, 7.90354]},
			"faces": {
				"north": {"uv": [7, 10, 6.66667, 10.33333], "texture": "#1"},
				"east": {"uv": [10.33333, 7.33333, 10, 7.66667], "texture": "#1"},
				"south": {"uv": [7.66667, 10, 7.33333, 10.33333], "texture": "#1"},
				"west": {"uv": [10.33333, 6.66667, 10, 7], "texture": "#1"},
				"up": {"uv": [8, 10.33333, 8.33333, 10], "texture": "#1"}
			}
		},
		{
			"from": [8.1, 23.85807, 8.31917],
			"to": [9.1, 24.85807, 9.31917],
			"rotation": {"angle": -22.5, "axis": "x", "origin": [8, 24.46702, 7.90354]},
			"faces": {
				"north": {"uv": [10, 6.66667, 9.33333, 7.33333], "texture": "#1"},
				"east": {"uv": [10, 8.66667, 9.33333, 9.33333], "texture": "#1"},
				"south": {"uv": [10, 8, 9.33333, 8.66667], "texture": "#1"},
				"west": {"uv": [10, 7.33333, 9.33333, 8], "texture": "#1"},
				"up": {"uv": [9.33333, 10, 10, 9.33333], "texture": "#1"},
				"down": {"uv": [0, 10, 0.66667, 10.66667], "texture": "#1"}
			}
		},
		{
			"from": [8.2, 24.97532, 6.82015],
			"to": [9.2, 25.47532, 7.82015],
			"rotation": {"angle": -22.5, "axis": "x", "origin": [8, 24.46702, 7.90354]},
			"faces": {
				"north": {"uv": [12.66667, 0, 12, 0.33333], "texture": "#1"},
				"east": {"uv": [10.66667, 6, 10, 6.33333], "texture": "#1"},
				"south": {"uv": [13.33333, 0, 12.66667, 0.33333], "texture": "#1"},
				"west": {"uv": [10.66667, 5.33333, 10, 5.66667], "texture": "#1"},
				"up": {"uv": [11, 0.66667, 11.66667, 0], "texture": "#1"},
				"down": {"uv": [10, 2, 10.66667, 2.66667], "texture": "#1"}
			}
		},
		{
			"from": [8.65972, 23.51348, 8.65804],
			"to": [8.65972, 25.01348, 10.15804],
			"rotation": {"angle": 45, "axis": "y", "origin": [8, 24.46702, 7.90354]},
			"faces": {
				"east": {"uv": [5, 7.33333, 4, 8.33333], "texture": "#1"},
				"west": {"uv": [4, 7.33333, 5, 8.33333], "texture": "#1"}
			}
		},
		{
			"from": [10.84814, 19.4, 10.06444],
			"to": [13.84814, 22.4, 10.06444],
			"rotation": {"angle": 22.5, "axis": "y", "origin": [10.84814, 22.9, 10.06444]},
			"faces": {
				"north": {"uv": [2.66667, 2.66667, 4.66667, 4.66667], "rotation": 180, "texture": "#1"},
				"south": {"uv": [2.66667, 4.66667, 4.66667, 2.66667], "texture": "#1"}
			}
		},
		{
			"from": [8.84814, 19.4, 10.06444],
			"to": [10.84814, 22.4, 10.06444],
			"rotation": {"angle": -22.5, "axis": "y", "origin": [10.84814, 22.9, 10.06444]},
			"faces": {
				"north": {"uv": [3.33333, 0, 4.66667, 2], "rotation": 180, "texture": "#1"},
				"south": {"uv": [3.33333, 2, 4.66667, 0], "texture": "#1"}
			}
		},
		{
			"from": [7.985, -9.5, 6.5],
			"to": [8.015, -5.5, 9.5],
			"rotation": {"angle": 0, "axis": "y", "origin": [0.985, -9.5, -0.5]},
			"faces": {
				"east": {"uv": [6, 0, 0, 8], "texture": "#4"},
				"west": {"uv": [0, 0, 6, 8], "texture": "#4"}
			}
		},
		{
			"from": [7.985, 16.34817, 2.65],
			"to": [8.015, 19.34817, 6.65],
			"rotation": {"angle": 22.5, "axis": "x", "origin": [8.4, 17.34817, 4.65]},
			"faces": {
				"east": {"uv": [6, 0, 0, 8], "rotation": 270, "texture": "#4"},
				"west": {"uv": [0, 0, 6, 8], "rotation": 90, "texture": "#4"}
			}
		},
		{
			"from": [7.5, 6.5, 7.5],
			"to": [8.5, 14.75, 8.5],
			"rotation": {"angle": 0, "axis": "y", "origin": [7.5, 6.5, 7.5]},
			"faces": {
				"north": {"uv": [4.66667, 5.33333, 5.33333, 11], "texture": "#6"},
				"east": {"uv": [5.33333, 5.33333, 6, 11], "texture": "#6"},
				"south": {"uv": [6, 5.33333, 6.66667, 11], "texture": "#6"},
				"west": {"uv": [6.66667, 2, 7.33333, 7.66667], "texture": "#6"},
				"up": {"uv": [10.66667, 4.66667, 10, 4], "texture": "#6"},
				"down": {"uv": [4.66667, 10.66667, 4, 11.33333], "texture": "#6"}
			}
		},
		{
			"from": [7.55, -4.5, 7.55],
			"to": [8.45, 0, 8.45],
			"rotation": {"angle": 0, "axis": "y", "origin": [7.5, -8.25, 7.5]},
			"faces": {
				"north": {"uv": [8.66667, 8, 8, 11], "texture": "#6"},
				"east": {"uv": [8, 8, 8.66667, 11], "texture": "#6"},
				"south": {"uv": [8.66667, 8, 8, 11], "texture": "#6"},
				"west": {"uv": [8, 8, 8.66667, 11], "texture": "#6"}
			}
		},
		{
			"from": [3, 15.25, 7.985],
			"to": [13, 25.25, 8.015],
			"rotation": {"angle": -45, "axis": "y", "origin": [8, 20.25, 8]},
			"faces": {
				"north": {"uv": [0, 0, 10, 10], "texture": "#3"},
				"south": {"uv": [0, 0, 10, 10], "texture": "#3"}
			}
		},
		{
			"from": [3, 15.25, 7.985],
			"to": [13, 25.25, 8.015],
			"rotation": {"angle": 45, "axis": "y", "origin": [8, 20.25, 8]},
			"faces": {
				"north": {"uv": [0, 0, 10, 10], "texture": "#3"},
				"south": {"uv": [0, 0, 10, 10], "texture": "#3"}
			}
		}
	],
	"gui_light": "front",
	"display": {
		"thirdperson_righthand": {
			"translation": [0, 2.25, 0.75]
		},
		"thirdperson_lefthand": {
			"translation": [0, 2.25, 0.75]
		},
		"firstperson_righthand": {
			"rotation": [-15, 0, 0],
			"translation": [0, 1.75, 0]
		},
		"firstperson_lefthand": {
			"rotation": [-15, 0, 0],
			"translation": [0, 1.75, 0]
		},
		"ground": {
			"rotation": [-45, 0, 0],
			"translation": [0, 14.25, 0]
		},
		"gui": {
			"rotation": [-90, 45, 90],
			"translation": [0.5, 0, 0],
			"scale": [0.67188, 0.67188, 0.67188]
		},
		"head": {
			"rotation": [0, -90, 0]
		},
		"fixed": {
			"rotation": [90, -90, 90],
			"translation": [0, 4, -2.25],
			"scale": [2.5, 2.5, 2.5]
		}
	},
	"groups": [
		0,
		1,
		2,
		3,
		4,
		5,
		6,
		7,
		8,
		9,
		10,
		{
			"name": "group",
			"origin": [10.84814, 3.76444, 5.5],
			"color": 0,
			"boneType": "",
			"children": [11, 12, 13, 14, 15, 16, 17, 18, 19, 20, 21, 22, 23, 24, 25, 26, 27, 28, 29, 30, 31, 32, 33, 34, 35, 36, 37, 38, 39, 40, 41, 42]
		},
		43,
		44,
		45,
		46,
		{
			"name": "group",
			"origin": [10.84814, 3.76444, 5.5],
			"color": 0,
			"boneType": "",
			"children": []
		},
		47,
		48
	]
}