{
	"credit": "by w11shes",
	"textures": {
		"0": "elitecreatures:necromancer_assortment/halloween_mace",
		"1": "elitecreatures:necromancer_assortment/halloween_particle",
		"particle": "elitecreatures:necromancer_assortment/halloween_mace"
	},
	"elements": [
		{
			"from": [6, -3, 6],
			"to": [10, -1, 10],
			"rotation": {"angle": -45, "axis": "y", "origin": [8, 13.82, 8]},
			"faces": {
				"north": {"uv": [10, 6, 12, 7], "texture": "#0"},
				"east": {"uv": [10, 6, 12, 7], "texture": "#0"},
				"south": {"uv": [10, 6, 12, 7], "texture": "#0"},
				"west": {"uv": [10, 6, 12, 7], "texture": "#0"},
				"up": {"uv": [10, 2, 8, 0], "rotation": 90, "texture": "#0"},
				"down": {"uv": [10, 2, 8, 4], "rotation": 270, "texture": "#0"}
			}
		},
		{
			"from": [6, 9, 6],
			"to": [10, 11, 10],
			"rotation": {"angle": -45, "axis": "y", "origin": [8, 13.82, 8]},
			"faces": {
				"north": {"uv": [6.5, 10, 8.5, 11], "texture": "#0"},
				"east": {"uv": [6.5, 10, 8.5, 11], "texture": "#0"},
				"south": {"uv": [6.5, 10, 8.5, 11], "texture": "#0"},
				"west": {"uv": [6.5, 10, 8.5, 11], "texture": "#0"},
				"up": {"uv": [5, 10, 3, 8], "rotation": 90, "texture": "#0"},
				"down": {"uv": [10, 4, 8, 6], "rotation": 270, "texture": "#0"}
			}
		},
		{
			"from": [6, -1.48775, -7.30775],
			"to": [10, 2.51225, -3.30775],
			"rotation": {"angle": -45, "axis": "x", "origin": [8, 13.82, 8]},
			"faces": {
				"north": {"uv": [8, 8, 10, 10], "texture": "#0"},
				"east": {"uv": [5, 8, 7, 10], "texture": "#0"},
				"south": {"uv": [8, 6, 10, 8], "texture": "#0"},
				"west": {"uv": [7, 8, 5, 10], "texture": "#0"},
				"up": {"uv": [2, 11.5, 0, 9.5], "rotation": 90, "texture": "#0"},
				"down": {"uv": [12, 0, 10, 2], "rotation": 270, "texture": "#0"}
			}
		},
		{
			"from": [7, -1, 7],
			"to": [9, 9, 9],
			"rotation": {"angle": 0, "axis": "y", "origin": [8, 13.82, 8]},
			"faces": {
				"north": {"uv": [7, 4, 8, 9], "texture": "#0"},
				"east": {"uv": [7, 4, 8, 9], "texture": "#0"},
				"south": {"uv": [7, 4, 8, 9], "texture": "#0"},
				"west": {"uv": [7, 4, 8, 9], "texture": "#0"}
			}
		},
		{
			"from": [6.5, 11, 6.5],
			"to": [9.5, 14, 9.5],
			"rotation": {"angle": -45, "axis": "y", "origin": [8, 13.82, 8]},
			"faces": {
				"north": {"uv": [10, 4.5, 11.5, 6], "texture": "#0"},
				"east": {"uv": [10, 4.5, 11.5, 6], "texture": "#0"},
				"south": {"uv": [10, 4.5, 11.5, 6], "texture": "#0"},
				"west": {"uv": [10, 4.5, 11.5, 6], "texture": "#0"}
			}
		},
		{
			"from": [4, 20, 4],
			"to": [12, 27, 12],
			"rotation": {"angle": -45, "axis": "y", "origin": [8, 13.82, 8]},
			"faces": {
				"north": {"uv": [0, 0, 4, 3.5], "texture": "#0"},
				"east": {"uv": [4, 0, 0, 3.5], "texture": "#0"},
				"south": {"uv": [0, 0, 4, 3.5], "texture": "#0"},
				"west": {"uv": [4, 0, 0, 3.5], "texture": "#0"},
				"up": {"uv": [4, 8, 0, 4], "rotation": 90, "texture": "#0"},
				"down": {"uv": [8, 0, 4, 4], "rotation": 270, "texture": "#0"}
			}
		},
		{
			"from": [12.75, 27.75, 12.75],
			"to": [3.25, 19.25, 3.25],
			"rotation": {"angle": -45, "axis": "y", "origin": [8, 13.82, 8]},
			"faces": {
				"north": {"uv": [14.5, 2, 16, 3.5], "texture": "#0"},
				"east": {"uv": [14.5, 2, 16, 3.5], "texture": "#0"},
				"south": {"uv": [14.5, 2, 16, 3.5], "texture": "#0"},
				"west": {"uv": [14.5, 2, 16, 3.5], "texture": "#0"},
				"up": {"uv": [11, 11, 16, 16], "rotation": 90, "texture": "#0"},
				"down": {"uv": [14.5, 2, 16, 3.5], "rotation": 270, "texture": "#0"}
			}
		},
		{
			"from": [7, 18, 4],
			"to": [12, 20, 9],
			"rotation": {"angle": -45, "axis": "y", "origin": [8, 13.82, 8]},
			"faces": {
				"north": {"uv": [0, 11.5, 2.5, 12.5], "texture": "#0"},
				"east": {"uv": [0, 11.5, 2.5, 12.5], "texture": "#0"},
				"south": {"uv": [0, 11.5, 2.5, 12.5], "texture": "#0"},
				"west": {"uv": [0, 11.5, 2.5, 12.5], "texture": "#0"},
				"down": {"uv": [14.5, 2, 12, 4.5], "rotation": 270, "texture": "#0"}
			}
		},
		{
			"from": [4, 18, 4],
			"to": [9, 20, 9],
			"rotation": {"angle": 45, "axis": "y", "origin": [8, 13.82, 8]},
			"faces": {
				"north": {"uv": [2.5, 11.5, 0, 12.5], "texture": "#0"},
				"east": {"uv": [2.5, 11.5, 0, 12.5], "texture": "#0"},
				"south": {"uv": [2.5, 11.5, 0, 12.5], "texture": "#0"},
				"west": {"uv": [2.5, 11.5, 0, 12.5], "texture": "#0"},
				"down": {"uv": [14.5, 4.5, 12, 2], "rotation": 270, "texture": "#0"}
			}
		},
		{
			"from": [9.9, 19.26, 9.91],
			"to": [3.25, 17.26, 3.25],
			"rotation": {"angle": 45, "axis": "y", "origin": [8, 13.82, 8]},
			"faces": {
				"north": {"uv": [14.5, 2, 16, 3.5], "texture": "#0"},
				"east": {"uv": [14.5, 2, 16, 3.5], "texture": "#0"},
				"south": {"uv": [14.5, 2, 16, 3.5], "texture": "#0"},
				"west": {"uv": [14.5, 2, 16, 3.5], "texture": "#0"},
				"up": {"uv": [14.5, 2, 16, 3.5], "rotation": 90, "texture": "#0"}
			}
		},
		{
			"from": [12.75, 19.26, 9.91],
			"to": [6.1, 17.26, 3.25],
			"rotation": {"angle": -45, "axis": "y", "origin": [8, 13.82, 8]},
			"faces": {
				"north": {"uv": [16, 2, 14.5, 3.5], "texture": "#0"},
				"east": {"uv": [16, 2, 14.5, 3.5], "texture": "#0"},
				"south": {"uv": [16, 2, 14.5, 3.5], "texture": "#0"},
				"west": {"uv": [16, 2, 14.5, 3.5], "texture": "#0"},
				"up": {"uv": [14.5, 3.5, 16, 2], "rotation": 90, "texture": "#0"}
			}
		},
		{
			"from": [6, 16, 4.98],
			"to": [10, 20, 11.02],
			"rotation": {"angle": 0, "axis": "y", "origin": [8, 13.82, 8]},
			"faces": {
				"north": {"uv": [10, 8, 12, 10], "texture": "#0"},
				"east": {"uv": [12, 0, 15, 2], "texture": "#0"},
				"south": {"uv": [10, 8, 12, 10], "texture": "#0"},
				"west": {"uv": [12, 0, 15, 2], "texture": "#0"}
			}
		},
		{
			"from": [7.16575, 13.83406, 5],
			"to": [11.16575, 16.83406, 11],
			"rotation": {"angle": -22.5, "axis": "z", "origin": [8, 13.82, 8]},
			"faces": {
				"north": {"uv": [4.5, 10, 6.5, 11.5], "texture": "#0"},
				"east": {"uv": [0, 8, 3, 9.5], "texture": "#0"},
				"south": {"uv": [10, 3, 12, 4.5], "texture": "#0"},
				"up": {"uv": [7, 6, 4, 4], "rotation": 90, "texture": "#0"},
				"down": {"uv": [7, 6, 4, 8], "rotation": 270, "texture": "#0"}
			}
		},
		{
			"from": [4.83425, 13.83406, 5],
			"to": [8.83425, 16.83406, 11],
			"rotation": {"angle": 22.5, "axis": "z", "origin": [8, 13.82, 8]},
			"faces": {
				"north": {"uv": [6.5, 10, 4.5, 11.5], "texture": "#0"},
				"south": {"uv": [12, 3, 10, 4.5], "texture": "#0"},
				"west": {"uv": [3, 8, 0, 9.5], "texture": "#0"},
				"up": {"uv": [7, 4, 4, 6], "rotation": 90, "texture": "#0"},
				"down": {"uv": [7, 8, 4, 6], "rotation": 270, "texture": "#0"}
			}
		},
		{
			"from": [9.33425, 17.33406, 11.5],
			"to": [4.33425, 13.33406, 4.5],
			"rotation": {"angle": 22.5, "axis": "z", "origin": [8, 13.82, 8]},
			"faces": {
				"north": {"uv": [16, 2, 14.5, 3.5], "texture": "#0"},
				"east": {"uv": [16, 2, 14.5, 3.5], "texture": "#0"},
				"south": {"uv": [16, 2, 14.5, 3.5], "texture": "#0"},
				"up": {"uv": [16, 8.5, 13.5, 10.65], "rotation": 90, "texture": "#0"},
				"down": {"uv": [16, 10.65, 13.5, 8.5], "rotation": 270, "texture": "#0"}
			}
		},
		{
			"from": [11.66575, 17.33406, 11.52],
			"to": [6.66575, 13.33406, 4.52],
			"rotation": {"angle": -22.5, "axis": "z", "origin": [8, 13.82, 8]},
			"faces": {
				"north": {"uv": [14.5, 2, 16, 3.5], "texture": "#0"},
				"south": {"uv": [14.5, 2, 16, 3.5], "texture": "#0"},
				"west": {"uv": [14.5, 2, 16, 3.5], "texture": "#0"},
				"up": {"uv": [16, 10.65, 13.5, 8.5], "rotation": 90, "texture": "#0"},
				"down": {"uv": [16, 8.5, 13.5, 10.65], "rotation": 270, "texture": "#0"}
			}
		},
		{
			"from": [7, 20.1, -0.6],
			"to": [9, 23.1, 3.4],
			"rotation": {"angle": 0, "axis": "y", "origin": [8, 13.82, 8]},
			"faces": {
				"east": {"uv": [0, 12.5, 2, 14], "texture": "#0"},
				"west": {"uv": [2, 12.5, 0, 14], "texture": "#0"},
				"up": {"uv": [2.5, 14, 3.5, 12], "rotation": 180, "texture": "#0"},
				"down": {"uv": [3, 16, 4, 14], "rotation": 180, "texture": "#0"}
			}
		},
		{
			"from": [6.98, 10.78762, -6.03496],
			"to": [9.02, 14.78762, -2.03496],
			"rotation": {"angle": 45, "axis": "x", "origin": [8, 13.82, 8]},
			"faces": {
				"north": {"uv": [2, 14, 3, 16], "texture": "#0"},
				"east": {"uv": [0, 14, 2, 16], "texture": "#0"},
				"south": {"uv": [3.5, 14, 4.5, 12], "texture": "#0"},
				"west": {"uv": [2, 14, 0, 16], "texture": "#0"},
				"up": {"uv": [2, 16, 3, 14], "rotation": 180, "texture": "#0"},
				"down": {"uv": [3.5, 14, 4.5, 12], "rotation": 180, "texture": "#0"}
			}
		},
		{
			"from": [7, 27, 6.75],
			"to": [9, 32, 9.75],
			"rotation": {"angle": 0, "axis": "y", "origin": [8, 13.82, 8]},
			"faces": {
				"north": {"uv": [6, 16, 7, 13.5], "rotation": 180, "texture": "#0"},
				"east": {"uv": [4.5, 16, 6, 13.5], "texture": "#0"},
				"south": {"uv": [6, 16, 7, 13.5], "rotation": 180, "texture": "#0", "cullface": "north"},
				"west": {"uv": [4.5, 16, 6, 13.5], "texture": "#0"}
			}
		},
		{
			"from": [6.98, 25.30453, -7.13097],
			"to": [9.02, 29.30453, -3.13097],
			"rotation": {"angle": 45, "axis": "x", "origin": [8, 13.82, 8]},
			"faces": {
				"north": {"uv": [6.5, 13.5, 7.5, 11.5], "texture": "#0"},
				"east": {"uv": [4.5, 13.5, 6.5, 11.5], "texture": "#0"},
				"south": {"uv": [8, 13.5, 7, 15.5], "texture": "#0"},
				"west": {"uv": [6.5, 11.5, 4.5, 13.5], "rotation": 90, "texture": "#0"},
				"up": {"uv": [6.5, 11.5, 7.5, 13.5], "rotation": 180, "texture": "#0"},
				"down": {"uv": [7, 15.5, 8, 13.5], "texture": "#0"}
			}
		},
		{
			"from": [7, 20.1, 12.6],
			"to": [9, 23.1, 16.6],
			"rotation": {"angle": 0, "axis": "y", "origin": [8, 13.82, 8]},
			"faces": {
				"east": {"uv": [2, 12.5, 0, 14], "texture": "#0"},
				"west": {"uv": [0, 12.5, 2, 14], "texture": "#0"},
				"up": {"uv": [2.5, 12, 3.5, 14], "rotation": 180, "texture": "#0"},
				"down": {"uv": [3, 14, 4, 16], "rotation": 180, "texture": "#0"}
			}
		},
		{
			"from": [6.98, 10.78762, 18.03496],
			"to": [9.02, 14.78762, 22.03496],
			"rotation": {"angle": -45, "axis": "x", "origin": [8, 13.82, 8]},
			"faces": {
				"north": {"uv": [4.5, 14, 3.5, 12], "texture": "#0"},
				"east": {"uv": [2, 14, 0, 16], "texture": "#0"},
				"south": {"uv": [3, 14, 2, 16], "texture": "#0"},
				"west": {"uv": [0, 14, 2, 16], "texture": "#0"},
				"up": {"uv": [2, 14, 3, 16], "rotation": 180, "texture": "#0"},
				"down": {"uv": [3.5, 12, 4.5, 14], "rotation": 180, "texture": "#0"}
			}
		},
		{
			"from": [7, 18.32129, 19.05104],
			"to": [9, 21.32129, 23.05104],
			"rotation": {"angle": -45, "axis": "x", "origin": [8, 13.82, 8]},
			"faces": {
				"east": {"uv": [2, 12.5, 0, 14], "texture": "#0"},
				"west": {"uv": [0, 12.5, 2, 14], "texture": "#0"},
				"up": {"uv": [2.5, 12, 3.5, 14], "rotation": 180, "texture": "#0"},
				"down": {"uv": [3, 14, 4, 16], "rotation": 180, "texture": "#0"}
			}
		},
		{
			"from": [6.98, 27.19666, 12.88955],
			"to": [9.02, 31.19666, 16.88955],
			"rotation": {"angle": 0, "axis": "z", "origin": [8, 13.82, 8]},
			"faces": {
				"north": {"uv": [2, 14, 3, 16], "texture": "#0"},
				"east": {"uv": [2, 14, 0, 16], "rotation": 90, "texture": "#0"},
				"south": {"uv": [3.5, 12, 4.5, 14], "rotation": 180, "texture": "#0"},
				"west": {"uv": [0, 14, 2, 16], "rotation": 270, "texture": "#0"},
				"up": {"uv": [3, 14, 2, 16], "texture": "#0"},
				"down": {"uv": [4.5, 14, 3.5, 12], "rotation": 180, "texture": "#0"}
			}
		},
		{
			"from": [7, 18.32129, -7.05104],
			"to": [9, 21.32129, -3.05104],
			"rotation": {"angle": 45, "axis": "x", "origin": [8, 13.82, 8]},
			"faces": {
				"east": {"uv": [0, 12.5, 2, 14], "texture": "#0"},
				"west": {"uv": [2, 12.5, 0, 14], "texture": "#0"},
				"up": {"uv": [2.5, 14, 3.5, 12], "rotation": 180, "texture": "#0"},
				"down": {"uv": [3, 16, 4, 14], "rotation": 180, "texture": "#0"}
			}
		},
		{
			"from": [6.98, 27.19666, -0.88955],
			"to": [9.02, 31.19666, 3.11045],
			"rotation": {"angle": 0, "axis": "z", "origin": [8, 13.82, 8]},
			"faces": {
				"north": {"uv": [4.5, 12, 3.5, 14], "rotation": 180, "texture": "#0"},
				"east": {"uv": [2, 16, 0, 14], "rotation": 90, "texture": "#0"},
				"south": {"uv": [3, 14, 2, 16], "texture": "#0"},
				"west": {"uv": [0, 16, 2, 14], "rotation": 270, "texture": "#0"},
				"up": {"uv": [3, 16, 2, 14], "texture": "#0"},
				"down": {"uv": [4.5, 12, 3.5, 14], "rotation": 180, "texture": "#0"}
			}
		},
		{
			"from": [10.6, 23.1, 3.25],
			"to": [11.4, 23.9, 4.05],
			"shade": false,
			"rotation": {"angle": 0, "axis": "y", "origin": [8, 13.82, 8]},
			"faces": {
				"north": {"uv": [0, 14, 2, 16], "texture": "#1"},
				"east": {"uv": [0, 14, 2, 16], "texture": "#1"},
				"south": {"uv": [0, 14, 2, 16], "texture": "#1"},
				"west": {"uv": [0, 14, 2, 16], "texture": "#1"},
				"up": {"uv": [0, 14, 2, 16], "rotation": 90, "texture": "#1"},
				"down": {"uv": [0, 14, 2, 16], "rotation": 270, "texture": "#1"}
			}
		},
		{
			"from": [11.75, 24.25, 4.4],
			"to": [10.25, 22.75, 2.9],
			"shade": false,
			"rotation": {"angle": 0, "axis": "y", "origin": [8, 13.82, 8]},
			"faces": {
				"north": {"uv": [2, 14, 4, 16], "texture": "#1"},
				"east": {"uv": [2, 14, 4, 16], "texture": "#1"},
				"south": {"uv": [2, 14, 4, 16], "texture": "#1"},
				"west": {"uv": [2, 14, 4, 16], "texture": "#1"},
				"up": {"uv": [2, 14, 4, 16], "rotation": 90, "texture": "#1"},
				"down": {"uv": [2, 14, 4, 16], "rotation": 270, "texture": "#1"}
			}
		},
		{
			"from": [10.55, 23.55, 3.2],
			"to": [11.45, 24.45, 4.1],
			"shade": false,
			"rotation": {"angle": 0, "axis": "y", "origin": [8, 13.82, 8]},
			"faces": {
				"north": {"uv": [0, 12, 2, 14], "texture": "#1"},
				"east": {"uv": [0, 12, 2, 14], "texture": "#1"},
				"south": {"uv": [0, 12, 2, 14], "texture": "#1"},
				"west": {"uv": [0, 12, 2, 14], "texture": "#1"},
				"up": {"uv": [0, 12, 2, 14], "rotation": 90, "texture": "#1"},
				"down": {"uv": [0, 12, 2, 14], "rotation": 270, "texture": "#1"}
			}
		},
		{
			"from": [11.75, 24.75, 4.4],
			"to": [10.25, 23.25, 2.9],
			"shade": false,
			"rotation": {"angle": 0, "axis": "y", "origin": [8, 13.82, 8]},
			"faces": {
				"north": {"uv": [2, 12, 4, 14], "texture": "#1"},
				"east": {"uv": [2, 12, 4, 14], "texture": "#1"},
				"south": {"uv": [2, 12, 4, 14], "texture": "#1"},
				"west": {"uv": [2, 12, 4, 14], "texture": "#1"},
				"up": {"uv": [2, 12, 4, 14], "rotation": 90, "texture": "#1"},
				"down": {"uv": [2, 12, 4, 14], "rotation": 270, "texture": "#1"}
			}
		},
		{
			"from": [10.5, 24, 3.15],
			"to": [11.5, 25, 4.15],
			"shade": false,
			"rotation": {"angle": 0, "axis": "y", "origin": [8, 13.82, 8]},
			"faces": {
				"north": {"uv": [0, 10, 2, 12], "texture": "#1"},
				"east": {"uv": [0, 10, 2, 12], "texture": "#1"},
				"south": {"uv": [0, 10, 2, 12], "texture": "#1"},
				"west": {"uv": [0, 10, 2, 12], "texture": "#1"},
				"up": {"uv": [0, 10, 2, 12], "rotation": 90, "texture": "#1"},
				"down": {"uv": [0, 10, 2, 12], "rotation": 270, "texture": "#1"}
			}
		},
		{
			"from": [11.75, 25.25, 4.4],
			"to": [10.25, 23.75, 2.9],
			"shade": false,
			"rotation": {"angle": 0, "axis": "y", "origin": [8, 13.82, 8]},
			"faces": {
				"north": {"uv": [2, 10, 4, 12], "texture": "#1"},
				"east": {"uv": [2, 10, 4, 12], "texture": "#1"},
				"south": {"uv": [2, 10, 4, 12], "texture": "#1"},
				"west": {"uv": [2, 10, 4, 12], "texture": "#1"},
				"up": {"uv": [2, 10, 4, 12], "rotation": 90, "texture": "#1"},
				"down": {"uv": [2, 10, 4, 12], "rotation": 270, "texture": "#1"}
			}
		},
		{
			"from": [10.5, 24.5, 3.15],
			"to": [11.5, 25.5, 4.15],
			"shade": false,
			"rotation": {"angle": 0, "axis": "y", "origin": [8, 13.82, 8]},
			"faces": {
				"north": {"uv": [0, 8, 2, 10], "texture": "#1"},
				"east": {"uv": [0, 8, 2, 10], "texture": "#1"},
				"south": {"uv": [0, 8, 2, 10], "texture": "#1"},
				"west": {"uv": [0, 8, 2, 10], "texture": "#1"},
				"up": {"uv": [0, 8, 2, 10], "rotation": 90, "texture": "#1"},
				"down": {"uv": [0, 8, 2, 10], "rotation": 270, "texture": "#1"}
			}
		},
		{
			"from": [11.75, 25.75, 4.4],
			"to": [10.25, 24.25, 2.9],
			"shade": false,
			"rotation": {"angle": 0, "axis": "y", "origin": [8, 13.82, 8]},
			"faces": {
				"north": {"uv": [2, 8, 4, 10], "texture": "#1"},
				"east": {"uv": [2, 8, 4, 10], "texture": "#1"},
				"south": {"uv": [2, 8, 4, 10], "texture": "#1"},
				"west": {"uv": [2, 8, 4, 10], "texture": "#1"},
				"up": {"uv": [2, 8, 4, 10], "rotation": 90, "texture": "#1"},
				"down": {"uv": [2, 8, 4, 10], "rotation": 270, "texture": "#1"}
			}
		},
		{
			"from": [10.5, 25, 3.15],
			"to": [11.5, 26, 4.15],
			"shade": false,
			"rotation": {"angle": 0, "axis": "y", "origin": [8, 13.82, 8]},
			"faces": {
				"north": {"uv": [0, 6, 2, 8], "texture": "#1"},
				"east": {"uv": [0, 6, 2, 8], "texture": "#1"},
				"south": {"uv": [0, 6, 2, 8], "texture": "#1"},
				"west": {"uv": [0, 6, 2, 8], "texture": "#1"},
				"up": {"uv": [0, 6, 2, 8], "rotation": 90, "texture": "#1"},
				"down": {"uv": [0, 6, 2, 8], "rotation": 270, "texture": "#1"}
			}
		},
		{
			"from": [11.75, 26.25, 4.4],
			"to": [10.25, 24.75, 2.9],
			"shade": false,
			"rotation": {"angle": 0, "axis": "y", "origin": [8, 13.82, 8]},
			"faces": {
				"north": {"uv": [2, 6, 4, 8], "texture": "#1"},
				"east": {"uv": [2, 6, 4, 8], "texture": "#1"},
				"south": {"uv": [2, 6, 4, 8], "texture": "#1"},
				"west": {"uv": [2, 6, 4, 8], "texture": "#1"},
				"up": {"uv": [2, 6, 4, 8], "rotation": 90, "texture": "#1"},
				"down": {"uv": [2, 6, 4, 8], "rotation": 270, "texture": "#1"}
			}
		},
		{
			"from": [10.55, 25.55, 3.2],
			"to": [11.45, 26.45, 4.1],
			"shade": false,
			"rotation": {"angle": 0, "axis": "y", "origin": [8, 13.82, 8]},
			"faces": {
				"north": {"uv": [0, 4, 2, 6], "texture": "#1"},
				"east": {"uv": [0, 4, 2, 6], "texture": "#1"},
				"south": {"uv": [0, 4, 2, 6], "texture": "#1"},
				"west": {"uv": [0, 4, 2, 6], "texture": "#1"},
				"up": {"uv": [0, 4, 2, 6], "rotation": 90, "texture": "#1"},
				"down": {"uv": [0, 4, 2, 6], "rotation": 270, "texture": "#1"}
			}
		},
		{
			"from": [11.75, 26.75, 4.4],
			"to": [10.25, 25.25, 2.9],
			"shade": false,
			"rotation": {"angle": 0, "axis": "y", "origin": [8, 13.82, 8]},
			"faces": {
				"north": {"uv": [2, 4, 4, 6], "texture": "#1"},
				"east": {"uv": [2, 4, 4, 6], "texture": "#1"},
				"south": {"uv": [2, 4, 4, 6], "texture": "#1"},
				"west": {"uv": [2, 4, 4, 6], "texture": "#1"},
				"up": {"uv": [2, 4, 4, 6], "rotation": 90, "texture": "#1"},
				"down": {"uv": [2, 4, 4, 6], "rotation": 270, "texture": "#1"}
			}
		},
		{
			"from": [10.6, 26.6, 3.25],
			"to": [11.4, 27.4, 4.05],
			"shade": false,
			"rotation": {"angle": 0, "axis": "y", "origin": [8, 13.82, 8]},
			"faces": {
				"north": {"uv": [0, 2, 2, 4], "texture": "#1"},
				"east": {"uv": [0, 2, 2, 4], "texture": "#1"},
				"south": {"uv": [0, 2, 2, 4], "texture": "#1"},
				"west": {"uv": [0, 2, 2, 4], "texture": "#1"},
				"up": {"uv": [0, 2, 2, 4], "rotation": 90, "texture": "#1"},
				"down": {"uv": [0, 2, 2, 4], "rotation": 270, "texture": "#1"}
			}
		},
		{
			"from": [11.75, 27.75, 4.4],
			"to": [10.25, 26.25, 2.9],
			"shade": false,
			"rotation": {"angle": 0, "axis": "y", "origin": [8, 13.82, 8]},
			"faces": {
				"north": {"uv": [2, 2, 4, 4], "texture": "#1"},
				"east": {"uv": [2, 2, 4, 4], "texture": "#1"},
				"south": {"uv": [2, 2, 4, 4], "texture": "#1"},
				"west": {"uv": [2, 2, 4, 4], "texture": "#1"},
				"up": {"uv": [2, 2, 4, 4], "rotation": 90, "texture": "#1"},
				"down": {"uv": [2, 2, 4, 4], "rotation": 270, "texture": "#1"}
			}
		},
		{
			"from": [10.6, 23.1, 11.95],
			"to": [11.4, 23.9, 12.75],
			"shade": false,
			"rotation": {"angle": 0, "axis": "y", "origin": [8, 13.82, 8]},
			"faces": {
				"north": {"uv": [4, 14, 6, 16], "texture": "#1"},
				"east": {"uv": [4, 14, 6, 16], "texture": "#1"},
				"south": {"uv": [4, 14, 6, 16], "texture": "#1"},
				"west": {"uv": [4, 14, 6, 16], "texture": "#1"},
				"up": {"uv": [4, 14, 6, 16], "rotation": 90, "texture": "#1"},
				"down": {"uv": [4, 14, 6, 16], "rotation": 270, "texture": "#1"}
			}
		},
		{
			"from": [11.75, 24.25, 13.1],
			"to": [10.25, 22.75, 11.6],
			"shade": false,
			"rotation": {"angle": 0, "axis": "y", "origin": [8, 13.82, 8]},
			"faces": {
				"north": {"uv": [6, 14, 8, 16], "texture": "#1"},
				"east": {"uv": [6, 14, 8, 16], "texture": "#1"},
				"south": {"uv": [6, 14, 8, 16], "texture": "#1"},
				"west": {"uv": [6, 14, 8, 16], "texture": "#1"},
				"up": {"uv": [6, 14, 8, 16], "rotation": 90, "texture": "#1"},
				"down": {"uv": [6, 14, 8, 16], "rotation": 270, "texture": "#1"}
			}
		},
		{
			"from": [10.55, 23.55, 11.9],
			"to": [11.45, 24.45, 12.8],
			"shade": false,
			"rotation": {"angle": 0, "axis": "y", "origin": [8, 13.82, 8]},
			"faces": {
				"north": {"uv": [4, 12, 6, 14], "texture": "#1"},
				"east": {"uv": [4, 12, 6, 14], "texture": "#1"},
				"south": {"uv": [4, 12, 6, 14], "texture": "#1"},
				"west": {"uv": [4, 12, 6, 14], "texture": "#1"},
				"up": {"uv": [4, 12, 6, 14], "rotation": 90, "texture": "#1"},
				"down": {"uv": [4, 12, 6, 14], "rotation": 270, "texture": "#1"}
			}
		},
		{
			"from": [11.75, 24.75, 13.1],
			"to": [10.25, 23.25, 11.6],
			"shade": false,
			"rotation": {"angle": 0, "axis": "y", "origin": [8, 13.82, 8]},
			"faces": {
				"north": {"uv": [6, 12, 8, 14], "texture": "#1"},
				"east": {"uv": [6, 12, 8, 14], "texture": "#1"},
				"south": {"uv": [6, 12, 8, 14], "texture": "#1"},
				"west": {"uv": [6, 12, 8, 14], "texture": "#1"},
				"up": {"uv": [6, 12, 8, 14], "rotation": 90, "texture": "#1"},
				"down": {"uv": [6, 12, 8, 14], "rotation": 270, "texture": "#1"}
			}
		},
		{
			"from": [10.5, 24.5, 11.85],
			"to": [11.5, 25.5, 12.85],
			"shade": false,
			"rotation": {"angle": 0, "axis": "y", "origin": [8, 13.82, 8]},
			"faces": {
				"north": {"uv": [4, 10, 6, 12], "texture": "#1"},
				"east": {"uv": [4, 10, 6, 12], "texture": "#1"},
				"south": {"uv": [4, 10, 6, 12], "texture": "#1"},
				"west": {"uv": [4, 10, 6, 12], "texture": "#1"},
				"up": {"uv": [4, 10, 6, 12], "rotation": 90, "texture": "#1"},
				"down": {"uv": [4, 10, 6, 12], "rotation": 270, "texture": "#1"}
			}
		},
		{
			"from": [11.75, 25.75, 13.1],
			"to": [10.25, 24.25, 11.6],
			"shade": false,
			"rotation": {"angle": 0, "axis": "y", "origin": [8, 13.82, 8]},
			"faces": {
				"north": {"uv": [6, 10, 8, 12], "texture": "#1"},
				"east": {"uv": [6, 10, 8, 12], "texture": "#1"},
				"south": {"uv": [6, 10, 8, 12], "texture": "#1"},
				"west": {"uv": [6, 10, 8, 12], "texture": "#1"},
				"up": {"uv": [6, 10, 8, 12], "rotation": 90, "texture": "#1"},
				"down": {"uv": [6, 10, 8, 12], "rotation": 270, "texture": "#1"}
			}
		},
		{
			"from": [10.5, 25, 11.85],
			"to": [11.5, 26, 12.85],
			"shade": false,
			"rotation": {"angle": 0, "axis": "y", "origin": [8, 13.82, 8]},
			"faces": {
				"north": {"uv": [4, 8, 6, 10], "texture": "#1"},
				"east": {"uv": [4, 8, 6, 10], "texture": "#1"},
				"south": {"uv": [4, 8, 6, 10], "texture": "#1"},
				"west": {"uv": [4, 8, 6, 10], "texture": "#1"},
				"up": {"uv": [4, 8, 6, 10], "rotation": 90, "texture": "#1"},
				"down": {"uv": [4, 8, 6, 10], "rotation": 270, "texture": "#1"}
			}
		},
		{
			"from": [11.75, 26.25, 13.1],
			"to": [10.25, 24.75, 11.6],
			"shade": false,
			"rotation": {"angle": 0, "axis": "y", "origin": [8, 13.82, 8]},
			"faces": {
				"north": {"uv": [6, 8, 8, 10], "texture": "#1"},
				"east": {"uv": [6, 8, 8, 10], "texture": "#1"},
				"south": {"uv": [6, 8, 8, 10], "texture": "#1"},
				"west": {"uv": [6, 8, 8, 10], "texture": "#1"},
				"up": {"uv": [6, 8, 8, 10], "rotation": 90, "texture": "#1"},
				"down": {"uv": [6, 8, 8, 10], "rotation": 270, "texture": "#1"}
			}
		},
		{
			"from": [10.5, 25.5, 11.85],
			"to": [11.5, 26.5, 12.85],
			"shade": false,
			"rotation": {"angle": 0, "axis": "y", "origin": [8, 13.82, 8]},
			"faces": {
				"north": {"uv": [4, 6, 6, 8], "texture": "#1"},
				"east": {"uv": [4, 6, 6, 8], "texture": "#1"},
				"south": {"uv": [4, 6, 6, 8], "texture": "#1"},
				"west": {"uv": [4, 6, 6, 8], "texture": "#1"},
				"up": {"uv": [4, 6, 6, 8], "rotation": 90, "texture": "#1"},
				"down": {"uv": [4, 6, 6, 8], "rotation": 270, "texture": "#1"}
			}
		},
		{
			"from": [11.75, 26.75, 13.1],
			"to": [10.25, 25.25, 11.6],
			"shade": false,
			"rotation": {"angle": 0, "axis": "y", "origin": [8, 13.82, 8]},
			"faces": {
				"north": {"uv": [6, 6, 8, 8], "texture": "#1"},
				"east": {"uv": [6, 6, 8, 8], "texture": "#1"},
				"south": {"uv": [6, 6, 8, 8], "texture": "#1"},
				"west": {"uv": [6, 6, 8, 8], "texture": "#1"},
				"up": {"uv": [6, 6, 8, 8], "rotation": 90, "texture": "#1"},
				"down": {"uv": [6, 6, 8, 8], "rotation": 270, "texture": "#1"}
			}
		},
		{
			"from": [10.55, 26.05, 11.9],
			"to": [11.45, 26.95, 12.8],
			"shade": false,
			"rotation": {"angle": 0, "axis": "y", "origin": [8, 13.82, 8]},
			"faces": {
				"north": {"uv": [4, 4, 6, 6], "texture": "#1"},
				"east": {"uv": [4, 4, 6, 6], "texture": "#1"},
				"south": {"uv": [4, 4, 6, 6], "texture": "#1"},
				"west": {"uv": [4, 4, 6, 6], "texture": "#1"},
				"up": {"uv": [4, 4, 6, 6], "rotation": 90, "texture": "#1"},
				"down": {"uv": [4, 4, 6, 6], "rotation": 270, "texture": "#1"}
			}
		},
		{
			"from": [11.75, 27.25, 13.1],
			"to": [10.25, 25.75, 11.6],
			"shade": false,
			"rotation": {"angle": 0, "axis": "y", "origin": [8, 13.82, 8]},
			"faces": {
				"north": {"uv": [6, 4, 8, 6], "texture": "#1"},
				"east": {"uv": [6, 4, 8, 6], "texture": "#1"},
				"south": {"uv": [6, 4, 8, 6], "texture": "#1"},
				"west": {"uv": [6, 4, 8, 6], "texture": "#1"},
				"up": {"uv": [6, 4, 8, 6], "rotation": 90, "texture": "#1"},
				"down": {"uv": [6, 4, 8, 6], "rotation": 270, "texture": "#1"}
			}
		},
		{
			"from": [10.6, 26.6, 11.95],
			"to": [11.4, 27.4, 12.75],
			"shade": false,
			"rotation": {"angle": 0, "axis": "y", "origin": [8, 13.82, 8]},
			"faces": {
				"north": {"uv": [4, 2, 6, 4], "texture": "#1"},
				"east": {"uv": [4, 2, 6, 4], "texture": "#1"},
				"south": {"uv": [4, 2, 6, 4], "texture": "#1"},
				"west": {"uv": [4, 2, 6, 4], "texture": "#1"},
				"up": {"uv": [4, 2, 6, 4], "rotation": 90, "texture": "#1"},
				"down": {"uv": [4, 2, 6, 4], "rotation": 270, "texture": "#1"}
			}
		},
		{
			"from": [11.75, 27.75, 13.1],
			"to": [10.25, 26.25, 11.6],
			"shade": false,
			"rotation": {"angle": 0, "axis": "y", "origin": [8, 13.82, 8]},
			"faces": {
				"north": {"uv": [6, 2, 8, 4], "texture": "#1"},
				"east": {"uv": [6, 2, 8, 4], "texture": "#1"},
				"south": {"uv": [6, 2, 8, 4], "texture": "#1"},
				"west": {"uv": [6, 2, 8, 4], "texture": "#1"},
				"up": {"uv": [6, 2, 8, 4], "rotation": 90, "texture": "#1"},
				"down": {"uv": [6, 2, 8, 4], "rotation": 270, "texture": "#1"}
			}
		},
		{
			"from": [4.6, 23.1, 11.95],
			"to": [5.4, 23.9, 12.75],
			"shade": false,
			"rotation": {"angle": 0, "axis": "y", "origin": [8, 13.82, 8]},
			"faces": {
				"north": {"uv": [12, 14, 14, 16], "texture": "#1"},
				"east": {"uv": [12, 14, 14, 16], "texture": "#1"},
				"south": {"uv": [12, 14, 14, 16], "texture": "#1"},
				"west": {"uv": [12, 14, 14, 16], "texture": "#1"},
				"up": {"uv": [12, 14, 14, 16], "rotation": 90, "texture": "#1"},
				"down": {"uv": [12, 14, 14, 16], "rotation": 270, "texture": "#1"}
			}
		},
		{
			"from": [5.75, 24.25, 13.1],
			"to": [4.25, 22.75, 11.6],
			"shade": false,
			"rotation": {"angle": 0, "axis": "y", "origin": [8, 13.82, 8]},
			"faces": {
				"north": {"uv": [14, 14, 16, 16], "texture": "#1"},
				"east": {"uv": [14, 14, 16, 16], "texture": "#1"},
				"south": {"uv": [14, 14, 16, 16], "texture": "#1"},
				"west": {"uv": [14, 14, 16, 16], "texture": "#1"},
				"up": {"uv": [14, 14, 16, 16], "rotation": 90, "texture": "#1"},
				"down": {"uv": [14, 14, 16, 16], "rotation": 270, "texture": "#1"}
			}
		},
		{
			"from": [4.55, 23.55, 11.9],
			"to": [5.45, 24.45, 12.8],
			"shade": false,
			"rotation": {"angle": 0, "axis": "y", "origin": [8, 13.82, 8]},
			"faces": {
				"north": {"uv": [12, 12, 14, 14], "texture": "#1"},
				"east": {"uv": [12, 12, 14, 14], "texture": "#1"},
				"south": {"uv": [12, 12, 14, 14], "texture": "#1"},
				"west": {"uv": [12, 12, 14, 14], "texture": "#1"},
				"up": {"uv": [12, 12, 14, 14], "rotation": 90, "texture": "#1"},
				"down": {"uv": [12, 12, 14, 14], "rotation": 270, "texture": "#1"}
			}
		},
		{
			"from": [5.75, 24.75, 13.1],
			"to": [4.25, 23.25, 11.6],
			"shade": false,
			"rotation": {"angle": 0, "axis": "y", "origin": [8, 13.82, 8]},
			"faces": {
				"north": {"uv": [14, 12, 16, 14], "texture": "#1"},
				"east": {"uv": [14, 12, 16, 14], "texture": "#1"},
				"south": {"uv": [14, 12, 16, 14], "texture": "#1"},
				"west": {"uv": [14, 12, 16, 14], "texture": "#1"},
				"up": {"uv": [14, 12, 16, 14], "rotation": 90, "texture": "#1"},
				"down": {"uv": [14, 12, 16, 14], "rotation": 270, "texture": "#1"}
			}
		},
		{
			"from": [4.5, 24, 11.85],
			"to": [5.5, 25, 12.85],
			"shade": false,
			"rotation": {"angle": 0, "axis": "y", "origin": [8, 13.82, 8]},
			"faces": {
				"north": {"uv": [12, 10, 14, 12], "texture": "#1"},
				"east": {"uv": [12, 10, 14, 12], "texture": "#1"},
				"south": {"uv": [12, 10, 14, 12], "texture": "#1"},
				"west": {"uv": [12, 10, 14, 12], "texture": "#1"},
				"up": {"uv": [12, 10, 14, 12], "rotation": 90, "texture": "#1"},
				"down": {"uv": [12, 10, 14, 12], "rotation": 270, "texture": "#1"}
			}
		},
		{
			"from": [5.75, 25.25, 13.1],
			"to": [4.25, 23.75, 11.6],
			"shade": false,
			"rotation": {"angle": 0, "axis": "y", "origin": [8, 13.82, 8]},
			"faces": {
				"north": {"uv": [14, 10, 16, 12], "texture": "#1"},
				"east": {"uv": [14, 10, 16, 12], "texture": "#1"},
				"south": {"uv": [14, 10, 16, 12], "texture": "#1"},
				"west": {"uv": [14, 10, 16, 12], "texture": "#1"},
				"up": {"uv": [14, 10, 16, 12], "rotation": 90, "texture": "#1"},
				"down": {"uv": [14, 10, 16, 12], "rotation": 270, "texture": "#1"}
			}
		},
		{
			"from": [4.5, 24.5, 11.85],
			"to": [5.5, 25.5, 12.85],
			"shade": false,
			"rotation": {"angle": 0, "axis": "y", "origin": [8, 13.82, 8]},
			"faces": {
				"north": {"uv": [12, 8, 14, 10], "texture": "#1"},
				"east": {"uv": [12, 8, 14, 10], "texture": "#1"},
				"south": {"uv": [12, 8, 14, 10], "texture": "#1"},
				"west": {"uv": [12, 8, 14, 10], "texture": "#1"},
				"up": {"uv": [12, 8, 14, 10], "rotation": 90, "texture": "#1"},
				"down": {"uv": [12, 8, 14, 10], "rotation": 270, "texture": "#1"}
			}
		},
		{
			"from": [5.75, 25.75, 13.1],
			"to": [4.25, 24.25, 11.6],
			"shade": false,
			"rotation": {"angle": 0, "axis": "y", "origin": [8, 13.82, 8]},
			"faces": {
				"north": {"uv": [14, 8, 16, 10], "texture": "#1"},
				"east": {"uv": [14, 8, 16, 10], "texture": "#1"},
				"south": {"uv": [14, 8, 16, 10], "texture": "#1"},
				"west": {"uv": [14, 8, 16, 10], "texture": "#1"},
				"up": {"uv": [14, 8, 16, 10], "rotation": 90, "texture": "#1"},
				"down": {"uv": [14, 8, 16, 10], "rotation": 270, "texture": "#1"}
			}
		},
		{
			"from": [4.5, 25, 11.85],
			"to": [5.5, 26, 12.85],
			"shade": false,
			"rotation": {"angle": 0, "axis": "y", "origin": [8, 13.82, 8]},
			"faces": {
				"north": {"uv": [12, 6, 14, 8], "texture": "#1"},
				"east": {"uv": [12, 6, 14, 8], "texture": "#1"},
				"south": {"uv": [12, 6, 14, 8], "texture": "#1"},
				"west": {"uv": [12, 6, 14, 8], "texture": "#1"},
				"up": {"uv": [12, 6, 14, 8], "rotation": 90, "texture": "#1"},
				"down": {"uv": [12, 6, 14, 8], "rotation": 270, "texture": "#1"}
			}
		},
		{
			"from": [5.75, 26.25, 13.1],
			"to": [4.25, 24.75, 11.6],
			"shade": false,
			"rotation": {"angle": 0, "axis": "y", "origin": [8, 13.82, 8]},
			"faces": {
				"north": {"uv": [14, 6, 16, 8], "texture": "#1"},
				"east": {"uv": [14, 6, 16, 8], "texture": "#1"},
				"south": {"uv": [14, 6, 16, 8], "texture": "#1"},
				"west": {"uv": [14, 6, 16, 8], "texture": "#1"},
				"up": {"uv": [14, 6, 16, 8], "rotation": 90, "texture": "#1"},
				"down": {"uv": [14, 6, 16, 8], "rotation": 270, "texture": "#1"}
			}
		},
		{
			"from": [4.55, 25.55, 11.9],
			"to": [5.45, 26.45, 12.8],
			"shade": false,
			"rotation": {"angle": 0, "axis": "y", "origin": [8, 13.82, 8]},
			"faces": {
				"north": {"uv": [12, 4, 14, 6], "texture": "#1"},
				"east": {"uv": [12, 4, 14, 6], "texture": "#1"},
				"south": {"uv": [12, 4, 14, 6], "texture": "#1"},
				"west": {"uv": [12, 4, 14, 6], "texture": "#1"},
				"up": {"uv": [12, 4, 14, 6], "rotation": 90, "texture": "#1"},
				"down": {"uv": [12, 4, 14, 6], "rotation": 270, "texture": "#1"}
			}
		},
		{
			"from": [5.75, 26.75, 13.1],
			"to": [4.25, 25.25, 11.6],
			"shade": false,
			"rotation": {"angle": 0, "axis": "y", "origin": [8, 13.82, 8]},
			"faces": {
				"north": {"uv": [14, 4, 16, 6], "texture": "#1"},
				"east": {"uv": [14, 4, 16, 6], "texture": "#1"},
				"south": {"uv": [14, 4, 16, 6], "texture": "#1"},
				"west": {"uv": [14, 4, 16, 6], "texture": "#1"},
				"up": {"uv": [14, 4, 16, 6], "rotation": 90, "texture": "#1"},
				"down": {"uv": [14, 4, 16, 6], "rotation": 270, "texture": "#1"}
			}
		},
		{
			"from": [4.6, 26.1, 11.95],
			"to": [5.4, 26.9, 12.75],
			"shade": false,
			"rotation": {"angle": 0, "axis": "y", "origin": [8, 13.82, 8]},
			"faces": {
				"north": {"uv": [12, 2, 14, 4], "texture": "#1"},
				"east": {"uv": [12, 2, 14, 4], "texture": "#1"},
				"south": {"uv": [12, 2, 14, 4], "texture": "#1"},
				"west": {"uv": [12, 2, 14, 4], "texture": "#1"},
				"up": {"uv": [12, 2, 14, 4], "rotation": 90, "texture": "#1"},
				"down": {"uv": [12, 2, 14, 4], "rotation": 270, "texture": "#1"}
			}
		},
		{
			"from": [5.75, 27.25, 13.1],
			"to": [4.25, 25.75, 11.6],
			"shade": false,
			"rotation": {"angle": 0, "axis": "y", "origin": [8, 13.82, 8]},
			"faces": {
				"north": {"uv": [14, 2, 16, 4], "texture": "#1"},
				"east": {"uv": [14, 2, 16, 4], "texture": "#1"},
				"south": {"uv": [14, 2, 16, 4], "texture": "#1"},
				"west": {"uv": [14, 2, 16, 4], "texture": "#1"},
				"up": {"uv": [14, 2, 16, 4], "rotation": 90, "texture": "#1"},
				"down": {"uv": [14, 2, 16, 4], "rotation": 270, "texture": "#1"}
			}
		},
		{
			"from": [4.6, 23.1, 3.25],
			"to": [5.4, 23.9, 4.05],
			"shade": false,
			"rotation": {"angle": 0, "axis": "y", "origin": [8, 13.82, 8]},
			"faces": {
				"north": {"uv": [8, 14, 10, 16], "texture": "#1"},
				"east": {"uv": [8, 14, 10, 16], "texture": "#1"},
				"south": {"uv": [8, 14, 10, 16], "texture": "#1"},
				"west": {"uv": [8, 14, 10, 16], "texture": "#1"},
				"up": {"uv": [8, 14, 10, 16], "rotation": 90, "texture": "#1"},
				"down": {"uv": [8, 14, 10, 16], "rotation": 270, "texture": "#1"}
			}
		},
		{
			"from": [5.75, 24.25, 4.4],
			"to": [4.25, 22.75, 2.9],
			"shade": false,
			"rotation": {"angle": 0, "axis": "y", "origin": [8, 13.82, 8]},
			"faces": {
				"north": {"uv": [10, 14, 12, 16], "texture": "#1"},
				"east": {"uv": [10, 14, 12, 16], "texture": "#1"},
				"south": {"uv": [10, 14, 12, 16], "texture": "#1"},
				"west": {"uv": [10, 14, 12, 16], "texture": "#1"},
				"up": {"uv": [10, 14, 12, 16], "rotation": 90, "texture": "#1"},
				"down": {"uv": [10, 14, 12, 16], "rotation": 270, "texture": "#1"}
			}
		},
		{
			"from": [4.55, 23.55, 3.2],
			"to": [5.45, 24.45, 4.1],
			"shade": false,
			"rotation": {"angle": 0, "axis": "y", "origin": [8, 13.82, 8]},
			"faces": {
				"north": {"uv": [8, 12, 10, 14], "texture": "#1"},
				"east": {"uv": [8, 12, 10, 14], "texture": "#1"},
				"south": {"uv": [8, 12, 10, 14], "texture": "#1"},
				"west": {"uv": [8, 12, 10, 14], "texture": "#1"},
				"up": {"uv": [8, 12, 10, 14], "rotation": 90, "texture": "#1"},
				"down": {"uv": [8, 12, 10, 14], "rotation": 270, "texture": "#1"}
			}
		},
		{
			"from": [5.75, 24.75, 4.4],
			"to": [4.25, 23.25, 2.9],
			"shade": false,
			"rotation": {"angle": 0, "axis": "y", "origin": [8, 13.82, 8]},
			"faces": {
				"north": {"uv": [10, 12, 12, 14], "texture": "#1"},
				"east": {"uv": [10, 12, 12, 14], "texture": "#1"},
				"south": {"uv": [10, 12, 12, 14], "texture": "#1"},
				"west": {"uv": [10, 12, 12, 14], "texture": "#1"},
				"up": {"uv": [10, 12, 12, 14], "rotation": 90, "texture": "#1"},
				"down": {"uv": [10, 12, 12, 14], "rotation": 270, "texture": "#1"}
			}
		},
		{
			"from": [4.5, 24, 3.15],
			"to": [5.5, 25, 4.15],
			"shade": false,
			"rotation": {"angle": 0, "axis": "y", "origin": [8, 13.82, 8]},
			"faces": {
				"north": {"uv": [8, 10, 10, 12], "texture": "#1"},
				"east": {"uv": [8, 10, 10, 12], "texture": "#1"},
				"south": {"uv": [8, 10, 10, 12], "texture": "#1"},
				"west": {"uv": [8, 10, 10, 12], "texture": "#1"},
				"up": {"uv": [8, 10, 10, 12], "rotation": 90, "texture": "#1"},
				"down": {"uv": [8, 10, 10, 12], "rotation": 270, "texture": "#1"}
			}
		},
		{
			"from": [5.75, 25.25, 4.4],
			"to": [4.25, 23.75, 2.9],
			"shade": false,
			"rotation": {"angle": 0, "axis": "y", "origin": [8, 13.82, 8]},
			"faces": {
				"north": {"uv": [10, 10, 12, 12], "texture": "#1"},
				"east": {"uv": [10, 10, 12, 12], "texture": "#1"},
				"south": {"uv": [10, 10, 12, 12], "texture": "#1"},
				"west": {"uv": [10, 10, 12, 12], "texture": "#1"},
				"up": {"uv": [10, 10, 12, 12], "rotation": 90, "texture": "#1"},
				"down": {"uv": [10, 10, 12, 12], "rotation": 270, "texture": "#1"}
			}
		},
		{
			"from": [4.5, 24.5, 3.15],
			"to": [5.5, 25.5, 4.15],
			"shade": false,
			"rotation": {"angle": 0, "axis": "y", "origin": [8, 13.82, 8]},
			"faces": {
				"north": {"uv": [8, 8, 10, 10], "texture": "#1"},
				"east": {"uv": [8, 8, 10, 10], "texture": "#1"},
				"south": {"uv": [8, 8, 10, 10], "texture": "#1"},
				"west": {"uv": [8, 8, 10, 10], "texture": "#1"},
				"up": {"uv": [8, 8, 10, 10], "rotation": 90, "texture": "#1"},
				"down": {"uv": [8, 8, 10, 10], "rotation": 270, "texture": "#1"}
			}
		},
		{
			"from": [5.75, 25.75, 4.4],
			"to": [4.25, 24.25, 2.9],
			"shade": false,
			"rotation": {"angle": 0, "axis": "y", "origin": [8, 13.82, 8]},
			"faces": {
				"north": {"uv": [10, 8, 12, 10], "texture": "#1"},
				"east": {"uv": [10, 8, 12, 10], "texture": "#1"},
				"south": {"uv": [10, 8, 12, 10], "texture": "#1"},
				"west": {"uv": [10, 8, 12, 10], "texture": "#1"},
				"up": {"uv": [10, 8, 12, 10], "rotation": 90, "texture": "#1"},
				"down": {"uv": [10, 8, 12, 10], "rotation": 270, "texture": "#1"}
			}
		},
		{
			"from": [4.5, 25, 3.15],
			"to": [5.5, 26, 4.15],
			"shade": false,
			"rotation": {"angle": 0, "axis": "y", "origin": [8, 13.82, 8]},
			"faces": {
				"north": {"uv": [8, 6, 10, 8], "texture": "#1"},
				"east": {"uv": [8, 6, 10, 8], "texture": "#1"},
				"south": {"uv": [8, 6, 10, 8], "texture": "#1"},
				"west": {"uv": [8, 6, 10, 8], "texture": "#1"},
				"up": {"uv": [8, 6, 10, 8], "rotation": 90, "texture": "#1"},
				"down": {"uv": [8, 6, 10, 8], "rotation": 270, "texture": "#1"}
			}
		},
		{
			"from": [5.75, 26.25, 4.4],
			"to": [4.25, 24.75, 2.9],
			"shade": false,
			"rotation": {"angle": 0, "axis": "y", "origin": [8, 13.82, 8]},
			"faces": {
				"north": {"uv": [10, 6, 12, 8], "texture": "#1"},
				"east": {"uv": [10, 6, 12, 8], "texture": "#1"},
				"south": {"uv": [10, 6, 12, 8], "texture": "#1"},
				"west": {"uv": [10, 6, 12, 8], "texture": "#1"},
				"up": {"uv": [10, 6, 12, 8], "rotation": 90, "texture": "#1"},
				"down": {"uv": [10, 6, 12, 8], "rotation": 270, "texture": "#1"}
			}
		},
		{
			"from": [4.55, 25.55, 3.2],
			"to": [5.45, 26.45, 4.1],
			"shade": false,
			"rotation": {"angle": 0, "axis": "y", "origin": [8, 13.82, 8]},
			"faces": {
				"north": {"uv": [8, 4, 10, 6], "texture": "#1"},
				"east": {"uv": [8, 4, 10, 6], "texture": "#1"},
				"south": {"uv": [8, 4, 10, 6], "texture": "#1"},
				"west": {"uv": [8, 4, 10, 6], "texture": "#1"},
				"up": {"uv": [8, 4, 10, 6], "rotation": 90, "texture": "#1"},
				"down": {"uv": [8, 4, 10, 6], "rotation": 270, "texture": "#1"}
			}
		},
		{
			"from": [5.75, 26.75, 4.4],
			"to": [4.25, 25.25, 2.9],
			"shade": false,
			"rotation": {"angle": 0, "axis": "y", "origin": [8, 13.82, 8]},
			"faces": {
				"north": {"uv": [10, 4, 12, 6], "texture": "#1"},
				"east": {"uv": [10, 4, 12, 6], "texture": "#1"},
				"south": {"uv": [10, 4, 12, 6], "texture": "#1"},
				"west": {"uv": [10, 4, 12, 6], "texture": "#1"},
				"up": {"uv": [10, 4, 12, 6], "rotation": 90, "texture": "#1"},
				"down": {"uv": [10, 4, 12, 6], "rotation": 270, "texture": "#1"}
			}
		},
		{
			"from": [4.6, 26.1, 3.25],
			"to": [5.4, 26.9, 4.05],
			"shade": false,
			"rotation": {"angle": 0, "axis": "y", "origin": [8, 13.82, 8]},
			"faces": {
				"north": {"uv": [8, 2, 10, 4], "texture": "#1"},
				"east": {"uv": [8, 2, 10, 4], "texture": "#1"},
				"south": {"uv": [8, 2, 10, 4], "texture": "#1"},
				"west": {"uv": [8, 2, 10, 4], "texture": "#1"},
				"up": {"uv": [8, 2, 10, 4], "rotation": 90, "texture": "#1"},
				"down": {"uv": [8, 2, 10, 4], "rotation": 270, "texture": "#1"}
			}
		},
		{
			"from": [5.75, 27.25, 4.4],
			"to": [4.25, 25.75, 2.9],
			"shade": false,
			"rotation": {"angle": 0, "axis": "y", "origin": [8, 13.82, 8]},
			"faces": {
				"north": {"uv": [10, 2, 12, 4], "texture": "#1"},
				"east": {"uv": [10, 2, 12, 4], "texture": "#1"},
				"south": {"uv": [10, 2, 12, 4], "texture": "#1"},
				"west": {"uv": [10, 2, 12, 4], "texture": "#1"},
				"up": {"uv": [10, 2, 12, 4], "rotation": 90, "texture": "#1"},
				"down": {"uv": [10, 2, 12, 4], "rotation": 270, "texture": "#1"}
			}
		}
	],
	"display": {
		"thirdperson_righthand": {
			"rotation": [0, -168, 0],
			"translation": [0, -0.5, 1.75],
			"scale": [0.6, 0.6, 0.6]
		},
		"thirdperson_lefthand": {
			"rotation": [0, -168, 0],
			"translation": [0, -0.5, 1.75],
			"scale": [0.6, 0.6, 0.6]
		},
		"firstperson_righthand": {
			"rotation": [-2, -149, -2],
			"translation": [4.5, 0, -4.75],
			"scale": [0.53516, 0.53516, 0.53516]
		},
		"firstperson_lefthand": {
			"rotation": [-2, -149, -2],
			"translation": [4.5, 0, -4.75],
			"scale": [0.53516, 0.53516, 0.53516]
		},
		"ground": {
			"rotation": [94, 85, 0],
			"translation": [0, 0, -3.5],
			"scale": [0.5, 0.5, 0.5]
		},
		"gui": {
			"rotation": [90, -46, 90],
			"translation": [2.25, -2.5, 0],
			"scale": [0.44078, 0.44078, 0.44078]
		},
		"head": {
			"rotation": [90, 22, 90],
			"translation": [7.75, 12, 0.25],
			"scale": [0.7, 0.7, 0.7]
		},
		"fixed": {
			"rotation": [0, 90, 0],
			"translation": [0, -8, -1.75],
			"scale": [1.42109, 1.42109, 1.42109]
		}
	},
	"groups": [
		0,
		1,
		2,
		3,
		4,
		5,
		6,
		7,
		8,
		9,
		10,
		11,
		12,
		13,
		14,
		15,
		16,
		17,
		18,
		19,
		20,
		21,
		22,
		23,
		24,
		25,
		{
			"name": "particles",
			"origin": [8, 8, 8],
			"color": 0,
			"boneType": "",
			"children": [
				{
					"name": "particles1",
					"origin": [0, 0, 0],
					"color": 0,
					"boneType": "",
					"children": [
						{
							"name": "particle1",
							"origin": [0, 0, 0],
							"color": 0,
							"boneType": "",
							"children": [26, 27]
						},
						{
							"name": "particle2",
							"origin": [0, 0, 0],
							"color": 0,
							"boneType": "",
							"children": [28, 29]
						},
						{
							"name": "particle3",
							"origin": [0, 0, 0],
							"color": 0,
							"boneType": "",
							"children": [30, 31]
						},
						{
							"name": "particle4",
							"origin": [0, 0, 0],
							"color": 0,
							"boneType": "",
							"children": [32, 33]
						},
						{
							"name": "particle5",
							"origin": [0, 0, 0],
							"color": 0,
							"boneType": "",
							"children": [34, 35]
						},
						{
							"name": "particle6",
							"origin": [0, 0, 0],
							"color": 0,
							"boneType": "",
							"children": [36, 37]
						},
						{
							"name": "particle7",
							"origin": [0, 0, 0],
							"color": 0,
							"boneType": "",
							"children": [38, 39]
						}
					]
				},
				{
					"name": "particles2",
					"origin": [0, 0, 0],
					"color": 0,
					"boneType": "",
					"children": [
						{
							"name": "particle1",
							"origin": [0, 0, 0],
							"color": 0,
							"boneType": "",
							"children": [40, 41]
						},
						{
							"name": "particle2",
							"origin": [0, 0, 0],
							"color": 0,
							"boneType": "",
							"children": [42, 43]
						},
						{
							"name": "particle3",
							"origin": [0, 0, 0],
							"color": 0,
							"boneType": "",
							"children": [44, 45]
						},
						{
							"name": "particle4",
							"origin": [0, 0, 0],
							"color": 0,
							"boneType": "",
							"children": [46, 47]
						},
						{
							"name": "particle5",
							"origin": [0, 0, 0],
							"color": 0,
							"boneType": "",
							"children": [48, 49]
						},
						{
							"name": "particle6",
							"origin": [0, 0, 0],
							"color": 0,
							"boneType": "",
							"children": [50, 51]
						},
						{
							"name": "particle7",
							"origin": [0, 0, 0],
							"color": 0,
							"boneType": "",
							"children": [52, 53]
						}
					]
				},
				{
					"name": "particles3",
					"origin": [0, 0, 0],
					"color": 0,
					"boneType": "",
					"children": [
						{
							"name": "particle1",
							"origin": [0, 0, 0],
							"color": 0,
							"boneType": "",
							"children": [54, 55]
						},
						{
							"name": "particle2",
							"origin": [0, 0, 0],
							"color": 0,
							"boneType": "",
							"children": [56, 57]
						},
						{
							"name": "particle3",
							"origin": [0, 0, 0],
							"color": 0,
							"boneType": "",
							"children": [58, 59]
						},
						{
							"name": "particle4",
							"origin": [0, 0, 0],
							"color": 0,
							"boneType": "",
							"children": [60, 61]
						},
						{
							"name": "particle5",
							"origin": [0, 0, 0],
							"color": 0,
							"boneType": "",
							"children": [62, 63]
						},
						{
							"name": "particle6",
							"origin": [0, 0, 0],
							"color": 0,
							"boneType": "",
							"children": [64, 65]
						},
						{
							"name": "particle7",
							"origin": [0, 0, 0],
							"color": 0,
							"boneType": "",
							"children": [66, 67]
						}
					]
				},
				{
					"name": "particles4",
					"origin": [0, 0, 0],
					"color": 0,
					"boneType": "",
					"children": [
						{
							"name": "particle1",
							"origin": [0, 0, 0],
							"color": 0,
							"boneType": "",
							"children": [68, 69]
						},
						{
							"name": "particle2",
							"origin": [0, 0, 0],
							"color": 0,
							"boneType": "",
							"children": [70, 71]
						},
						{
							"name": "particle3",
							"origin": [0, 0, 0],
							"color": 0,
							"boneType": "",
							"children": [72, 73]
						},
						{
							"name": "particle4",
							"origin": [0, 0, 0],
							"color": 0,
							"boneType": "",
							"children": [74, 75]
						},
						{
							"name": "particle5",
							"origin": [0, 0, 0],
							"color": 0,
							"boneType": "",
							"children": [76, 77]
						},
						{
							"name": "particle6",
							"origin": [0, 0, 0],
							"color": 0,
							"boneType": "",
							"children": [78, 79]
						},
						{
							"name": "particle7",
							"origin": [0, 0, 0],
							"color": 0,
							"boneType": "",
							"children": [80, 81]
						}
					]
				}
			]
		}
	]
}