{
	"credit": "by w11shes",
	"textures": {
		"0": "elitecreatures:necromancer_assortment/halloween_pickaxe",
		"1": "elitecreatures:necromancer_assortment/halloween_particle",
		"particle": "elitecreatures:necromancer_assortment/halloween_pickaxe"
	},
	"elements": [
		{
			"from": [6.5, 10, 6.5],
			"to": [9.5, 14, 9.5],
			"rotation": {"angle": -45, "axis": "y", "origin": [8, 9, 8]},
			"faces": {
				"north": {"uv": [6, 11, 7.5, 13], "texture": "#0"},
				"east": {"uv": [6, 11, 7.5, 13], "texture": "#0"},
				"south": {"uv": [6, 11, 7.5, 13], "texture": "#0"},
				"west": {"uv": [6, 11, 7.5, 13], "texture": "#0"}
			}
		},
		{
			"from": [6, 8, 6],
			"to": [10, 10, 10],
			"rotation": {"angle": -45, "axis": "y", "origin": [8, 9, 8]},
			"faces": {
				"north": {"uv": [7.5, 12, 9.5, 13], "texture": "#0"},
				"east": {"uv": [7.5, 12, 9.5, 13], "texture": "#0"},
				"south": {"uv": [7.5, 12, 9.5, 13], "texture": "#0"},
				"west": {"uv": [7.5, 12, 9.5, 13], "texture": "#0"},
				"up": {"uv": [2, 9.5, 0, 7.5], "rotation": 90, "texture": "#0"},
				"down": {"uv": [9.5, 2, 7.5, 4], "rotation": 270, "texture": "#0"}
			}
		},
		{
			"from": [7, -1, 7],
			"to": [9, 8, 9],
			"rotation": {"angle": 0, "axis": "y", "origin": [8, 9, 8]},
			"faces": {
				"north": {"uv": [2.5, 5, 3.5, 9.5], "texture": "#0"},
				"east": {"uv": [2.5, 5, 3.5, 9.5], "texture": "#0"},
				"south": {"uv": [2.5, 5, 3.5, 9.5], "texture": "#0"},
				"west": {"uv": [2.5, 5, 3.5, 9.5], "texture": "#0"}
			}
		},
		{
			"from": [6, -3, 6],
			"to": [10, -1, 10],
			"rotation": {"angle": -45, "axis": "y", "origin": [8, 9, 8]},
			"faces": {
				"north": {"uv": [9.5, 12, 11.5, 13], "texture": "#0"},
				"east": {"uv": [9.5, 12, 11.5, 13], "texture": "#0"},
				"south": {"uv": [9.5, 12, 11.5, 13], "texture": "#0"},
				"west": {"uv": [9.5, 12, 11.5, 13], "texture": "#0"},
				"up": {"uv": [10, 2, 8, 0], "rotation": 90, "texture": "#0"},
				"down": {"uv": [10, 4, 8, 6], "rotation": 270, "texture": "#0"}
			}
		},
		{
			"from": [6, -2.89949, -3.89949],
			"to": [10, 1.10051, 0.10051],
			"rotation": {"angle": -45, "axis": "x", "origin": [8, 9, 8]},
			"faces": {
				"north": {"uv": [3.5, 9, 5.5, 11], "texture": "#0"},
				"east": {"uv": [8.5, 6, 10.5, 8], "texture": "#0"},
				"south": {"uv": [8.5, 8, 10.5, 10], "texture": "#0"},
				"west": {"uv": [10.5, 6, 8.5, 8], "texture": "#0"},
				"up": {"uv": [7.5, 11, 5.5, 9], "rotation": 90, "texture": "#0"},
				"down": {"uv": [2, 9.5, 0, 11.5], "rotation": 270, "texture": "#0"}
			}
		},
		{
			"from": [6.79957, 12.31231, 6.5],
			"to": [9.79957, 14.31231, 9.5],
			"rotation": {"angle": -22.5, "axis": "z", "origin": [8, 9, 8]},
			"faces": {
				"north": {"uv": [6, 13, 7.5, 14], "texture": "#0"},
				"east": {"uv": [2, 10, 3.5, 11], "texture": "#0"},
				"south": {"uv": [7.5, 13, 6, 14], "texture": "#0"},
				"west": {"uv": [12.5, 5.5, 14, 6.5], "texture": "#0"},
				"down": {"uv": [13.5, 4, 12, 5.5], "rotation": 270, "texture": "#0"}
			}
		},
		{
			"from": [5.79957, 14.31231, 5.5],
			"to": [9.79957, 19.31231, 10.5],
			"rotation": {"angle": -22.5, "axis": "z", "origin": [8, 9, 8]},
			"faces": {
				"north": {"uv": [6, 4.5, 8, 7], "texture": "#0"},
				"east": {"uv": [3.5, 4.5, 6, 7], "texture": "#0"},
				"south": {"uv": [8, 4.5, 6, 7], "texture": "#0"},
				"west": {"uv": [0, 5, 2.5, 7.5], "texture": "#0"},
				"up": {"uv": [6, 9, 3.5, 7], "rotation": 90, "texture": "#0"},
				"down": {"uv": [8.5, 7, 6, 9], "rotation": 270, "texture": "#0"}
			}
		},
		{
			"from": [10.29957, 13.81231, 10],
			"to": [6.29957, 11.81231, 6],
			"shade": false,
			"rotation": {"angle": -22.5, "axis": "z", "origin": [8, 9, 8]},
			"faces": {
				"north": {"uv": [16, 12, 14.5, 13.5], "texture": "#0"},
				"east": {"uv": [16, 12, 14.5, 13.5], "texture": "#0"},
				"south": {"uv": [16, 12, 14.5, 13.5], "texture": "#0"},
				"west": {"uv": [16, 12, 14.5, 13.5], "texture": "#0"},
				"up": {"uv": [16, 12, 14.5, 13.5], "rotation": 90, "texture": "#0"}
			}
		},
		{
			"from": [10.29957, 19.81231, 11],
			"to": [5.29957, 13.81231, 5],
			"shade": false,
			"rotation": {"angle": -22.5, "axis": "z", "origin": [8, 9, 8]},
			"faces": {
				"north": {"uv": [16, 12, 14.5, 13.5], "texture": "#0"},
				"east": {"uv": [16, 12, 14.5, 13.5], "texture": "#0"},
				"south": {"uv": [16, 12, 14.5, 13.5], "texture": "#0"},
				"west": {"uv": [16, 12, 14.5, 13.5], "texture": "#0"},
				"up": {"uv": [16, 13.5, 13.5, 16], "rotation": 90, "texture": "#0"},
				"down": {"uv": [16, 12, 14.5, 13.5], "rotation": 270, "texture": "#0"}
			}
		},
		{
			"from": [10.70043, 19.81231, 11],
			"to": [5.70043, 13.81231, 5],
			"shade": false,
			"rotation": {"angle": 22.5, "axis": "z", "origin": [8, 9, 8]},
			"faces": {
				"north": {"uv": [14.5, 12, 16, 13.5], "texture": "#0"},
				"east": {"uv": [14.5, 12, 16, 13.5], "texture": "#0"},
				"south": {"uv": [14.5, 12, 16, 13.5], "texture": "#0"},
				"west": {"uv": [14.5, 12, 16, 13.5], "texture": "#0"},
				"up": {"uv": [16, 16, 13.5, 13.5], "rotation": 90, "texture": "#0"},
				"down": {"uv": [16, 13.5, 14.5, 12], "rotation": 270, "texture": "#0"}
			}
		},
		{
			"from": [9.70043, 13.81231, 10],
			"to": [5.70043, 11.81231, 6],
			"shade": false,
			"rotation": {"angle": 22.5, "axis": "z", "origin": [8, 9, 8]},
			"faces": {
				"north": {"uv": [14.5, 12, 16, 13.5], "texture": "#0"},
				"east": {"uv": [14.5, 12, 16, 13.5], "texture": "#0"},
				"south": {"uv": [14.5, 12, 16, 13.5], "texture": "#0"},
				"west": {"uv": [14.5, 12, 16, 13.5], "texture": "#0"},
				"up": {"uv": [16, 13.5, 14.5, 12], "rotation": 90, "texture": "#0"}
			}
		},
		{
			"from": [6.20043, 14.31231, 5.5],
			"to": [10.20043, 19.31231, 10.5],
			"rotation": {"angle": 22.5, "axis": "z", "origin": [8, 9, 8]},
			"faces": {
				"north": {"uv": [8, 4.5, 6, 7], "texture": "#0"},
				"east": {"uv": [2.5, 5, 0, 7.5], "texture": "#0"},
				"south": {"uv": [6, 4.5, 8, 7], "texture": "#0"},
				"west": {"uv": [6, 4.5, 3.5, 7], "texture": "#0"},
				"up": {"uv": [6, 7, 3.5, 9], "rotation": 90, "texture": "#0"},
				"down": {"uv": [8.5, 9, 6, 7], "rotation": 270, "texture": "#0"}
			}
		},
		{
			"from": [6.20043, 12.31231, 6.5],
			"to": [9.20043, 14.31231, 9.5],
			"rotation": {"angle": 22.5, "axis": "z", "origin": [8, 9, 8]},
			"faces": {
				"north": {"uv": [7.5, 13, 6, 14], "texture": "#0"},
				"east": {"uv": [14, 5.5, 12.5, 6.5], "texture": "#0"},
				"south": {"uv": [6, 13, 7.5, 14], "texture": "#0"},
				"west": {"uv": [3.5, 10, 2, 11], "texture": "#0"},
				"down": {"uv": [13.5, 5.5, 12, 4], "rotation": 270, "texture": "#0"}
			}
		},
		{
			"from": [5.98, 15.35949, 8.71264],
			"to": [10.02, 18.89949, 12.24264],
			"rotation": {"angle": -45, "axis": "x", "origin": [8, 9, 8]},
			"faces": {
				"north": {"uv": [10, 0, 12, 2], "texture": "#0"},
				"east": {"uv": [9.5, 2, 11.5, 4], "texture": "#0"},
				"west": {"uv": [11.5, 2, 9.5, 4], "texture": "#0"},
				"up": {"uv": [12, 6, 10, 4], "rotation": 90, "texture": "#0"}
			}
		},
		{
			"from": [6, 14, 4],
			"to": [10, 19, 12],
			"rotation": {"angle": 0, "axis": "y", "origin": [8, 9, 8]},
			"faces": {
				"east": {"uv": [0, 0, 4, 2.5], "texture": "#0"},
				"west": {"uv": [4, 0, 0, 2.5], "texture": "#0"},
				"up": {"uv": [7.5, 4.5, 3.5, 2.5], "rotation": 90, "texture": "#0"},
				"down": {"uv": [8, 0, 4, 2], "rotation": 270, "texture": "#0"}
			}
		},
		{
			"from": [5.98, 15.35949, 3.75736],
			"to": [10.02, 18.89949, 7.28736],
			"rotation": {"angle": 45, "axis": "x", "origin": [8, 9, 8]},
			"faces": {
				"east": {"uv": [7.5, 10, 9.5, 12], "texture": "#0"},
				"south": {"uv": [9.5, 10, 11.5, 12], "texture": "#0"},
				"west": {"uv": [9.5, 10, 7.5, 12], "texture": "#0"},
				"up": {"uv": [12.5, 8, 10.5, 6], "rotation": 90, "texture": "#0"}
			}
		},
		{
			"from": [6, 19, 6],
			"to": [10, 21, 10],
			"rotation": {"angle": -45, "axis": "y", "origin": [8, 9, 8]},
			"faces": {
				"north": {"uv": [11.5, 12, 13.5, 13], "texture": "#0"},
				"east": {"uv": [11.5, 12, 13.5, 13], "texture": "#0"},
				"south": {"uv": [11.5, 12, 13.5, 13], "texture": "#0"},
				"west": {"uv": [11.5, 12, 13.5, 13], "texture": "#0"},
				"up": {"uv": [12.5, 10, 10.5, 8], "rotation": 90, "texture": "#0"}
			}
		},
		{
			"from": [6, 16.89949, 15.89949],
			"to": [10, 20.89949, 19.89949],
			"rotation": {"angle": -45, "axis": "x", "origin": [8, 9, 8]},
			"faces": {
				"north": {"uv": [0, 11.5, 2, 13.5], "texture": "#0"},
				"east": {"uv": [2, 11, 4, 13], "texture": "#0"},
				"south": {"uv": [4, 11, 6, 13], "texture": "#0"},
				"west": {"uv": [4, 11, 2, 13], "texture": "#0"},
				"up": {"uv": [13.5, 4, 11.5, 2], "rotation": 90, "texture": "#0"},
				"down": {"uv": [13.5, 10, 11.5, 12], "rotation": 270, "texture": "#0"}
			}
		},
		{
			"from": [7.5, 14.5, -0.5],
			"to": [8.5, 18.5, 3.5],
			"rotation": {"angle": 0, "axis": "y", "origin": [8, 9, 8]},
			"faces": {
				"north": {"uv": [13.5, 0, 14, 2], "texture": "#0"},
				"east": {"uv": [12, 0, 14, 2], "texture": "#0"},
				"west": {"uv": [14, 0, 12, 2], "texture": "#0"},
				"up": {"uv": [14, 0, 12, 0.5], "rotation": 90, "texture": "#0"},
				"down": {"uv": [14, 1.5, 12, 2], "rotation": 270, "texture": "#0"}
			}
		},
		{
			"from": [7.95, 16.02966, -2.21748],
			"to": [8, 21.02966, 3.78252],
			"rotation": {"angle": -22.5, "axis": "x", "origin": [8, 9, 8]},
			"faces": {
				"east": {"uv": [0.5, 2.5, 3.5, 5], "texture": "#0"},
				"west": {"uv": [3.5, 2.5, 0.5, 5], "texture": "#0"}
			}
		},
		{
			"from": [7.5, 14.5, 12.5],
			"to": [8.5, 18.5, 16.5],
			"rotation": {"angle": 0, "axis": "y", "origin": [8, 9, 8]},
			"faces": {
				"east": {"uv": [14, 0, 12, 2], "texture": "#0"},
				"south": {"uv": [14, 0, 13.5, 2], "texture": "#0"},
				"west": {"uv": [12, 0, 14, 2], "texture": "#0"},
				"up": {"uv": [12, 0, 14, 0.5], "rotation": 90, "texture": "#0"},
				"down": {"uv": [12, 1.5, 14, 2], "rotation": 270, "texture": "#0"}
			}
		},
		{
			"from": [7.95, 16.02966, 12.21748],
			"to": [8, 21.02966, 18.21748],
			"rotation": {"angle": 22.5, "axis": "x", "origin": [8, 9, 8]},
			"faces": {
				"east": {"uv": [3.5, 2.5, 0.5, 5], "texture": "#0"},
				"west": {"uv": [0.5, 2.5, 3.5, 5], "texture": "#0"}
			}
		},
		{
			"from": [11.85, 14.85, 4.25],
			"to": [12.65, 15.65, 5.05],
			"shade": false,
			"rotation": {"angle": 0, "axis": "y", "origin": [8, 9, 8]},
			"faces": {
				"north": {"uv": [0, 14, 2, 16], "texture": "#1"},
				"east": {"uv": [0, 14, 2, 16], "texture": "#1"},
				"south": {"uv": [0, 14, 2, 16], "texture": "#1"},
				"west": {"uv": [0, 14, 2, 16], "texture": "#1"},
				"up": {"uv": [0, 14, 2, 16], "rotation": 90, "texture": "#1"},
				"down": {"uv": [0, 14, 2, 16], "rotation": 270, "texture": "#1"}
			}
		},
		{
			"from": [13, 16, 5.4],
			"to": [11.5, 14.5, 3.9],
			"shade": false,
			"rotation": {"angle": 0, "axis": "y", "origin": [8, 9, 8]},
			"faces": {
				"north": {"uv": [2, 14, 4, 16], "texture": "#1"},
				"east": {"uv": [2, 14, 4, 16], "texture": "#1"},
				"south": {"uv": [2, 14, 4, 16], "texture": "#1"},
				"west": {"uv": [2, 14, 4, 16], "texture": "#1"},
				"up": {"uv": [2, 14, 4, 16], "rotation": 90, "texture": "#1"},
				"down": {"uv": [2, 14, 4, 16], "rotation": 270, "texture": "#1"}
			}
		},
		{
			"from": [11.8, 15.3, 4.2],
			"to": [12.7, 16.2, 5.1],
			"shade": false,
			"rotation": {"angle": 0, "axis": "y", "origin": [8, 9, 8]},
			"faces": {
				"north": {"uv": [0, 12, 2, 14], "texture": "#1"},
				"east": {"uv": [0, 12, 2, 14], "texture": "#1"},
				"south": {"uv": [0, 12, 2, 14], "texture": "#1"},
				"west": {"uv": [0, 12, 2, 14], "texture": "#1"},
				"up": {"uv": [0, 12, 2, 14], "rotation": 90, "texture": "#1"},
				"down": {"uv": [0, 12, 2, 14], "rotation": 270, "texture": "#1"}
			}
		},
		{
			"from": [13, 16.5, 5.4],
			"to": [11.5, 15, 3.9],
			"shade": false,
			"rotation": {"angle": 0, "axis": "y", "origin": [8, 9, 8]},
			"faces": {
				"north": {"uv": [2, 12, 4, 14], "texture": "#1"},
				"east": {"uv": [2, 12, 4, 14], "texture": "#1"},
				"south": {"uv": [2, 12, 4, 14], "texture": "#1"},
				"west": {"uv": [2, 12, 4, 14], "texture": "#1"},
				"up": {"uv": [2, 12, 4, 14], "rotation": 90, "texture": "#1"},
				"down": {"uv": [2, 12, 4, 14], "rotation": 270, "texture": "#1"}
			}
		},
		{
			"from": [11.75, 15.75, 4.15],
			"to": [12.75, 16.75, 5.15],
			"shade": false,
			"rotation": {"angle": 0, "axis": "y", "origin": [8, 9, 8]},
			"faces": {
				"north": {"uv": [0, 10, 2, 12], "texture": "#1"},
				"east": {"uv": [0, 10, 2, 12], "texture": "#1"},
				"south": {"uv": [0, 10, 2, 12], "texture": "#1"},
				"west": {"uv": [0, 10, 2, 12], "texture": "#1"},
				"up": {"uv": [0, 10, 2, 12], "rotation": 90, "texture": "#1"},
				"down": {"uv": [0, 10, 2, 12], "rotation": 270, "texture": "#1"}
			}
		},
		{
			"from": [13, 17, 5.4],
			"to": [11.5, 15.5, 3.9],
			"shade": false,
			"rotation": {"angle": 0, "axis": "y", "origin": [8, 9, 8]},
			"faces": {
				"north": {"uv": [2, 10, 4, 12], "texture": "#1"},
				"east": {"uv": [2, 10, 4, 12], "texture": "#1"},
				"south": {"uv": [2, 10, 4, 12], "texture": "#1"},
				"west": {"uv": [2, 10, 4, 12], "texture": "#1"},
				"up": {"uv": [2, 10, 4, 12], "rotation": 90, "texture": "#1"},
				"down": {"uv": [2, 10, 4, 12], "rotation": 270, "texture": "#1"}
			}
		},
		{
			"from": [11.75, 16.25, 4.15],
			"to": [12.75, 17.25, 5.15],
			"shade": false,
			"rotation": {"angle": 0, "axis": "y", "origin": [8, 9, 8]},
			"faces": {
				"north": {"uv": [0, 8, 2, 10], "texture": "#1"},
				"east": {"uv": [0, 8, 2, 10], "texture": "#1"},
				"south": {"uv": [0, 8, 2, 10], "texture": "#1"},
				"west": {"uv": [0, 8, 2, 10], "texture": "#1"},
				"up": {"uv": [0, 8, 2, 10], "rotation": 90, "texture": "#1"},
				"down": {"uv": [0, 8, 2, 10], "rotation": 270, "texture": "#1"}
			}
		},
		{
			"from": [13, 17.5, 5.4],
			"to": [11.5, 16, 3.9],
			"shade": false,
			"rotation": {"angle": 0, "axis": "y", "origin": [8, 9, 8]},
			"faces": {
				"north": {"uv": [2, 8, 4, 10], "texture": "#1"},
				"east": {"uv": [2, 8, 4, 10], "texture": "#1"},
				"south": {"uv": [2, 8, 4, 10], "texture": "#1"},
				"west": {"uv": [2, 8, 4, 10], "texture": "#1"},
				"up": {"uv": [2, 8, 4, 10], "rotation": 90, "texture": "#1"},
				"down": {"uv": [2, 8, 4, 10], "rotation": 270, "texture": "#1"}
			}
		},
		{
			"from": [11.75, 16.75, 4.15],
			"to": [12.75, 17.75, 5.15],
			"shade": false,
			"rotation": {"angle": 0, "axis": "y", "origin": [8, 9, 8]},
			"faces": {
				"north": {"uv": [0, 6, 2, 8], "texture": "#1"},
				"east": {"uv": [0, 6, 2, 8], "texture": "#1"},
				"south": {"uv": [0, 6, 2, 8], "texture": "#1"},
				"west": {"uv": [0, 6, 2, 8], "texture": "#1"},
				"up": {"uv": [0, 6, 2, 8], "rotation": 90, "texture": "#1"},
				"down": {"uv": [0, 6, 2, 8], "rotation": 270, "texture": "#1"}
			}
		},
		{
			"from": [13, 18, 5.4],
			"to": [11.5, 16.5, 3.9],
			"shade": false,
			"rotation": {"angle": 0, "axis": "y", "origin": [8, 9, 8]},
			"faces": {
				"north": {"uv": [2, 6, 4, 8], "texture": "#1"},
				"east": {"uv": [2, 6, 4, 8], "texture": "#1"},
				"south": {"uv": [2, 6, 4, 8], "texture": "#1"},
				"west": {"uv": [2, 6, 4, 8], "texture": "#1"},
				"up": {"uv": [2, 6, 4, 8], "rotation": 90, "texture": "#1"},
				"down": {"uv": [2, 6, 4, 8], "rotation": 270, "texture": "#1"}
			}
		},
		{
			"from": [11.8, 17.3, 4.2],
			"to": [12.7, 18.2, 5.1],
			"shade": false,
			"rotation": {"angle": 0, "axis": "y", "origin": [8, 9, 8]},
			"faces": {
				"north": {"uv": [0, 4, 2, 6], "texture": "#1"},
				"east": {"uv": [0, 4, 2, 6], "texture": "#1"},
				"south": {"uv": [0, 4, 2, 6], "texture": "#1"},
				"west": {"uv": [0, 4, 2, 6], "texture": "#1"},
				"up": {"uv": [0, 4, 2, 6], "rotation": 90, "texture": "#1"},
				"down": {"uv": [0, 4, 2, 6], "rotation": 270, "texture": "#1"}
			}
		},
		{
			"from": [13, 18.5, 5.4],
			"to": [11.5, 17, 3.9],
			"shade": false,
			"rotation": {"angle": 0, "axis": "y", "origin": [8, 9, 8]},
			"faces": {
				"north": {"uv": [2, 4, 4, 6], "texture": "#1"},
				"east": {"uv": [2, 4, 4, 6], "texture": "#1"},
				"south": {"uv": [2, 4, 4, 6], "texture": "#1"},
				"west": {"uv": [2, 4, 4, 6], "texture": "#1"},
				"up": {"uv": [2, 4, 4, 6], "rotation": 90, "texture": "#1"},
				"down": {"uv": [2, 4, 4, 6], "rotation": 270, "texture": "#1"}
			}
		},
		{
			"from": [11.85, 18.35, 4.25],
			"to": [12.65, 19.15, 5.05],
			"shade": false,
			"rotation": {"angle": 0, "axis": "y", "origin": [8, 9, 8]},
			"faces": {
				"north": {"uv": [0, 2, 2, 4], "texture": "#1"},
				"east": {"uv": [0, 2, 2, 4], "texture": "#1"},
				"south": {"uv": [0, 2, 2, 4], "texture": "#1"},
				"west": {"uv": [0, 2, 2, 4], "texture": "#1"},
				"up": {"uv": [0, 2, 2, 4], "rotation": 90, "texture": "#1"},
				"down": {"uv": [0, 2, 2, 4], "rotation": 270, "texture": "#1"}
			}
		},
		{
			"from": [13, 19.5, 5.4],
			"to": [11.5, 18, 3.9],
			"shade": false,
			"rotation": {"angle": 0, "axis": "y", "origin": [8, 9, 8]},
			"faces": {
				"north": {"uv": [2, 2, 4, 4], "texture": "#1"},
				"east": {"uv": [2, 2, 4, 4], "texture": "#1"},
				"south": {"uv": [2, 2, 4, 4], "texture": "#1"},
				"west": {"uv": [2, 2, 4, 4], "texture": "#1"},
				"up": {"uv": [2, 2, 4, 4], "rotation": 90, "texture": "#1"},
				"down": {"uv": [2, 2, 4, 4], "rotation": 270, "texture": "#1"}
			}
		},
		{
			"from": [11.85, 14.85, 10.95],
			"to": [12.65, 15.65, 11.75],
			"shade": false,
			"rotation": {"angle": 0, "axis": "y", "origin": [8, 9, 8]},
			"faces": {
				"north": {"uv": [4, 14, 6, 16], "texture": "#1"},
				"east": {"uv": [4, 14, 6, 16], "texture": "#1"},
				"south": {"uv": [4, 14, 6, 16], "texture": "#1"},
				"west": {"uv": [4, 14, 6, 16], "texture": "#1"},
				"up": {"uv": [4, 14, 6, 16], "rotation": 90, "texture": "#1"},
				"down": {"uv": [4, 14, 6, 16], "rotation": 270, "texture": "#1"}
			}
		},
		{
			"from": [13, 16, 12.1],
			"to": [11.5, 14.5, 10.6],
			"shade": false,
			"rotation": {"angle": 0, "axis": "y", "origin": [8, 9, 8]},
			"faces": {
				"north": {"uv": [6, 14, 8, 16], "texture": "#1"},
				"east": {"uv": [6, 14, 8, 16], "texture": "#1"},
				"south": {"uv": [6, 14, 8, 16], "texture": "#1"},
				"west": {"uv": [6, 14, 8, 16], "texture": "#1"},
				"up": {"uv": [6, 14, 8, 16], "rotation": 90, "texture": "#1"},
				"down": {"uv": [6, 14, 8, 16], "rotation": 270, "texture": "#1"}
			}
		},
		{
			"from": [11.8, 15.3, 10.9],
			"to": [12.7, 16.2, 11.8],
			"shade": false,
			"rotation": {"angle": 0, "axis": "y", "origin": [8, 9, 8]},
			"faces": {
				"north": {"uv": [4, 12, 6, 14], "texture": "#1"},
				"east": {"uv": [4, 12, 6, 14], "texture": "#1"},
				"south": {"uv": [4, 12, 6, 14], "texture": "#1"},
				"west": {"uv": [4, 12, 6, 14], "texture": "#1"},
				"up": {"uv": [4, 12, 6, 14], "rotation": 90, "texture": "#1"},
				"down": {"uv": [4, 12, 6, 14], "rotation": 270, "texture": "#1"}
			}
		},
		{
			"from": [13, 16.5, 12.1],
			"to": [11.5, 15, 10.6],
			"shade": false,
			"rotation": {"angle": 0, "axis": "y", "origin": [8, 9, 8]},
			"faces": {
				"north": {"uv": [6, 12, 8, 14], "texture": "#1"},
				"east": {"uv": [6, 12, 8, 14], "texture": "#1"},
				"south": {"uv": [6, 12, 8, 14], "texture": "#1"},
				"west": {"uv": [6, 12, 8, 14], "texture": "#1"},
				"up": {"uv": [6, 12, 8, 14], "rotation": 90, "texture": "#1"},
				"down": {"uv": [6, 12, 8, 14], "rotation": 270, "texture": "#1"}
			}
		},
		{
			"from": [11.75, 16.25, 10.85],
			"to": [12.75, 17.25, 11.85],
			"shade": false,
			"rotation": {"angle": 0, "axis": "y", "origin": [8, 9, 8]},
			"faces": {
				"north": {"uv": [4, 10, 6, 12], "texture": "#1"},
				"east": {"uv": [4, 10, 6, 12], "texture": "#1"},
				"south": {"uv": [4, 10, 6, 12], "texture": "#1"},
				"west": {"uv": [4, 10, 6, 12], "texture": "#1"},
				"up": {"uv": [4, 10, 6, 12], "rotation": 90, "texture": "#1"},
				"down": {"uv": [4, 10, 6, 12], "rotation": 270, "texture": "#1"}
			}
		},
		{
			"from": [13, 17.5, 12.1],
			"to": [11.5, 16, 10.6],
			"shade": false,
			"rotation": {"angle": 0, "axis": "y", "origin": [8, 9, 8]},
			"faces": {
				"north": {"uv": [6, 10, 8, 12], "texture": "#1"},
				"east": {"uv": [6, 10, 8, 12], "texture": "#1"},
				"south": {"uv": [6, 10, 8, 12], "texture": "#1"},
				"west": {"uv": [6, 10, 8, 12], "texture": "#1"},
				"up": {"uv": [6, 10, 8, 12], "rotation": 90, "texture": "#1"},
				"down": {"uv": [6, 10, 8, 12], "rotation": 270, "texture": "#1"}
			}
		},
		{
			"from": [11.75, 16.75, 10.85],
			"to": [12.75, 17.75, 11.85],
			"shade": false,
			"rotation": {"angle": 0, "axis": "y", "origin": [8, 9, 8]},
			"faces": {
				"north": {"uv": [4, 8, 6, 10], "texture": "#1"},
				"east": {"uv": [4, 8, 6, 10], "texture": "#1"},
				"south": {"uv": [4, 8, 6, 10], "texture": "#1"},
				"west": {"uv": [4, 8, 6, 10], "texture": "#1"},
				"up": {"uv": [4, 8, 6, 10], "rotation": 90, "texture": "#1"},
				"down": {"uv": [4, 8, 6, 10], "rotation": 270, "texture": "#1"}
			}
		},
		{
			"from": [13, 18, 12.1],
			"to": [11.5, 16.5, 10.6],
			"shade": false,
			"rotation": {"angle": 0, "axis": "y", "origin": [8, 9, 8]},
			"faces": {
				"north": {"uv": [6, 8, 8, 10], "texture": "#1"},
				"east": {"uv": [6, 8, 8, 10], "texture": "#1"},
				"south": {"uv": [6, 8, 8, 10], "texture": "#1"},
				"west": {"uv": [6, 8, 8, 10], "texture": "#1"},
				"up": {"uv": [6, 8, 8, 10], "rotation": 90, "texture": "#1"},
				"down": {"uv": [6, 8, 8, 10], "rotation": 270, "texture": "#1"}
			}
		},
		{
			"from": [11.75, 17.25, 10.85],
			"to": [12.75, 18.25, 11.85],
			"shade": false,
			"rotation": {"angle": 0, "axis": "y", "origin": [8, 9, 8]},
			"faces": {
				"north": {"uv": [4, 6, 6, 8], "texture": "#1"},
				"east": {"uv": [4, 6, 6, 8], "texture": "#1"},
				"south": {"uv": [4, 6, 6, 8], "texture": "#1"},
				"west": {"uv": [4, 6, 6, 8], "texture": "#1"},
				"up": {"uv": [4, 6, 6, 8], "rotation": 90, "texture": "#1"},
				"down": {"uv": [4, 6, 6, 8], "rotation": 270, "texture": "#1"}
			}
		},
		{
			"from": [13, 18.5, 12.1],
			"to": [11.5, 17, 10.6],
			"shade": false,
			"rotation": {"angle": 0, "axis": "y", "origin": [8, 9, 8]},
			"faces": {
				"north": {"uv": [6, 6, 8, 8], "texture": "#1"},
				"east": {"uv": [6, 6, 8, 8], "texture": "#1"},
				"south": {"uv": [6, 6, 8, 8], "texture": "#1"},
				"west": {"uv": [6, 6, 8, 8], "texture": "#1"},
				"up": {"uv": [6, 6, 8, 8], "rotation": 90, "texture": "#1"},
				"down": {"uv": [6, 6, 8, 8], "rotation": 270, "texture": "#1"}
			}
		},
		{
			"from": [11.8, 17.8, 10.9],
			"to": [12.7, 18.7, 11.8],
			"shade": false,
			"rotation": {"angle": 0, "axis": "y", "origin": [8, 9, 8]},
			"faces": {
				"north": {"uv": [4, 4, 6, 6], "texture": "#1"},
				"east": {"uv": [4, 4, 6, 6], "texture": "#1"},
				"south": {"uv": [4, 4, 6, 6], "texture": "#1"},
				"west": {"uv": [4, 4, 6, 6], "texture": "#1"},
				"up": {"uv": [4, 4, 6, 6], "rotation": 90, "texture": "#1"},
				"down": {"uv": [4, 4, 6, 6], "rotation": 270, "texture": "#1"}
			}
		},
		{
			"from": [13, 19, 12.1],
			"to": [11.5, 17.5, 10.6],
			"shade": false,
			"rotation": {"angle": 0, "axis": "y", "origin": [8, 9, 8]},
			"faces": {
				"north": {"uv": [6, 4, 8, 6], "texture": "#1"},
				"east": {"uv": [6, 4, 8, 6], "texture": "#1"},
				"south": {"uv": [6, 4, 8, 6], "texture": "#1"},
				"west": {"uv": [6, 4, 8, 6], "texture": "#1"},
				"up": {"uv": [6, 4, 8, 6], "rotation": 90, "texture": "#1"},
				"down": {"uv": [6, 4, 8, 6], "rotation": 270, "texture": "#1"}
			}
		},
		{
			"from": [11.85, 18.35, 10.95],
			"to": [12.65, 19.15, 11.75],
			"shade": false,
			"rotation": {"angle": 0, "axis": "y", "origin": [8, 9, 8]},
			"faces": {
				"north": {"uv": [4, 2, 6, 4], "texture": "#1"},
				"east": {"uv": [4, 2, 6, 4], "texture": "#1"},
				"south": {"uv": [4, 2, 6, 4], "texture": "#1"},
				"west": {"uv": [4, 2, 6, 4], "texture": "#1"},
				"up": {"uv": [4, 2, 6, 4], "rotation": 90, "texture": "#1"},
				"down": {"uv": [4, 2, 6, 4], "rotation": 270, "texture": "#1"}
			}
		},
		{
			"from": [13, 19.5, 12.1],
			"to": [11.5, 18, 10.6],
			"shade": false,
			"rotation": {"angle": 0, "axis": "y", "origin": [8, 9, 8]},
			"faces": {
				"north": {"uv": [6, 2, 8, 4], "texture": "#1"},
				"east": {"uv": [6, 2, 8, 4], "texture": "#1"},
				"south": {"uv": [6, 2, 8, 4], "texture": "#1"},
				"west": {"uv": [6, 2, 8, 4], "texture": "#1"},
				"up": {"uv": [6, 2, 8, 4], "rotation": 90, "texture": "#1"},
				"down": {"uv": [6, 2, 8, 4], "rotation": 270, "texture": "#1"}
			}
		},
		{
			"from": [3.35, 14.85, 10.95],
			"to": [4.15, 15.65, 11.75],
			"shade": false,
			"rotation": {"angle": 0, "axis": "y", "origin": [8, 9, 8]},
			"faces": {
				"north": {"uv": [12, 14, 14, 16], "texture": "#1"},
				"east": {"uv": [12, 14, 14, 16], "texture": "#1"},
				"south": {"uv": [12, 14, 14, 16], "texture": "#1"},
				"west": {"uv": [12, 14, 14, 16], "texture": "#1"},
				"up": {"uv": [12, 14, 14, 16], "rotation": 90, "texture": "#1"},
				"down": {"uv": [12, 14, 14, 16], "rotation": 270, "texture": "#1"}
			}
		},
		{
			"from": [4.5, 16, 12.1],
			"to": [3, 14.5, 10.6],
			"shade": false,
			"rotation": {"angle": 0, "axis": "y", "origin": [8, 9, 8]},
			"faces": {
				"north": {"uv": [14, 14, 16, 16], "texture": "#1"},
				"east": {"uv": [14, 14, 16, 16], "texture": "#1"},
				"south": {"uv": [14, 14, 16, 16], "texture": "#1"},
				"west": {"uv": [14, 14, 16, 16], "texture": "#1"},
				"up": {"uv": [14, 14, 16, 16], "rotation": 90, "texture": "#1"},
				"down": {"uv": [14, 14, 16, 16], "rotation": 270, "texture": "#1"}
			}
		},
		{
			"from": [3.3, 15.3, 10.9],
			"to": [4.2, 16.2, 11.8],
			"shade": false,
			"rotation": {"angle": 0, "axis": "y", "origin": [8, 9, 8]},
			"faces": {
				"north": {"uv": [12, 12, 14, 14], "texture": "#1"},
				"east": {"uv": [12, 12, 14, 14], "texture": "#1"},
				"south": {"uv": [12, 12, 14, 14], "texture": "#1"},
				"west": {"uv": [12, 12, 14, 14], "texture": "#1"},
				"up": {"uv": [12, 12, 14, 14], "rotation": 90, "texture": "#1"},
				"down": {"uv": [12, 12, 14, 14], "rotation": 270, "texture": "#1"}
			}
		},
		{
			"from": [4.5, 16.5, 12.1],
			"to": [3, 15, 10.6],
			"shade": false,
			"rotation": {"angle": 0, "axis": "y", "origin": [8, 9, 8]},
			"faces": {
				"north": {"uv": [14, 12, 16, 14], "texture": "#1"},
				"east": {"uv": [14, 12, 16, 14], "texture": "#1"},
				"south": {"uv": [14, 12, 16, 14], "texture": "#1"},
				"west": {"uv": [14, 12, 16, 14], "texture": "#1"},
				"up": {"uv": [14, 12, 16, 14], "rotation": 90, "texture": "#1"},
				"down": {"uv": [14, 12, 16, 14], "rotation": 270, "texture": "#1"}
			}
		},
		{
			"from": [3.25, 15.75, 10.85],
			"to": [4.25, 16.75, 11.85],
			"shade": false,
			"rotation": {"angle": 0, "axis": "y", "origin": [8, 9, 8]},
			"faces": {
				"north": {"uv": [12, 10, 14, 12], "texture": "#1"},
				"east": {"uv": [12, 10, 14, 12], "texture": "#1"},
				"south": {"uv": [12, 10, 14, 12], "texture": "#1"},
				"west": {"uv": [12, 10, 14, 12], "texture": "#1"},
				"up": {"uv": [12, 10, 14, 12], "rotation": 90, "texture": "#1"},
				"down": {"uv": [12, 10, 14, 12], "rotation": 270, "texture": "#1"}
			}
		},
		{
			"from": [4.5, 17, 12.1],
			"to": [3, 15.5, 10.6],
			"shade": false,
			"rotation": {"angle": 0, "axis": "y", "origin": [8, 9, 8]},
			"faces": {
				"north": {"uv": [14, 10, 16, 12], "texture": "#1"},
				"east": {"uv": [14, 10, 16, 12], "texture": "#1"},
				"south": {"uv": [14, 10, 16, 12], "texture": "#1"},
				"west": {"uv": [14, 10, 16, 12], "texture": "#1"},
				"up": {"uv": [14, 10, 16, 12], "rotation": 90, "texture": "#1"},
				"down": {"uv": [14, 10, 16, 12], "rotation": 270, "texture": "#1"}
			}
		},
		{
			"from": [3.25, 16.25, 10.85],
			"to": [4.25, 17.25, 11.85],
			"shade": false,
			"rotation": {"angle": 0, "axis": "y", "origin": [8, 9, 8]},
			"faces": {
				"north": {"uv": [12, 8, 14, 10], "texture": "#1"},
				"east": {"uv": [12, 8, 14, 10], "texture": "#1"},
				"south": {"uv": [12, 8, 14, 10], "texture": "#1"},
				"west": {"uv": [12, 8, 14, 10], "texture": "#1"},
				"up": {"uv": [12, 8, 14, 10], "rotation": 90, "texture": "#1"},
				"down": {"uv": [12, 8, 14, 10], "rotation": 270, "texture": "#1"}
			}
		},
		{
			"from": [4.5, 17.5, 12.1],
			"to": [3, 16, 10.6],
			"shade": false,
			"rotation": {"angle": 0, "axis": "y", "origin": [8, 9, 8]},
			"faces": {
				"north": {"uv": [14, 8, 16, 10], "texture": "#1"},
				"east": {"uv": [14, 8, 16, 10], "texture": "#1"},
				"south": {"uv": [14, 8, 16, 10], "texture": "#1"},
				"west": {"uv": [14, 8, 16, 10], "texture": "#1"},
				"up": {"uv": [14, 8, 16, 10], "rotation": 90, "texture": "#1"},
				"down": {"uv": [14, 8, 16, 10], "rotation": 270, "texture": "#1"}
			}
		},
		{
			"from": [3.25, 16.75, 10.85],
			"to": [4.25, 17.75, 11.85],
			"shade": false,
			"rotation": {"angle": 0, "axis": "y", "origin": [8, 9, 8]},
			"faces": {
				"north": {"uv": [12, 6, 14, 8], "texture": "#1"},
				"east": {"uv": [12, 6, 14, 8], "texture": "#1"},
				"south": {"uv": [12, 6, 14, 8], "texture": "#1"},
				"west": {"uv": [12, 6, 14, 8], "texture": "#1"},
				"up": {"uv": [12, 6, 14, 8], "rotation": 90, "texture": "#1"},
				"down": {"uv": [12, 6, 14, 8], "rotation": 270, "texture": "#1"}
			}
		},
		{
			"from": [4.5, 18, 12.1],
			"to": [3, 16.5, 10.6],
			"shade": false,
			"rotation": {"angle": 0, "axis": "y", "origin": [8, 9, 8]},
			"faces": {
				"north": {"uv": [14, 6, 16, 8], "texture": "#1"},
				"east": {"uv": [14, 6, 16, 8], "texture": "#1"},
				"south": {"uv": [14, 6, 16, 8], "texture": "#1"},
				"west": {"uv": [14, 6, 16, 8], "texture": "#1"},
				"up": {"uv": [14, 6, 16, 8], "rotation": 90, "texture": "#1"},
				"down": {"uv": [14, 6, 16, 8], "rotation": 270, "texture": "#1"}
			}
		},
		{
			"from": [3.3, 17.3, 10.9],
			"to": [4.2, 18.2, 11.8],
			"shade": false,
			"rotation": {"angle": 0, "axis": "y", "origin": [8, 9, 8]},
			"faces": {
				"north": {"uv": [12, 4, 14, 6], "texture": "#1"},
				"east": {"uv": [12, 4, 14, 6], "texture": "#1"},
				"south": {"uv": [12, 4, 14, 6], "texture": "#1"},
				"west": {"uv": [12, 4, 14, 6], "texture": "#1"},
				"up": {"uv": [12, 4, 14, 6], "rotation": 90, "texture": "#1"},
				"down": {"uv": [12, 4, 14, 6], "rotation": 270, "texture": "#1"}
			}
		},
		{
			"from": [4.5, 18.5, 12.1],
			"to": [3, 17, 10.6],
			"shade": false,
			"rotation": {"angle": 0, "axis": "y", "origin": [8, 9, 8]},
			"faces": {
				"north": {"uv": [14, 4, 16, 6], "texture": "#1"},
				"east": {"uv": [14, 4, 16, 6], "texture": "#1"},
				"south": {"uv": [14, 4, 16, 6], "texture": "#1"},
				"west": {"uv": [14, 4, 16, 6], "texture": "#1"},
				"up": {"uv": [14, 4, 16, 6], "rotation": 90, "texture": "#1"},
				"down": {"uv": [14, 4, 16, 6], "rotation": 270, "texture": "#1"}
			}
		},
		{
			"from": [3.35, 17.85, 10.95],
			"to": [4.15, 18.65, 11.75],
			"shade": false,
			"rotation": {"angle": 0, "axis": "y", "origin": [8, 9, 8]},
			"faces": {
				"north": {"uv": [12, 2, 14, 4], "texture": "#1"},
				"east": {"uv": [12, 2, 14, 4], "texture": "#1"},
				"south": {"uv": [12, 2, 14, 4], "texture": "#1"},
				"west": {"uv": [12, 2, 14, 4], "texture": "#1"},
				"up": {"uv": [12, 2, 14, 4], "rotation": 90, "texture": "#1"},
				"down": {"uv": [12, 2, 14, 4], "rotation": 270, "texture": "#1"}
			}
		},
		{
			"from": [4.5, 19, 12.1],
			"to": [3, 17.5, 10.6],
			"shade": false,
			"rotation": {"angle": 0, "axis": "y", "origin": [8, 9, 8]},
			"faces": {
				"north": {"uv": [14, 2, 16, 4], "texture": "#1"},
				"east": {"uv": [14, 2, 16, 4], "texture": "#1"},
				"south": {"uv": [14, 2, 16, 4], "texture": "#1"},
				"west": {"uv": [14, 2, 16, 4], "texture": "#1"},
				"up": {"uv": [14, 2, 16, 4], "rotation": 90, "texture": "#1"},
				"down": {"uv": [14, 2, 16, 4], "rotation": 270, "texture": "#1"}
			}
		},
		{
			"from": [3.35, 14.85, 4.25],
			"to": [4.15, 15.65, 5.05],
			"shade": false,
			"rotation": {"angle": 0, "axis": "y", "origin": [8, 9, 8]},
			"faces": {
				"north": {"uv": [8, 14, 10, 16], "texture": "#1"},
				"east": {"uv": [8, 14, 10, 16], "texture": "#1"},
				"south": {"uv": [8, 14, 10, 16], "texture": "#1"},
				"west": {"uv": [8, 14, 10, 16], "texture": "#1"},
				"up": {"uv": [8, 14, 10, 16], "rotation": 90, "texture": "#1"},
				"down": {"uv": [8, 14, 10, 16], "rotation": 270, "texture": "#1"}
			}
		},
		{
			"from": [4.5, 16, 5.4],
			"to": [3, 14.5, 3.9],
			"shade": false,
			"rotation": {"angle": 0, "axis": "y", "origin": [8, 9, 8]},
			"faces": {
				"north": {"uv": [10, 14, 12, 16], "texture": "#1"},
				"east": {"uv": [10, 14, 12, 16], "texture": "#1"},
				"south": {"uv": [10, 14, 12, 16], "texture": "#1"},
				"west": {"uv": [10, 14, 12, 16], "texture": "#1"},
				"up": {"uv": [10, 14, 12, 16], "rotation": 90, "texture": "#1"},
				"down": {"uv": [10, 14, 12, 16], "rotation": 270, "texture": "#1"}
			}
		},
		{
			"from": [3.3, 15.3, 4.2],
			"to": [4.2, 16.2, 5.1],
			"shade": false,
			"rotation": {"angle": 0, "axis": "y", "origin": [8, 9, 8]},
			"faces": {
				"north": {"uv": [8, 12, 10, 14], "texture": "#1"},
				"east": {"uv": [8, 12, 10, 14], "texture": "#1"},
				"south": {"uv": [8, 12, 10, 14], "texture": "#1"},
				"west": {"uv": [8, 12, 10, 14], "texture": "#1"},
				"up": {"uv": [8, 12, 10, 14], "rotation": 90, "texture": "#1"},
				"down": {"uv": [8, 12, 10, 14], "rotation": 270, "texture": "#1"}
			}
		},
		{
			"from": [4.5, 16.5, 5.4],
			"to": [3, 15, 3.9],
			"shade": false,
			"rotation": {"angle": 0, "axis": "y", "origin": [8, 9, 8]},
			"faces": {
				"north": {"uv": [10, 12, 12, 14], "texture": "#1"},
				"east": {"uv": [10, 12, 12, 14], "texture": "#1"},
				"south": {"uv": [10, 12, 12, 14], "texture": "#1"},
				"west": {"uv": [10, 12, 12, 14], "texture": "#1"},
				"up": {"uv": [10, 12, 12, 14], "rotation": 90, "texture": "#1"},
				"down": {"uv": [10, 12, 12, 14], "rotation": 270, "texture": "#1"}
			}
		},
		{
			"from": [3.25, 15.75, 4.15],
			"to": [4.25, 16.75, 5.15],
			"shade": false,
			"rotation": {"angle": 0, "axis": "y", "origin": [8, 9, 8]},
			"faces": {
				"north": {"uv": [8, 10, 10, 12], "texture": "#1"},
				"east": {"uv": [8, 10, 10, 12], "texture": "#1"},
				"south": {"uv": [8, 10, 10, 12], "texture": "#1"},
				"west": {"uv": [8, 10, 10, 12], "texture": "#1"},
				"up": {"uv": [8, 10, 10, 12], "rotation": 90, "texture": "#1"},
				"down": {"uv": [8, 10, 10, 12], "rotation": 270, "texture": "#1"}
			}
		},
		{
			"from": [4.5, 17, 5.4],
			"to": [3, 15.5, 3.9],
			"shade": false,
			"rotation": {"angle": 0, "axis": "y", "origin": [8, 9, 8]},
			"faces": {
				"north": {"uv": [10, 10, 12, 12], "texture": "#1"},
				"east": {"uv": [10, 10, 12, 12], "texture": "#1"},
				"south": {"uv": [10, 10, 12, 12], "texture": "#1"},
				"west": {"uv": [10, 10, 12, 12], "texture": "#1"},
				"up": {"uv": [10, 10, 12, 12], "rotation": 90, "texture": "#1"},
				"down": {"uv": [10, 10, 12, 12], "rotation": 270, "texture": "#1"}
			}
		},
		{
			"from": [3.25, 16.25, 4.15],
			"to": [4.25, 17.25, 5.15],
			"shade": false,
			"rotation": {"angle": 0, "axis": "y", "origin": [8, 9, 8]},
			"faces": {
				"north": {"uv": [8, 8, 10, 10], "texture": "#1"},
				"east": {"uv": [8, 8, 10, 10], "texture": "#1"},
				"south": {"uv": [8, 8, 10, 10], "texture": "#1"},
				"west": {"uv": [8, 8, 10, 10], "texture": "#1"},
				"up": {"uv": [8, 8, 10, 10], "rotation": 90, "texture": "#1"},
				"down": {"uv": [8, 8, 10, 10], "rotation": 270, "texture": "#1"}
			}
		},
		{
			"from": [4.5, 17.5, 5.4],
			"to": [3, 16, 3.9],
			"shade": false,
			"rotation": {"angle": 0, "axis": "y", "origin": [8, 9, 8]},
			"faces": {
				"north": {"uv": [10, 8, 12, 10], "texture": "#1"},
				"east": {"uv": [10, 8, 12, 10], "texture": "#1"},
				"south": {"uv": [10, 8, 12, 10], "texture": "#1"},
				"west": {"uv": [10, 8, 12, 10], "texture": "#1"},
				"up": {"uv": [10, 8, 12, 10], "rotation": 90, "texture": "#1"},
				"down": {"uv": [10, 8, 12, 10], "rotation": 270, "texture": "#1"}
			}
		},
		{
			"from": [3.25, 16.75, 4.15],
			"to": [4.25, 17.75, 5.15],
			"shade": false,
			"rotation": {"angle": 0, "axis": "y", "origin": [8, 9, 8]},
			"faces": {
				"north": {"uv": [8, 6, 10, 8], "texture": "#1"},
				"east": {"uv": [8, 6, 10, 8], "texture": "#1"},
				"south": {"uv": [8, 6, 10, 8], "texture": "#1"},
				"west": {"uv": [8, 6, 10, 8], "texture": "#1"},
				"up": {"uv": [8, 6, 10, 8], "rotation": 90, "texture": "#1"},
				"down": {"uv": [8, 6, 10, 8], "rotation": 270, "texture": "#1"}
			}
		},
		{
			"from": [4.5, 18, 5.4],
			"to": [3, 16.5, 3.9],
			"shade": false,
			"rotation": {"angle": 0, "axis": "y", "origin": [8, 9, 8]},
			"faces": {
				"north": {"uv": [10, 6, 12, 8], "texture": "#1"},
				"east": {"uv": [10, 6, 12, 8], "texture": "#1"},
				"south": {"uv": [10, 6, 12, 8], "texture": "#1"},
				"west": {"uv": [10, 6, 12, 8], "texture": "#1"},
				"up": {"uv": [10, 6, 12, 8], "rotation": 90, "texture": "#1"},
				"down": {"uv": [10, 6, 12, 8], "rotation": 270, "texture": "#1"}
			}
		},
		{
			"from": [3.3, 17.3, 4.2],
			"to": [4.2, 18.2, 5.1],
			"shade": false,
			"rotation": {"angle": 0, "axis": "y", "origin": [8, 9, 8]},
			"faces": {
				"north": {"uv": [8, 4, 10, 6], "texture": "#1"},
				"east": {"uv": [8, 4, 10, 6], "texture": "#1"},
				"south": {"uv": [8, 4, 10, 6], "texture": "#1"},
				"west": {"uv": [8, 4, 10, 6], "texture": "#1"},
				"up": {"uv": [8, 4, 10, 6], "rotation": 90, "texture": "#1"},
				"down": {"uv": [8, 4, 10, 6], "rotation": 270, "texture": "#1"}
			}
		},
		{
			"from": [4.5, 18.5, 5.4],
			"to": [3, 17, 3.9],
			"shade": false,
			"rotation": {"angle": 0, "axis": "y", "origin": [8, 9, 8]},
			"faces": {
				"north": {"uv": [10, 4, 12, 6], "texture": "#1"},
				"east": {"uv": [10, 4, 12, 6], "texture": "#1"},
				"south": {"uv": [10, 4, 12, 6], "texture": "#1"},
				"west": {"uv": [10, 4, 12, 6], "texture": "#1"},
				"up": {"uv": [10, 4, 12, 6], "rotation": 90, "texture": "#1"},
				"down": {"uv": [10, 4, 12, 6], "rotation": 270, "texture": "#1"}
			}
		},
		{
			"from": [3.35, 17.85, 4.25],
			"to": [4.15, 18.65, 5.05],
			"shade": false,
			"rotation": {"angle": 0, "axis": "y", "origin": [8, 9, 8]},
			"faces": {
				"north": {"uv": [8, 2, 10, 4], "texture": "#1"},
				"east": {"uv": [8, 2, 10, 4], "texture": "#1"},
				"south": {"uv": [8, 2, 10, 4], "texture": "#1"},
				"west": {"uv": [8, 2, 10, 4], "texture": "#1"},
				"up": {"uv": [8, 2, 10, 4], "rotation": 90, "texture": "#1"},
				"down": {"uv": [8, 2, 10, 4], "rotation": 270, "texture": "#1"}
			}
		},
		{
			"from": [4.5, 19, 5.4],
			"to": [3, 17.5, 3.9],
			"shade": false,
			"rotation": {"angle": 0, "axis": "y", "origin": [8, 9, 8]},
			"faces": {
				"north": {"uv": [10, 2, 12, 4], "texture": "#1"},
				"east": {"uv": [10, 2, 12, 4], "texture": "#1"},
				"south": {"uv": [10, 2, 12, 4], "texture": "#1"},
				"west": {"uv": [10, 2, 12, 4], "texture": "#1"},
				"up": {"uv": [10, 2, 12, 4], "rotation": 90, "texture": "#1"},
				"down": {"uv": [10, 2, 12, 4], "rotation": 270, "texture": "#1"}
			}
		}
	],
	"gui_light": "front",
	"display": {
		"thirdperson_righthand": {
			"rotation": [0, -168, 0],
			"translation": [0, -0.5, 1.75],
			"scale": [0.6, 0.6, 0.6]
		},
		"thirdperson_lefthand": {
			"rotation": [0, -168, 0],
			"translation": [0, -0.5, 1.75],
			"scale": [0.6, 0.6, 0.6]
		},
		"firstperson_righthand": {
			"rotation": [-2, -157, -2],
			"translation": [1, 2.25, -1.25],
			"scale": [0.54883, 0.54883, 0.54883]
		},
		"firstperson_lefthand": {
			"rotation": [-2, -157, -2],
			"translation": [1, 2.25, -1.25],
			"scale": [0.54883, 0.54883, 0.54883]
		},
		"ground": {
			"rotation": [94, 85, 0],
			"translation": [0, 0, -3.5],
			"scale": [0.5, 0.5, 0.5]
		},
		"gui": {
			"rotation": [90, -46, 90],
			"translation": [1, -0.75, 0],
			"scale": [0.49547, 0.49547, 0.49547]
		},
		"head": {
			"rotation": [90, 22, 90],
			"translation": [7.75, 12, 0.25],
			"scale": [0.7, 0.7, 0.7]
		},
		"fixed": {
			"rotation": [0, 90, 0],
			"translation": [0, -8, -1.75],
			"scale": [1.42109, 1.42109, 1.42109]
		}
	},
	"groups": [
		0,
		1,
		2,
		3,
		4,
		5,
		6,
		7,
		8,
		9,
		10,
		11,
		12,
		13,
		14,
		15,
		16,
		17,
		18,
		19,
		20,
		21,
		{
			"name": "particles",
			"origin": [8, 8, 8],
			"color": 0,
			"boneType": "",
			"children": [
				{
					"name": "particles1",
					"origin": [0, 0, 0],
					"color": 0,
					"boneType": "",
					"children": [
						{
							"name": "particle1",
							"origin": [0, 0, 0],
							"color": 0,
							"boneType": "",
							"children": [22, 23]
						},
						{
							"name": "particle2",
							"origin": [0, 0, 0],
							"color": 0,
							"boneType": "",
							"children": [24, 25]
						},
						{
							"name": "particle3",
							"origin": [0, 0, 0],
							"color": 0,
							"boneType": "",
							"children": [26, 27]
						},
						{
							"name": "particle4",
							"origin": [0, 0, 0],
							"color": 0,
							"boneType": "",
							"children": [28, 29]
						},
						{
							"name": "particle5",
							"origin": [0, 0, 0],
							"color": 0,
							"boneType": "",
							"children": [30, 31]
						},
						{
							"name": "particle6",
							"origin": [0, 0, 0],
							"color": 0,
							"boneType": "",
							"children": [32, 33]
						},
						{
							"name": "particle7",
							"origin": [0, 0, 0],
							"color": 0,
							"boneType": "",
							"children": [34, 35]
						}
					]
				},
				{
					"name": "particles2",
					"origin": [0, 0, 0],
					"color": 0,
					"boneType": "",
					"children": [
						{
							"name": "particle1",
							"origin": [0, 0, 0],
							"color": 0,
							"boneType": "",
							"children": [36, 37]
						},
						{
							"name": "particle2",
							"origin": [0, 0, 0],
							"color": 0,
							"boneType": "",
							"children": [38, 39]
						},
						{
							"name": "particle3",
							"origin": [0, 0, 0],
							"color": 0,
							"boneType": "",
							"children": [40, 41]
						},
						{
							"name": "particle4",
							"origin": [0, 0, 0],
							"color": 0,
							"boneType": "",
							"children": [42, 43]
						},
						{
							"name": "particle5",
							"origin": [0, 0, 0],
							"color": 0,
							"boneType": "",
							"children": [44, 45]
						},
						{
							"name": "particle6",
							"origin": [0, 0, 0],
							"color": 0,
							"boneType": "",
							"children": [46, 47]
						},
						{
							"name": "particle7",
							"origin": [0, 0, 0],
							"color": 0,
							"boneType": "",
							"children": [48, 49]
						}
					]
				},
				{
					"name": "particles3",
					"origin": [0, 0, 0],
					"color": 0,
					"boneType": "",
					"children": [
						{
							"name": "particle1",
							"origin": [0, 0, 0],
							"color": 0,
							"boneType": "",
							"children": [50, 51]
						},
						{
							"name": "particle2",
							"origin": [0, 0, 0],
							"color": 0,
							"boneType": "",
							"children": [52, 53]
						},
						{
							"name": "particle3",
							"origin": [0, 0, 0],
							"color": 0,
							"boneType": "",
							"children": [54, 55]
						},
						{
							"name": "particle4",
							"origin": [0, 0, 0],
							"color": 0,
							"boneType": "",
							"children": [56, 57]
						},
						{
							"name": "particle5",
							"origin": [0, 0, 0],
							"color": 0,
							"boneType": "",
							"children": [58, 59]
						},
						{
							"name": "particle6",
							"origin": [0, 0, 0],
							"color": 0,
							"boneType": "",
							"children": [60, 61]
						},
						{
							"name": "particle7",
							"origin": [0, 0, 0],
							"color": 0,
							"boneType": "",
							"children": [62, 63]
						}
					]
				},
				{
					"name": "particles4",
					"origin": [0, 0, 0],
					"color": 0,
					"boneType": "",
					"children": [
						{
							"name": "particle1",
							"origin": [0, 0, 0],
							"color": 0,
							"boneType": "",
							"children": [64, 65]
						},
						{
							"name": "particle2",
							"origin": [0, 0, 0],
							"color": 0,
							"boneType": "",
							"children": [66, 67]
						},
						{
							"name": "particle3",
							"origin": [0, 0, 0],
							"color": 0,
							"boneType": "",
							"children": [68, 69]
						},
						{
							"name": "particle4",
							"origin": [0, 0, 0],
							"color": 0,
							"boneType": "",
							"children": [70, 71]
						},
						{
							"name": "particle5",
							"origin": [0, 0, 0],
							"color": 0,
							"boneType": "",
							"children": [72, 73]
						},
						{
							"name": "particle6",
							"origin": [0, 0, 0],
							"color": 0,
							"boneType": "",
							"children": [74, 75]
						},
						{
							"name": "particle7",
							"origin": [0, 0, 0],
							"color": 0,
							"boneType": "",
							"children": [76, 77]
						}
					]
				}
			]
		}
	]
}