{
	"credit": "by w11shes",
	"textures": {
		"0": "elitecreatures:necromancer_assortment/halloween_scythe",
		"1": "elitecreatures:necromancer_assortment/halloween_particle",
		"particle": "elitecreatures:necromancer_assortment/halloween_scythe"
	},
	"elements": [
		{
			"from": [6.75, -11, 2.99823],
			"to": [8.75, 9, 4.99823],
			"rotation": {"angle": 0, "axis": "y", "origin": [8, 5.5, 8]},
			"faces": {
				"north": {"uv": [1, 4.5, 0, 14.5], "texture": "#0"},
				"east": {"uv": [1, 4.5, 0, 14.5], "texture": "#0"},
				"south": {"uv": [1, 4.5, 0, 14.5], "texture": "#0"},
				"west": {"uv": [1, 4.5, 0, 14.5], "texture": "#0"}
			}
		},
		{
			"from": [5.75, -8.16601, -11.32537],
			"to": [9.75, -4.16601, -7.32537],
			"rotation": {"angle": -45, "axis": "x", "origin": [8, 5.5, 8]},
			"faces": {
				"north": {"uv": [12.5, 2, 10.5, 4], "texture": "#0"},
				"east": {"uv": [10, 9.5, 12, 11.5], "texture": "#0"},
				"south": {"uv": [12.5, 0, 10.5, 2], "texture": "#0"},
				"west": {"uv": [12, 9.5, 10, 11.5], "texture": "#0"},
				"up": {"uv": [10.5, 6, 12.5, 4], "rotation": 270, "texture": "#0"},
				"down": {"uv": [7.5, 10.5, 9.5, 12.5], "rotation": 90, "texture": "#0"}
			}
		},
		{
			"from": [5.75, 20.82537, 17.66601],
			"to": [9.75, 24.82537, 21.66601],
			"rotation": {"angle": -45, "axis": "x", "origin": [8, 5.5, 8]},
			"faces": {
				"north": {"uv": [9, 12.5, 7, 14.5], "texture": "#0"},
				"east": {"uv": [12.5, 2, 14.5, 4], "texture": "#0"},
				"south": {"uv": [14.5, 4, 12.5, 6], "texture": "#0"},
				"west": {"uv": [14.5, 2, 12.5, 4], "texture": "#0"},
				"up": {"uv": [3, 15, 5, 13], "rotation": 270, "texture": "#0"},
				"down": {"uv": [5, 13, 7, 15], "rotation": 90, "texture": "#0"}
			}
		},
		{
			"from": [8.6529, -13, 2.99355],
			"to": [12.6529, -11, 6.99355],
			"rotation": {"angle": 45, "axis": "y", "origin": [8, 5.5, 8]},
			"faces": {
				"north": {"uv": [9, 15, 7, 16], "texture": "#0"},
				"east": {"uv": [9, 15, 7, 16], "texture": "#0"},
				"south": {"uv": [9, 15, 7, 16], "texture": "#0"},
				"west": {"uv": [7, 15, 5, 16], "texture": "#0"},
				"up": {"uv": [1, 11.5, 3, 9.5], "rotation": 270, "texture": "#0"},
				"down": {"uv": [10, 7.5, 12, 9.5], "rotation": 90, "texture": "#0"}
			}
		},
		{
			"from": [8.6529, -2, 2.99355],
			"to": [12.6529, 0, 6.99355],
			"rotation": {"angle": 45, "axis": "y", "origin": [8, 5.5, 8]},
			"faces": {
				"north": {"uv": [7, 15, 5, 16], "texture": "#0"},
				"east": {"uv": [7, 15, 5, 16], "texture": "#0"},
				"south": {"uv": [7, 15, 5, 16], "texture": "#0"},
				"west": {"uv": [9, 15, 7, 16], "texture": "#0"},
				"up": {"uv": [3, 13, 5, 11], "rotation": 270, "texture": "#0"},
				"down": {"uv": [5, 11, 7, 13], "rotation": 90, "texture": "#0"}
			}
		},
		{
			"from": [8.6529, 9, 2.99355],
			"to": [12.6529, 11, 6.99355],
			"rotation": {"angle": 45, "axis": "y", "origin": [8, 5.5, 8]},
			"faces": {
				"north": {"uv": [5, 15, 3, 16], "texture": "#0"},
				"east": {"uv": [5, 15, 3, 16], "texture": "#0"},
				"south": {"uv": [5, 15, 3, 16], "texture": "#0"},
				"west": {"uv": [5, 15, 3, 16], "texture": "#0"},
				"up": {"uv": [1, 13.5, 3, 11.5], "rotation": 270, "texture": "#0"},
				"down": {"uv": [9.5, 11.5, 11.5, 13.5], "rotation": 90, "texture": "#0"}
			}
		},
		{
			"from": [9.1529, 11, 3.49355],
			"to": [12.1529, 17, 6.49355],
			"rotation": {"angle": 45, "axis": "y", "origin": [8, 5.5, 8]},
			"faces": {
				"north": {"uv": [10.5, 4.5, 9, 7.5], "texture": "#0"},
				"east": {"uv": [10.5, 4.5, 9, 7.5], "texture": "#0"},
				"south": {"uv": [10.5, 4.5, 9, 7.5], "texture": "#0"},
				"west": {"uv": [10.5, 4.5, 9, 7.5], "texture": "#0"}
			}
		},
		{
			"from": [8.6529, 22, 2.99355],
			"to": [12.6529, 24, 6.99355],
			"rotation": {"angle": 45, "axis": "y", "origin": [8, 5.5, 8]},
			"faces": {
				"north": {"uv": [16, 6, 14, 7], "texture": "#0"},
				"east": {"uv": [16, 6, 14, 7], "texture": "#0"},
				"south": {"uv": [16, 6, 14, 7], "texture": "#0"},
				"west": {"uv": [16, 6, 14, 7], "texture": "#0"},
				"up": {"uv": [12.5, 2, 14.5, 0], "rotation": 270, "texture": "#0"}
			}
		},
		{
			"from": [5.75, 17, -0.00177],
			"to": [9.75, 22, 7.99823],
			"rotation": {"angle": 0, "axis": "y", "origin": [8, 5.5, 8]},
			"faces": {
				"east": {"uv": [1, 4.5, 5, 7], "texture": "#0"},
				"west": {"uv": [5, 4.5, 1, 7], "texture": "#0"},
				"up": {"uv": [5, 6.5, 9, 4.5], "rotation": 270, "texture": "#0"},
				"down": {"uv": [5, 6.5, 9, 8.5], "rotation": 90, "texture": "#0"}
			}
		},
		{
			"from": [5.73, 19.28537, 10.47916],
			"to": [9.77, 22.82537, 14.00916],
			"rotation": {"angle": -45, "axis": "x", "origin": [8, 5.5, 8]},
			"faces": {
				"north": {"uv": [14, 6, 12, 8], "texture": "#0"},
				"east": {"uv": [11.5, 11.5, 13.5, 13.5], "texture": "#0"},
				"west": {"uv": [13.5, 11.5, 11.5, 13.5], "texture": "#0"},
				"up": {"uv": [12, 10, 14, 8], "rotation": 270, "texture": "#0"}
			}
		},
		{
			"from": [5.73, 13.62601, -3.66851],
			"to": [9.77, 17.16601, -0.13851],
			"rotation": {"angle": 45, "axis": "x", "origin": [8, 5.5, 8]},
			"faces": {
				"east": {"uv": [1, 13.5, 3, 15.5], "texture": "#0"},
				"south": {"uv": [11, 13.5, 9, 15.5], "texture": "#0"},
				"west": {"uv": [3, 13.5, 1, 15.5], "texture": "#0"},
				"up": {"uv": [13.5, 12, 15.5, 10], "rotation": 270, "texture": "#0"}
			}
		},
		{
			"from": [8.4569, 16.9132, 1.49823],
			"to": [12.4569, 21.9132, 6.49823],
			"rotation": {"angle": 22.5, "axis": "z", "origin": [8, 5.5, 8]},
			"faces": {
				"north": {"uv": [7.5, 8.5, 5.5, 11], "texture": "#0"},
				"east": {"uv": [10.5, 0, 8, 2.5], "texture": "#0"},
				"south": {"uv": [5.5, 8.5, 3.5, 11], "texture": "#0"},
				"west": {"uv": [3.5, 7, 1, 9.5], "texture": "#0"},
				"up": {"uv": [8, 4.5, 10.5, 2.5], "rotation": 270, "texture": "#0"},
				"down": {"uv": [7.5, 8.5, 10, 10.5], "rotation": 90, "texture": "#0"}
			}
		},
		{
			"from": [11.9569, 16.4132, 5.99823],
			"to": [7.9569, 14.4132, 1.99823],
			"shade": false,
			"rotation": {"angle": 22.5, "axis": "z", "origin": [8, 5.5, 8]},
			"faces": {
				"north": {"uv": [14.5, 12, 16, 13.5], "texture": "#0"},
				"east": {"uv": [14.5, 12, 16, 13.5], "texture": "#0"},
				"south": {"uv": [14.5, 12, 16, 13.5], "texture": "#0"},
				"west": {"uv": [14.5, 12, 16, 13.5], "texture": "#0"},
				"up": {"uv": [14.5, 12, 16, 13.5], "rotation": 270, "texture": "#0"}
			}
		},
		{
			"from": [12.9569, 22.4132, 6.99823],
			"to": [7.9569, 16.4132, 0.99823],
			"shade": false,
			"rotation": {"angle": 22.5, "axis": "z", "origin": [8, 5.5, 8]},
			"faces": {
				"north": {"uv": [14.5, 12, 16, 13.5], "texture": "#0"},
				"east": {"uv": [14.5, 12, 16, 13.5], "texture": "#0"},
				"south": {"uv": [14.5, 12, 16, 13.5], "texture": "#0"},
				"west": {"uv": [14.5, 12, 16, 13.5], "texture": "#0"},
				"up": {"uv": [13.5, 13.5, 16, 16], "rotation": 270, "texture": "#0"},
				"down": {"uv": [14.5, 12, 16, 13.5], "rotation": 90, "texture": "#0"}
			}
		},
		{
			"from": [7.58116, 22.22185, 6.99823],
			"to": [2.58116, 16.22185, 0.99823],
			"rotation": {"angle": -22.5, "axis": "z", "origin": [8, 5.5, 8]},
			"faces": {
				"north": {"uv": [16, 12, 14.5, 13.5], "texture": "#0"},
				"east": {"uv": [16, 12, 14.5, 13.5], "texture": "#0"},
				"south": {"uv": [16, 12, 14.5, 13.5], "texture": "#0"},
				"west": {"uv": [16, 12, 14.5, 13.5], "texture": "#0"},
				"up": {"uv": [13.5, 16, 16, 13.5], "rotation": 270, "texture": "#0"},
				"down": {"uv": [14.5, 13.5, 16, 12], "rotation": 90, "texture": "#0"}
			}
		},
		{
			"from": [7.58116, 16.22185, 5.99823],
			"to": [3.58116, 14.22185, 1.99823],
			"shade": false,
			"rotation": {"angle": -22.5, "axis": "z", "origin": [8, 5.5, 8]},
			"faces": {
				"north": {"uv": [16, 12, 14.5, 13.5], "texture": "#0"},
				"east": {"uv": [16, 12, 14.5, 13.5], "texture": "#0"},
				"south": {"uv": [16, 12, 14.5, 13.5], "texture": "#0"},
				"west": {"uv": [16, 12, 14.5, 13.5], "texture": "#0"},
				"up": {"uv": [14.5, 13.5, 16, 12], "rotation": 270, "texture": "#0"}
			}
		},
		{
			"from": [8.4569, 14.9132, 2.49823],
			"to": [11.4569, 16.9132, 5.49823],
			"rotation": {"angle": 22.5, "axis": "z", "origin": [8, 5.5, 8]},
			"faces": {
				"north": {"uv": [15.5, 8, 14, 9], "texture": "#0"},
				"east": {"uv": [15.5, 7, 14, 8], "texture": "#0"},
				"south": {"uv": [13.5, 10, 12, 11], "texture": "#0"},
				"west": {"uv": [12, 6, 10.5, 7], "texture": "#0"},
				"down": {"uv": [3.5, 7, 5, 8.5], "rotation": 90, "texture": "#0"}
			}
		},
		{
			"from": [3.08116, 16.72185, 1.49823],
			"to": [7.08116, 21.72185, 6.49823],
			"shade": false,
			"rotation": {"angle": -22.5, "axis": "z", "origin": [8, 5.5, 8]},
			"faces": {
				"north": {"uv": [5.5, 8.5, 7.5, 11], "texture": "#0"},
				"east": {"uv": [1, 7, 3.5, 9.5], "texture": "#0"},
				"south": {"uv": [3.5, 8.5, 5.5, 11], "texture": "#0"},
				"west": {"uv": [8, 0, 10.5, 2.5], "texture": "#0"},
				"up": {"uv": [8, 2.5, 10.5, 4.5], "rotation": 270, "texture": "#0"},
				"down": {"uv": [7.5, 10.5, 10, 8.5], "rotation": 90, "texture": "#0"}
			}
		},
		{
			"from": [4.08116, 14.72185, 2.49823],
			"to": [7.08116, 16.72185, 5.49823],
			"rotation": {"angle": -22.5, "axis": "z", "origin": [8, 5.5, 8]},
			"faces": {
				"north": {"uv": [14, 8, 15.5, 9], "texture": "#0"},
				"east": {"uv": [10.5, 6, 12, 7], "texture": "#0"},
				"south": {"uv": [12, 10, 13.5, 11], "texture": "#0"},
				"west": {"uv": [14, 7, 15.5, 8], "texture": "#0"},
				"down": {"uv": [3.5, 8.5, 5, 7], "rotation": 90, "texture": "#0"}
			}
		},
		{
			"from": [7.75, 13, 7.99823],
			"to": [7.8, 22, 23.99823],
			"rotation": {"angle": 0, "axis": "y", "origin": [8, 5.5, 8]},
			"faces": {
				"east": {"uv": [0, 0, 8, 4.5], "texture": "#0"},
				"west": {"uv": [8, 0, 0, 4.5], "texture": "#0"}
			}
		},
		{
			"from": [3.35, 17.6, 0.24823],
			"to": [4.15, 18.4, 1.04823],
			"shade": false,
			"rotation": {"angle": 0, "axis": "y", "origin": [8, 5.5, 8]},
			"faces": {
				"north": {"uv": [2, 14, 0, 16], "texture": "#1"},
				"east": {"uv": [2, 14, 0, 16], "texture": "#1"},
				"south": {"uv": [2, 14, 0, 16], "texture": "#1"},
				"west": {"uv": [2, 14, 0, 16], "texture": "#1"},
				"up": {"uv": [2, 14, 0, 16], "rotation": 270, "texture": "#1"},
				"down": {"uv": [2, 14, 0, 16], "rotation": 90, "texture": "#1"}
			}
		},
		{
			"from": [4.5, 18.75, 1.39823],
			"to": [3, 17.25, -0.10177],
			"shade": false,
			"rotation": {"angle": 0, "axis": "y", "origin": [8, 5.5, 8]},
			"faces": {
				"north": {"uv": [4, 14, 2, 16], "texture": "#1"},
				"east": {"uv": [4, 14, 2, 16], "texture": "#1"},
				"south": {"uv": [4, 14, 2, 16], "texture": "#1"},
				"west": {"uv": [4, 14, 2, 16], "texture": "#1"},
				"up": {"uv": [4, 14, 2, 16], "rotation": 270, "texture": "#1"},
				"down": {"uv": [4, 14, 2, 16], "rotation": 90, "texture": "#1"}
			}
		},
		{
			"from": [3.3, 18.05, 0.19823],
			"to": [4.2, 18.95, 1.09823],
			"shade": false,
			"rotation": {"angle": 0, "axis": "y", "origin": [8, 5.5, 8]},
			"faces": {
				"north": {"uv": [2, 12, 0, 14], "texture": "#1"},
				"east": {"uv": [2, 12, 0, 14], "texture": "#1"},
				"south": {"uv": [2, 12, 0, 14], "texture": "#1"},
				"west": {"uv": [2, 12, 0, 14], "texture": "#1"},
				"up": {"uv": [2, 12, 0, 14], "rotation": 270, "texture": "#1"},
				"down": {"uv": [2, 12, 0, 14], "rotation": 90, "texture": "#1"}
			}
		},
		{
			"from": [4.5, 19.25, 1.39823],
			"to": [3, 17.75, -0.10177],
			"shade": false,
			"rotation": {"angle": 0, "axis": "y", "origin": [8, 5.5, 8]},
			"faces": {
				"north": {"uv": [4, 12, 2, 14], "texture": "#1"},
				"east": {"uv": [4, 12, 2, 14], "texture": "#1"},
				"south": {"uv": [4, 12, 2, 14], "texture": "#1"},
				"west": {"uv": [4, 12, 2, 14], "texture": "#1"},
				"up": {"uv": [4, 12, 2, 14], "rotation": 270, "texture": "#1"},
				"down": {"uv": [4, 12, 2, 14], "rotation": 90, "texture": "#1"}
			}
		},
		{
			"from": [3.25, 18.5, 0.14823],
			"to": [4.25, 19.5, 1.14823],
			"shade": false,
			"rotation": {"angle": 0, "axis": "y", "origin": [8, 5.5, 8]},
			"faces": {
				"north": {"uv": [2, 10, 0, 12], "texture": "#1"},
				"east": {"uv": [2, 10, 0, 12], "texture": "#1"},
				"south": {"uv": [2, 10, 0, 12], "texture": "#1"},
				"west": {"uv": [2, 10, 0, 12], "texture": "#1"},
				"up": {"uv": [2, 10, 0, 12], "rotation": 270, "texture": "#1"},
				"down": {"uv": [2, 10, 0, 12], "rotation": 90, "texture": "#1"}
			}
		},
		{
			"from": [4.5, 19.75, 1.39823],
			"to": [3, 18.25, -0.10177],
			"shade": false,
			"rotation": {"angle": 0, "axis": "y", "origin": [8, 5.5, 8]},
			"faces": {
				"north": {"uv": [4, 10, 2, 12], "texture": "#1"},
				"east": {"uv": [4, 10, 2, 12], "texture": "#1"},
				"south": {"uv": [4, 10, 2, 12], "texture": "#1"},
				"west": {"uv": [4, 10, 2, 12], "texture": "#1"},
				"up": {"uv": [4, 10, 2, 12], "rotation": 270, "texture": "#1"},
				"down": {"uv": [4, 10, 2, 12], "rotation": 90, "texture": "#1"}
			}
		},
		{
			"from": [3.25, 19, 0.14823],
			"to": [4.25, 20, 1.14823],
			"shade": false,
			"rotation": {"angle": 0, "axis": "y", "origin": [8, 5.5, 8]},
			"faces": {
				"north": {"uv": [2, 8, 0, 10], "texture": "#1"},
				"east": {"uv": [2, 8, 0, 10], "texture": "#1"},
				"south": {"uv": [2, 8, 0, 10], "texture": "#1"},
				"west": {"uv": [2, 8, 0, 10], "texture": "#1"},
				"up": {"uv": [2, 8, 0, 10], "rotation": 270, "texture": "#1"},
				"down": {"uv": [2, 8, 0, 10], "rotation": 90, "texture": "#1"}
			}
		},
		{
			"from": [4.5, 20.25, 1.39823],
			"to": [3, 18.75, -0.10177],
			"shade": false,
			"rotation": {"angle": 0, "axis": "y", "origin": [8, 5.5, 8]},
			"faces": {
				"north": {"uv": [4, 8, 2, 10], "texture": "#1"},
				"east": {"uv": [4, 8, 2, 10], "texture": "#1"},
				"south": {"uv": [4, 8, 2, 10], "texture": "#1"},
				"west": {"uv": [4, 8, 2, 10], "texture": "#1"},
				"up": {"uv": [4, 8, 2, 10], "rotation": 270, "texture": "#1"},
				"down": {"uv": [4, 8, 2, 10], "rotation": 90, "texture": "#1"}
			}
		},
		{
			"from": [3.25, 19.5, 0.14823],
			"to": [4.25, 20.5, 1.14823],
			"shade": false,
			"rotation": {"angle": 0, "axis": "y", "origin": [8, 5.5, 8]},
			"faces": {
				"north": {"uv": [2, 6, 0, 8], "texture": "#1"},
				"east": {"uv": [2, 6, 0, 8], "texture": "#1"},
				"south": {"uv": [2, 6, 0, 8], "texture": "#1"},
				"west": {"uv": [2, 6, 0, 8], "texture": "#1"},
				"up": {"uv": [2, 6, 0, 8], "rotation": 270, "texture": "#1"},
				"down": {"uv": [2, 6, 0, 8], "rotation": 90, "texture": "#1"}
			}
		},
		{
			"from": [4.5, 20.75, 1.39823],
			"to": [3, 19.25, -0.10177],
			"shade": false,
			"rotation": {"angle": 0, "axis": "y", "origin": [8, 5.5, 8]},
			"faces": {
				"north": {"uv": [4, 6, 2, 8], "texture": "#1"},
				"east": {"uv": [4, 6, 2, 8], "texture": "#1"},
				"south": {"uv": [4, 6, 2, 8], "texture": "#1"},
				"west": {"uv": [4, 6, 2, 8], "texture": "#1"},
				"up": {"uv": [4, 6, 2, 8], "rotation": 270, "texture": "#1"},
				"down": {"uv": [4, 6, 2, 8], "rotation": 90, "texture": "#1"}
			}
		},
		{
			"from": [3.3, 20.05, 0.19823],
			"to": [4.2, 20.95, 1.09823],
			"shade": false,
			"rotation": {"angle": 0, "axis": "y", "origin": [8, 5.5, 8]},
			"faces": {
				"north": {"uv": [2, 4, 0, 6], "texture": "#1"},
				"east": {"uv": [2, 4, 0, 6], "texture": "#1"},
				"south": {"uv": [2, 4, 0, 6], "texture": "#1"},
				"west": {"uv": [2, 4, 0, 6], "texture": "#1"},
				"up": {"uv": [2, 4, 0, 6], "rotation": 270, "texture": "#1"},
				"down": {"uv": [2, 4, 0, 6], "rotation": 90, "texture": "#1"}
			}
		},
		{
			"from": [4.5, 21.25, 1.39823],
			"to": [3, 19.75, -0.10177],
			"shade": false,
			"rotation": {"angle": 0, "axis": "y", "origin": [8, 5.5, 8]},
			"faces": {
				"north": {"uv": [4, 4, 2, 6], "texture": "#1"},
				"east": {"uv": [4, 4, 2, 6], "texture": "#1"},
				"south": {"uv": [4, 4, 2, 6], "texture": "#1"},
				"west": {"uv": [4, 4, 2, 6], "texture": "#1"},
				"up": {"uv": [4, 4, 2, 6], "rotation": 270, "texture": "#1"},
				"down": {"uv": [4, 4, 2, 6], "rotation": 90, "texture": "#1"}
			}
		},
		{
			"from": [3.35, 21.1, 0.24823],
			"to": [4.15, 21.9, 1.04823],
			"shade": false,
			"rotation": {"angle": 0, "axis": "y", "origin": [8, 5.5, 8]},
			"faces": {
				"north": {"uv": [2, 2, 0, 4], "texture": "#1"},
				"east": {"uv": [2, 2, 0, 4], "texture": "#1"},
				"south": {"uv": [2, 2, 0, 4], "texture": "#1"},
				"west": {"uv": [2, 2, 0, 4], "texture": "#1"},
				"up": {"uv": [2, 2, 0, 4], "rotation": 270, "texture": "#1"},
				"down": {"uv": [2, 2, 0, 4], "rotation": 90, "texture": "#1"}
			}
		},
		{
			"from": [4.5, 22.25, 1.39823],
			"to": [3, 20.75, -0.10177],
			"shade": false,
			"rotation": {"angle": 0, "axis": "y", "origin": [8, 5.5, 8]},
			"faces": {
				"north": {"uv": [4, 2, 2, 4], "texture": "#1"},
				"east": {"uv": [4, 2, 2, 4], "texture": "#1"},
				"south": {"uv": [4, 2, 2, 4], "texture": "#1"},
				"west": {"uv": [4, 2, 2, 4], "texture": "#1"},
				"up": {"uv": [4, 2, 2, 4], "rotation": 270, "texture": "#1"},
				"down": {"uv": [4, 2, 2, 4], "rotation": 90, "texture": "#1"}
			}
		},
		{
			"from": [3.35, 17.6, 6.94823],
			"to": [4.15, 18.4, 7.74823],
			"shade": false,
			"rotation": {"angle": 0, "axis": "y", "origin": [8, 5.5, 8]},
			"faces": {
				"north": {"uv": [6, 14, 4, 16], "texture": "#1"},
				"east": {"uv": [6, 14, 4, 16], "texture": "#1"},
				"south": {"uv": [6, 14, 4, 16], "texture": "#1"},
				"west": {"uv": [6, 14, 4, 16], "texture": "#1"},
				"up": {"uv": [6, 14, 4, 16], "rotation": 270, "texture": "#1"},
				"down": {"uv": [6, 14, 4, 16], "rotation": 90, "texture": "#1"}
			}
		},
		{
			"from": [4.5, 18.75, 8.09823],
			"to": [3, 17.25, 6.59823],
			"shade": false,
			"rotation": {"angle": 0, "axis": "y", "origin": [8, 5.5, 8]},
			"faces": {
				"north": {"uv": [8, 14, 6, 16], "texture": "#1"},
				"east": {"uv": [8, 14, 6, 16], "texture": "#1"},
				"south": {"uv": [8, 14, 6, 16], "texture": "#1"},
				"west": {"uv": [8, 14, 6, 16], "texture": "#1"},
				"up": {"uv": [8, 14, 6, 16], "rotation": 270, "texture": "#1"},
				"down": {"uv": [8, 14, 6, 16], "rotation": 90, "texture": "#1"}
			}
		},
		{
			"from": [3.3, 18.05, 6.89823],
			"to": [4.2, 18.95, 7.79823],
			"shade": false,
			"rotation": {"angle": 0, "axis": "y", "origin": [8, 5.5, 8]},
			"faces": {
				"north": {"uv": [6, 12, 4, 14], "texture": "#1"},
				"east": {"uv": [6, 12, 4, 14], "texture": "#1"},
				"south": {"uv": [6, 12, 4, 14], "texture": "#1"},
				"west": {"uv": [6, 12, 4, 14], "texture": "#1"},
				"up": {"uv": [6, 12, 4, 14], "rotation": 270, "texture": "#1"},
				"down": {"uv": [6, 12, 4, 14], "rotation": 90, "texture": "#1"}
			}
		},
		{
			"from": [4.5, 19.25, 8.09823],
			"to": [3, 17.75, 6.59823],
			"shade": false,
			"rotation": {"angle": 0, "axis": "y", "origin": [8, 5.5, 8]},
			"faces": {
				"north": {"uv": [8, 12, 6, 14], "texture": "#1"},
				"east": {"uv": [8, 12, 6, 14], "texture": "#1"},
				"south": {"uv": [8, 12, 6, 14], "texture": "#1"},
				"west": {"uv": [8, 12, 6, 14], "texture": "#1"},
				"up": {"uv": [8, 12, 6, 14], "rotation": 270, "texture": "#1"},
				"down": {"uv": [8, 12, 6, 14], "rotation": 90, "texture": "#1"}
			}
		},
		{
			"from": [3.25, 19, 6.84823],
			"to": [4.25, 20, 7.84823],
			"shade": false,
			"rotation": {"angle": 0, "axis": "y", "origin": [8, 5.5, 8]},
			"faces": {
				"north": {"uv": [6, 10, 4, 12], "texture": "#1"},
				"east": {"uv": [6, 10, 4, 12], "texture": "#1"},
				"south": {"uv": [6, 10, 4, 12], "texture": "#1"},
				"west": {"uv": [6, 10, 4, 12], "texture": "#1"},
				"up": {"uv": [6, 10, 4, 12], "rotation": 270, "texture": "#1"},
				"down": {"uv": [6, 10, 4, 12], "rotation": 90, "texture": "#1"}
			}
		},
		{
			"from": [4.5, 20.25, 8.09823],
			"to": [3, 18.75, 6.59823],
			"shade": false,
			"rotation": {"angle": 0, "axis": "y", "origin": [8, 5.5, 8]},
			"faces": {
				"north": {"uv": [8, 10, 6, 12], "texture": "#1"},
				"east": {"uv": [8, 10, 6, 12], "texture": "#1"},
				"south": {"uv": [8, 10, 6, 12], "texture": "#1"},
				"west": {"uv": [8, 10, 6, 12], "texture": "#1"},
				"up": {"uv": [8, 10, 6, 12], "rotation": 270, "texture": "#1"},
				"down": {"uv": [8, 10, 6, 12], "rotation": 90, "texture": "#1"}
			}
		},
		{
			"from": [3.25, 19.5, 6.84823],
			"to": [4.25, 20.5, 7.84823],
			"shade": false,
			"rotation": {"angle": 0, "axis": "y", "origin": [8, 5.5, 8]},
			"faces": {
				"north": {"uv": [6, 8, 4, 10], "texture": "#1"},
				"east": {"uv": [6, 8, 4, 10], "texture": "#1"},
				"south": {"uv": [6, 8, 4, 10], "texture": "#1"},
				"west": {"uv": [6, 8, 4, 10], "texture": "#1"},
				"up": {"uv": [6, 8, 4, 10], "rotation": 270, "texture": "#1"},
				"down": {"uv": [6, 8, 4, 10], "rotation": 90, "texture": "#1"}
			}
		},
		{
			"from": [4.5, 20.75, 8.09823],
			"to": [3, 19.25, 6.59823],
			"shade": false,
			"rotation": {"angle": 0, "axis": "y", "origin": [8, 5.5, 8]},
			"faces": {
				"north": {"uv": [8, 8, 6, 10], "texture": "#1"},
				"east": {"uv": [8, 8, 6, 10], "texture": "#1"},
				"south": {"uv": [8, 8, 6, 10], "texture": "#1"},
				"west": {"uv": [8, 8, 6, 10], "texture": "#1"},
				"up": {"uv": [8, 8, 6, 10], "rotation": 270, "texture": "#1"},
				"down": {"uv": [8, 8, 6, 10], "rotation": 90, "texture": "#1"}
			}
		},
		{
			"from": [3.25, 20, 6.84823],
			"to": [4.25, 21, 7.84823],
			"shade": false,
			"rotation": {"angle": 0, "axis": "y", "origin": [8, 5.5, 8]},
			"faces": {
				"north": {"uv": [6, 6, 4, 8], "texture": "#1"},
				"east": {"uv": [6, 6, 4, 8], "texture": "#1"},
				"south": {"uv": [6, 6, 4, 8], "texture": "#1"},
				"west": {"uv": [6, 6, 4, 8], "texture": "#1"},
				"up": {"uv": [6, 6, 4, 8], "rotation": 270, "texture": "#1"},
				"down": {"uv": [6, 6, 4, 8], "rotation": 90, "texture": "#1"}
			}
		},
		{
			"from": [4.5, 21.25, 8.09823],
			"to": [3, 19.75, 6.59823],
			"shade": false,
			"rotation": {"angle": 0, "axis": "y", "origin": [8, 5.5, 8]},
			"faces": {
				"north": {"uv": [8, 6, 6, 8], "texture": "#1"},
				"east": {"uv": [8, 6, 6, 8], "texture": "#1"},
				"south": {"uv": [8, 6, 6, 8], "texture": "#1"},
				"west": {"uv": [8, 6, 6, 8], "texture": "#1"},
				"up": {"uv": [8, 6, 6, 8], "rotation": 270, "texture": "#1"},
				"down": {"uv": [8, 6, 6, 8], "rotation": 90, "texture": "#1"}
			}
		},
		{
			"from": [3.3, 20.55, 6.89823],
			"to": [4.2, 21.45, 7.79823],
			"shade": false,
			"rotation": {"angle": 0, "axis": "y", "origin": [8, 5.5, 8]},
			"faces": {
				"north": {"uv": [6, 4, 4, 6], "texture": "#1"},
				"east": {"uv": [6, 4, 4, 6], "texture": "#1"},
				"south": {"uv": [6, 4, 4, 6], "texture": "#1"},
				"west": {"uv": [6, 4, 4, 6], "texture": "#1"},
				"up": {"uv": [6, 4, 4, 6], "rotation": 270, "texture": "#1"},
				"down": {"uv": [6, 4, 4, 6], "rotation": 90, "texture": "#1"}
			}
		},
		{
			"from": [4.5, 21.75, 8.09823],
			"to": [3, 20.25, 6.59823],
			"shade": false,
			"rotation": {"angle": 0, "axis": "y", "origin": [8, 5.5, 8]},
			"faces": {
				"north": {"uv": [8, 4, 6, 6], "texture": "#1"},
				"east": {"uv": [8, 4, 6, 6], "texture": "#1"},
				"south": {"uv": [8, 4, 6, 6], "texture": "#1"},
				"west": {"uv": [8, 4, 6, 6], "texture": "#1"},
				"up": {"uv": [8, 4, 6, 6], "rotation": 270, "texture": "#1"},
				"down": {"uv": [8, 4, 6, 6], "rotation": 90, "texture": "#1"}
			}
		},
		{
			"from": [3.35, 21.1, 6.94823],
			"to": [4.15, 21.9, 7.74823],
			"shade": false,
			"rotation": {"angle": 0, "axis": "y", "origin": [8, 5.5, 8]},
			"faces": {
				"north": {"uv": [6, 2, 4, 4], "texture": "#1"},
				"east": {"uv": [6, 2, 4, 4], "texture": "#1"},
				"south": {"uv": [6, 2, 4, 4], "texture": "#1"},
				"west": {"uv": [6, 2, 4, 4], "texture": "#1"},
				"up": {"uv": [6, 2, 4, 4], "rotation": 270, "texture": "#1"},
				"down": {"uv": [6, 2, 4, 4], "rotation": 90, "texture": "#1"}
			}
		},
		{
			"from": [4.5, 22.25, 8.09823],
			"to": [3, 20.75, 6.59823],
			"shade": false,
			"rotation": {"angle": 0, "axis": "y", "origin": [8, 5.5, 8]},
			"faces": {
				"north": {"uv": [8, 2, 6, 4], "texture": "#1"},
				"east": {"uv": [8, 2, 6, 4], "texture": "#1"},
				"south": {"uv": [8, 2, 6, 4], "texture": "#1"},
				"west": {"uv": [8, 2, 6, 4], "texture": "#1"},
				"up": {"uv": [8, 2, 6, 4], "rotation": 270, "texture": "#1"},
				"down": {"uv": [8, 2, 6, 4], "rotation": 90, "texture": "#1"}
			}
		},
		{
			"from": [11.85, 17.6, 6.94823],
			"to": [12.65, 18.4, 7.74823],
			"shade": false,
			"rotation": {"angle": 0, "axis": "y", "origin": [8, 5.5, 8]},
			"faces": {
				"north": {"uv": [14, 14, 12, 16], "texture": "#1"},
				"east": {"uv": [14, 14, 12, 16], "texture": "#1"},
				"south": {"uv": [14, 14, 12, 16], "texture": "#1"},
				"west": {"uv": [14, 14, 12, 16], "texture": "#1"},
				"up": {"uv": [14, 14, 12, 16], "rotation": 270, "texture": "#1"},
				"down": {"uv": [14, 14, 12, 16], "rotation": 90, "texture": "#1"}
			}
		},
		{
			"from": [13, 18.75, 8.09823],
			"to": [11.5, 17.25, 6.59823],
			"shade": false,
			"rotation": {"angle": 0, "axis": "y", "origin": [8, 5.5, 8]},
			"faces": {
				"north": {"uv": [16, 14, 14, 16], "texture": "#1"},
				"east": {"uv": [16, 14, 14, 16], "texture": "#1"},
				"south": {"uv": [16, 14, 14, 16], "texture": "#1"},
				"west": {"uv": [16, 14, 14, 16], "texture": "#1"},
				"up": {"uv": [16, 14, 14, 16], "rotation": 270, "texture": "#1"},
				"down": {"uv": [16, 14, 14, 16], "rotation": 90, "texture": "#1"}
			}
		},
		{
			"from": [11.8, 18.05, 6.89823],
			"to": [12.7, 18.95, 7.79823],
			"shade": false,
			"rotation": {"angle": 0, "axis": "y", "origin": [8, 5.5, 8]},
			"faces": {
				"north": {"uv": [14, 12, 12, 14], "texture": "#1"},
				"east": {"uv": [14, 12, 12, 14], "texture": "#1"},
				"south": {"uv": [14, 12, 12, 14], "texture": "#1"},
				"west": {"uv": [14, 12, 12, 14], "texture": "#1"},
				"up": {"uv": [14, 12, 12, 14], "rotation": 270, "texture": "#1"},
				"down": {"uv": [14, 12, 12, 14], "rotation": 90, "texture": "#1"}
			}
		},
		{
			"from": [13, 19.25, 8.09823],
			"to": [11.5, 17.75, 6.59823],
			"shade": false,
			"rotation": {"angle": 0, "axis": "y", "origin": [8, 5.5, 8]},
			"faces": {
				"north": {"uv": [16, 12, 14, 14], "texture": "#1"},
				"east": {"uv": [16, 12, 14, 14], "texture": "#1"},
				"south": {"uv": [16, 12, 14, 14], "texture": "#1"},
				"west": {"uv": [16, 12, 14, 14], "texture": "#1"},
				"up": {"uv": [16, 12, 14, 14], "rotation": 270, "texture": "#1"},
				"down": {"uv": [16, 12, 14, 14], "rotation": 90, "texture": "#1"}
			}
		},
		{
			"from": [11.75, 18.5, 6.84823],
			"to": [12.75, 19.5, 7.84823],
			"shade": false,
			"rotation": {"angle": 0, "axis": "y", "origin": [8, 5.5, 8]},
			"faces": {
				"north": {"uv": [14, 10, 12, 12], "texture": "#1"},
				"east": {"uv": [14, 10, 12, 12], "texture": "#1"},
				"south": {"uv": [14, 10, 12, 12], "texture": "#1"},
				"west": {"uv": [14, 10, 12, 12], "texture": "#1"},
				"up": {"uv": [14, 10, 12, 12], "rotation": 270, "texture": "#1"},
				"down": {"uv": [14, 10, 12, 12], "rotation": 90, "texture": "#1"}
			}
		},
		{
			"from": [13, 19.75, 8.09823],
			"to": [11.5, 18.25, 6.59823],
			"shade": false,
			"rotation": {"angle": 0, "axis": "y", "origin": [8, 5.5, 8]},
			"faces": {
				"north": {"uv": [16, 10, 14, 12], "texture": "#1"},
				"east": {"uv": [16, 10, 14, 12], "texture": "#1"},
				"south": {"uv": [16, 10, 14, 12], "texture": "#1"},
				"west": {"uv": [16, 10, 14, 12], "texture": "#1"},
				"up": {"uv": [16, 10, 14, 12], "rotation": 270, "texture": "#1"},
				"down": {"uv": [16, 10, 14, 12], "rotation": 90, "texture": "#1"}
			}
		},
		{
			"from": [11.75, 19, 6.84823],
			"to": [12.75, 20, 7.84823],
			"shade": false,
			"rotation": {"angle": 0, "axis": "y", "origin": [8, 5.5, 8]},
			"faces": {
				"north": {"uv": [14, 8, 12, 10], "texture": "#1"},
				"east": {"uv": [14, 8, 12, 10], "texture": "#1"},
				"south": {"uv": [14, 8, 12, 10], "texture": "#1"},
				"west": {"uv": [14, 8, 12, 10], "texture": "#1"},
				"up": {"uv": [14, 8, 12, 10], "rotation": 270, "texture": "#1"},
				"down": {"uv": [14, 8, 12, 10], "rotation": 90, "texture": "#1"}
			}
		},
		{
			"from": [13, 20.25, 8.09823],
			"to": [11.5, 18.75, 6.59823],
			"shade": false,
			"rotation": {"angle": 0, "axis": "y", "origin": [8, 5.5, 8]},
			"faces": {
				"north": {"uv": [16, 8, 14, 10], "texture": "#1"},
				"east": {"uv": [16, 8, 14, 10], "texture": "#1"},
				"south": {"uv": [16, 8, 14, 10], "texture": "#1"},
				"west": {"uv": [16, 8, 14, 10], "texture": "#1"},
				"up": {"uv": [16, 8, 14, 10], "rotation": 270, "texture": "#1"},
				"down": {"uv": [16, 8, 14, 10], "rotation": 90, "texture": "#1"}
			}
		},
		{
			"from": [11.75, 19.5, 6.84823],
			"to": [12.75, 20.5, 7.84823],
			"shade": false,
			"rotation": {"angle": 0, "axis": "y", "origin": [8, 5.5, 8]},
			"faces": {
				"north": {"uv": [14, 6, 12, 8], "texture": "#1"},
				"east": {"uv": [14, 6, 12, 8], "texture": "#1"},
				"south": {"uv": [14, 6, 12, 8], "texture": "#1"},
				"west": {"uv": [14, 6, 12, 8], "texture": "#1"},
				"up": {"uv": [14, 6, 12, 8], "rotation": 270, "texture": "#1"},
				"down": {"uv": [14, 6, 12, 8], "rotation": 90, "texture": "#1"}
			}
		},
		{
			"from": [13, 20.75, 8.09823],
			"to": [11.5, 19.25, 6.59823],
			"shade": false,
			"rotation": {"angle": 0, "axis": "y", "origin": [8, 5.5, 8]},
			"faces": {
				"north": {"uv": [16, 6, 14, 8], "texture": "#1"},
				"east": {"uv": [16, 6, 14, 8], "texture": "#1"},
				"south": {"uv": [16, 6, 14, 8], "texture": "#1"},
				"west": {"uv": [16, 6, 14, 8], "texture": "#1"},
				"up": {"uv": [16, 6, 14, 8], "rotation": 270, "texture": "#1"},
				"down": {"uv": [16, 6, 14, 8], "rotation": 90, "texture": "#1"}
			}
		},
		{
			"from": [11.8, 20.05, 6.89823],
			"to": [12.7, 20.95, 7.79823],
			"shade": false,
			"rotation": {"angle": 0, "axis": "y", "origin": [8, 5.5, 8]},
			"faces": {
				"north": {"uv": [14, 4, 12, 6], "texture": "#1"},
				"east": {"uv": [14, 4, 12, 6], "texture": "#1"},
				"south": {"uv": [14, 4, 12, 6], "texture": "#1"},
				"west": {"uv": [14, 4, 12, 6], "texture": "#1"},
				"up": {"uv": [14, 4, 12, 6], "rotation": 270, "texture": "#1"},
				"down": {"uv": [14, 4, 12, 6], "rotation": 90, "texture": "#1"}
			}
		},
		{
			"from": [13, 21.25, 8.09823],
			"to": [11.5, 19.75, 6.59823],
			"shade": false,
			"rotation": {"angle": 0, "axis": "y", "origin": [8, 5.5, 8]},
			"faces": {
				"north": {"uv": [16, 4, 14, 6], "texture": "#1"},
				"east": {"uv": [16, 4, 14, 6], "texture": "#1"},
				"south": {"uv": [16, 4, 14, 6], "texture": "#1"},
				"west": {"uv": [16, 4, 14, 6], "texture": "#1"},
				"up": {"uv": [16, 4, 14, 6], "rotation": 270, "texture": "#1"},
				"down": {"uv": [16, 4, 14, 6], "rotation": 90, "texture": "#1"}
			}
		},
		{
			"from": [11.85, 20.6, 6.94823],
			"to": [12.65, 21.4, 7.74823],
			"shade": false,
			"rotation": {"angle": 0, "axis": "y", "origin": [8, 5.5, 8]},
			"faces": {
				"north": {"uv": [14, 2, 12, 4], "texture": "#1"},
				"east": {"uv": [14, 2, 12, 4], "texture": "#1"},
				"south": {"uv": [14, 2, 12, 4], "texture": "#1"},
				"west": {"uv": [14, 2, 12, 4], "texture": "#1"},
				"up": {"uv": [14, 2, 12, 4], "rotation": 270, "texture": "#1"},
				"down": {"uv": [14, 2, 12, 4], "rotation": 90, "texture": "#1"}
			}
		},
		{
			"from": [13, 21.75, 8.09823],
			"to": [11.5, 20.25, 6.59823],
			"shade": false,
			"rotation": {"angle": 0, "axis": "y", "origin": [8, 5.5, 8]},
			"faces": {
				"north": {"uv": [16, 2, 14, 4], "texture": "#1"},
				"east": {"uv": [16, 2, 14, 4], "texture": "#1"},
				"south": {"uv": [16, 2, 14, 4], "texture": "#1"},
				"west": {"uv": [16, 2, 14, 4], "texture": "#1"},
				"up": {"uv": [16, 2, 14, 4], "rotation": 270, "texture": "#1"},
				"down": {"uv": [16, 2, 14, 4], "rotation": 90, "texture": "#1"}
			}
		},
		{
			"from": [11.85, 17.6, 0.24823],
			"to": [12.65, 18.4, 1.04823],
			"shade": false,
			"rotation": {"angle": 0, "axis": "y", "origin": [8, 5.5, 8]},
			"faces": {
				"north": {"uv": [10, 14, 8, 16], "texture": "#1"},
				"east": {"uv": [10, 14, 8, 16], "texture": "#1"},
				"south": {"uv": [10, 14, 8, 16], "texture": "#1"},
				"west": {"uv": [10, 14, 8, 16], "texture": "#1"},
				"up": {"uv": [10, 14, 8, 16], "rotation": 270, "texture": "#1"},
				"down": {"uv": [10, 14, 8, 16], "rotation": 90, "texture": "#1"}
			}
		},
		{
			"from": [13, 18.75, 1.39823],
			"to": [11.5, 17.25, -0.10177],
			"shade": false,
			"rotation": {"angle": 0, "axis": "y", "origin": [8, 5.5, 8]},
			"faces": {
				"north": {"uv": [12, 14, 10, 16], "texture": "#1"},
				"east": {"uv": [12, 14, 10, 16], "texture": "#1"},
				"south": {"uv": [12, 14, 10, 16], "texture": "#1"},
				"west": {"uv": [12, 14, 10, 16], "texture": "#1"},
				"up": {"uv": [12, 14, 10, 16], "rotation": 270, "texture": "#1"},
				"down": {"uv": [12, 14, 10, 16], "rotation": 90, "texture": "#1"}
			}
		},
		{
			"from": [11.8, 18.05, 0.19823],
			"to": [12.7, 18.95, 1.09823],
			"shade": false,
			"rotation": {"angle": 0, "axis": "y", "origin": [8, 5.5, 8]},
			"faces": {
				"north": {"uv": [10, 12, 8, 14], "texture": "#1"},
				"east": {"uv": [10, 12, 8, 14], "texture": "#1"},
				"south": {"uv": [10, 12, 8, 14], "texture": "#1"},
				"west": {"uv": [10, 12, 8, 14], "texture": "#1"},
				"up": {"uv": [10, 12, 8, 14], "rotation": 270, "texture": "#1"},
				"down": {"uv": [10, 12, 8, 14], "rotation": 90, "texture": "#1"}
			}
		},
		{
			"from": [13, 19.25, 1.39823],
			"to": [11.5, 17.75, -0.10177],
			"shade": false,
			"rotation": {"angle": 0, "axis": "y", "origin": [8, 5.5, 8]},
			"faces": {
				"north": {"uv": [12, 12, 10, 14], "texture": "#1"},
				"east": {"uv": [12, 12, 10, 14], "texture": "#1"},
				"south": {"uv": [12, 12, 10, 14], "texture": "#1"},
				"west": {"uv": [12, 12, 10, 14], "texture": "#1"},
				"up": {"uv": [12, 12, 10, 14], "rotation": 270, "texture": "#1"},
				"down": {"uv": [12, 12, 10, 14], "rotation": 90, "texture": "#1"}
			}
		},
		{
			"from": [11.75, 18.5, 0.14823],
			"to": [12.75, 19.5, 1.14823],
			"shade": false,
			"rotation": {"angle": 0, "axis": "y", "origin": [8, 5.5, 8]},
			"faces": {
				"north": {"uv": [10, 10, 8, 12], "texture": "#1"},
				"east": {"uv": [10, 10, 8, 12], "texture": "#1"},
				"south": {"uv": [10, 10, 8, 12], "texture": "#1"},
				"west": {"uv": [10, 10, 8, 12], "texture": "#1"},
				"up": {"uv": [10, 10, 8, 12], "rotation": 270, "texture": "#1"},
				"down": {"uv": [10, 10, 8, 12], "rotation": 90, "texture": "#1"}
			}
		},
		{
			"from": [13, 19.75, 1.39823],
			"to": [11.5, 18.25, -0.10177],
			"shade": false,
			"rotation": {"angle": 0, "axis": "y", "origin": [8, 5.5, 8]},
			"faces": {
				"north": {"uv": [12, 10, 10, 12], "texture": "#1"},
				"east": {"uv": [12, 10, 10, 12], "texture": "#1"},
				"south": {"uv": [12, 10, 10, 12], "texture": "#1"},
				"west": {"uv": [12, 10, 10, 12], "texture": "#1"},
				"up": {"uv": [12, 10, 10, 12], "rotation": 270, "texture": "#1"},
				"down": {"uv": [12, 10, 10, 12], "rotation": 90, "texture": "#1"}
			}
		},
		{
			"from": [11.75, 19, 0.14823],
			"to": [12.75, 20, 1.14823],
			"shade": false,
			"rotation": {"angle": 0, "axis": "y", "origin": [8, 5.5, 8]},
			"faces": {
				"north": {"uv": [10, 8, 8, 10], "texture": "#1"},
				"east": {"uv": [10, 8, 8, 10], "texture": "#1"},
				"south": {"uv": [10, 8, 8, 10], "texture": "#1"},
				"west": {"uv": [10, 8, 8, 10], "texture": "#1"},
				"up": {"uv": [10, 8, 8, 10], "rotation": 270, "texture": "#1"},
				"down": {"uv": [10, 8, 8, 10], "rotation": 90, "texture": "#1"}
			}
		},
		{
			"from": [13, 20.25, 1.39823],
			"to": [11.5, 18.75, -0.10177],
			"shade": false,
			"rotation": {"angle": 0, "axis": "y", "origin": [8, 5.5, 8]},
			"faces": {
				"north": {"uv": [12, 8, 10, 10], "texture": "#1"},
				"east": {"uv": [12, 8, 10, 10], "texture": "#1"},
				"south": {"uv": [12, 8, 10, 10], "texture": "#1"},
				"west": {"uv": [12, 8, 10, 10], "texture": "#1"},
				"up": {"uv": [12, 8, 10, 10], "rotation": 270, "texture": "#1"},
				"down": {"uv": [12, 8, 10, 10], "rotation": 90, "texture": "#1"}
			}
		},
		{
			"from": [11.75, 19.5, 0.14823],
			"to": [12.75, 20.5, 1.14823],
			"shade": false,
			"rotation": {"angle": 0, "axis": "y", "origin": [8, 5.5, 8]},
			"faces": {
				"north": {"uv": [10, 6, 8, 8], "texture": "#1"},
				"east": {"uv": [10, 6, 8, 8], "texture": "#1"},
				"south": {"uv": [10, 6, 8, 8], "texture": "#1"},
				"west": {"uv": [10, 6, 8, 8], "texture": "#1"},
				"up": {"uv": [10, 6, 8, 8], "rotation": 270, "texture": "#1"},
				"down": {"uv": [10, 6, 8, 8], "rotation": 90, "texture": "#1"}
			}
		},
		{
			"from": [13, 20.75, 1.39823],
			"to": [11.5, 19.25, -0.10177],
			"shade": false,
			"rotation": {"angle": 0, "axis": "y", "origin": [8, 5.5, 8]},
			"faces": {
				"north": {"uv": [12, 6, 10, 8], "texture": "#1"},
				"east": {"uv": [12, 6, 10, 8], "texture": "#1"},
				"south": {"uv": [12, 6, 10, 8], "texture": "#1"},
				"west": {"uv": [12, 6, 10, 8], "texture": "#1"},
				"up": {"uv": [12, 6, 10, 8], "rotation": 270, "texture": "#1"},
				"down": {"uv": [12, 6, 10, 8], "rotation": 90, "texture": "#1"}
			}
		},
		{
			"from": [11.8, 20.05, 0.19823],
			"to": [12.7, 20.95, 1.09823],
			"shade": false,
			"rotation": {"angle": 0, "axis": "y", "origin": [8, 5.5, 8]},
			"faces": {
				"north": {"uv": [10, 4, 8, 6], "texture": "#1"},
				"east": {"uv": [10, 4, 8, 6], "texture": "#1"},
				"south": {"uv": [10, 4, 8, 6], "texture": "#1"},
				"west": {"uv": [10, 4, 8, 6], "texture": "#1"},
				"up": {"uv": [10, 4, 8, 6], "rotation": 270, "texture": "#1"},
				"down": {"uv": [10, 4, 8, 6], "rotation": 90, "texture": "#1"}
			}
		},
		{
			"from": [13, 21.25, 1.39823],
			"to": [11.5, 19.75, -0.10177],
			"shade": false,
			"rotation": {"angle": 0, "axis": "y", "origin": [8, 5.5, 8]},
			"faces": {
				"north": {"uv": [12, 4, 10, 6], "texture": "#1"},
				"east": {"uv": [12, 4, 10, 6], "texture": "#1"},
				"south": {"uv": [12, 4, 10, 6], "texture": "#1"},
				"west": {"uv": [12, 4, 10, 6], "texture": "#1"},
				"up": {"uv": [12, 4, 10, 6], "rotation": 270, "texture": "#1"},
				"down": {"uv": [12, 4, 10, 6], "rotation": 90, "texture": "#1"}
			}
		},
		{
			"from": [11.85, 20.6, 0.24823],
			"to": [12.65, 21.4, 1.04823],
			"shade": false,
			"rotation": {"angle": 0, "axis": "y", "origin": [8, 5.5, 8]},
			"faces": {
				"north": {"uv": [10, 2, 8, 4], "texture": "#1"},
				"east": {"uv": [10, 2, 8, 4], "texture": "#1"},
				"south": {"uv": [10, 2, 8, 4], "texture": "#1"},
				"west": {"uv": [10, 2, 8, 4], "texture": "#1"},
				"up": {"uv": [10, 2, 8, 4], "rotation": 270, "texture": "#1"},
				"down": {"uv": [10, 2, 8, 4], "rotation": 90, "texture": "#1"}
			}
		},
		{
			"from": [13, 21.75, 1.39823],
			"to": [11.5, 20.25, -0.10177],
			"shade": false,
			"rotation": {"angle": 0, "axis": "y", "origin": [8, 5.5, 8]},
			"faces": {
				"north": {"uv": [12, 2, 10, 4], "texture": "#1"},
				"east": {"uv": [12, 2, 10, 4], "texture": "#1"},
				"south": {"uv": [12, 2, 10, 4], "texture": "#1"},
				"west": {"uv": [12, 2, 10, 4], "texture": "#1"},
				"up": {"uv": [12, 2, 10, 4], "rotation": 270, "texture": "#1"},
				"down": {"uv": [12, 2, 10, 4], "rotation": 90, "texture": "#1"}
			}
		}
	],
	"gui_light": "front",
	"display": {
		"thirdperson_righthand": {
			"rotation": [0, -168, 0],
			"translation": [0, 6.75, 0.75],
			"scale": [0.6, 0.6, 0.6]
		},
		"thirdperson_lefthand": {
			"rotation": [0, -168, 0],
			"translation": [0, 6.75, 0.75],
			"scale": [0.6, 0.6, 0.6]
		},
		"firstperson_righthand": {
			"rotation": [-2, -163, -2],
			"translation": [4, 3, -5.25],
			"scale": [0.60156, 0.60156, 0.60156]
		},
		"firstperson_lefthand": {
			"rotation": [-2, -163, -2],
			"translation": [4, 3, -5.25],
			"scale": [0.60156, 0.60156, 0.60156]
		},
		"ground": {
			"rotation": [94, 85, 0],
			"translation": [0, 0, -3.5],
			"scale": [0.5, 0.5, 0.5]
		},
		"gui": {
			"rotation": [105, -59, 96],
			"translation": [0.5, 0, 0],
			"scale": [0.39977, 0.39977, 0.39977]
		},
		"head": {
			"rotation": [90, 22, 90],
			"translation": [7.75, 12, 0.25],
			"scale": [0.7, 0.7, 0.7]
		},
		"fixed": {
			"rotation": [0, 90, 0],
			"translation": [0, 3, -1.75],
			"scale": [1.42109, 1.42109, 1.42109]
		}
	},
	"groups": [
		0,
		1,
		2,
		3,
		4,
		5,
		6,
		7,
		8,
		9,
		10,
		11,
		12,
		13,
		14,
		15,
		16,
		17,
		18,
		19,
		{
			"name": "particles",
			"origin": [8, 8, 8],
			"color": 0,
			"boneType": "",
			"children": [
				{
					"name": "particles1",
					"origin": [0, 0, 0],
					"color": 0,
					"boneType": "",
					"children": [
						{
							"name": "particle1",
							"origin": [0, 0, 0],
							"color": 0,
							"boneType": "",
							"children": [20, 21]
						},
						{
							"name": "particle2",
							"origin": [0, 0, 0],
							"color": 0,
							"boneType": "",
							"children": [22, 23]
						},
						{
							"name": "particle3",
							"origin": [0, 0, 0],
							"color": 0,
							"boneType": "",
							"children": [24, 25]
						},
						{
							"name": "particle4",
							"origin": [0, 0, 0],
							"color": 0,
							"boneType": "",
							"children": [26, 27]
						},
						{
							"name": "particle5",
							"origin": [0, 0, 0],
							"color": 0,
							"boneType": "",
							"children": [28, 29]
						},
						{
							"name": "particle6",
							"origin": [0, 0, 0],
							"color": 0,
							"boneType": "",
							"children": [30, 31]
						},
						{
							"name": "particle7",
							"origin": [0, 0, 0],
							"color": 0,
							"boneType": "",
							"children": [32, 33]
						}
					]
				},
				{
					"name": "particles2",
					"origin": [0, 0, 0],
					"color": 0,
					"boneType": "",
					"children": [
						{
							"name": "particle1",
							"origin": [0, 0, 0],
							"color": 0,
							"boneType": "",
							"children": [34, 35]
						},
						{
							"name": "particle2",
							"origin": [0, 0, 0],
							"color": 0,
							"boneType": "",
							"children": [36, 37]
						},
						{
							"name": "particle3",
							"origin": [0, 0, 0],
							"color": 0,
							"boneType": "",
							"children": [38, 39]
						},
						{
							"name": "particle4",
							"origin": [0, 0, 0],
							"color": 0,
							"boneType": "",
							"children": [40, 41]
						},
						{
							"name": "particle5",
							"origin": [0, 0, 0],
							"color": 0,
							"boneType": "",
							"children": [42, 43]
						},
						{
							"name": "particle6",
							"origin": [0, 0, 0],
							"color": 0,
							"boneType": "",
							"children": [44, 45]
						},
						{
							"name": "particle7",
							"origin": [0, 0, 0],
							"color": 0,
							"boneType": "",
							"children": [46, 47]
						}
					]
				},
				{
					"name": "particles3",
					"origin": [0, 0, 0],
					"color": 0,
					"boneType": "",
					"children": [
						{
							"name": "particle1",
							"origin": [0, 0, 0],
							"color": 0,
							"boneType": "",
							"children": [48, 49]
						},
						{
							"name": "particle2",
							"origin": [0, 0, 0],
							"color": 0,
							"boneType": "",
							"children": [50, 51]
						},
						{
							"name": "particle3",
							"origin": [0, 0, 0],
							"color": 0,
							"boneType": "",
							"children": [52, 53]
						},
						{
							"name": "particle4",
							"origin": [0, 0, 0],
							"color": 0,
							"boneType": "",
							"children": [54, 55]
						},
						{
							"name": "particle5",
							"origin": [0, 0, 0],
							"color": 0,
							"boneType": "",
							"children": [56, 57]
						},
						{
							"name": "particle6",
							"origin": [0, 0, 0],
							"color": 0,
							"boneType": "",
							"children": [58, 59]
						},
						{
							"name": "particle7",
							"origin": [0, 0, 0],
							"color": 0,
							"boneType": "",
							"children": [60, 61]
						}
					]
				},
				{
					"name": "particles4",
					"origin": [0, 0, 0],
					"color": 0,
					"boneType": "",
					"children": [
						{
							"name": "particle1",
							"origin": [0, 0, 0],
							"color": 0,
							"boneType": "",
							"children": [62, 63]
						},
						{
							"name": "particle2",
							"origin": [0, 0, 0],
							"color": 0,
							"boneType": "",
							"children": [64, 65]
						},
						{
							"name": "particle3",
							"origin": [0, 0, 0],
							"color": 0,
							"boneType": "",
							"children": [66, 67]
						},
						{
							"name": "particle4",
							"origin": [0, 0, 0],
							"color": 0,
							"boneType": "",
							"children": [68, 69]
						},
						{
							"name": "particle5",
							"origin": [0, 0, 0],
							"color": 0,
							"boneType": "",
							"children": [70, 71]
						},
						{
							"name": "particle6",
							"origin": [0, 0, 0],
							"color": 0,
							"boneType": "",
							"children": [72, 73]
						},
						{
							"name": "particle7",
							"origin": [0, 0, 0],
							"color": 0,
							"boneType": "",
							"children": [74, 75]
						}
					]
				}
			]
		}
	]
}