{
	"credit": "Made with Blockbench",
	"texture_size": [64, 64],
	"textures": {
		"0": "prison:backpack/builder_backpack_texture",
		"particle": "prison:backpack/builder_backpack_texture"
	},
	"elements": [
		{
			"from": [0.5, 8, 4],
			"to": [2.5, 10, 8],
			"rotation": {"angle": 0, "axis": "y", "origin": [-7.5, 4, 4]},
			"faces": {
				"north": {"uv": [9.25, 8.25, 9.75, 8.75], "texture": "#0"},
				"east": {"uv": [8.25, 7.25, 9.25, 7.75], "texture": "#0"},
				"south": {"uv": [8.5, 9.25, 9, 9.75], "texture": "#0"},
				"west": {"uv": [8.25, 7.75, 9.25, 8.25], "texture": "#0"},
				"up": {"uv": [8.5, 9.25, 8, 8.25], "texture": "#0"},
				"down": {"uv": [9, 0, 8.5, 1], "texture": "#0"}
			}
		},
		{
			"from": [1, 5, 5.5],
			"to": [2, 8, 6.5],
			"rotation": {"angle": 0, "axis": "y", "origin": [-7.5, 5, 4]},
			"faces": {
				"north": {"uv": [9.25, 8.75, 9.5, 9.5], "texture": "#0"},
				"east": {"uv": [9, 9.25, 9.25, 10], "texture": "#0"},
				"south": {"uv": [9.5, 0, 9.75, 0.75], "texture": "#0"},
				"west": {"uv": [9.5, 0.75, 9.75, 1.5], "texture": "#0"},
				"up": {"uv": [5.5, 7.75, 5.25, 7.5], "texture": "#0"},
				"down": {"uv": [1.5, 7.75, 1.25, 8], "texture": "#0"}
			}
		},
		{
			"from": [0.5, 3, 5],
			"to": [2.5, 5, 7],
			"rotation": {"angle": 0, "axis": "y", "origin": [-7.5, 3, 4]},
			"faces": {
				"north": {"uv": [1.5, 7, 2, 7.5], "texture": "#0"},
				"east": {"uv": [8.5, 1, 9, 1.5], "texture": "#0"},
				"south": {"uv": [6.75, 9.25, 7.25, 9.75], "texture": "#0"},
				"west": {"uv": [9.25, 7.25, 9.75, 7.75], "texture": "#0"},
				"up": {"uv": [9.75, 8.25, 9.25, 7.75], "texture": "#0"},
				"down": {"uv": [8.5, 9.25, 8, 9.75], "texture": "#0"}
			}
		},
		{
			"from": [4, 14.25, 5],
			"to": [12, 14.25, 9],
			"rotation": {"angle": 45, "axis": "x", "origin": [1, 11, 4]},
			"faces": {
				"north": {"uv": [0, 0, 2, 0], "texture": "#0"},
				"east": {"uv": [0, 0, 1, 0], "texture": "#0"},
				"south": {"uv": [0, 0, 2, 0], "texture": "#0"},
				"west": {"uv": [0, 0, 1, 0], "texture": "#0"},
				"up": {"uv": [4, 6.75, 2, 5.75], "texture": "#0"},
				"down": {"uv": [6, 5.75, 4, 6.75], "texture": "#0"}
			}
		},
		{
			"from": [4, 15.25, 5],
			"to": [5, 15.25, 9],
			"rotation": {"angle": 45, "axis": "x", "origin": [1, 11, 4]},
			"faces": {
				"north": {"uv": [0, 0, 0.25, 0], "texture": "#0"},
				"east": {"uv": [0, 0, 1, 0], "texture": "#0"},
				"south": {"uv": [0, 0, 0.25, 0], "texture": "#0"},
				"west": {"uv": [0, 0, 1, 0], "texture": "#0"},
				"up": {"uv": [8, 10, 7.75, 9], "texture": "#0"},
				"down": {"uv": [9.25, 8.25, 9, 9.25], "texture": "#0"}
			}
		},
		{
			"from": [11, 15.25, 5],
			"to": [12, 15.25, 9],
			"rotation": {"angle": 45, "axis": "x", "origin": [8, 11, 4]},
			"faces": {
				"north": {"uv": [0, 0, 0.25, 0], "texture": "#0"},
				"east": {"uv": [0, 0, 1, 0], "texture": "#0"},
				"south": {"uv": [0, 0, 0.25, 0], "texture": "#0"},
				"west": {"uv": [0, 0, 1, 0], "texture": "#0"},
				"up": {"uv": [5.5, 10.25, 5.25, 9.25], "texture": "#0"},
				"down": {"uv": [5.75, 9.25, 5.5, 10.25], "texture": "#0"}
			}
		},
		{
			"from": [12, 14.25, 5],
			"to": [12, 15.25, 9],
			"rotation": {"angle": 45, "axis": "x", "origin": [8, 11, 4]},
			"faces": {
				"north": {"uv": [0, 0, 0, 0.25], "texture": "#0"},
				"east": {"uv": [9.25, 3.5, 10.25, 3.75], "texture": "#0"},
				"south": {"uv": [0, 0, 0, 0.25], "texture": "#0"},
				"west": {"uv": [9.25, 3.75, 10.25, 4], "texture": "#0"},
				"up": {"uv": [0, 1, 0, 0], "texture": "#0"},
				"down": {"uv": [0, 0, 0, 1], "texture": "#0"}
			}
		},
		{
			"from": [11, 14.25, 5],
			"to": [11, 15.25, 9],
			"rotation": {"angle": 45, "axis": "x", "origin": [8, 11, 4]},
			"faces": {
				"north": {"uv": [0, 0, 0, 0.25], "texture": "#0"},
				"east": {"uv": [9.25, 4, 10.25, 4.25], "texture": "#0"},
				"south": {"uv": [0, 0, 0, 0.25], "texture": "#0"},
				"west": {"uv": [5.75, 9.25, 6.75, 9.5], "texture": "#0"},
				"up": {"uv": [0, 1, 0, 0], "texture": "#0"},
				"down": {"uv": [0, 0, 0, 1], "texture": "#0"}
			}
		},
		{
			"from": [5, 14.25, 5],
			"to": [5, 15.25, 9],
			"rotation": {"angle": 45, "axis": "x", "origin": [1, 11, 4]},
			"faces": {
				"north": {"uv": [0, 0, 0, 0.25], "texture": "#0"},
				"east": {"uv": [9.25, 3, 10.25, 3.25], "texture": "#0"},
				"south": {"uv": [0, 0, 0, 0.25], "texture": "#0"},
				"west": {"uv": [9.25, 3.25, 10.25, 3.5], "texture": "#0"},
				"up": {"uv": [0, 1, 0, 0], "texture": "#0"},
				"down": {"uv": [0, 0, 0, 1], "texture": "#0"}
			}
		},
		{
			"from": [4, 14.25, 5],
			"to": [4, 15.25, 9],
			"rotation": {"angle": 45, "axis": "x", "origin": [1, 11, 4]},
			"faces": {
				"north": {"uv": [0, 0, 0, 0.25], "texture": "#0"},
				"east": {"uv": [9, 4.75, 10, 5], "texture": "#0"},
				"south": {"uv": [0, 0, 0, 0.25], "texture": "#0"},
				"west": {"uv": [9, 7, 10, 7.25], "texture": "#0"},
				"up": {"uv": [0, 1, 0, 0], "texture": "#0"},
				"down": {"uv": [0, 0, 0, 1], "texture": "#0"}
			}
		},
		{
			"from": [15.5, 3, 5],
			"to": [15.5, 8, 7],
			"rotation": {"angle": 0, "axis": "y", "origin": [23.5, 3, 4]},
			"faces": {
				"north": {"uv": [0, 0, 0, 1.25], "texture": "#0"},
				"east": {"uv": [0.75, 7.75, 1.25, 9], "texture": "#0"},
				"south": {"uv": [0, 0, 0, 1.25], "texture": "#0"},
				"west": {"uv": [8, 3, 8.5, 4.25], "texture": "#0"},
				"up": {"uv": [0, 0.5, 0, 0], "texture": "#0"},
				"down": {"uv": [0, 0, 0, 0.5], "texture": "#0"}
			}
		},
		{
			"from": [13.5, 3, 5],
			"to": [15.5, 8, 5],
			"rotation": {"angle": 0, "axis": "y", "origin": [23.5, 3, 4]},
			"faces": {
				"north": {"uv": [5.25, 8, 5.75, 9.25], "texture": "#0"},
				"east": {"uv": [0, 0, 0, 1.25], "texture": "#0"},
				"south": {"uv": [5.75, 8, 6.25, 9.25], "texture": "#0"},
				"west": {"uv": [0, 0, 0, 1.25], "texture": "#0"},
				"up": {"uv": [0.5, 0, 0, 0], "texture": "#0"},
				"down": {"uv": [0.5, 0, 0, 0], "texture": "#0"}
			}
		},
		{
			"from": [13.5, 3, 5],
			"to": [13.5, 8, 7],
			"rotation": {"angle": 0, "axis": "y", "origin": [23.5, 3, 4]},
			"faces": {
				"north": {"uv": [0, 0, 0, 1.25], "texture": "#0"},
				"east": {"uv": [6.25, 8, 6.75, 9.25], "texture": "#0"},
				"south": {"uv": [0, 0, 0, 1.25], "texture": "#0"},
				"west": {"uv": [6.75, 8, 7.25, 9.25], "texture": "#0"},
				"up": {"uv": [0, 0.5, 0, 0], "texture": "#0"},
				"down": {"uv": [0, 0, 0, 0.5], "texture": "#0"}
			}
		},
		{
			"from": [13.5, 3, 7],
			"to": [14.5, 8, 7],
			"rotation": {"angle": 0, "axis": "y", "origin": [23.5, 3, 4]},
			"faces": {
				"north": {"uv": [1, 9, 1.25, 10.25], "texture": "#0"},
				"east": {"uv": [0, 0, 0, 1.25], "texture": "#0"},
				"south": {"uv": [9, 3, 9.25, 4.25], "texture": "#0"},
				"west": {"uv": [0, 0, 0, 1.25], "texture": "#0"},
				"up": {"uv": [0.25, 0, 0, 0], "texture": "#0"},
				"down": {"uv": [0.25, 0, 0, 0], "texture": "#0"}
			}
		},
		{
			"from": [14.499, 3, 5.001],
			"to": [14.499, 8, 7.001],
			"rotation": {"angle": 0, "axis": "y", "origin": [22.749, 3, 4.001]},
			"faces": {
				"north": {"uv": [0, 0, 0, 1.25], "texture": "#0"},
				"east": {"uv": [1.25, 8.25, 1.75, 9.5], "texture": "#0"},
				"south": {"uv": [0, 0, 0, 1.25], "texture": "#0"},
				"west": {"uv": [1.75, 8.25, 2.25, 9.5], "texture": "#0"},
				"up": {"uv": [0, 0.5, 0, 0], "texture": "#0"},
				"down": {"uv": [0, 0, 0, 0.5], "texture": "#0"}
			}
		},
		{
			"from": [14.5, 3, 7],
			"to": [15.5, 8, 7],
			"rotation": {"angle": 0, "axis": "y", "origin": [5.5, 3, 4]},
			"faces": {
				"north": {"uv": [7.25, 9, 7.5, 10.25], "texture": "#0"},
				"east": {"uv": [0, 0, 0, 1.25], "texture": "#0"},
				"south": {"uv": [7.5, 9, 7.75, 10.25], "texture": "#0"},
				"west": {"uv": [0, 0, 0, 1.25], "texture": "#0"},
				"up": {"uv": [0.25, 0, 0, 0], "texture": "#0"},
				"down": {"uv": [0.25, 0, 0, 0], "texture": "#0"}
			}
		},
		{
			"from": [2, 4, 8],
			"to": [14, 5, 11],
			"rotation": {"angle": 0, "axis": "y", "origin": [3, 4, 8]},
			"faces": {
				"north": {"uv": [7.5, 2.5, 10.5, 2.75], "texture": "#0"},
				"east": {"uv": [9.5, 1.75, 10.25, 2], "texture": "#0"},
				"south": {"uv": [8, 2.75, 11, 3], "texture": "#0"},
				"west": {"uv": [2, 9.5, 2.75, 9.75], "texture": "#0"},
				"up": {"uv": [5, 5.75, 2, 5], "texture": "#0"},
				"down": {"uv": [8, 5, 5, 5.75], "texture": "#0"}
			}
		},
		{
			"from": [0, 2, 9],
			"to": [16, 4, 12],
			"rotation": {"angle": 0, "axis": "y", "origin": [3, 2, 9]},
			"faces": {
				"north": {"uv": [5.5, 4.25, 9.5, 4.75], "texture": "#0"},
				"east": {"uv": [8.75, 5, 9.5, 5.5], "texture": "#0"},
				"south": {"uv": [6, 5.75, 10, 6.25], "texture": "#0"},
				"west": {"uv": [8.75, 6.25, 9.5, 6.75], "texture": "#0"},
				"up": {"uv": [8, 3.5, 4, 2.75], "texture": "#0"},
				"down": {"uv": [8, 3.5, 4, 4.25], "texture": "#0"}
			}
		},
		{
			"from": [1, 1, 8],
			"to": [15, 2, 11],
			"rotation": {"angle": 0, "axis": "y", "origin": [3, 1, 8]},
			"faces": {
				"north": {"uv": [5.5, 4.75, 9, 5], "texture": "#0"},
				"east": {"uv": [1.25, 9.5, 2, 9.75], "texture": "#0"},
				"south": {"uv": [5.5, 7, 9, 7.25], "texture": "#0"},
				"west": {"uv": [9.5, 1.5, 10.25, 1.75], "texture": "#0"},
				"up": {"uv": [5.5, 5, 2, 4.25], "texture": "#0"},
				"down": {"uv": [8.5, 0, 5, 0.75], "texture": "#0"}
			}
		},
		{
			"from": [4, 1, 12.25],
			"to": [6, 5.25, 12.25],
			"rotation": {"angle": 0, "axis": "y", "origin": [3, 1, 7.75]},
			"faces": {
				"north": {"uv": [2.25, 8.5, 2.75, 9.5], "texture": "#0"},
				"east": {"uv": [0, 0, 0, 1], "texture": "#0"},
				"south": {"uv": [2.75, 8.5, 3.25, 9.5], "texture": "#0"},
				"west": {"uv": [0, 0, 0, 1], "texture": "#0"},
				"up": {"uv": [0.5, 0, 0, 0], "texture": "#0"},
				"down": {"uv": [0.5, 0, 0, 0], "texture": "#0"}
			}
		},
		{
			"from": [4, 5.25, 8],
			"to": [6, 5.25, 12.25],
			"rotation": {"angle": 0, "axis": "y", "origin": [3, 1, 8]},
			"faces": {
				"north": {"uv": [0, 0, 0.5, 0], "texture": "#0"},
				"east": {"uv": [0, 0, 1, 0], "texture": "#0"},
				"south": {"uv": [0, 0, 0.5, 0], "texture": "#0"},
				"west": {"uv": [0, 0, 1, 0], "texture": "#0"},
				"up": {"uv": [9, 4, 8.5, 3], "texture": "#0"},
				"down": {"uv": [9, 8.25, 8.5, 9.25], "texture": "#0"}
			}
		},
		{
			"from": [10, 1, 12.25],
			"to": [12, 5.25, 12.25],
			"rotation": {"angle": 0, "axis": "y", "origin": [13, 1, 7.75]},
			"faces": {
				"north": {"uv": [0.5, 9, 1, 10], "texture": "#0"},
				"east": {"uv": [0, 0, 0, 1], "texture": "#0"},
				"south": {"uv": [9, 1, 9.5, 2], "texture": "#0"},
				"west": {"uv": [0, 0, 0, 1], "texture": "#0"},
				"up": {"uv": [0.5, 0, 0, 0], "texture": "#0"},
				"down": {"uv": [0.5, 0, 0, 0], "texture": "#0"}
			}
		},
		{
			"from": [10, 5.25, 8],
			"to": [12, 5.25, 12.25],
			"rotation": {"angle": 0, "axis": "y", "origin": [13, 1, 8]},
			"faces": {
				"north": {"uv": [0, 0, 0.5, 0], "texture": "#0"},
				"east": {"uv": [0, 0, 1, 0], "texture": "#0"},
				"south": {"uv": [0, 0, 0.5, 0], "texture": "#0"},
				"west": {"uv": [0, 0, 1, 0], "texture": "#0"},
				"up": {"uv": [0.5, 9.75, 0, 8.75], "texture": "#0"},
				"down": {"uv": [9.5, 0, 9, 1], "texture": "#0"}
			}
		},
		{
			"from": [6, 11, 4],
			"to": [10, 14, 4],
			"rotation": {"angle": 0, "axis": "y", "origin": [3, 11, 4]},
			"faces": {
				"north": {"uv": [5.5, 7.25, 6.5, 8], "texture": "#0"},
				"east": {"uv": [0, 0, 0, 0.75], "texture": "#0"},
				"south": {"uv": [6.5, 7.25, 7.5, 8], "texture": "#0"},
				"west": {"uv": [0, 0, 0, 0.75], "texture": "#0"},
				"up": {"uv": [1, 0, 0, 0], "texture": "#0"},
				"down": {"uv": [1, 0, 0, 0], "texture": "#0"}
			}
		},
		{
			"from": [4, 0, 8],
			"to": [6, 1, 13],
			"rotation": {"angle": 0, "axis": "y", "origin": [3, 0, 8]},
			"faces": {
				"north": {"uv": [5.5, 6.75, 6, 7], "texture": "#0"},
				"east": {"uv": [8.25, 2.25, 9.5, 2.5], "texture": "#0"},
				"south": {"uv": [8.5, 4, 9, 4.25], "texture": "#0"},
				"west": {"uv": [8.75, 5.5, 10, 5.75], "texture": "#0"},
				"up": {"uv": [3.75, 9.5, 3.25, 8.25], "texture": "#0"},
				"down": {"uv": [4.25, 8.25, 3.75, 9.5], "texture": "#0"}
			}
		},
		{
			"from": [10, 0, 8],
			"to": [12, 1, 13],
			"rotation": {"angle": 0, "axis": "y", "origin": [13, 0, 8]},
			"faces": {
				"north": {"uv": [9.5, 2.25, 10, 2.5], "texture": "#0"},
				"east": {"uv": [8.75, 6.75, 10, 7], "texture": "#0"},
				"south": {"uv": [2.75, 9.5, 3.25, 9.75], "texture": "#0"},
				"west": {"uv": [9, 2, 10.25, 2.25], "texture": "#0"},
				"up": {"uv": [4.75, 9.5, 4.25, 8.25], "texture": "#0"},
				"down": {"uv": [5.25, 8.25, 4.75, 9.5], "texture": "#0"}
			}
		},
		{
			"from": [4, 11, 4],
			"to": [12, 14, 10],
			"rotation": {"angle": 45, "axis": "x", "origin": [3, 11, 4]},
			"faces": {
				"north": {"uv": [6, 6.25, 8, 7], "texture": "#0"},
				"east": {"uv": [4, 6.75, 5.5, 7.5], "texture": "#0"},
				"south": {"uv": [2, 6.75, 4, 7.5], "texture": "#0"},
				"west": {"uv": [0, 7, 1.5, 7.75], "texture": "#0"},
				"up": {"uv": [2, 4.25, 0, 2.75], "texture": "#0"},
				"down": {"uv": [4, 2.75, 2, 4.25], "texture": "#0"}
			}
		},
		{
			"from": [3, 0, 4],
			"to": [13, 11, 8],
			"rotation": {"angle": 0, "axis": "y", "origin": [3, 0, 4]},
			"faces": {
				"north": {"uv": [0, 0, 2.5, 2.75], "texture": "#0"},
				"east": {"uv": [0, 4.25, 1, 7], "texture": "#0"},
				"south": {"uv": [2.5, 0, 5, 2.75], "texture": "#0"},
				"west": {"uv": [1, 4.25, 2, 7], "texture": "#0"},
				"up": {"uv": [7.5, 1.75, 5, 0.75], "texture": "#0"},
				"down": {"uv": [7.5, 1.75, 5, 2.75], "texture": "#0"}
			}
		},
		{
			"from": [0, 0, 4],
			"to": [3, 3, 8],
			"rotation": {"angle": 0, "axis": "y", "origin": [-7, 0, 4]},
			"faces": {
				"north": {"uv": [8, 5, 8.75, 5.75], "texture": "#0"},
				"east": {"uv": [7.5, 0.75, 8.5, 1.5], "texture": "#0"},
				"south": {"uv": [8, 6.25, 8.75, 7], "texture": "#0"},
				"west": {"uv": [1.5, 7.5, 2.5, 8.25], "texture": "#0"},
				"up": {"uv": [8.25, 2.5, 7.5, 1.5], "texture": "#0"},
				"down": {"uv": [3.25, 7.5, 2.5, 8.5], "texture": "#0"}
			}
		},
		{
			"from": [13, 0, 4],
			"to": [16, 3, 8],
			"rotation": {"angle": 0, "axis": "y", "origin": [23, 0, 4]},
			"faces": {
				"north": {"uv": [8.25, 1.5, 9, 2.25], "texture": "#0"},
				"east": {"uv": [3.25, 7.5, 4.25, 8.25], "texture": "#0"},
				"south": {"uv": [7.25, 8.25, 8, 9], "texture": "#0"},
				"west": {"uv": [4.25, 7.5, 5.25, 8.25], "texture": "#0"},
				"up": {"uv": [8.25, 8.25, 7.5, 7.25], "texture": "#0"},
				"down": {"uv": [0.75, 7.75, 0, 8.75], "texture": "#0"}
			}
		}
	],
	"gui_light": "front",
	"display": {
		"thirdperson_righthand": {
			"rotation": [67, 0, 0],
			"translation": [-6, -9.25, 10.5]
		},
		"thirdperson_lefthand": {
			"rotation": [67, 0, 0],
			"translation": [-6, -9.25, 10.5]
		},
		"firstperson_righthand": {
			"rotation": [31, 180, 0],
			"translation": [1.75, 1, -0.75],
			"scale": [0.8, 0.8, 0.8]
		},
		"firstperson_lefthand": {
			"rotation": [31, 180, 0],
			"translation": [80, 1, -0.75],
			"scale": [0.8, 0.8, 0.8]
		},
		"ground": {
			"translation": [0, 2, 0],
			"scale": [0.5, 0.5, 0.5]
		},
		"gui": {
			"rotation": [34, 0, 0],
			"translation": [0, 0.5, 0],
			"scale": [0.82, 0.82, 0.82]
		},
		"head": {
			"translation": [0, -14, 10.25],
			"scale": [1.6, 1.6, 1.6]
		},
		"fixed": {
			"rotation": [0, 180, 0],
			"translation": [0, 1.75, -8],
			"scale": [2, 2, 2]
		}
	},
	"groups": [
		{
			"name": "builder_backpack",
			"origin": [13, 0, 4],
			"color": 0,
			"children": [
				{
					"name": "hammer",
					"origin": [-7.5, 3, 4],
					"color": 0,
					"children": [0, 1, 2]
				},
				{
					"name": "blueprint",
					"origin": [1, 11, 4],
					"color": 0,
					"children": [
						3,
						4,
						5,
						6,
						7,
						8,
						9,
						{
							"name": "blueprint",
							"origin": [5.5, 3, 4],
							"color": 0,
							"children": [10, 11, 12, 13, 14, 15]
						}
					]
				},
				{
					"name": "wood",
					"origin": [3, 1, 8],
					"color": 0,
					"children": [16, 17, 18]
				},
				{
					"name": "strap",
					"origin": [3, 11, 4],
					"color": 0,
					"children": [19, 20, 21, 22, 23]
				},
				{
					"name": "legs",
					"origin": [13, 0, 8],
					"color": 0,
					"children": [24, 25]
				},
				{
					"name": "backpack",
					"origin": [23, 0, 4],
					"color": 0,
					"children": [26, 27, 28, 29]
				}
			]
		}
	]
}