{
	"credit": "Made with Blockbench",
	"texture_size": [64, 64],
	"textures": {
		"0": "prison:backpack/chef_backpack_texture",
		"particle": "prison:backpack/chef_backpack_texture"
	},
	"elements": [
		{
			"from": [13.5, 4, 5.5],
			"to": [15.5, 6, 7.5],
			"rotation": {"angle": 0, "axis": "y", "origin": [23.5, 4, 4.5]},
			"faces": {
				"north": {"uv": [8.25, 7, 8.75, 7.5], "texture": "#0"},
				"east": {"uv": [8.25, 7.5, 8.75, 8], "texture": "#0"},
				"south": {"uv": [8.25, 8, 8.75, 8.5], "texture": "#0"},
				"west": {"uv": [8.5, 0, 9, 0.5], "texture": "#0"},
				"up": {"uv": [9, 1, 8.5, 0.5], "texture": "#0"},
				"down": {"uv": [9, 1, 8.5, 1.5], "texture": "#0"}
			}
		},
		{
			"from": [14, 6, 6],
			"to": [15, 9, 7],
			"rotation": {"angle": 0, "axis": "y", "origin": [23, 6, 4.5]},
			"faces": {
				"north": {"uv": [8.5, 4.25, 8.75, 5], "texture": "#0"},
				"east": {"uv": [4.5, 8.5, 4.75, 9.25], "texture": "#0"},
				"south": {"uv": [4.75, 8.5, 5, 9.25], "texture": "#0"},
				"west": {"uv": [5, 8.5, 5.25, 9.25], "texture": "#0"},
				"up": {"uv": [7.75, 3, 7.5, 2.75], "texture": "#0"},
				"down": {"uv": [7.25, 7.5, 7, 7.75], "texture": "#0"}
			}
		},
		{
			"from": [14, 9, 4],
			"to": [14, 14, 9],
			"rotation": {"angle": 0, "axis": "y", "origin": [23, 6, 4.5]},
			"faces": {
				"north": {"uv": [0, 0, 0, 1.25], "texture": "#0"},
				"east": {"uv": [0, 5.5, 1.25, 6.75], "texture": "#0"},
				"south": {"uv": [0, 0, 0, 1.25], "texture": "#0"},
				"west": {"uv": [1.25, 5.5, 2.5, 6.75], "texture": "#0"},
				"up": {"uv": [0, 1.25, 0, 0], "texture": "#0"},
				"down": {"uv": [0, 0, 0, 1.25], "texture": "#0"}
			}
		},
		{
			"from": [14, 9, 9],
			"to": [15, 14, 9],
			"rotation": {"angle": 0, "axis": "y", "origin": [23, 6, 4.5]},
			"faces": {
				"north": {"uv": [2.25, 7.75, 2.5, 9], "texture": "#0"},
				"east": {"uv": [0, 0, 0, 1.25], "texture": "#0"},
				"south": {"uv": [8, 6.25, 8.25, 7.5], "texture": "#0"},
				"west": {"uv": [0, 0, 0, 1.25], "texture": "#0"},
				"up": {"uv": [0.25, 0, 0, 0], "texture": "#0"},
				"down": {"uv": [0.25, 0, 0, 0], "texture": "#0"}
			}
		},
		{
			"from": [14, 9, 4],
			"to": [15, 14, 4],
			"rotation": {"angle": 0, "axis": "y", "origin": [23, 6, -0.5]},
			"faces": {
				"north": {"uv": [8, 7.5, 8.25, 8.75], "texture": "#0"},
				"east": {"uv": [0, 0, 0, 1.25], "texture": "#0"},
				"south": {"uv": [2.5, 8.25, 2.75, 9.5], "texture": "#0"},
				"west": {"uv": [0, 0, 0, 1.25], "texture": "#0"},
				"up": {"uv": [0.25, 0, 0, 0], "texture": "#0"},
				"down": {"uv": [0.25, 0, 0, 0], "texture": "#0"}
			}
		},
		{
			"from": [14, 9, 7],
			"to": [15, 9, 9],
			"rotation": {"angle": 0, "axis": "y", "origin": [23, 2, -0.5]},
			"faces": {
				"north": {"uv": [0, 0, 0.25, 0], "texture": "#0"},
				"east": {"uv": [0, 0, 0.5, 0], "texture": "#0"},
				"south": {"uv": [0, 0, 0.25, 0], "texture": "#0"},
				"west": {"uv": [0, 0, 0.5, 0], "texture": "#0"},
				"up": {"uv": [6.25, 9, 6, 8.5], "texture": "#0"},
				"down": {"uv": [6.5, 8.5, 6.25, 9], "texture": "#0"}
			}
		},
		{
			"from": [14, 9, 4],
			"to": [15, 9, 6],
			"rotation": {"angle": 0, "axis": "y", "origin": [23, 2, -3.5]},
			"faces": {
				"north": {"uv": [0, 0, 0.25, 0], "texture": "#0"},
				"east": {"uv": [0, 0, 0.5, 0], "texture": "#0"},
				"south": {"uv": [0, 0, 0.25, 0], "texture": "#0"},
				"west": {"uv": [0, 0, 0.5, 0], "texture": "#0"},
				"up": {"uv": [6.75, 9, 6.5, 8.5], "texture": "#0"},
				"down": {"uv": [7, 8.5, 6.75, 9], "texture": "#0"}
			}
		},
		{
			"from": [14, 14, 4],
			"to": [15, 14, 9],
			"rotation": {"angle": 0, "axis": "y", "origin": [23, 7, -0.5]},
			"faces": {
				"north": {"uv": [0, 0, 0.25, 0], "texture": "#0"},
				"east": {"uv": [0, 0, 1.25, 0], "texture": "#0"},
				"south": {"uv": [0, 0, 0.25, 0], "texture": "#0"},
				"west": {"uv": [0, 0, 1.25, 0], "texture": "#0"},
				"up": {"uv": [3, 9.5, 2.75, 8.25], "texture": "#0"},
				"down": {"uv": [3.25, 8.25, 3, 9.5], "texture": "#0"}
			}
		},
		{
			"from": [0.5, 4, 5.5],
			"to": [2.5, 6, 7.5],
			"rotation": {"angle": 0, "axis": "y", "origin": [-6.5, 4, 4.5]},
			"faces": {
				"north": {"uv": [1.5, 8.5, 2, 9], "texture": "#0"},
				"east": {"uv": [8.5, 1.5, 9, 2], "texture": "#0"},
				"south": {"uv": [8.5, 2.75, 9, 3.25], "texture": "#0"},
				"west": {"uv": [8.5, 3.25, 9, 3.75], "texture": "#0"},
				"up": {"uv": [4.25, 9, 3.75, 8.5], "texture": "#0"},
				"down": {"uv": [9, 3.75, 8.5, 4.25], "texture": "#0"}
			}
		},
		{
			"from": [1.5, 6, 6],
			"to": [1.5, 10, 7],
			"rotation": {"angle": 0, "axis": "y", "origin": [1.78701, 9.69291, 6.5]},
			"faces": {
				"north": {"uv": [0, 0, 0, 1], "texture": "#0"},
				"east": {"uv": [2, 8.5, 2.25, 9.5], "texture": "#0"},
				"south": {"uv": [0, 0, 0, 1], "texture": "#0"},
				"west": {"uv": [4.25, 8.5, 4.5, 9.5], "texture": "#0"},
				"up": {"uv": [0, 0.25, 0, 0], "texture": "#0"},
				"down": {"uv": [0, 0, 0, 0.25], "texture": "#0"}
			}
		},
		{
			"from": [1.40433, 9.86679, 5],
			"to": [1.40433, 12.86679, 8],
			"rotation": {"angle": -22.5, "axis": "z", "origin": [1.78701, 9.69291, 6.5]},
			"faces": {
				"north": {"uv": [0, 0, 0, 0.75], "texture": "#0"},
				"east": {"uv": [1.5, 7.75, 2.25, 8.5], "texture": "#0"},
				"south": {"uv": [0, 0, 0, 0.75], "texture": "#0"},
				"west": {"uv": [7.75, 1.5, 8.5, 2.25], "texture": "#0"},
				"up": {"uv": [0, 0.75, 0, 0], "texture": "#0"},
				"down": {"uv": [0, 0, 0, 0.75], "texture": "#0"}
			}
		},
		{
			"from": [10.5, 6, 9.5],
			"to": [11.5, 8, 10.5],
			"rotation": {"angle": 0, "axis": "y", "origin": [10, 5, 9]},
			"faces": {
				"north": {"uv": [8.5, 5, 8.75, 5.5], "texture": "#0"},
				"east": {"uv": [5.25, 8.5, 5.5, 9], "texture": "#0"},
				"south": {"uv": [5.5, 8.5, 5.75, 9], "texture": "#0"},
				"west": {"uv": [5.75, 8.5, 6, 9], "texture": "#0"},
				"up": {"uv": [7.25, 3, 7, 2.75], "texture": "#0"},
				"down": {"uv": [7.5, 2.75, 7.25, 3], "texture": "#0"}
			}
		},
		{
			"from": [10, 1, 9],
			"to": [12, 6, 11],
			"rotation": {"angle": 0, "axis": "y", "origin": [10, 0, 9]},
			"faces": {
				"north": {"uv": [4.5, 5.25, 5, 6.5], "texture": "#0"},
				"east": {"uv": [0, 7.75, 0.5, 9], "texture": "#0"},
				"south": {"uv": [0.5, 7.75, 1, 9], "texture": "#0"},
				"west": {"uv": [1, 7.75, 1.5, 9], "texture": "#0"},
				"up": {"uv": [8.5, 5.5, 8, 5], "texture": "#0"},
				"down": {"uv": [8.75, 2.25, 8.25, 2.75], "texture": "#0"}
			}
		},
		{
			"from": [10, 2, 11.25],
			"to": [12.25, 4, 11.25],
			"rotation": {"angle": 0, "axis": "y", "origin": [10, 0, 9.25]},
			"faces": {
				"north": {"uv": [3.25, 8.25, 3.75, 8.75], "texture": "#0"},
				"east": {"uv": [0, 0, 0, 0.5], "texture": "#0"},
				"south": {"uv": [8.25, 5.5, 8.75, 6], "texture": "#0"},
				"west": {"uv": [0, 0, 0, 0.5], "texture": "#0"},
				"up": {"uv": [0.5, 0, 0, 0], "texture": "#0"},
				"down": {"uv": [0.5, 0, 0, 0], "texture": "#0"}
			}
		},
		{
			"from": [12.25, 2, 9],
			"to": [12.25, 4, 11.25],
			"rotation": {"angle": 0, "axis": "y", "origin": [10, 0, 9.25]},
			"faces": {
				"north": {"uv": [0, 0, 0, 0.5], "texture": "#0"},
				"east": {"uv": [8.25, 6, 8.75, 6.5], "texture": "#0"},
				"south": {"uv": [0, 0, 0, 0.5], "texture": "#0"},
				"west": {"uv": [8.25, 6.5, 8.75, 7], "texture": "#0"},
				"up": {"uv": [0, 0.5, 0, 0], "texture": "#0"},
				"down": {"uv": [0, 0, 0, 0.5], "texture": "#0"}
			}
		},
		{
			"name": "fridge",
			"from": [4, 0, 9],
			"to": [10, 7, 13],
			"rotation": {"angle": 0, "axis": "y", "origin": [2, 1, 9]},
			"faces": {
				"north": {"uv": [5, 3, 6.5, 4.75], "texture": "#0"},
				"east": {"uv": [2.5, 5.25, 3.5, 7], "texture": "#0"},
				"south": {"uv": [5, 4.75, 6.5, 6.5], "texture": "#0"},
				"west": {"uv": [3.5, 5.25, 4.5, 7], "texture": "#0"},
				"up": {"uv": [6, 7.5, 4.5, 6.5], "texture": "#0"},
				"down": {"uv": [8, 4.5, 6.5, 5.5], "texture": "#0"}
			}
		},
		{
			"from": [0, 0, 4],
			"to": [3, 4, 9],
			"rotation": {"angle": 0, "axis": "y", "origin": [-7, 0, 4]},
			"faces": {
				"north": {"uv": [4, 7.5, 4.75, 8.5], "texture": "#0"},
				"east": {"uv": [6.5, 5.5, 7.75, 6.5], "texture": "#0"},
				"south": {"uv": [4.75, 7.5, 5.5, 8.5], "texture": "#0"},
				"west": {"uv": [6, 6.5, 7.25, 7.5], "texture": "#0"},
				"up": {"uv": [7.75, 2.75, 7, 1.5], "texture": "#0"},
				"down": {"uv": [3.25, 7, 2.5, 8.25], "texture": "#0"}
			}
		},
		{
			"from": [3, 0, 4],
			"to": [13, 11, 9],
			"rotation": {"angle": 0, "axis": "y", "origin": [3, 0, 4]},
			"faces": {
				"north": {"uv": [0, 0, 2.5, 2.75], "texture": "#0"},
				"east": {"uv": [0, 2.75, 1.25, 5.5], "texture": "#0"},
				"south": {"uv": [2.5, 0, 5, 2.75], "texture": "#0"},
				"west": {"uv": [1.25, 2.75, 2.5, 5.5], "texture": "#0"},
				"up": {"uv": [5, 4, 2.5, 2.75], "texture": "#0"},
				"down": {"uv": [5, 4, 2.5, 5.25], "texture": "#0"}
			}
		},
		{
			"from": [13, 0, 4],
			"to": [16, 4, 9],
			"rotation": {"angle": 0, "axis": "y", "origin": [23, 0, 4]},
			"faces": {
				"north": {"uv": [5.5, 7.5, 6.25, 8.5], "texture": "#0"},
				"east": {"uv": [0, 6.75, 1.25, 7.75], "texture": "#0"},
				"south": {"uv": [6.25, 7.5, 7, 8.5], "texture": "#0"},
				"west": {"uv": [1.25, 6.75, 2.5, 7.75], "texture": "#0"},
				"up": {"uv": [4, 8.25, 3.25, 7], "texture": "#0"},
				"down": {"uv": [8, 6.5, 7.25, 7.75], "texture": "#0"}
			}
		},
		{
			"from": [4, 11, 4],
			"to": [12, 14, 10],
			"rotation": {"angle": 22.5, "axis": "x", "origin": [3, 11, 4]},
			"faces": {
				"north": {"uv": [6.5, 3, 8.5, 3.75], "texture": "#0"},
				"east": {"uv": [7, 0, 8.5, 0.75], "texture": "#0"},
				"south": {"uv": [6.5, 3.75, 8.5, 4.5], "texture": "#0"},
				"west": {"uv": [7, 0.75, 8.5, 1.5], "texture": "#0"},
				"up": {"uv": [7, 1.5, 5, 0], "texture": "#0"},
				"down": {"uv": [7, 1.5, 5, 3], "texture": "#0"}
			}
		},
		{
			"from": [7, 10, 9],
			"to": [9, 13, 11],
			"rotation": {"angle": 22.5, "axis": "x", "origin": [3, 11, 4]},
			"faces": {
				"north": {"uv": [7.75, 2.25, 8.25, 3], "texture": "#0"},
				"east": {"uv": [7.75, 5.5, 8.25, 6.25], "texture": "#0"},
				"south": {"uv": [7, 7.75, 7.5, 8.5], "texture": "#0"},
				"west": {"uv": [7.5, 7.75, 8, 8.5], "texture": "#0"},
				"up": {"uv": [4.5, 7.5, 4, 7], "texture": "#0"},
				"down": {"uv": [8.5, 4.5, 8, 5], "texture": "#0"}
			}
		}
	],
	"gui_light": "front",
	"display": {
		"thirdperson_righthand": {
			"rotation": [67, 0, 0],
			"translation": [-6, -9.5, 10.25]
		},
		"thirdperson_lefthand": {
			"rotation": [67, 0, 0],
			"translation": [-6, -9.5, 10.25]
		},
		"firstperson_righthand": {
			"rotation": [31, 180, 0],
			"translation": [1.75, 1, -0.75],
			"scale": [0.8, 0.8, 0.8]
		},
		"firstperson_lefthand": {
			"rotation": [31, 180, 0],
			"translation": [80, 1, -0.75],
			"scale": [0.8, 0.8, 0.8]
		},
		"ground": {
			"translation": [0, 2, 0],
			"scale": [0.5, 0.5, 0.5]
		},
		"gui": {
			"rotation": [17, 12, 0],
			"translation": [0, 0.25, 0],
			"scale": [0.75, 0.75, 0.75]
		},
		"head": {
			"translation": [0, -15.5, 10.25],
			"scale": [1.6, 1.6, 1.6]
		},
		"fixed": {
			"rotation": [0, 180, 0],
			"translation": [0, 2.25, -8],
			"scale": [2, 2, 2]
		}
	},
	"groups": [
		{
			"name": "chef_backpack",
			"origin": [1.78701, 9.69291, 2.5],
			"color": 0,
			"children": [
				{
					"name": "pan",
					"origin": [23, 2, -3.5],
					"color": 0,
					"children": [0, 1, 2, 3, 4, 5, 6, 7]
				},
				{
					"name": "spatula",
					"origin": [1.78701, 9.69291, 6.5],
					"color": 0,
					"children": [8, 9, 10]
				},
				{
					"name": "bottle",
					"origin": [10, 0, 9],
					"color": 0,
					"children": [11, 12]
				},
				{
					"name": "strap",
					"origin": [10, 0, 9.25],
					"color": 0,
					"children": [13, 14]
				},
				15,
				{
					"name": "backpack",
					"origin": [3, 11, 4],
					"color": 0,
					"children": [16, 17, 18, 19, 20]
				}
			]
		}
	]
}