{
	"credit": "Made with Blockbench",
	"texture_size": [64, 64],
	"textures": {
		"0": "prison:backpack/farmer_backpack_texture",
		"particle": "prison:backpack/farmer_backpack_texture"
	},
	"elements": [
		{
			"from": [14, 8, 5.5],
			"to": [15, 11, 8.5],
			"rotation": {"angle": 0, "axis": "y", "origin": [13, 8, 5.5]},
			"faces": {
				"north": {"uv": [10.5, 5, 10.75, 5.75], "texture": "#0"},
				"east": {"uv": [9, 1.25, 9.75, 2], "texture": "#0"},
				"south": {"uv": [10.5, 5.75, 10.75, 6.5], "texture": "#0"},
				"west": {"uv": [9, 2, 9.75, 2.75], "texture": "#0"},
				"up": {"uv": [10.75, 8, 10.5, 7.25], "texture": "#0"},
				"down": {"uv": [7.75, 10.5, 7.5, 11.25], "texture": "#0"}
			}
		},
		{
			"from": [14, 6, 6.5],
			"to": [15, 8, 7.5],
			"rotation": {"angle": 0, "axis": "y", "origin": [13, 6, 5.5]},
			"faces": {
				"north": {"uv": [7.75, 10.5, 8, 11], "texture": "#0"},
				"east": {"uv": [8, 10.5, 8.25, 11], "texture": "#0"},
				"south": {"uv": [8.25, 10.5, 8.5, 11], "texture": "#0"},
				"west": {"uv": [8.5, 10.5, 8.75, 11], "texture": "#0"},
				"up": {"uv": [7.75, 2.5, 7.5, 2.25], "texture": "#0"},
				"down": {"uv": [8.5, 2, 8.25, 2.25], "texture": "#0"}
			}
		},
		{
			"from": [13.5, 4, 6],
			"to": [15.5, 6, 8],
			"rotation": {"angle": 0, "axis": "y", "origin": [12.5, 4, 5]},
			"faces": {
				"north": {"uv": [6, 9.25, 6.5, 9.75], "texture": "#0"},
				"east": {"uv": [6.5, 9.25, 7, 9.75], "texture": "#0"},
				"south": {"uv": [7, 9.25, 7.5, 9.75], "texture": "#0"},
				"west": {"uv": [9.25, 8.25, 9.75, 8.75], "texture": "#0"},
				"up": {"uv": [9.75, 9.25, 9.25, 8.75], "texture": "#0"},
				"down": {"uv": [9.75, 9.25, 9.25, 9.75], "texture": "#0"}
			}
		},
		{
			"from": [0.5, 9, 6],
			"to": [2.5, 10, 11],
			"rotation": {"angle": 0, "axis": "y", "origin": [-0.5, 7, 6]},
			"faces": {
				"north": {"uv": [2.5, 7.25, 3, 7.5], "texture": "#0"},
				"east": {"uv": [9, 6.75, 10.25, 7], "texture": "#0"},
				"south": {"uv": [10.5, 8, 11, 8.25], "texture": "#0"},
				"west": {"uv": [9, 7, 10.25, 7.25], "texture": "#0"},
				"up": {"uv": [8.25, 9.5, 7.75, 8.25], "texture": "#0"},
				"down": {"uv": [8.75, 8.25, 8.25, 9.5], "texture": "#0"}
			}
		},
		{
			"from": [1, 6, 6.5],
			"to": [2, 9, 7.5],
			"rotation": {"angle": 0, "axis": "y", "origin": [0, 6, 5.5]},
			"faces": {
				"north": {"uv": [3.75, 4.5, 4, 5.25], "texture": "#0"},
				"east": {"uv": [2.25, 7.75, 2.5, 8.5], "texture": "#0"},
				"south": {"uv": [2.5, 10.5, 2.75, 11.25], "texture": "#0"},
				"west": {"uv": [2.75, 10.5, 3, 11.25], "texture": "#0"},
				"up": {"uv": [5.25, 2.75, 5, 2.5], "texture": "#0"},
				"down": {"uv": [4, 5.25, 3.75, 5.5], "texture": "#0"}
			}
		},
		{
			"from": [0.5, 4, 6],
			"to": [2.5, 6, 8],
			"rotation": {"angle": 0, "axis": "y", "origin": [-0.5, 4, 5]},
			"faces": {
				"north": {"uv": [7.25, 6.75, 7.75, 7.25], "texture": "#0"},
				"east": {"uv": [8.5, 0, 9, 0.5], "texture": "#0"},
				"south": {"uv": [8.5, 0.5, 9, 1], "texture": "#0"},
				"west": {"uv": [9, 7.25, 9.5, 7.75], "texture": "#0"},
				"up": {"uv": [9.5, 8.25, 9, 7.75], "texture": "#0"},
				"down": {"uv": [6, 9.25, 5.5, 9.75], "texture": "#0"}
			}
		},
		{
			"from": [9, 7.96717, 10.34238],
			"to": [11, 9.96717, 10.34238],
			"rotation": {"angle": 22.5, "axis": "x", "origin": [8, 10.96717, 6.69238]},
			"faces": {
				"north": {"uv": [9.5, 2.75, 10, 3.25], "texture": "#0"},
				"east": {"uv": [0, 0, 0, 0.5], "texture": "#0"},
				"south": {"uv": [9.5, 3.25, 10, 3.75], "texture": "#0"},
				"west": {"uv": [0, 0, 0, 0.5], "texture": "#0"},
				"up": {"uv": [0.5, 0, 0, 0], "texture": "#0"},
				"down": {"uv": [0.5, 0, 0, 0], "texture": "#0"}
			}
		},
		{
			"from": [5, 7.96717, 10.34238],
			"to": [7, 9.96717, 10.34238],
			"rotation": {"angle": 22.5, "axis": "x", "origin": [8, 10.96717, 6.69238]},
			"faces": {
				"north": {"uv": [9.5, 0, 10, 0.5], "texture": "#0"},
				"east": {"uv": [0, 0, 0, 0.5], "texture": "#0"},
				"south": {"uv": [9.5, 0.5, 10, 1], "texture": "#0"},
				"west": {"uv": [0, 0, 0, 0.5], "texture": "#0"},
				"up": {"uv": [0.5, 0, 0, 0], "texture": "#0"},
				"down": {"uv": [0.5, 0, 0, 0], "texture": "#0"}
			}
		},
		{
			"from": [0.25, 4.5, 8.25],
			"to": [3, 5.5, 8.25],
			"rotation": {"angle": 0, "axis": "y", "origin": [-0.5, 4.5, 5.25]},
			"faces": {
				"north": {"uv": [3, 6.5, 3.75, 6.75], "texture": "#0"},
				"east": {"uv": [0, 0, 0, 0.25], "texture": "#0"},
				"south": {"uv": [10.25, 7, 11, 7.25], "texture": "#0"},
				"west": {"uv": [0, 0, 0, 0.25], "texture": "#0"},
				"up": {"uv": [0.75, 0, 0, 0], "texture": "#0"},
				"down": {"uv": [0.75, 0, 0, 0], "texture": "#0"}
			}
		},
		{
			"from": [0.25, 4.5, 5.75],
			"to": [0.25, 5.5, 8.25],
			"rotation": {"angle": 0, "axis": "y", "origin": [-0.5, 4.5, 5.25]},
			"faces": {
				"north": {"uv": [0, 0, 0, 0.25], "texture": "#0"},
				"east": {"uv": [10.5, 3, 11.25, 3.25], "texture": "#0"},
				"south": {"uv": [0, 0, 0, 0.25], "texture": "#0"},
				"west": {"uv": [10.5, 3.25, 11.25, 3.5], "texture": "#0"},
				"up": {"uv": [0, 0.75, 0, 0], "texture": "#0"},
				"down": {"uv": [0, 0, 0, 0.75], "texture": "#0"}
			}
		},
		{
			"from": [0.25, 4.5, 5.75],
			"to": [3, 5.5, 5.75],
			"rotation": {"angle": 0, "axis": "y", "origin": [-0.5, 4.5, 2.75]},
			"faces": {
				"north": {"uv": [10.5, 2.5, 11.25, 2.75], "texture": "#0"},
				"east": {"uv": [0, 0, 0, 0.25], "texture": "#0"},
				"south": {"uv": [10.5, 2.75, 11.25, 3], "texture": "#0"},
				"west": {"uv": [0, 0, 0, 0.25], "texture": "#0"},
				"up": {"uv": [0.75, 0, 0, 0], "texture": "#0"},
				"down": {"uv": [0.75, 0, 0, 0], "texture": "#0"}
			}
		},
		{
			"from": [13, 4.5, 8.25],
			"to": [15.75, 5.5, 8.25],
			"rotation": {"angle": 0, "axis": "y", "origin": [16.5, 4.5, 5.25]},
			"faces": {
				"north": {"uv": [10.5, 4, 11.25, 4.25], "texture": "#0"},
				"east": {"uv": [0, 0, 0, 0.25], "texture": "#0"},
				"south": {"uv": [10.5, 4.25, 11.25, 4.5], "texture": "#0"},
				"west": {"uv": [0, 0, 0, 0.25], "texture": "#0"},
				"up": {"uv": [0.75, 0, 0, 0], "texture": "#0"},
				"down": {"uv": [0.75, 0, 0, 0], "texture": "#0"}
			}
		},
		{
			"from": [15.75, 4.5, 5.75],
			"to": [15.75, 5.5, 8.25],
			"rotation": {"angle": 0, "axis": "y", "origin": [16.5, 4.5, 5.25]},
			"faces": {
				"north": {"uv": [0, 0, 0, 0.25], "texture": "#0"},
				"east": {"uv": [10.5, 3.5, 11.25, 3.75], "texture": "#0"},
				"south": {"uv": [0, 0, 0, 0.25], "texture": "#0"},
				"west": {"uv": [10.5, 3.75, 11.25, 4], "texture": "#0"},
				"up": {"uv": [0, 0.75, 0, 0], "texture": "#0"},
				"down": {"uv": [0, 0, 0, 0.75], "texture": "#0"}
			}
		},
		{
			"from": [13, 4.5, 5.75],
			"to": [15.75, 5.5, 5.75],
			"rotation": {"angle": 0, "axis": "y", "origin": [16.5, 4.5, 2.75]},
			"faces": {
				"north": {"uv": [10.5, 4.5, 11.25, 4.75], "texture": "#0"},
				"east": {"uv": [0, 0, 0, 0.25], "texture": "#0"},
				"south": {"uv": [10.5, 4.75, 11.25, 5], "texture": "#0"},
				"west": {"uv": [0, 0, 0, 0.25], "texture": "#0"},
				"up": {"uv": [0.75, 0, 0, 0], "texture": "#0"},
				"down": {"uv": [0.75, 0, 0, 0], "texture": "#0"}
			}
		},
		{
			"from": [16.53276, 12.52092, 5.5],
			"to": [16.53276, 14.52092, 7.5],
			"rotation": {"angle": -22.5, "axis": "z", "origin": [16.53276, 14.52092, 6.5]},
			"faces": {
				"north": {"uv": [0, 0, 0, 0.5], "texture": "#0"},
				"east": {"uv": [9.5, 3.75, 10, 4.25], "texture": "#0"},
				"south": {"uv": [0, 0, 0, 0.5], "texture": "#0"},
				"west": {"uv": [9.5, 4.25, 10, 4.75], "texture": "#0"},
				"up": {"uv": [0, 0.5, 0, 0], "texture": "#0"},
				"down": {"uv": [0, 0, 0, 0.5], "texture": "#0"}
			}
		},
		{
			"from": [17.53276, 10.12092, 5.5],
			"to": [17.53276, 12.12092, 7.5],
			"rotation": {"angle": -22.5, "axis": "z", "origin": [17.53276, 12.12092, 6.5]},
			"faces": {
				"north": {"uv": [0, 0, 0, 0.5], "texture": "#0"},
				"east": {"uv": [9.5, 4.75, 10, 5.25], "texture": "#0"},
				"south": {"uv": [0, 0, 0, 0.5], "texture": "#0"},
				"west": {"uv": [9.5, 5.25, 10, 5.75], "texture": "#0"},
				"up": {"uv": [0, 0.5, 0, 0], "texture": "#0"},
				"down": {"uv": [0, 0, 0, 0.5], "texture": "#0"}
			}
		},
		{
			"from": [19.53145, 12.52038, 5.5],
			"to": [21.53145, 12.52038, 7.5],
			"rotation": {"angle": -22.5, "axis": "z", "origin": [19.53145, 12.52038, 6.5]},
			"faces": {
				"north": {"uv": [0, 0, 0.5, 0], "texture": "#0"},
				"east": {"uv": [0, 0, 0.5, 0], "texture": "#0"},
				"south": {"uv": [0, 0, 0.5, 0], "texture": "#0"},
				"west": {"uv": [0, 0, 0.5, 0], "texture": "#0"},
				"up": {"uv": [10, 6.25, 9.5, 5.75], "texture": "#0"},
				"down": {"uv": [10, 6.25, 9.5, 6.75], "texture": "#0"}
			}
		},
		{
			"from": [18.37959, 15.28667, 5.5],
			"to": [20.37959, 15.28667, 7.5],
			"rotation": {"angle": -22.5, "axis": "z", "origin": [18.37959, 15.28667, 6.5]},
			"faces": {
				"north": {"uv": [0, 0, 0.5, 0], "texture": "#0"},
				"east": {"uv": [0, 0, 0.5, 0], "texture": "#0"},
				"south": {"uv": [0, 0, 0.5, 0], "texture": "#0"},
				"west": {"uv": [0, 0, 0.5, 0], "texture": "#0"},
				"up": {"uv": [10, 7.75, 9.5, 7.25], "texture": "#0"},
				"down": {"uv": [8, 9.5, 7.5, 10], "texture": "#0"}
			}
		},
		{
			"from": [17.53183, 10.2713, 5.5],
			"to": [19.53183, 12.2713, 5.5],
			"rotation": {"angle": 45, "axis": "x", "origin": [18.53183, 12.2713, 5.5]},
			"faces": {
				"north": {"uv": [9.5, 7.75, 10, 8.25], "texture": "#0"},
				"east": {"uv": [0, 0, 0, 0.5], "texture": "#0"},
				"south": {"uv": [8, 9.5, 8.5, 10], "texture": "#0"},
				"west": {"uv": [0, 0, 0, 0.5], "texture": "#0"},
				"up": {"uv": [0.5, 0, 0, 0], "texture": "#0"},
				"down": {"uv": [0.5, 0, 0, 0], "texture": "#0"}
			}
		},
		{
			"from": [17.53183, 10.2713, 7.5],
			"to": [19.53183, 12.2713, 7.5],
			"rotation": {"angle": -45, "axis": "x", "origin": [18.53183, 12.2713, 7.5]},
			"faces": {
				"north": {"uv": [8.5, 9.5, 9, 10], "texture": "#0"},
				"east": {"uv": [0, 0, 0, 0.5], "texture": "#0"},
				"south": {"uv": [9.75, 1, 10.25, 1.5], "texture": "#0"},
				"west": {"uv": [0, 0, 0, 0.5], "texture": "#0"},
				"up": {"uv": [0.5, 0, 0, 0], "texture": "#0"},
				"down": {"uv": [0.5, 0, 0, 0], "texture": "#0"}
			}
		},
		{
			"from": [16.63183, 12.5213, 7.5],
			"to": [18.63183, 14.5213, 7.5],
			"rotation": {"angle": -45, "axis": "x", "origin": [17.63183, 14.5213, 7.5]},
			"faces": {
				"north": {"uv": [9.75, 1.5, 10.25, 2], "texture": "#0"},
				"east": {"uv": [0, 0, 0, 0.5], "texture": "#0"},
				"south": {"uv": [9.75, 2, 10.25, 2.5], "texture": "#0"},
				"west": {"uv": [0, 0, 0, 0.5], "texture": "#0"},
				"up": {"uv": [0.5, 0, 0, 0], "texture": "#0"},
				"down": {"uv": [0.5, 0, 0, 0], "texture": "#0"}
			}
		},
		{
			"from": [16.63183, 12.5213, 5.5],
			"to": [18.63183, 14.5213, 5.5],
			"rotation": {"angle": 45, "axis": "x", "origin": [17.63183, 14.5213, 5.5]},
			"faces": {
				"north": {"uv": [3.25, 9.75, 3.75, 10.25], "texture": "#0"},
				"east": {"uv": [0, 0, 0, 0.5], "texture": "#0"},
				"south": {"uv": [3.75, 9.75, 4.25, 10.25], "texture": "#0"},
				"west": {"uv": [0, 0, 0, 0.5], "texture": "#0"},
				"up": {"uv": [0.5, 0, 0, 0], "texture": "#0"},
				"down": {"uv": [0.5, 0, 0, 0], "texture": "#0"}
			}
		},
		{
			"from": [14.06801, 15.66798, 5.99929],
			"to": [14.06801, 17.66798, 7.99929],
			"rotation": {"angle": -22.5, "axis": "z", "origin": [14.06801, 15.66798, 6.99929]},
			"faces": {
				"north": {"uv": [0, 0, 0, 0.5], "texture": "#0"},
				"east": {"uv": [7, 9.75, 7.5, 10.25], "texture": "#0"},
				"south": {"uv": [0, 0, 0, 0.5], "texture": "#0"},
				"west": {"uv": [9.75, 8.25, 10.25, 8.75], "texture": "#0"},
				"up": {"uv": [0, 0.5, 0, 0], "texture": "#0"},
				"down": {"uv": [0, 0, 0, 0.5], "texture": "#0"}
			}
		},
		{
			"from": [14.76801, 14.16727, 6],
			"to": [14.76801, 16.16727, 8],
			"rotation": {"angle": -22.5, "axis": "z", "origin": [14.76801, 14.16727, 7]},
			"faces": {
				"north": {"uv": [0, 0, 0, 0.5], "texture": "#0"},
				"east": {"uv": [9.75, 8.75, 10.25, 9.25], "texture": "#0"},
				"south": {"uv": [0, 0, 0, 0.5], "texture": "#0"},
				"west": {"uv": [9, 9.75, 9.5, 10.25], "texture": "#0"},
				"up": {"uv": [0, 0.5, 0, 0], "texture": "#0"},
				"down": {"uv": [0, 0, 0, 0.5], "texture": "#0"}
			}
		},
		{
			"from": [11.81801, 16.16727, 4],
			"to": [13.81801, 16.16727, 6],
			"rotation": {"angle": 45, "axis": "x", "origin": [12.81801, 16.16727, 6]},
			"faces": {
				"north": {"uv": [0, 0, 0.5, 0], "texture": "#0"},
				"east": {"uv": [0, 0, 0.5, 0], "texture": "#0"},
				"south": {"uv": [0, 0, 0.5, 0], "texture": "#0"},
				"west": {"uv": [0, 0, 0.5, 0], "texture": "#0"},
				"up": {"uv": [10.25, 9.75, 9.75, 9.25], "texture": "#0"},
				"down": {"uv": [10, 9.75, 9.5, 10.25], "texture": "#0"}
			}
		},
		{
			"from": [12.06801, 15.66727, 8],
			"to": [14.06801, 15.66727, 10],
			"rotation": {"angle": -45, "axis": "x", "origin": [13.06801, 15.66727, 8]},
			"faces": {
				"north": {"uv": [0, 0, 0.5, 0], "texture": "#0"},
				"east": {"uv": [0, 0, 0.5, 0], "texture": "#0"},
				"south": {"uv": [0, 0, 0.5, 0], "texture": "#0"},
				"west": {"uv": [0, 0, 0.5, 0], "texture": "#0"},
				"up": {"uv": [0.5, 10.5, 0, 10], "texture": "#0"},
				"down": {"uv": [10.5, 0, 10, 0.5], "texture": "#0"}
			}
		},
		{
			"from": [12.61801, 14.16727, 8],
			"to": [14.61801, 14.16727, 10],
			"rotation": {"angle": -45, "axis": "x", "origin": [13.61801, 14.16727, 8]},
			"faces": {
				"north": {"uv": [0, 0, 0.5, 0], "texture": "#0"},
				"east": {"uv": [0, 0, 0.5, 0], "texture": "#0"},
				"south": {"uv": [0, 0, 0.5, 0], "texture": "#0"},
				"west": {"uv": [0, 0, 0.5, 0], "texture": "#0"},
				"up": {"uv": [1, 10.5, 0.5, 10], "texture": "#0"},
				"down": {"uv": [10.5, 0.5, 10, 1], "texture": "#0"}
			}
		},
		{
			"from": [12.61801, 14.16727, 4],
			"to": [14.61801, 14.16727, 6],
			"rotation": {"angle": 45, "axis": "x", "origin": [13.61801, 14.16727, 6]},
			"faces": {
				"north": {"uv": [0, 0, 0.5, 0], "texture": "#0"},
				"east": {"uv": [0, 0, 0.5, 0], "texture": "#0"},
				"south": {"uv": [0, 0, 0.5, 0], "texture": "#0"},
				"west": {"uv": [0, 0, 0.5, 0], "texture": "#0"},
				"up": {"uv": [1.5, 10.5, 1, 10], "texture": "#0"},
				"down": {"uv": [2, 10, 1.5, 10.5], "texture": "#0"}
			}
		},
		{
			"from": [11.02107, 13, 6],
			"to": [13.02107, 18, 8],
			"rotation": {"angle": 22.5, "axis": "z", "origin": [10.96041, 17.97487, 7]},
			"faces": {
				"north": {"uv": [8.5, 2, 9, 3.25], "texture": "#0"},
				"east": {"uv": [3.25, 8.5, 3.75, 9.75], "texture": "#0"},
				"south": {"uv": [8.5, 3.25, 9, 4.5], "texture": "#0"},
				"west": {"uv": [3.75, 8.5, 4.25, 9.75], "texture": "#0"},
				"up": {"uv": [2.5, 10.5, 2, 10], "texture": "#0"},
				"down": {"uv": [3, 10, 2.5, 10.5], "texture": "#0"}
			}
		},
		{
			"from": [16.54607, 9.5, 5.5],
			"to": [18.54607, 14.5, 7.5],
			"rotation": {"angle": 22.5, "axis": "z", "origin": [16.48541, 14.47487, 6.5]},
			"faces": {
				"north": {"uv": [4.25, 8.5, 4.75, 9.75], "texture": "#0"},
				"east": {"uv": [8.5, 4.5, 9, 5.75], "texture": "#0"},
				"south": {"uv": [8.5, 5.75, 9, 7], "texture": "#0"},
				"west": {"uv": [8.5, 7, 9, 8.25], "texture": "#0"},
				"up": {"uv": [10.5, 3, 10, 2.5], "texture": "#0"},
				"down": {"uv": [10.5, 3, 10, 3.5], "texture": "#0"}
			}
		},
		{
			"from": [12.58579, 17.58579, 4],
			"to": [12.58579, 21.58579, 7],
			"rotation": {"angle": -45, "axis": "z", "origin": [12.58579, 10.58579, 9]},
			"faces": {
				"north": {"uv": [0, 0, 0, 1], "texture": "#0"},
				"east": {"uv": [7.75, 5.25, 8.5, 6.25], "texture": "#0"},
				"south": {"uv": [0, 0, 0, 1], "texture": "#0"},
				"west": {"uv": [14.5, 6.5, 15.25, 7.5], "texture": "#0"},
				"up": {"uv": [0, 0.75, 0, 0], "texture": "#0"},
				"down": {"uv": [0, 0, 0, 0.75], "texture": "#0"}
			}
		},
		{
			"from": [9.58579, 17.58579, 7],
			"to": [12.58579, 21.58579, 7],
			"rotation": {"angle": -45, "axis": "z", "origin": [12.58579, 10.58579, 9]},
			"faces": {
				"north": {"uv": [7.75, 7.25, 8.5, 8.25], "texture": "#0"},
				"east": {"uv": [0, 0, 0, 1], "texture": "#0"},
				"south": {"uv": [15, 1.25, 15.75, 2.25], "texture": "#0"},
				"west": {"uv": [0, 0, 0, 1], "texture": "#0"},
				"up": {"uv": [0.75, 0, 0, 0], "texture": "#0"},
				"down": {"uv": [0.75, 0, 0, 0], "texture": "#0"}
			}
		},
		{
			"from": [13, 9, 7],
			"to": [14, 17, 7],
			"rotation": {"angle": -45, "axis": "z", "origin": [14, 12, 9]},
			"faces": {
				"north": {"uv": [3, 8.75, 3.25, 10.75], "texture": "#0"},
				"east": {"uv": [0, 0, 0, 2], "texture": "#0"},
				"south": {"uv": [9, 2.75, 9.25, 4.75], "texture": "#0"},
				"west": {"uv": [0, 0, 0, 2], "texture": "#0"},
				"up": {"uv": [0.25, 0, 0, 0], "texture": "#0"},
				"down": {"uv": [0.25, 0, 0, 0], "texture": "#0"}
			}
		},
		{
			"from": [14, 10, 6],
			"to": [14, 17, 7],
			"rotation": {"angle": -45, "axis": "z", "origin": [14, 12, 9]},
			"faces": {
				"north": {"uv": [0, 0, 0, 1.75], "texture": "#0"},
				"east": {"uv": [4.75, 9.25, 5, 11], "texture": "#0"},
				"south": {"uv": [0, 0, 0, 1.75], "texture": "#0"},
				"west": {"uv": [9.25, 4.75, 9.5, 6.5], "texture": "#0"},
				"up": {"uv": [0, 0.25, 0, 0], "texture": "#0"},
				"down": {"uv": [0, 0, 0, 0.25], "texture": "#0"}
			}
		},
		{
			"from": [10.06801, 15.66727, 6],
			"to": [12.06801, 15.66727, 8],
			"rotation": {"angle": -22.5, "axis": "z", "origin": [12.06801, 15.66727, 7]},
			"faces": {
				"north": {"uv": [0, 0, 0.5, 0], "texture": "#0"},
				"east": {"uv": [0, 0, 0.5, 0], "texture": "#0"},
				"south": {"uv": [0, 0, 0.5, 0], "texture": "#0"},
				"west": {"uv": [0, 0, 0.5, 0], "texture": "#0"},
				"up": {"uv": [6.5, 10.25, 6, 9.75], "texture": "#0"},
				"down": {"uv": [7, 9.75, 6.5, 10.25], "texture": "#0"}
			}
		},
		{
			"from": [10.92025, 13.4019, 6],
			"to": [12.92025, 13.4019, 8],
			"rotation": {"angle": -22.5, "axis": "z", "origin": [12.92025, 13.4019, 7]},
			"faces": {
				"north": {"uv": [0, 0, 0.5, 0], "texture": "#0"},
				"east": {"uv": [0, 0, 0.5, 0], "texture": "#0"},
				"south": {"uv": [0, 0, 0.5, 0], "texture": "#0"},
				"west": {"uv": [0, 0, 0.5, 0], "texture": "#0"},
				"up": {"uv": [4.75, 10.25, 4.25, 9.75], "texture": "#0"},
				"down": {"uv": [6, 9.75, 5.5, 10.25], "texture": "#0"}
			}
		},
		{
			"from": [2, 10, 6],
			"to": [2, 17, 7],
			"rotation": {"angle": 45, "axis": "z", "origin": [2, 12, 9]},
			"faces": {
				"north": {"uv": [0, 0, 0, 1.75], "texture": "#0"},
				"east": {"uv": [5, 9.25, 5.25, 11], "texture": "#0"},
				"south": {"uv": [0, 0, 0, 1.75], "texture": "#0"},
				"west": {"uv": [5.25, 9.25, 5.5, 11], "texture": "#0"},
				"up": {"uv": [0, 0.25, 0, 0], "texture": "#0"},
				"down": {"uv": [0, 0, 0, 0.25], "texture": "#0"}
			}
		},
		{
			"from": [2, 9, 7],
			"to": [3, 17, 7],
			"rotation": {"angle": 45, "axis": "z", "origin": [2, 12, 9]},
			"faces": {
				"north": {"uv": [9, 4.75, 9.25, 6.75], "texture": "#0"},
				"east": {"uv": [0, 0, 0, 2], "texture": "#0"},
				"south": {"uv": [9.25, 2.75, 9.5, 4.75], "texture": "#0"},
				"west": {"uv": [0, 0, 0, 2], "texture": "#0"},
				"up": {"uv": [0.25, 0, 0, 0], "texture": "#0"},
				"down": {"uv": [0.25, 0, 0, 0], "texture": "#0"}
			}
		},
		{
			"from": [3.41421, 17.58579, 7],
			"to": [6.41421, 21.58579, 7],
			"rotation": {"angle": 45, "axis": "z", "origin": [3.41421, 10.58579, 9]},
			"faces": {
				"north": {"uv": [6.25, 8.25, 7, 9.25], "texture": "#0"},
				"east": {"uv": [0, 0, 0, 1], "texture": "#0"},
				"south": {"uv": [13.75, 8.5, 14.5, 9.5], "texture": "#0"},
				"west": {"uv": [0, 0, 0, 1], "texture": "#0"},
				"up": {"uv": [0.75, 0, 0, 0], "texture": "#0"},
				"down": {"uv": [0.75, 0, 0, 0], "texture": "#0"}
			}
		},
		{
			"from": [3.41421, 17.58579, 4],
			"to": [3.41421, 21.58579, 7],
			"rotation": {"angle": 45, "axis": "z", "origin": [3.41421, 10.58579, 9]},
			"faces": {
				"north": {"uv": [0, 0, 0, 1], "texture": "#0"},
				"east": {"uv": [11.5, 8.5, 12.25, 9.5], "texture": "#0"},
				"south": {"uv": [0, 0, 0, 1], "texture": "#0"},
				"west": {"uv": [5.5, 8.25, 6.25, 9.25], "texture": "#0"},
				"up": {"uv": [0, 0.75, 0, 0], "texture": "#0"},
				"down": {"uv": [0, 0, 0, 0.75], "texture": "#0"}
			}
		},
		{
			"from": [-2.54607, 9.5, 5.5],
			"to": [-0.54607, 14.5, 7.5],
			"rotation": {"angle": -22.5, "axis": "z", "origin": [-0.48541, 14.47487, 6.5]},
			"faces": {
				"north": {"uv": [2, 8.75, 2.5, 10], "texture": "#0"},
				"east": {"uv": [2.5, 8.75, 3, 10], "texture": "#0"},
				"south": {"uv": [8.75, 8.25, 9.25, 9.5], "texture": "#0"},
				"west": {"uv": [9, 0, 9.5, 1.25], "texture": "#0"},
				"up": {"uv": [2, 11, 1.5, 10.5], "texture": "#0"},
				"down": {"uv": [2.5, 10.5, 2, 11], "texture": "#0"}
			}
		},
		{
			"from": [2.97893, 13, 6],
			"to": [4.97893, 18, 8],
			"rotation": {"angle": -22.5, "axis": "z", "origin": [5.03959, 17.97487, 7]},
			"faces": {
				"north": {"uv": [0, 8.75, 0.5, 10], "texture": "#0"},
				"east": {"uv": [0.5, 8.75, 1, 10], "texture": "#0"},
				"south": {"uv": [1, 8.75, 1.5, 10], "texture": "#0"},
				"west": {"uv": [1.5, 8.75, 2, 10], "texture": "#0"},
				"up": {"uv": [11, 1, 10.5, 0.5], "texture": "#0"},
				"down": {"uv": [1.5, 10.5, 1, 11], "texture": "#0"}
			}
		},
		{
			"from": [1.38199, 14.16727, 4],
			"to": [3.38199, 14.16727, 6],
			"rotation": {"angle": 45, "axis": "x", "origin": [2.38199, 14.16727, 6]},
			"faces": {
				"north": {"uv": [0, 0, 0.5, 0], "texture": "#0"},
				"east": {"uv": [0, 0, 0.5, 0], "texture": "#0"},
				"south": {"uv": [0, 0, 0.5, 0], "texture": "#0"},
				"west": {"uv": [0, 0, 0.5, 0], "texture": "#0"},
				"up": {"uv": [11, 0.5, 10.5, 0], "texture": "#0"},
				"down": {"uv": [1, 10.5, 0.5, 11], "texture": "#0"}
			}
		},
		{
			"from": [1.38199, 14.16727, 8],
			"to": [3.38199, 14.16727, 10],
			"rotation": {"angle": -45, "axis": "x", "origin": [2.38199, 14.16727, 8]},
			"faces": {
				"north": {"uv": [0, 0, 0.5, 0], "texture": "#0"},
				"east": {"uv": [0, 0, 0.5, 0], "texture": "#0"},
				"south": {"uv": [0, 0, 0.5, 0], "texture": "#0"},
				"west": {"uv": [0, 0, 0.5, 0], "texture": "#0"},
				"up": {"uv": [10.5, 10.75, 10, 10.25], "texture": "#0"},
				"down": {"uv": [0.5, 10.5, 0, 11], "texture": "#0"}
			}
		},
		{
			"from": [1.93199, 15.66727, 8],
			"to": [3.93199, 15.66727, 10],
			"rotation": {"angle": -45, "axis": "x", "origin": [2.93199, 15.66727, 8]},
			"faces": {
				"north": {"uv": [0, 0, 0.5, 0], "texture": "#0"},
				"east": {"uv": [0, 0, 0.5, 0], "texture": "#0"},
				"south": {"uv": [0, 0, 0.5, 0], "texture": "#0"},
				"west": {"uv": [0, 0, 0.5, 0], "texture": "#0"},
				"up": {"uv": [10.75, 9.75, 10.25, 9.25], "texture": "#0"},
				"down": {"uv": [10, 10.25, 9.5, 10.75], "texture": "#0"}
			}
		},
		{
			"from": [2.18199, 16.16727, 4],
			"to": [4.18199, 16.16727, 6],
			"rotation": {"angle": 45, "axis": "x", "origin": [3.18199, 16.16727, 6]},
			"faces": {
				"north": {"uv": [0, 0, 0.5, 0], "texture": "#0"},
				"east": {"uv": [0, 0, 0.5, 0], "texture": "#0"},
				"south": {"uv": [0, 0, 0.5, 0], "texture": "#0"},
				"west": {"uv": [0, 0, 0.5, 0], "texture": "#0"},
				"up": {"uv": [10.75, 9.25, 10.25, 8.75], "texture": "#0"},
				"down": {"uv": [9.5, 10.25, 9, 10.75], "texture": "#0"}
			}
		},
		{
			"from": [1.23199, 14.16727, 6],
			"to": [1.23199, 16.16727, 8],
			"rotation": {"angle": 22.5, "axis": "z", "origin": [1.23199, 14.16727, 7]},
			"faces": {
				"north": {"uv": [0, 0, 0, 0.5], "texture": "#0"},
				"east": {"uv": [7, 10.25, 7.5, 10.75], "texture": "#0"},
				"south": {"uv": [0, 0, 0, 0.5], "texture": "#0"},
				"west": {"uv": [10.25, 8.25, 10.75, 8.75], "texture": "#0"},
				"up": {"uv": [0, 0.5, 0, 0], "texture": "#0"},
				"down": {"uv": [0, 0, 0, 0.5], "texture": "#0"}
			}
		},
		{
			"from": [1.93199, 15.66798, 5.99929],
			"to": [1.93199, 17.66798, 7.99929],
			"rotation": {"angle": 22.5, "axis": "z", "origin": [1.93199, 15.66798, 6.99929]},
			"faces": {
				"north": {"uv": [0, 0, 0, 0.5], "texture": "#0"},
				"east": {"uv": [6.5, 10.25, 7, 10.75], "texture": "#0"},
				"south": {"uv": [0, 0, 0, 0.5], "texture": "#0"},
				"west": {"uv": [10.25, 6.5, 10.75, 7], "texture": "#0"},
				"up": {"uv": [0, 0.5, 0, 0], "texture": "#0"},
				"down": {"uv": [0, 0, 0, 0.5], "texture": "#0"}
			}
		},
		{
			"from": [3.07975, 13.4019, 6],
			"to": [5.07975, 13.4019, 8],
			"rotation": {"angle": 22.5, "axis": "z", "origin": [3.07975, 13.4019, 7]},
			"faces": {
				"north": {"uv": [0, 0, 0.5, 0], "texture": "#0"},
				"east": {"uv": [0, 0, 0.5, 0], "texture": "#0"},
				"south": {"uv": [0, 0, 0.5, 0], "texture": "#0"},
				"west": {"uv": [0, 0, 0.5, 0], "texture": "#0"},
				"up": {"uv": [4.25, 10.75, 3.75, 10.25], "texture": "#0"},
				"down": {"uv": [4.75, 10.25, 4.25, 10.75], "texture": "#0"}
			}
		},
		{
			"from": [-2.63183, 12.5213, 5.5],
			"to": [-0.63183, 14.5213, 5.5],
			"rotation": {"angle": 45, "axis": "x", "origin": [-1.63183, 14.5213, 5.5]},
			"faces": {
				"north": {"uv": [10.25, 2, 10.75, 2.5], "texture": "#0"},
				"east": {"uv": [0, 0, 0, 0.5], "texture": "#0"},
				"south": {"uv": [3.25, 10.25, 3.75, 10.75], "texture": "#0"},
				"west": {"uv": [0, 0, 0, 0.5], "texture": "#0"},
				"up": {"uv": [0.5, 0, 0, 0], "texture": "#0"},
				"down": {"uv": [0.5, 0, 0, 0], "texture": "#0"}
			}
		},
		{
			"from": [-2.63183, 12.5213, 7.5],
			"to": [-0.63183, 14.5213, 7.5],
			"rotation": {"angle": -45, "axis": "x", "origin": [-1.63183, 14.5213, 7.5]},
			"faces": {
				"north": {"uv": [10.25, 1, 10.75, 1.5], "texture": "#0"},
				"east": {"uv": [0, 0, 0, 0.5], "texture": "#0"},
				"south": {"uv": [10.25, 1.5, 10.75, 2], "texture": "#0"},
				"west": {"uv": [0, 0, 0, 0.5], "texture": "#0"},
				"up": {"uv": [0.5, 0, 0, 0], "texture": "#0"},
				"down": {"uv": [0.5, 0, 0, 0], "texture": "#0"}
			}
		},
		{
			"from": [-3.53183, 10.2713, 7.5],
			"to": [-1.53183, 12.2713, 7.5],
			"rotation": {"angle": -45, "axis": "x", "origin": [-2.53183, 12.2713, 7.5]},
			"faces": {
				"north": {"uv": [8.5, 10, 9, 10.5], "texture": "#0"},
				"east": {"uv": [0, 0, 0, 0.5], "texture": "#0"},
				"south": {"uv": [10, 9.75, 10.5, 10.25], "texture": "#0"},
				"west": {"uv": [0, 0, 0, 0.5], "texture": "#0"},
				"up": {"uv": [0.5, 0, 0, 0], "texture": "#0"},
				"down": {"uv": [0.5, 0, 0, 0], "texture": "#0"}
			}
		},
		{
			"from": [-4.37959, 15.28667, 5.5],
			"to": [-2.37959, 15.28667, 7.5],
			"rotation": {"angle": 22.5, "axis": "z", "origin": [-2.37959, 15.28667, 6.5]},
			"faces": {
				"north": {"uv": [0, 0, 0.5, 0], "texture": "#0"},
				"east": {"uv": [0, 0, 0.5, 0], "texture": "#0"},
				"south": {"uv": [0, 0, 0.5, 0], "texture": "#0"},
				"west": {"uv": [0, 0, 0.5, 0], "texture": "#0"},
				"up": {"uv": [10.5, 7.75, 10, 7.25], "texture": "#0"},
				"down": {"uv": [8, 10, 7.5, 10.5], "texture": "#0"}
			}
		},
		{
			"from": [-5.53145, 12.52038, 5.5],
			"to": [-3.53145, 12.52038, 7.5],
			"rotation": {"angle": 22.5, "axis": "z", "origin": [-3.53145, 12.52038, 6.5]},
			"faces": {
				"north": {"uv": [0, 0, 0.5, 0], "texture": "#0"},
				"east": {"uv": [0, 0, 0.5, 0], "texture": "#0"},
				"south": {"uv": [0, 0, 0.5, 0], "texture": "#0"},
				"west": {"uv": [0, 0, 0.5, 0], "texture": "#0"},
				"up": {"uv": [10.5, 6, 10, 5.5], "texture": "#0"},
				"down": {"uv": [10.5, 6, 10, 6.5], "texture": "#0"}
			}
		},
		{
			"from": [-0.53276, 12.52092, 5.5],
			"to": [-0.53276, 14.52092, 7.5],
			"rotation": {"angle": 22.5, "axis": "z", "origin": [-0.53276, 14.52092, 6.5]},
			"faces": {
				"north": {"uv": [0, 0, 0, 0.5], "texture": "#0"},
				"east": {"uv": [10, 3.5, 10.5, 4], "texture": "#0"},
				"south": {"uv": [0, 0, 0, 0.5], "texture": "#0"},
				"west": {"uv": [10, 4, 10.5, 4.5], "texture": "#0"},
				"up": {"uv": [0, 0.5, 0, 0], "texture": "#0"},
				"down": {"uv": [0, 0, 0, 0.5], "texture": "#0"}
			}
		},
		{
			"from": [3.93199, 15.66727, 6],
			"to": [5.93199, 15.66727, 8],
			"rotation": {"angle": 22.5, "axis": "z", "origin": [3.93199, 15.66727, 7]},
			"faces": {
				"north": {"uv": [0, 0, 0.5, 0], "texture": "#0"},
				"east": {"uv": [0, 0, 0.5, 0], "texture": "#0"},
				"south": {"uv": [0, 0, 0.5, 0], "texture": "#0"},
				"west": {"uv": [0, 0, 0.5, 0], "texture": "#0"},
				"up": {"uv": [6, 10.75, 5.5, 10.25], "texture": "#0"},
				"down": {"uv": [6.5, 10.25, 6, 10.75], "texture": "#0"}
			}
		},
		{
			"from": [-1.53276, 10.12092, 5.5],
			"to": [-1.53276, 12.12092, 7.5],
			"rotation": {"angle": 22.5, "axis": "z", "origin": [-1.53276, 12.12092, 6.5]},
			"faces": {
				"north": {"uv": [0, 0, 0, 0.5], "texture": "#0"},
				"east": {"uv": [10, 4.5, 10.5, 5], "texture": "#0"},
				"south": {"uv": [0, 0, 0, 0.5], "texture": "#0"},
				"west": {"uv": [10, 5, 10.5, 5.5], "texture": "#0"},
				"up": {"uv": [0, 0.5, 0, 0], "texture": "#0"},
				"down": {"uv": [0, 0, 0, 0.5], "texture": "#0"}
			}
		},
		{
			"from": [-3.53183, 10.2713, 5.5],
			"to": [-1.53183, 12.2713, 5.5],
			"rotation": {"angle": 45, "axis": "x", "origin": [-2.53183, 12.2713, 5.5]},
			"faces": {
				"north": {"uv": [10, 7.75, 10.5, 8.25], "texture": "#0"},
				"east": {"uv": [0, 0, 0, 0.5], "texture": "#0"},
				"south": {"uv": [8, 10, 8.5, 10.5], "texture": "#0"},
				"west": {"uv": [0, 0, 0, 0.5], "texture": "#0"},
				"up": {"uv": [0.5, 0, 0, 0], "texture": "#0"},
				"down": {"uv": [0.5, 0, 0, 0], "texture": "#0"}
			}
		},
		{
			"from": [3, 0, 4],
			"to": [13, 11, 9],
			"rotation": {"angle": 0, "axis": "y", "origin": [3, 0, 4]},
			"faces": {
				"north": {"uv": [0, 0, 2.5, 2.75], "texture": "#0"},
				"east": {"uv": [4, 2.75, 5.25, 5.5], "texture": "#0"},
				"south": {"uv": [2.5, 0, 5, 2.75], "texture": "#0"},
				"west": {"uv": [0, 4.5, 1.25, 7.25], "texture": "#0"},
				"up": {"uv": [3.75, 5.75, 1.25, 4.5], "texture": "#0"},
				"down": {"uv": [7.5, 0, 5, 1.25], "texture": "#0"}
			}
		},
		{
			"from": [4, 9.96717, 4.19238],
			"to": [12, 12.96717, 11.19238],
			"rotation": {"angle": 22.5, "axis": "x", "origin": [8, 10.96717, 6.69238]},
			"faces": {
				"north": {"uv": [3.75, 6, 5.75, 6.75], "texture": "#0"},
				"east": {"uv": [1.25, 6.5, 3, 7.25], "texture": "#0"},
				"south": {"uv": [5.75, 6, 7.75, 6.75], "texture": "#0"},
				"west": {"uv": [3, 6.75, 4.75, 7.5], "texture": "#0"},
				"up": {"uv": [2, 4.5, 0, 2.75], "texture": "#0"},
				"down": {"uv": [4, 2.75, 2, 4.5], "texture": "#0"}
			}
		},
		{
			"from": [3, 0, 9],
			"to": [13, 5, 12],
			"rotation": {"angle": 0, "axis": "y", "origin": [3, 0, 9]},
			"faces": {
				"north": {"uv": [5, 1.25, 7.5, 2.5], "texture": "#0"},
				"east": {"uv": [7.5, 1, 8.25, 2.25], "texture": "#0"},
				"south": {"uv": [5.25, 2.5, 7.75, 3.75], "texture": "#0"},
				"west": {"uv": [2.5, 7.5, 3.25, 8.75], "texture": "#0"},
				"up": {"uv": [7.75, 4.5, 5.25, 3.75], "texture": "#0"},
				"down": {"uv": [7.75, 4.5, 5.25, 5.25], "texture": "#0"}
			}
		},
		{
			"from": [0, 0, 5],
			"to": [3, 4, 9],
			"rotation": {"angle": 0, "axis": "y", "origin": [0, 0, 5]},
			"faces": {
				"north": {"uv": [3.25, 7.5, 4, 8.5], "texture": "#0"},
				"east": {"uv": [4.75, 7.25, 5.75, 8.25], "texture": "#0"},
				"south": {"uv": [4, 7.5, 4.75, 8.5], "texture": "#0"},
				"west": {"uv": [5.75, 7.25, 6.75, 8.25], "texture": "#0"},
				"up": {"uv": [0.75, 8.75, 0, 7.75], "texture": "#0"},
				"down": {"uv": [1.5, 7.75, 0.75, 8.75], "texture": "#0"}
			}
		},
		{
			"from": [13, 0, 5],
			"to": [16, 4, 9],
			"rotation": {"angle": 0, "axis": "y", "origin": [16, 0, 5]},
			"faces": {
				"north": {"uv": [1.5, 7.75, 2.25, 8.75], "texture": "#0"},
				"east": {"uv": [6.75, 7.25, 7.75, 8.25], "texture": "#0"},
				"south": {"uv": [7.75, 2.25, 8.5, 3.25], "texture": "#0"},
				"west": {"uv": [7.5, 0, 8.5, 1], "texture": "#0"},
				"up": {"uv": [8.5, 4.25, 7.75, 3.25], "texture": "#0"},
				"down": {"uv": [8.5, 4.25, 7.75, 5.25], "texture": "#0"}
			}
		},
		{
			"from": [2.75, 2.75, 9],
			"to": [13.25, 5.25, 12.25],
			"rotation": {"angle": 0, "axis": "y", "origin": [3, 0, 9]},
			"faces": {
				"north": {"uv": [4.75, 6.75, 7.25, 7.25], "texture": "#0"},
				"east": {"uv": [3.75, 5.5, 4.5, 6], "texture": "#0"},
				"south": {"uv": [0, 7.25, 2.5, 7.75], "texture": "#0"},
				"west": {"uv": [4.5, 5.5, 5.25, 6], "texture": "#0"},
				"up": {"uv": [7.75, 6, 5.25, 5.25], "texture": "#0"},
				"down": {"uv": [3.75, 5.75, 1.25, 6.5], "texture": "#0"}
			}
		}
	],
	"gui_light": "front",
	"display": {
		"thirdperson_righthand": {
			"rotation": [67, 0, 0],
			"translation": [-6, -9.5, 10.25]
		},
		"thirdperson_lefthand": {
			"rotation": [67, 0, 0],
			"translation": [-6, -9.5, 10.25]
		},
		"firstperson_righthand": {
			"rotation": [31, 180, 0],
			"translation": [1.75, 1, -0.75],
			"scale": [0.8, 0.8, 0.8]
		},
		"firstperson_lefthand": {
			"rotation": [31, 180, 0],
			"translation": [80, 1, -0.75],
			"scale": [0.8, 0.8, 0.8]
		},
		"ground": {
			"translation": [0, 2, 0],
			"scale": [0.5, 0.5, 0.5]
		},
		"gui": {
			"rotation": [17, 0, 0],
			"translation": [0, -1, 0],
			"scale": [0.6, 0.6, 0.6]
		},
		"head": {
			"translation": [0, -15.5, 10.25],
			"scale": [1.6, 1.6, 1.6]
		},
		"fixed": {
			"rotation": [0, 180, 0],
			"translation": [0, 2.25, -8],
			"scale": [2, 2, 2]
		}
	},
	"groups": [
		{
			"name": "farmer_backpack",
			"origin": [2, 12, 5],
			"color": 0,
			"children": [
				{
					"name": "shovel",
					"origin": [12.5, 4, 5],
					"color": 0,
					"children": [0, 1, 2]
				},
				{
					"name": "hoe",
					"origin": [-0.5, 4, 5],
					"color": 0,
					"children": [3, 4, 5]
				},
				{
					"name": "strap",
					"origin": [16.5, 4.5, 2.75],
					"color": 0,
					"children": [6, 7, 8, 9, 10, 11, 12, 13]
				},
				{
					"name": "corn_stalk",
					"origin": [12.92025, 13.4019, 7],
					"color": 0,
					"children": [14, 15, 16, 17, 18, 19, 20, 21, 22, 23, 24, 25, 26, 27, 28, 29, 30, 31, 32, 33, 34, 35]
				},
				{
					"name": "corn_stalk",
					"origin": [3.93199, 15.66727, 7],
					"color": 0,
					"children": [36, 37, 38, 39, 40, 41, 42, 43, 44, 45, 46, 47, 48, 49, 50, 51, 52, 53, 54, 55, 56, 57]
				},
				{
					"name": "backpack",
					"origin": [3, 0, 9],
					"color": 0,
					"children": [58, 59, 60, 61, 62, 63]
				}
			]
		}
	]
}