{
	"credit": "Made with Blockbench",
	"texture_size": [64, 64],
	"textures": {
		"0": "prison:backpack/hunter_backpack_texture",
		"particle": "prison:backpack/hunter_backpack_texture"
	},
	"elements": [
		{
			"from": [0.00231, 5.23839, 9],
			"to": [2.00231, 7.23839, 10],
			"rotation": {"angle": 0, "axis": "y", "origin": [7.97198, 6.23839, 9.5]},
			"faces": {
				"north": {"uv": [4.5, 5.25, 5, 5.75], "texture": "#0"},
				"east": {"uv": [8.5, 6.5, 8.75, 7], "texture": "#0"},
				"south": {"uv": [2, 5.5, 2.5, 6], "texture": "#0"},
				"west": {"uv": [8.5, 7, 8.75, 7.5], "texture": "#0"},
				"up": {"uv": [4, 7, 3.5, 6.75], "texture": "#0"},
				"down": {"uv": [9, 5.5, 8.5, 5.75], "texture": "#0"}
			}
		},
		{
			"from": [2.00231, 5.73839, 9],
			"to": [5.00231, 6.73839, 10],
			"rotation": {"angle": 0, "axis": "y", "origin": [7.97198, 6.23839, 9.5]},
			"faces": {
				"north": {"uv": [8.25, 8, 9, 8.25], "texture": "#0"},
				"east": {"uv": [6, 7, 6.25, 7.25], "texture": "#0"},
				"south": {"uv": [8.25, 8.25, 9, 8.5], "texture": "#0"},
				"west": {"uv": [5, 7.75, 5.25, 8], "texture": "#0"},
				"up": {"uv": [9.25, 0.75, 8.5, 0.5], "texture": "#0"},
				"down": {"uv": [9.25, 0.75, 8.5, 1], "texture": "#0"}
			}
		},
		{
			"from": [6.00231, 5.23839, 9],
			"to": [15.00231, 7.23839, 10],
			"rotation": {"angle": 0, "axis": "y", "origin": [7.97198, 6.23839, 9.5]},
			"faces": {
				"north": {"uv": [4, 6.5, 6.25, 7], "texture": "#0"},
				"east": {"uv": [8.5, 7.5, 8.75, 8], "texture": "#0"},
				"south": {"uv": [6.5, 5.75, 8.75, 6.25], "texture": "#0"},
				"west": {"uv": [8.25, 8.5, 8.5, 9], "texture": "#0"},
				"up": {"uv": [8.75, 6.5, 6.5, 6.25], "texture": "#0"},
				"down": {"uv": [9.25, 5, 7, 5.25], "texture": "#0"}
			}
		},
		{
			"from": [5.00231, 4.23839, 9],
			"to": [6.00231, 8.23839, 10],
			"rotation": {"angle": 0, "axis": "y", "origin": [7.97198, 6.23839, 9.5]},
			"faces": {
				"north": {"uv": [5.75, 8, 6, 9], "texture": "#0"},
				"east": {"uv": [1, 8.25, 1.25, 9.25], "texture": "#0"},
				"south": {"uv": [1.25, 8.25, 1.5, 9.25], "texture": "#0"},
				"west": {"uv": [1.5, 8.25, 1.75, 9.25], "texture": "#0"},
				"up": {"uv": [0.25, 9.25, 0, 9], "texture": "#0"},
				"down": {"uv": [9.25, 0, 9, 0.25], "texture": "#0"}
			}
		},
		{
			"from": [11.90028, 10.16669, 9],
			"to": [13.90028, 12.16669, 10],
			"rotation": {"angle": -45, "axis": "z", "origin": [7.97198, 6.23839, 9.5]},
			"faces": {
				"north": {"uv": [4, 6, 4.5, 6.5], "texture": "#0"},
				"east": {"uv": [8.5, 8.5, 8.75, 9], "texture": "#0"},
				"south": {"uv": [1.75, 8.25, 2.25, 8.75], "texture": "#0"},
				"west": {"uv": [8.75, 1, 9, 1.5], "texture": "#0"},
				"up": {"uv": [9.25, 1.75, 8.75, 1.5], "texture": "#0"},
				"down": {"uv": [2.25, 8.75, 1.75, 9], "texture": "#0"}
			}
		},
		{
			"from": [13.5, 7, 7],
			"to": [14.5, 9, 8],
			"rotation": {"angle": 0, "axis": "y", "origin": [13.5, 3, 4]},
			"faces": {
				"north": {"uv": [8.75, 1.75, 9, 2.25], "texture": "#0"},
				"east": {"uv": [2.25, 8.75, 2.5, 9.25], "texture": "#0"},
				"south": {"uv": [8.75, 2.25, 9, 2.75], "texture": "#0"},
				"west": {"uv": [2.5, 8.75, 2.75, 9.25], "texture": "#0"},
				"up": {"uv": [0.5, 9.25, 0.25, 9], "texture": "#0"},
				"down": {"uv": [9.25, 0.25, 9, 0.5], "texture": "#0"}
			}
		},
		{
			"from": [13.5, 7.34315, 11],
			"to": [14.5, 10.34315, 12],
			"rotation": {"angle": -45, "axis": "x", "origin": [13.5, 3.34315, 8]},
			"faces": {
				"north": {"uv": [6.5, 8.25, 6.75, 9], "texture": "#0"},
				"east": {"uv": [8.5, 1, 8.75, 1.75], "texture": "#0"},
				"south": {"uv": [8.5, 1.75, 8.75, 2.5], "texture": "#0"},
				"west": {"uv": [8.5, 2.5, 8.75, 3.25], "texture": "#0"},
				"up": {"uv": [0.75, 9.25, 0.5, 9], "texture": "#0"},
				"down": {"uv": [1, 9, 0.75, 9.25], "texture": "#0"}
			}
		},
		{
			"from": [13.5, 10.12132, 3.87868],
			"to": [14.5, 11.12132, 5.87868],
			"rotation": {"angle": 0, "axis": "y", "origin": [13.5, 7.12132, 9.87868]},
			"faces": {
				"north": {"uv": [9, 1, 9.25, 1.25], "texture": "#0"},
				"east": {"uv": [2.75, 8.75, 3.25, 9], "texture": "#0"},
				"south": {"uv": [9, 1.25, 9.25, 1.5], "texture": "#0"},
				"west": {"uv": [8.75, 2.75, 9.25, 3], "texture": "#0"},
				"up": {"uv": [9, 3.5, 8.75, 3], "texture": "#0"},
				"down": {"uv": [9, 3.5, 8.75, 4], "texture": "#0"}
			}
		},
		{
			"from": [14, 0.87132, 4.37868],
			"to": [14, 10.12132, 5.37868],
			"rotation": {"angle": 0, "axis": "y", "origin": [13.5, 5.87132, 10.37868]},
			"faces": {
				"north": {"uv": [0, 0, 0, 2.25], "texture": "#0"},
				"east": {"uv": [6.75, 7.25, 7, 9.5], "texture": "#0"},
				"south": {"uv": [0, 0, 0, 2.25], "texture": "#0"},
				"west": {"uv": [7, 7.25, 7.25, 9.5], "texture": "#0"},
				"up": {"uv": [0, 0.25, 0, 0], "texture": "#0"},
				"down": {"uv": [0, 0, 0, 0.25], "texture": "#0"}
			}
		},
		{
			"from": [13.5, 2, 7],
			"to": [14.5, 4, 8],
			"rotation": {"angle": 0, "axis": "y", "origin": [13.5, 8, 4]},
			"faces": {
				"north": {"uv": [8.75, 4.25, 9, 4.75], "texture": "#0"},
				"east": {"uv": [5, 8.75, 5.25, 9.25], "texture": "#0"},
				"south": {"uv": [5.25, 8.75, 5.5, 9.25], "texture": "#0"},
				"west": {"uv": [5.5, 8.75, 5.75, 9.25], "texture": "#0"},
				"up": {"uv": [2, 9.25, 1.75, 9], "texture": "#0"},
				"down": {"uv": [9.25, 1.75, 9, 2], "texture": "#0"}
			}
		},
		{
			"from": [13.5, 0.65685, 11],
			"to": [14.5, 3.65685, 12],
			"rotation": {"angle": 45, "axis": "x", "origin": [13.5, 7.65685, 8]},
			"faces": {
				"north": {"uv": [8.5, 3.25, 8.75, 4], "texture": "#0"},
				"east": {"uv": [4.25, 8.5, 4.5, 9.25], "texture": "#0"},
				"south": {"uv": [4.5, 8.5, 4.75, 9.25], "texture": "#0"},
				"west": {"uv": [4.75, 8.5, 5, 9.25], "texture": "#0"},
				"up": {"uv": [2.25, 9.25, 2, 9], "texture": "#0"},
				"down": {"uv": [9.25, 2, 9, 2.25], "texture": "#0"}
			}
		},
		{
			"from": [13.5, -0.12132, 3.87868],
			"to": [14.5, 0.87868, 5.87868],
			"rotation": {"angle": 0, "axis": "y", "origin": [13.5, 3.87868, 9.87868]},
			"faces": {
				"north": {"uv": [9, 2.25, 9.25, 2.5], "texture": "#0"},
				"east": {"uv": [8.75, 4.75, 9.25, 5], "texture": "#0"},
				"south": {"uv": [9, 2.5, 9.25, 2.75], "texture": "#0"},
				"west": {"uv": [8.75, 5.75, 9.25, 6], "texture": "#0"},
				"up": {"uv": [9, 6.5, 8.75, 6], "texture": "#0"},
				"down": {"uv": [9, 6.5, 8.75, 7], "texture": "#0"}
			}
		},
		{
			"from": [13, 4, 6.5],
			"to": [15, 7, 8.5],
			"rotation": {"angle": 0, "axis": "y", "origin": [13, 0, 4.5]},
			"faces": {
				"north": {"uv": [3, 7.5, 3.5, 8.25], "texture": "#0"},
				"east": {"uv": [7.25, 8, 7.75, 8.75], "texture": "#0"},
				"south": {"uv": [8, 7.25, 8.5, 8], "texture": "#0"},
				"west": {"uv": [7.75, 8, 8.25, 8.75], "texture": "#0"},
				"up": {"uv": [2.75, 8.75, 2.25, 8.25], "texture": "#0"},
				"down": {"uv": [3.25, 8.25, 2.75, 8.75], "texture": "#0"}
			}
		},
		{
			"from": [-0.43506, 4.71455, 6],
			"to": [-0.43506, 8.71455, 7],
			"rotation": {"angle": 22.5, "axis": "z", "origin": [-0.43506, 8.46455, 6.5]},
			"faces": {
				"north": {"uv": [0, 0, 0, 1], "texture": "#0"},
				"east": {"uv": [3.25, 8.25, 3.5, 9.25], "texture": "#0"},
				"south": {"uv": [0, 0, 0, 1], "texture": "#0"},
				"west": {"uv": [3.5, 8.25, 3.75, 9.25], "texture": "#0"},
				"up": {"uv": [0, 0.25, 0, 0], "texture": "#0"},
				"down": {"uv": [0, 0, 0, 0.25], "texture": "#0"}
			}
		},
		{
			"from": [-0.43506, 8.71455, 5],
			"to": [-0.43506, 11.71455, 8],
			"rotation": {"angle": 22.5, "axis": "z", "origin": [-0.43506, 8.46455, 6.5]},
			"faces": {
				"north": {"uv": [0, 0, 0, 0.75], "texture": "#0"},
				"east": {"uv": [7.25, 7.25, 8, 8], "texture": "#0"},
				"south": {"uv": [0, 0, 0, 0.75], "texture": "#0"},
				"west": {"uv": [0, 7.5, 0.75, 8.25], "texture": "#0"},
				"up": {"uv": [0, 0.75, 0, 0], "texture": "#0"},
				"down": {"uv": [0, 0, 0, 0.75], "texture": "#0"}
			}
		},
		{
			"from": [-1.93506, 8.71455, 6.5],
			"to": [1.06494, 11.71455, 6.5],
			"rotation": {"angle": 22.5, "axis": "z", "origin": [-0.43506, 8.46455, 6.5]},
			"faces": {
				"north": {"uv": [0.75, 7.5, 1.5, 8.25], "texture": "#0"},
				"east": {"uv": [0, 0, 0, 0.75], "texture": "#0"},
				"south": {"uv": [1.5, 7.5, 2.25, 8.25], "texture": "#0"},
				"west": {"uv": [0, 0, 0, 0.75], "texture": "#0"},
				"up": {"uv": [0.75, 0, 0, 0], "texture": "#0"},
				"down": {"uv": [0.75, 0, 0, 0], "texture": "#0"}
			}
		},
		{
			"from": [1, 9, 4],
			"to": [1, 12, 7],
			"rotation": {"angle": 0, "axis": "y", "origin": [1, 8.75, 5.5]},
			"faces": {
				"north": {"uv": [0, 0, 0, 0.75], "texture": "#0"},
				"east": {"uv": [2.25, 7.5, 3, 8.25], "texture": "#0"},
				"south": {"uv": [0, 0, 0, 0.75], "texture": "#0"},
				"west": {"uv": [7.75, 0.5, 8.5, 1.25], "texture": "#0"},
				"up": {"uv": [0, 0.75, 0, 0], "texture": "#0"},
				"down": {"uv": [0, 0, 0, 0.75], "texture": "#0"}
			}
		},
		{
			"from": [-0.5, 9, 5.5],
			"to": [2.5, 12, 5.5],
			"rotation": {"angle": 0, "axis": "y", "origin": [1, 8.75, 5.5]},
			"faces": {
				"north": {"uv": [7.75, 1.25, 8.5, 2], "texture": "#0"},
				"east": {"uv": [0, 0, 0, 0.75], "texture": "#0"},
				"south": {"uv": [7.75, 2, 8.5, 2.75], "texture": "#0"},
				"west": {"uv": [0, 0, 0, 0.75], "texture": "#0"},
				"up": {"uv": [0.75, 0, 0, 0], "texture": "#0"},
				"down": {"uv": [0.75, 0, 0, 0], "texture": "#0"}
			}
		},
		{
			"from": [1, 5, 5],
			"to": [1, 9, 6],
			"rotation": {"angle": 0, "axis": "y", "origin": [1, 8.75, 5.5]},
			"faces": {
				"north": {"uv": [0, 0, 0, 1], "texture": "#0"},
				"east": {"uv": [3.75, 8.25, 4, 9.25], "texture": "#0"},
				"south": {"uv": [0, 0, 0, 1], "texture": "#0"},
				"west": {"uv": [4, 8.25, 4.25, 9.25], "texture": "#0"},
				"up": {"uv": [0, 0.25, 0, 0], "texture": "#0"},
				"down": {"uv": [0, 0, 0, 0.25], "texture": "#0"}
			}
		},
		{
			"from": [0, 9, 7.5],
			"to": [3, 12, 7.5],
			"rotation": {"angle": 0, "axis": "y", "origin": [1.5, 8.75, 7.5]},
			"faces": {
				"north": {"uv": [7.75, 2.75, 8.5, 3.5], "texture": "#0"},
				"east": {"uv": [0, 0, 0, 0.75], "texture": "#0"},
				"south": {"uv": [7.75, 3.5, 8.5, 4.25], "texture": "#0"},
				"west": {"uv": [0, 0, 0, 0.75], "texture": "#0"},
				"up": {"uv": [0.75, 0, 0, 0], "texture": "#0"},
				"down": {"uv": [0.75, 0, 0, 0], "texture": "#0"}
			}
		},
		{
			"from": [1.5, 9, 6],
			"to": [1.5, 12, 9],
			"rotation": {"angle": 0, "axis": "y", "origin": [1.5, 8.75, 7.5]},
			"faces": {
				"north": {"uv": [0, 0, 0, 0.75], "texture": "#0"},
				"east": {"uv": [4.25, 7.75, 5, 8.5], "texture": "#0"},
				"south": {"uv": [0, 0, 0, 0.75], "texture": "#0"},
				"west": {"uv": [7.75, 6.5, 8.5, 7.25], "texture": "#0"},
				"up": {"uv": [0, 0.75, 0, 0], "texture": "#0"},
				"down": {"uv": [0, 0, 0, 0.75], "texture": "#0"}
			}
		},
		{
			"from": [1, 5, 7.5],
			"to": [2, 9, 7.5],
			"rotation": {"angle": 0, "axis": "y", "origin": [1.5, 8.75, 7.5]},
			"faces": {
				"north": {"uv": [6, 8.25, 6.25, 9.25], "texture": "#0"},
				"east": {"uv": [0, 0, 0, 1], "texture": "#0"},
				"south": {"uv": [6.25, 8.25, 6.5, 9.25], "texture": "#0"},
				"west": {"uv": [0, 0, 0, 1], "texture": "#0"},
				"up": {"uv": [0.25, 0, 0, 0], "texture": "#0"},
				"down": {"uv": [0.25, 0, 0, 0], "texture": "#0"}
			}
		},
		{
			"from": [8.00231, 4.98839, 10.25],
			"to": [10.00231, 7.48839, 10.25],
			"rotation": {"angle": 0, "axis": "y", "origin": [6.97198, 6.23839, 9.75]},
			"faces": {
				"north": {"uv": [0, 8.25, 0.5, 9], "texture": "#0"},
				"east": {"uv": [0, 0, 0, 0.75], "texture": "#0"},
				"south": {"uv": [0.5, 8.25, 1, 9], "texture": "#0"},
				"west": {"uv": [0, 0, 0, 0.75], "texture": "#0"},
				"up": {"uv": [0.5, 0, 0, 0], "texture": "#0"},
				"down": {"uv": [0.5, 0, 0, 0], "texture": "#0"}
			}
		},
		{
			"from": [8.00231, 7.48839, 9],
			"to": [10.00231, 7.48839, 10.25],
			"rotation": {"angle": 0, "axis": "y", "origin": [6.97198, 6.23839, 9.75]},
			"faces": {
				"north": {"uv": [0, 0, 0.5, 0], "texture": "#0"},
				"east": {"uv": [0, 0, 0.25, 0], "texture": "#0"},
				"south": {"uv": [0, 0, 0.5, 0], "texture": "#0"},
				"west": {"uv": [0, 0, 0.25, 0], "texture": "#0"},
				"up": {"uv": [9.25, 7.25, 8.75, 7], "texture": "#0"},
				"down": {"uv": [7.75, 8.75, 7.25, 9], "texture": "#0"}
			}
		},
		{
			"from": [8.00231, 4.98839, 9],
			"to": [10.00231, 4.98839, 10.25],
			"rotation": {"angle": 0, "axis": "y", "origin": [6.97198, 3.73839, 9.75]},
			"faces": {
				"north": {"uv": [0, 0, 0.5, 0], "texture": "#0"},
				"east": {"uv": [0, 0, 0.25, 0], "texture": "#0"},
				"south": {"uv": [0, 0, 0.5, 0], "texture": "#0"},
				"west": {"uv": [0, 0, 0.25, 0], "texture": "#0"},
				"up": {"uv": [9.25, 7.5, 8.75, 7.25], "texture": "#0"},
				"down": {"uv": [9.25, 7.5, 8.75, 7.75], "texture": "#0"}
			}
		},
		{
			"from": [13, 5, 8.75],
			"to": [15.25, 6, 8.75],
			"rotation": {"angle": 0, "axis": "y", "origin": [13, 0, 4.75]},
			"faces": {
				"north": {"uv": [7.75, 8.75, 8.25, 9], "texture": "#0"},
				"east": {"uv": [0, 0, 0, 0.25], "texture": "#0"},
				"south": {"uv": [8.75, 7.75, 9.25, 8], "texture": "#0"},
				"west": {"uv": [0, 0, 0, 0.25], "texture": "#0"},
				"up": {"uv": [0.5, 0, 0, 0], "texture": "#0"},
				"down": {"uv": [0.5, 0, 0, 0], "texture": "#0"}
			}
		},
		{
			"from": [15.25, 5, 6.25],
			"to": [15.25, 6, 8.75],
			"rotation": {"angle": 0, "axis": "y", "origin": [13, 0, 4.75]},
			"faces": {
				"north": {"uv": [0, 0, 0, 0.25], "texture": "#0"},
				"east": {"uv": [8.5, 4, 9.25, 4.25], "texture": "#0"},
				"south": {"uv": [0, 0, 0, 0.25], "texture": "#0"},
				"west": {"uv": [8.5, 5.25, 9.25, 5.5], "texture": "#0"},
				"up": {"uv": [0, 0.75, 0, 0], "texture": "#0"},
				"down": {"uv": [0, 0, 0, 0.75], "texture": "#0"}
			}
		},
		{
			"from": [13, 5, 6.25],
			"to": [15.25, 6, 6.25],
			"rotation": {"angle": 0, "axis": "y", "origin": [13, 0, 2.25]},
			"faces": {
				"north": {"uv": [8.75, 8.5, 9.25, 8.75], "texture": "#0"},
				"east": {"uv": [0, 0, 0, 0.25], "texture": "#0"},
				"south": {"uv": [8.75, 8.75, 9.25, 9], "texture": "#0"},
				"west": {"uv": [0, 0, 0, 0.25], "texture": "#0"},
				"up": {"uv": [0.5, 0, 0, 0], "texture": "#0"},
				"down": {"uv": [0.5, 0, 0, 0], "texture": "#0"}
			}
		},
		{
			"from": [6, 11, 4],
			"to": [10, 14, 4],
			"rotation": {"angle": 0, "axis": "y", "origin": [7, 12, 7.5]},
			"faces": {
				"north": {"uv": [4.25, 7, 5.25, 7.75], "texture": "#0"},
				"east": {"uv": [0, 0, 0, 0.75], "texture": "#0"},
				"south": {"uv": [7, 4.25, 8, 5], "texture": "#0"},
				"west": {"uv": [0, 0, 0, 0.75], "texture": "#0"},
				"up": {"uv": [1, 0, 0, 0], "texture": "#0"},
				"down": {"uv": [1, 0, 0, 0], "texture": "#0"}
			}
		},
		{
			"name": "arrow_holder",
			"from": [0, 0, 5],
			"to": [3, 5, 8],
			"rotation": {"angle": 0, "axis": "y", "origin": [-7, 0, 4]},
			"faces": {
				"north": {"uv": [7, 0.5, 7.75, 1.75], "texture": "#0"},
				"east": {"uv": [7, 1.75, 7.75, 3], "texture": "#0"},
				"south": {"uv": [7, 3, 7.75, 4.25], "texture": "#0"},
				"west": {"uv": [3.5, 7, 4.25, 8.25], "texture": "#0"},
				"up": {"uv": [8.75, 5, 8, 4.25], "texture": "#0"},
				"down": {"uv": [5.75, 8, 5, 8.75], "texture": "#0"}
			}
		},
		{
			"from": [3, 0, 4],
			"to": [13, 11, 9],
			"rotation": {"angle": 0, "axis": "y", "origin": [3, 0, 4]},
			"faces": {
				"north": {"uv": [0, 0, 2.5, 2.75], "texture": "#0"},
				"east": {"uv": [0, 2.75, 1.25, 5.5], "texture": "#0"},
				"south": {"uv": [2.5, 0, 5, 2.75], "texture": "#0"},
				"west": {"uv": [1.25, 2.75, 2.5, 5.5], "texture": "#0"},
				"up": {"uv": [5, 4, 2.5, 2.75], "texture": "#0"},
				"down": {"uv": [5, 4, 2.5, 5.25], "texture": "#0"}
			}
		},
		{
			"from": [4, 9.58449, 4.11626],
			"to": [12, 12.58449, 10.11626],
			"rotation": {"angle": 22.5, "axis": "x", "origin": [8, 10.58449, 7.61626]},
			"faces": {
				"north": {"uv": [5, 5, 7, 5.75], "texture": "#0"},
				"east": {"uv": [6.25, 6.5, 7.75, 7.25], "texture": "#0"},
				"south": {"uv": [2.5, 5.25, 4.5, 6], "texture": "#0"},
				"west": {"uv": [2, 6.75, 3.5, 7.5], "texture": "#0"},
				"up": {"uv": [7, 1.5, 5, 0], "texture": "#0"},
				"down": {"uv": [7, 1.5, 5, 3], "texture": "#0"}
			}
		},
		{
			"from": [4, 0, 9],
			"to": [12, 4, 12],
			"rotation": {"angle": 0, "axis": "y", "origin": [3, 0, 9]},
			"faces": {
				"north": {"uv": [5, 3, 7, 4], "texture": "#0"},
				"east": {"uv": [5.25, 7, 6, 8], "texture": "#0"},
				"south": {"uv": [5, 4, 7, 5], "texture": "#0"},
				"west": {"uv": [6, 7.25, 6.75, 8.25], "texture": "#0"},
				"up": {"uv": [2, 6.25, 0, 5.5], "texture": "#0"},
				"down": {"uv": [6.5, 5.75, 4.5, 6.5], "texture": "#0"}
			}
		},
		{
			"from": [3.75, 1.75, 9],
			"to": [12.25, 4.25, 12.25],
			"rotation": {"angle": 0, "axis": "y", "origin": [3, 0, 9]},
			"faces": {
				"north": {"uv": [0, 7, 2, 7.5], "texture": "#0"},
				"east": {"uv": [7, 5.25, 7.75, 5.75], "texture": "#0"},
				"south": {"uv": [7, 0, 9, 0.5], "texture": "#0"},
				"west": {"uv": [7.75, 5.25, 8.5, 5.75], "texture": "#0"},
				"up": {"uv": [4, 6.75, 2, 6], "texture": "#0"},
				"down": {"uv": [2, 6.25, 0, 7], "texture": "#0"}
			}
		}
	],
	"gui_light": "front",
	"display": {
		"thirdperson_righthand": {
			"rotation": [67, 0, 0],
			"translation": [-6, -9.5, 10.5]
		},
		"thirdperson_lefthand": {
			"rotation": [67, 0, 0],
			"translation": [-6, -9.5, 10.5]
		},
		"firstperson_righthand": {
			"rotation": [31, 180, 0],
			"translation": [1.75, 1, -0.75],
			"scale": [0.8, 0.8, 0.8]
		},
		"firstperson_lefthand": {
			"rotation": [31, 180, 0],
			"translation": [80, 1, -0.75],
			"scale": [0.8, 0.8, 0.8]
		},
		"ground": {
			"translation": [0, 2, 0],
			"scale": [0.5, 0.5, 0.5]
		},
		"gui": {
			"rotation": [17, -12, 0],
			"translation": [0.75, 0.5, 0],
			"scale": [0.75, 0.75, 0.75]
		},
		"head": {
			"translation": [0, -15.5, 10.25],
			"scale": [1.6, 1.6, 1.6]
		},
		"fixed": {
			"rotation": [0, 180, 0],
			"translation": [0, 2, -8],
			"scale": [2, 2, 2]
		}
	},
	"groups": [
		{
			"name": "hunter_backpack",
			"origin": [3, 0, 5],
			"color": 0,
			"children": [
				{
					"name": "sword",
					"origin": [7.97198, 6.23839, 9.5],
					"color": 0,
					"children": [0, 1, 2, 3, 4]
				},
				{
					"name": "bow",
					"origin": [13, 0, 4.5],
					"color": 0,
					"children": [5, 6, 7, 8, 9, 10, 11, 12]
				},
				{
					"name": "arrows",
					"origin": [1.5, 8.75, 7.5],
					"color": 0,
					"children": [13, 14, 15, 16, 17, 18, 19, 20, 21]
				},
				{
					"name": "strap",
					"origin": [7, 12, 7.5],
					"color": 0,
					"children": [22, 23, 24, 25, 26, 27, 28]
				},
				29,
				{
					"name": "backpack",
					"origin": [3, 0, 9],
					"color": 0,
					"children": [30, 31, 32, 33]
				}
			]
		}
	]
}