{
	"credit": "Made with Blockbench",
	"texture_size": [64, 64],
	"textures": {
		"0": "prison:backpack/miner_backpack_texture",
		"particle": "prison:backpack/miner_backpack_texture"
	},
	"elements": [
		{
			"from": [2, 1, 5],
			"to": [3, 9, 12],
			"rotation": {"angle": 0, "axis": "y", "origin": [5.5, 2.5, 9]},
			"faces": {
				"north": {"uv": [6.75, 9.5, 7, 11.5], "texture": "#0"},
				"east": {"uv": [5.5, 1.5, 7.25, 3.5], "texture": "#0"},
				"south": {"uv": [7, 9.5, 7.25, 11.5], "texture": "#0"},
				"west": {"uv": [5.5, 3.5, 7.25, 5.5], "texture": "#0"},
				"up": {"uv": [9, 11.25, 8.75, 9.5], "texture": "#0"},
				"down": {"uv": [2.75, 9.75, 2.5, 11.5], "texture": "#0"}
			}
		},
		{
			"from": [-1, 2, 6],
			"to": [2, 8, 11],
			"rotation": {"angle": 0, "axis": "y", "origin": [5.5, 2.5, 9]},
			"faces": {
				"north": {"uv": [6, 8, 6.75, 9.5], "texture": "#0"},
				"east": {"uv": [0, 7, 1.25, 8.5], "texture": "#0"},
				"south": {"uv": [6.75, 8, 7.5, 9.5], "texture": "#0"},
				"west": {"uv": [1.25, 7, 2.5, 8.5], "texture": "#0"},
				"up": {"uv": [1.25, 9.75, 0.5, 8.5], "texture": "#0"},
				"down": {"uv": [2, 8.5, 1.25, 9.75], "texture": "#0"}
			}
		},
		{
			"from": [-2, 1, 7.5],
			"to": [1, 9, 9.5],
			"rotation": {"angle": 0, "axis": "y", "origin": [5.5, 2.5, 8.5]},
			"faces": {
				"north": {"uv": [3.75, 7, 4.5, 9], "texture": "#0"},
				"east": {"uv": [3.25, 8.25, 3.75, 10.25], "texture": "#0"},
				"south": {"uv": [7.5, 4.25, 8.25, 6.25], "texture": "#0"},
				"west": {"uv": [0, 8.5, 0.5, 10.5], "texture": "#0"},
				"up": {"uv": [8.25, 6.75, 7.5, 6.25], "texture": "#0"},
				"down": {"uv": [10.5, 2, 9.75, 2.5], "texture": "#0"}
			}
		},
		{
			"from": [0, 3, 5],
			"to": [2, 7, 7],
			"rotation": {"angle": 0, "axis": "y", "origin": [5.5, 2.5, 9]},
			"faces": {
				"north": {"uv": [5, 1.5, 5.5, 2.5], "texture": "#0"},
				"east": {"uv": [9.5, 6.5, 10, 7.5], "texture": "#0"},
				"south": {"uv": [7.25, 9.5, 7.75, 10.5], "texture": "#0"},
				"west": {"uv": [7.75, 9.5, 8.25, 10.5], "texture": "#0"},
				"up": {"uv": [9, 8, 8.5, 7.5], "texture": "#0"},
				"down": {"uv": [2.5, 10, 2, 10.5], "texture": "#0"}
			}
		},
		{
			"from": [0, 3, 11],
			"to": [2, 7, 12],
			"rotation": {"angle": 0, "axis": "y", "origin": [5.5, 2.5, 9]},
			"faces": {
				"north": {"uv": [8.25, 9.5, 8.75, 10.5], "texture": "#0"},
				"east": {"uv": [7.25, 4.25, 7.5, 5.25], "texture": "#0"},
				"south": {"uv": [0.5, 9.75, 1, 10.75], "texture": "#0"},
				"west": {"uv": [9.75, 10, 10, 11], "texture": "#0"},
				"up": {"uv": [5.5, 2.75, 5, 2.5], "texture": "#0"},
				"down": {"uv": [3, 5.5, 2.5, 5.75], "texture": "#0"}
			}
		},
		{
			"from": [-3, 9, 6.5],
			"to": [1, 10, 10.5],
			"rotation": {"angle": 0, "axis": "y", "origin": [5.5, 2.5, 8.5]},
			"faces": {
				"north": {"uv": [10, 10, 11, 10.25], "texture": "#0"},
				"east": {"uv": [10.25, 0, 11.25, 0.25], "texture": "#0"},
				"south": {"uv": [10.25, 0.25, 11.25, 0.5], "texture": "#0"},
				"west": {"uv": [10.25, 0.5, 11.25, 0.75], "texture": "#0"},
				"up": {"uv": [5.5, 6.75, 4.5, 5.75], "texture": "#0"},
				"down": {"uv": [9.25, 5.75, 8.25, 6.75], "texture": "#0"}
			}
		},
		{
			"from": [13.5, 10.15224, 9.23463],
			"to": [15.5, 12.15224, 12.23463],
			"rotation": {"angle": 22.5, "axis": "x", "origin": [13.5, 10.15224, 9.23463]},
			"faces": {
				"north": {"uv": [10.25, 0.75, 10.75, 1.25], "texture": "#0"},
				"east": {"uv": [9.75, 2.5, 10.5, 3], "texture": "#0"},
				"south": {"uv": [1, 10.25, 1.5, 10.75], "texture": "#0"},
				"west": {"uv": [9.75, 7.5, 10.5, 8], "texture": "#0"},
				"up": {"uv": [9, 4.25, 8.5, 3.5], "texture": "#0"},
				"down": {"uv": [3.25, 9.75, 2.75, 10.5], "texture": "#0"}
			}
		},
		{
			"from": [13.5, 10, 4],
			"to": [15.5, 12, 10],
			"rotation": {"angle": 0, "axis": "y", "origin": [13.5, 10, 4]},
			"faces": {
				"north": {"uv": [1.5, 10.25, 2, 10.75], "texture": "#0"},
				"east": {"uv": [7.5, 1, 9, 1.5], "texture": "#0"},
				"south": {"uv": [3.25, 10.25, 3.75, 10.75], "texture": "#0"},
				"west": {"uv": [8.5, 3, 10, 3.5], "texture": "#0"},
				"up": {"uv": [2.5, 10, 2, 8.5], "texture": "#0"},
				"down": {"uv": [9.5, 0, 9, 1.5], "texture": "#0"}
			}
		},
		{
			"from": [13.5, 12, 6],
			"to": [15.5, 13, 8],
			"rotation": {"angle": 0, "axis": "y", "origin": [13.5, 12, 4]},
			"faces": {
				"north": {"uv": [10.25, 1.25, 10.75, 1.5], "texture": "#0"},
				"east": {"uv": [2, 10.5, 2.5, 10.75], "texture": "#0"},
				"south": {"uv": [10.5, 2, 11, 2.25], "texture": "#0"},
				"west": {"uv": [10.5, 2.25, 11, 2.5], "texture": "#0"},
				"up": {"uv": [10.75, 4, 10.25, 3.5], "texture": "#0"},
				"down": {"uv": [10.75, 4, 10.25, 4.5], "texture": "#0"}
			}
		},
		{
			"from": [13.5, 4, 6],
			"to": [15.5, 10, 8],
			"rotation": {"angle": 0, "axis": "y", "origin": [13.5, 8, 4]},
			"faces": {
				"north": {"uv": [9, 3.5, 9.5, 5], "texture": "#0"},
				"east": {"uv": [3.75, 9, 4.25, 10.5], "texture": "#0"},
				"south": {"uv": [4.25, 9, 4.75, 10.5], "texture": "#0"},
				"west": {"uv": [4.75, 9, 5.25, 10.5], "texture": "#0"},
				"up": {"uv": [10.75, 5, 10.25, 4.5], "texture": "#0"},
				"down": {"uv": [6.5, 10.25, 6, 10.75], "texture": "#0"}
			}
		},
		{
			"from": [8, 11, 5],
			"to": [12, 13, 8],
			"rotation": {"angle": 0, "axis": "y", "origin": [8, 15, 4]},
			"faces": {
				"north": {"uv": [1, 9.75, 2, 10.25], "texture": "#0"},
				"east": {"uv": [9.75, 8, 10.5, 8.5], "texture": "#0"},
				"south": {"uv": [9.75, 1.5, 10.75, 2], "texture": "#0"},
				"west": {"uv": [9.75, 8.5, 10.5, 9], "texture": "#0"},
				"up": {"uv": [9.5, 7.5, 8.5, 6.75], "texture": "#0"},
				"down": {"uv": [10, 5, 9, 5.75], "texture": "#0"}
			}
		},
		{
			"from": [10, 11, 8],
			"to": [12, 13, 9],
			"rotation": {"angle": 0, "axis": "y", "origin": [8, 15, 7]},
			"faces": {
				"north": {"uv": [10, 10.25, 10.5, 10.75], "texture": "#0"},
				"east": {"uv": [6.5, 10.25, 6.75, 10.75], "texture": "#0"},
				"south": {"uv": [0, 10.5, 0.5, 11], "texture": "#0"},
				"west": {"uv": [10.5, 2.5, 10.75, 3], "texture": "#0"},
				"up": {"uv": [3.25, 10.75, 2.75, 10.5], "texture": "#0"},
				"down": {"uv": [4.25, 10.5, 3.75, 10.75], "texture": "#0"}
			}
		},
		{
			"from": [6, 11, 6],
			"to": [9, 14, 9],
			"rotation": {"angle": 0, "axis": "y", "origin": [6, 15, 5]},
			"faces": {
				"north": {"uv": [9, 8.5, 9.75, 9.25], "texture": "#0"},
				"east": {"uv": [9.25, 5.75, 10, 6.5], "texture": "#0"},
				"south": {"uv": [9, 9.25, 9.75, 10], "texture": "#0"},
				"west": {"uv": [9.5, 0, 10.25, 0.75], "texture": "#0"},
				"up": {"uv": [10.25, 1.5, 9.5, 0.75], "texture": "#0"},
				"down": {"uv": [10.25, 3.5, 9.5, 4.25], "texture": "#0"}
			}
		},
		{
			"from": [4, 11, 5],
			"to": [7, 13, 8],
			"rotation": {"angle": 0, "axis": "y", "origin": [3, 15, 4]},
			"faces": {
				"north": {"uv": [9.75, 9, 10.5, 9.5], "texture": "#0"},
				"east": {"uv": [9.75, 9.5, 10.5, 10], "texture": "#0"},
				"south": {"uv": [10, 3, 10.75, 3.5], "texture": "#0"},
				"west": {"uv": [10, 5, 10.75, 5.5], "texture": "#0"},
				"up": {"uv": [10.25, 5, 9.5, 4.25], "texture": "#0"},
				"down": {"uv": [6.75, 9.5, 6, 10.25], "texture": "#0"}
			}
		},
		{
			"from": [13, 5, 8.25],
			"to": [15.75, 7, 8.25],
			"rotation": {"angle": 0, "axis": "y", "origin": [13.5, 8, 4.25]},
			"faces": {
				"north": {"uv": [5.25, 10, 6, 10.5], "texture": "#0"},
				"east": {"uv": [0, 0, 0, 0.5], "texture": "#0"},
				"south": {"uv": [10, 5.5, 10.75, 6], "texture": "#0"},
				"west": {"uv": [0, 0, 0, 0.5], "texture": "#0"},
				"up": {"uv": [0.75, 0, 0, 0], "texture": "#0"},
				"down": {"uv": [0.75, 0, 0, 0], "texture": "#0"}
			}
		},
		{
			"from": [15.75, 5, 5.75],
			"to": [15.75, 7, 8.25],
			"rotation": {"angle": 0, "axis": "y", "origin": [13.5, 8, 4.25]},
			"faces": {
				"north": {"uv": [0, 0, 0, 0.5], "texture": "#0"},
				"east": {"uv": [10, 6, 10.75, 6.5], "texture": "#0"},
				"south": {"uv": [0, 0, 0, 0.5], "texture": "#0"},
				"west": {"uv": [10, 6.5, 10.75, 7], "texture": "#0"},
				"up": {"uv": [0, 0.75, 0, 0], "texture": "#0"},
				"down": {"uv": [0, 0, 0, 0.75], "texture": "#0"}
			}
		},
		{
			"from": [13, 5, 5.75],
			"to": [15.75, 7, 5.75],
			"rotation": {"angle": 0, "axis": "y", "origin": [13.5, 8, 4.25]},
			"faces": {
				"north": {"uv": [10, 7, 10.75, 7.5], "texture": "#0"},
				"east": {"uv": [0, 0, 0, 0.5], "texture": "#0"},
				"south": {"uv": [9, 10, 9.75, 10.5], "texture": "#0"},
				"west": {"uv": [0, 0, 0, 0.5], "texture": "#0"},
				"up": {"uv": [0.75, 0, 0, 0], "texture": "#0"},
				"down": {"uv": [0.75, 0, 0, 0], "texture": "#0"}
			}
		},
		{
			"from": [3, 0, 4],
			"to": [13, 11, 10],
			"rotation": {"angle": 0, "axis": "y", "origin": [3, 4, 4]},
			"faces": {
				"north": {"uv": [0, 0, 2.5, 2.75], "texture": "#0"},
				"east": {"uv": [0, 2.75, 1.5, 5.5], "texture": "#0"},
				"south": {"uv": [2.5, 0, 5, 2.75], "texture": "#0"},
				"west": {"uv": [1.5, 2.75, 3, 5.5], "texture": "#0"},
				"up": {"uv": [5.5, 4.25, 3, 2.75], "texture": "#0"},
				"down": {"uv": [5.5, 4.25, 3, 5.75], "texture": "#0"}
			}
		},
		{
			"from": [4, 6.53284, 10.67878],
			"to": [12, 11.53284, 15.67878],
			"rotation": {"angle": -22.5, "axis": "x", "origin": [3, 4.53284, 12.67878]},
			"faces": {
				"north": {"uv": [5.5, 5.5, 7.5, 6.75], "texture": "#0"},
				"east": {"uv": [2.5, 7, 3.75, 8.25], "texture": "#0"},
				"south": {"uv": [2.5, 5.75, 4.5, 7], "texture": "#0"},
				"west": {"uv": [7.25, 3, 8.5, 4.25], "texture": "#0"},
				"up": {"uv": [6.5, 8, 4.5, 6.75], "texture": "#0"},
				"down": {"uv": [8.5, 6.75, 6.5, 8], "texture": "#0"}
			}
		},
		{
			"from": [3, 0, 10],
			"to": [13, 6, 13],
			"rotation": {"angle": 0, "axis": "y", "origin": [3, 4, 10]},
			"faces": {
				"north": {"uv": [5, 0, 7.5, 1.5], "texture": "#0"},
				"east": {"uv": [7.5, 8, 8.25, 9.5], "texture": "#0"},
				"south": {"uv": [0, 5.5, 2.5, 7], "texture": "#0"},
				"west": {"uv": [2.5, 8.25, 3.25, 9.75], "texture": "#0"},
				"up": {"uv": [9.75, 2.25, 7.25, 1.5], "texture": "#0"},
				"down": {"uv": [9.75, 2.25, 7.25, 3], "texture": "#0"}
			}
		},
		{
			"from": [13, 0, 4],
			"to": [16, 4, 10],
			"rotation": {"angle": 0, "axis": "y", "origin": [13, 4, 4]},
			"faces": {
				"north": {"uv": [5.25, 9, 6, 10], "texture": "#0"},
				"east": {"uv": [7.5, 0, 9, 1], "texture": "#0"},
				"south": {"uv": [9, 7.5, 9.75, 8.5], "texture": "#0"},
				"west": {"uv": [4.5, 8, 6, 9], "texture": "#0"},
				"up": {"uv": [9, 5.75, 8.25, 4.25], "texture": "#0"},
				"down": {"uv": [9, 8, 8.25, 9.5], "texture": "#0"}
			}
		}
	],
	"gui_light": "front",
	"display": {
		"thirdperson_righthand": {
			"rotation": [67, 0, 0],
			"translation": [-6, -9.25, 10.75]
		},
		"thirdperson_lefthand": {
			"rotation": [67, 0, 0],
			"translation": [-6, -9.25, 10.75]
		},
		"firstperson_righthand": {
			"rotation": [31, 180, 0],
			"translation": [1.75, 1, -0.75],
			"scale": [0.8, 0.8, 0.8]
		},
		"firstperson_lefthand": {
			"rotation": [31, 180, 0],
			"translation": [80, 1, -0.75],
			"scale": [0.8, 0.8, 0.8]
		},
		"ground": {
			"translation": [0, 2, 0],
			"scale": [0.5, 0.5, 0.5]
		},
		"gui": {
			"rotation": [17, 14, 0],
			"translation": [0.75, 0.75, 0],
			"scale": [0.75, 0.75, 0.75]
		},
		"head": {
			"translation": [0, -14.5, 10.25],
			"scale": [1.6, 1.6, 1.6]
		},
		"fixed": {
			"rotation": [0, 180, 0],
			"translation": [0, 2, -8],
			"scale": [2, 2, 2]
		}
	},
	"groups": [
		{
			"name": "miner_backpack",
			"origin": [6, 15, 1],
			"color": 0,
			"children": [
				{
					"name": "helmet",
					"origin": [8, 11, 2.12132],
					"color": 0,
					"children": [0, 1, 2, 3, 4, 5]
				},
				{
					"name": "pickaxe",
					"origin": [13.5, 8, 4],
					"color": 0,
					"children": [6, 7, 8, 9]
				},
				{
					"name": "ore",
					"origin": [3, 15, 4],
					"color": 0,
					"children": [10, 11, 12, 13]
				},
				{
					"name": "strap",
					"origin": [13.5, 8, 4.25],
					"color": 0,
					"children": [14, 15, 16]
				},
				{
					"name": "backpack",
					"origin": [13, 4, 4],
					"color": 0,
					"children": [17, 18, 19, 20]
				}
			]
		}
	]
}