{
	"credit": "Made with Blockbench",
	"texture_size": [64, 64],
	"textures": {
		"0": "prison:backpack/lumberjack_backpack_texture",
		"particle": "prison:backpack/lumberjack_backpack_texture"
	},
	"elements": [
		{
			"from": [3, 11, 9],
			"to": [13, 14, 12],
			"rotation": {"angle": 0, "axis": "y", "origin": [8, 12, 11]},
			"faces": {
				"north": {"uv": [4.5, 5.75, 7, 6.5], "texture": "#0"},
				"east": {"uv": [9.5, 0, 10.25, 0.75], "texture": "#0"},
				"south": {"uv": [4.5, 6.5, 7, 7.25], "texture": "#0"},
				"west": {"uv": [9.75, 5.5, 10.5, 6.25], "texture": "#0"},
				"up": {"uv": [9.5, 3.5, 7, 2.75], "texture": "#0"},
				"down": {"uv": [9.5, 3.5, 7, 4.25], "texture": "#0"}
			}
		},
		{
			"from": [4, 11, 5],
			"to": [12, 15, 9],
			"rotation": {"angle": 0, "axis": "y", "origin": [8, 13, 7]},
			"faces": {
				"north": {"uv": [5, 2.75, 7, 3.75], "texture": "#0"},
				"east": {"uv": [4.25, 8.75, 5.25, 9.75], "texture": "#0"},
				"south": {"uv": [5, 3.75, 7, 4.75], "texture": "#0"},
				"west": {"uv": [8, 8.75, 9, 9.75], "texture": "#0"},
				"up": {"uv": [7, 5.75, 5, 4.75], "texture": "#0"},
				"down": {"uv": [4.5, 5.75, 2.5, 6.75], "texture": "#0"}
			}
		},
		{
			"from": [4, 8, 9],
			"to": [12, 11, 12],
			"rotation": {"angle": 0, "axis": "y", "origin": [8, 9, 11]},
			"faces": {
				"north": {"uv": [7.5, 0, 9.5, 0.75], "texture": "#0"},
				"east": {"uv": [9.75, 6.25, 10.5, 7], "texture": "#0"},
				"south": {"uv": [8, 0.75, 10, 1.5], "texture": "#0"},
				"west": {"uv": [6.5, 9.75, 7.25, 10.5], "texture": "#0"},
				"up": {"uv": [10, 2.25, 8, 1.5], "texture": "#0"},
				"down": {"uv": [5.75, 8, 3.75, 8.75], "texture": "#0"}
			}
		},
		{
			"from": [14, 8, 5.5],
			"to": [14, 16, 8.5],
			"rotation": {"angle": 0, "axis": "y", "origin": [22.5, 6, 3.5]},
			"faces": {
				"north": {"uv": [0, 0, 0, 2], "texture": "#0"},
				"east": {"uv": [1.25, 7.25, 2, 9.25], "texture": "#0"},
				"south": {"uv": [0, 0, 0, 2], "texture": "#0"},
				"west": {"uv": [5.75, 8, 6.5, 10], "texture": "#0"},
				"up": {"uv": [0, 0.75, 0, 0], "texture": "#0"},
				"down": {"uv": [0, 0, 0, 0.75], "texture": "#0"}
			}
		},
		{
			"from": [13.5, 6, 5.5],
			"to": [14.5, 8, 7.5],
			"rotation": {"angle": 0, "axis": "y", "origin": [22.5, 4, 3.5]},
			"faces": {
				"north": {"uv": [3.5, 8.25, 3.75, 8.75], "texture": "#0"},
				"east": {"uv": [7.5, 0.75, 8, 1.25], "texture": "#0"},
				"south": {"uv": [6.25, 10, 6.5, 10.5], "texture": "#0"},
				"west": {"uv": [10.5, 3.5, 11, 4], "texture": "#0"},
				"up": {"uv": [10.75, 10.75, 10.5, 10.25], "texture": "#0"},
				"down": {"uv": [11, 0, 10.75, 0.5], "texture": "#0"}
			}
		},
		{
			"from": [0.5, 9, 4.5],
			"to": [2.5, 12, 10.5],
			"rotation": {"angle": 0, "axis": "y", "origin": [-6.5, 9, 5.5]},
			"faces": {
				"north": {"uv": [10, 7.75, 10.5, 8.5], "texture": "#0"},
				"east": {"uv": [8, 8, 9.5, 8.75], "texture": "#0"},
				"south": {"uv": [10, 8.5, 10.5, 9.25], "texture": "#0"},
				"west": {"uv": [2, 8.25, 3.5, 9], "texture": "#0"},
				"up": {"uv": [10, 4.25, 9.5, 2.75], "texture": "#0"},
				"down": {"uv": [10, 7.75, 9.5, 9.25], "texture": "#0"}
			}
		},
		{
			"from": [0.5, 6, 5.5],
			"to": [2.5, 9, 7.5],
			"rotation": {"angle": 0, "axis": "y", "origin": [-6.5, 6, 5.5]},
			"faces": {
				"north": {"uv": [10, 9.25, 10.5, 10], "texture": "#0"},
				"east": {"uv": [10, 10, 10.5, 10.75], "texture": "#0"},
				"south": {"uv": [0, 10.25, 0.5, 11], "texture": "#0"},
				"west": {"uv": [10.25, 0, 10.75, 0.75], "texture": "#0"},
				"up": {"uv": [7.25, 11, 6.75, 10.5], "texture": "#0"},
				"down": {"uv": [11, 7.75, 10.5, 8.25], "texture": "#0"}
			}
		},
		{
			"from": [5, 11, 4.75],
			"to": [7, 15.25, 4.75],
			"rotation": {"angle": 0, "axis": "y", "origin": [8, 13, 6.75]},
			"faces": {
				"north": {"uv": [2, 7.25, 2.5, 8.25], "texture": "#0"},
				"east": {"uv": [0, 0, 0, 1], "texture": "#0"},
				"south": {"uv": [7.25, 9.75, 7.75, 10.75], "texture": "#0"},
				"west": {"uv": [0, 0, 0, 1], "texture": "#0"},
				"up": {"uv": [0.5, 0, 0, 0], "texture": "#0"},
				"down": {"uv": [0.5, 0, 0, 0], "texture": "#0"}
			}
		},
		{
			"from": [5, 15.25, 4.75],
			"to": [7, 15.25, 9.25],
			"rotation": {"angle": 0, "axis": "y", "origin": [8, 13, 6.75]},
			"faces": {
				"north": {"uv": [0, 0, 0.5, 0], "texture": "#0"},
				"east": {"uv": [0, 0, 1.25, 0], "texture": "#0"},
				"south": {"uv": [0, 0, 0.5, 0], "texture": "#0"},
				"west": {"uv": [0, 0, 1.25, 0], "texture": "#0"},
				"up": {"uv": [10, 10.5, 9.5, 9.25], "texture": "#0"},
				"down": {"uv": [4.75, 9.75, 4.25, 11], "texture": "#0"}
			}
		},
		{
			"from": [5, 14.25, 9.25],
			"to": [7, 15.25, 9.25],
			"rotation": {"angle": 0, "axis": "y", "origin": [8, 13, 6.75]},
			"faces": {
				"north": {"uv": [10.75, 0.5, 11.25, 0.75], "texture": "#0"},
				"east": {"uv": [0, 0, 0, 0.25], "texture": "#0"},
				"south": {"uv": [10.75, 4, 11.25, 4.25], "texture": "#0"},
				"west": {"uv": [0, 0, 0, 0.25], "texture": "#0"},
				"up": {"uv": [0.5, 0, 0, 0], "texture": "#0"},
				"down": {"uv": [0.5, 0, 0, 0], "texture": "#0"}
			}
		},
		{
			"from": [5, 14.25, 9.25],
			"to": [7, 14.25, 12.25],
			"rotation": {"angle": 0, "axis": "y", "origin": [8, 13, 6.75]},
			"faces": {
				"north": {"uv": [0, 0, 0.5, 0], "texture": "#0"},
				"east": {"uv": [0, 0, 0.75, 0], "texture": "#0"},
				"south": {"uv": [0, 0, 0.5, 0], "texture": "#0"},
				"west": {"uv": [0, 0, 0.75, 0], "texture": "#0"},
				"up": {"uv": [2.25, 11, 1.75, 10.25], "texture": "#0"},
				"down": {"uv": [2.75, 10.25, 2.25, 11], "texture": "#0"}
			}
		},
		{
			"from": [5, 7.75, 12.25],
			"to": [7, 14.25, 12.25],
			"rotation": {"angle": 0, "axis": "y", "origin": [8, 13, 6.75]},
			"faces": {
				"north": {"uv": [0.75, 8.75, 1.25, 10.5], "texture": "#0"},
				"east": {"uv": [0, 0, 0, 1.75], "texture": "#0"},
				"south": {"uv": [5.25, 8.75, 5.75, 10.5], "texture": "#0"},
				"west": {"uv": [0, 0, 0, 1.75], "texture": "#0"},
				"up": {"uv": [0.5, 0, 0, 0], "texture": "#0"},
				"down": {"uv": [0.5, 0, 0, 0], "texture": "#0"}
			}
		},
		{
			"from": [9, 11, 4.75],
			"to": [11, 15.25, 4.75],
			"rotation": {"angle": 0, "axis": "y", "origin": [8, 13, 6.75]},
			"faces": {
				"north": {"uv": [7.75, 9.75, 8.25, 10.75], "texture": "#0"},
				"east": {"uv": [0, 0, 0, 1], "texture": "#0"},
				"south": {"uv": [8.25, 9.75, 8.75, 10.75], "texture": "#0"},
				"west": {"uv": [0, 0, 0, 1], "texture": "#0"},
				"up": {"uv": [0.5, 0, 0, 0], "texture": "#0"},
				"down": {"uv": [0.5, 0, 0, 0], "texture": "#0"}
			}
		},
		{
			"from": [9, 7.75, 12.25],
			"to": [11, 14.25, 12.25],
			"rotation": {"angle": 0, "axis": "y", "origin": [8, 13, 6.75]},
			"faces": {
				"north": {"uv": [9, 8.75, 9.5, 10.5], "texture": "#0"},
				"east": {"uv": [0, 0, 0, 1.75], "texture": "#0"},
				"south": {"uv": [1.25, 9.25, 1.75, 11], "texture": "#0"},
				"west": {"uv": [0, 0, 0, 1.75], "texture": "#0"},
				"up": {"uv": [0.5, 0, 0, 0], "texture": "#0"},
				"down": {"uv": [0.5, 0, 0, 0], "texture": "#0"}
			}
		},
		{
			"from": [9, 14.25, 9.25],
			"to": [11, 14.25, 12.25],
			"rotation": {"angle": 0, "axis": "y", "origin": [8, 13, 6.75]},
			"faces": {
				"north": {"uv": [0, 0, 0.5, 0], "texture": "#0"},
				"east": {"uv": [0, 0, 0.75, 0], "texture": "#0"},
				"south": {"uv": [0, 0, 0.5, 0], "texture": "#0"},
				"west": {"uv": [0, 0, 0.75, 0], "texture": "#0"},
				"up": {"uv": [3.25, 11, 2.75, 10.25], "texture": "#0"},
				"down": {"uv": [3.75, 10.25, 3.25, 11], "texture": "#0"}
			}
		},
		{
			"from": [9, 14.25, 9.25],
			"to": [11, 15.25, 9.25],
			"rotation": {"angle": 0, "axis": "y", "origin": [8, 13, 6.75]},
			"faces": {
				"north": {"uv": [10.75, 4.25, 11.25, 4.5], "texture": "#0"},
				"east": {"uv": [0, 0, 0, 0.25], "texture": "#0"},
				"south": {"uv": [10.75, 4.5, 11.25, 4.75], "texture": "#0"},
				"west": {"uv": [0, 0, 0, 0.25], "texture": "#0"},
				"up": {"uv": [0.5, 0, 0, 0], "texture": "#0"},
				"down": {"uv": [0.5, 0, 0, 0], "texture": "#0"}
			}
		},
		{
			"from": [9, 15.25, 4.75],
			"to": [11, 15.25, 9.25],
			"rotation": {"angle": 0, "axis": "y", "origin": [8, 13, 6.75]},
			"faces": {
				"north": {"uv": [0, 0, 0.5, 0], "texture": "#0"},
				"east": {"uv": [0, 0, 1.25, 0], "texture": "#0"},
				"south": {"uv": [0, 0, 0.5, 0], "texture": "#0"},
				"west": {"uv": [0, 0, 1.25, 0], "texture": "#0"},
				"up": {"uv": [10.25, 5.5, 9.75, 4.25], "texture": "#0"},
				"down": {"uv": [5.25, 9.75, 4.75, 11], "texture": "#0"}
			}
		},
		{
			"from": [5, 7.75, 9],
			"to": [7, 7.75, 12.25],
			"rotation": {"angle": 0, "axis": "y", "origin": [8, 13, 6.75]},
			"faces": {
				"north": {"uv": [0, 0, 0.5, 0], "texture": "#0"},
				"east": {"uv": [0, 0, 0.75, 0], "texture": "#0"},
				"south": {"uv": [0, 0, 0.5, 0], "texture": "#0"},
				"west": {"uv": [0, 0, 0.75, 0], "texture": "#0"},
				"up": {"uv": [4.25, 11, 3.75, 10.25], "texture": "#0"},
				"down": {"uv": [10.75, 4, 10.25, 4.75], "texture": "#0"}
			}
		},
		{
			"from": [9, 7.75, 9],
			"to": [11, 7.75, 12.25],
			"rotation": {"angle": 0, "axis": "y", "origin": [8, 13, 6.75]},
			"faces": {
				"north": {"uv": [0, 0, 0.5, 0], "texture": "#0"},
				"east": {"uv": [0, 0, 0.75, 0], "texture": "#0"},
				"south": {"uv": [0, 0, 0.5, 0], "texture": "#0"},
				"west": {"uv": [0, 0, 0.75, 0], "texture": "#0"},
				"up": {"uv": [10.75, 5.5, 10.25, 4.75], "texture": "#0"},
				"down": {"uv": [1, 10.5, 0.5, 11.25], "texture": "#0"}
			}
		},
		{
			"from": [0.25, 6.5, 7.75],
			"to": [3, 8.5, 7.75],
			"rotation": {"angle": 0, "axis": "y", "origin": [-7.5, 4, 3.75]},
			"faces": {
				"north": {"uv": [3.75, 6.75, 4.5, 7.25], "texture": "#0"},
				"east": {"uv": [0, 0, 0, 0.5], "texture": "#0"},
				"south": {"uv": [10.5, 1, 11.25, 1.5], "texture": "#0"},
				"west": {"uv": [0, 0, 0, 0.5], "texture": "#0"},
				"up": {"uv": [0.75, 0, 0, 0], "texture": "#0"},
				"down": {"uv": [0.75, 0, 0, 0], "texture": "#0"}
			}
		},
		{
			"from": [0.25, 6.5, 5.25],
			"to": [0.25, 8.5, 7.75],
			"rotation": {"angle": 0, "axis": "y", "origin": [-7.5, 4, 4.25]},
			"faces": {
				"north": {"uv": [0, 0, 0, 0.5], "texture": "#0"},
				"east": {"uv": [10.5, 1.5, 11.25, 2], "texture": "#0"},
				"south": {"uv": [0, 0, 0, 0.5], "texture": "#0"},
				"west": {"uv": [10.5, 2, 11.25, 2.5], "texture": "#0"},
				"up": {"uv": [0, 0.75, 0, 0], "texture": "#0"},
				"down": {"uv": [0, 0, 0, 0.75], "texture": "#0"}
			}
		},
		{
			"from": [0.25, 6.5, 5.25],
			"to": [3, 8.5, 5.25],
			"rotation": {"angle": 0, "axis": "y", "origin": [-7.5, 4, 1.25]},
			"faces": {
				"north": {"uv": [10.5, 2.5, 11.25, 3], "texture": "#0"},
				"east": {"uv": [0, 0, 0, 0.5], "texture": "#0"},
				"south": {"uv": [10.5, 3, 11.25, 3.5], "texture": "#0"},
				"west": {"uv": [0, 0, 0, 0.5], "texture": "#0"},
				"up": {"uv": [0.75, 0, 0, 0], "texture": "#0"},
				"down": {"uv": [0.75, 0, 0, 0], "texture": "#0"}
			}
		},
		{
			"from": [13, 6.5, 7.75],
			"to": [14.75, 7.5, 7.75],
			"rotation": {"angle": 0, "axis": "y", "origin": [22.5, 4, 3.75]},
			"faces": {
				"north": {"uv": [10.75, 4.75, 11.25, 5], "texture": "#0"},
				"east": {"uv": [0, 0, 0, 0.25], "texture": "#0"},
				"south": {"uv": [10.75, 5, 11.25, 5.25], "texture": "#0"},
				"west": {"uv": [0, 0, 0, 0.25], "texture": "#0"},
				"up": {"uv": [0.5, 0, 0, 0], "texture": "#0"},
				"down": {"uv": [0.5, 0, 0, 0], "texture": "#0"}
			}
		},
		{
			"from": [14.75, 6.5, 5.25],
			"to": [14.75, 7.5, 7.75],
			"rotation": {"angle": 0, "axis": "y", "origin": [22.5, 4, 3.75]},
			"faces": {
				"north": {"uv": [0, 0, 0, 0.25], "texture": "#0"},
				"east": {"uv": [8.75, 7.75, 9.5, 8], "texture": "#0"},
				"south": {"uv": [0, 0, 0, 0.25], "texture": "#0"},
				"west": {"uv": [9, 6.75, 9.75, 7], "texture": "#0"},
				"up": {"uv": [0, 0.75, 0, 0], "texture": "#0"},
				"down": {"uv": [0, 0, 0, 0.75], "texture": "#0"}
			}
		},
		{
			"from": [13, 6.5, 5.25],
			"to": [14.75, 7.5, 5.25],
			"rotation": {"angle": 0, "axis": "y", "origin": [22.5, 4, 1.25]},
			"faces": {
				"north": {"uv": [10.75, 5.25, 11.25, 5.5], "texture": "#0"},
				"east": {"uv": [0, 0, 0, 0.25], "texture": "#0"},
				"south": {"uv": [7.25, 10.75, 7.75, 11], "texture": "#0"},
				"west": {"uv": [0, 0, 0, 0.25], "texture": "#0"},
				"up": {"uv": [0.5, 0, 0, 0], "texture": "#0"},
				"down": {"uv": [0.5, 0, 0, 0], "texture": "#0"}
			}
		},
		{
			"from": [5.5, 2.75, 13.25],
			"to": [7.5, 5.25, 13.25],
			"rotation": {"angle": 22.5, "axis": "z", "origin": [8.5, 3.2706, 12.5]},
			"faces": {
				"north": {"uv": [5.25, 10.5, 5.75, 11.25], "texture": "#0"},
				"east": {"uv": [0, 0, 0, 0.75], "texture": "#0"},
				"south": {"uv": [10.5, 5.5, 11, 6.25], "texture": "#0"},
				"west": {"uv": [0, 0, 0, 0.75], "texture": "#0"},
				"up": {"uv": [0.5, 0, 0, 0], "texture": "#0"},
				"down": {"uv": [0.5, 0, 0, 0], "texture": "#0"}
			}
		},
		{
			"from": [5.5, 5.25, 12],
			"to": [7.5, 5.25, 13.25],
			"rotation": {"angle": 22.5, "axis": "z", "origin": [8.5, 3.2706, 12.5]},
			"faces": {
				"north": {"uv": [0, 0, 0.5, 0], "texture": "#0"},
				"east": {"uv": [0, 0, 0.25, 0], "texture": "#0"},
				"south": {"uv": [0, 0, 0.5, 0], "texture": "#0"},
				"west": {"uv": [0, 0, 0.25, 0], "texture": "#0"},
				"up": {"uv": [11.25, 7.5, 10.75, 7.25], "texture": "#0"},
				"down": {"uv": [11.25, 7.5, 10.75, 7.75], "texture": "#0"}
			}
		},
		{
			"from": [9.5, 2.75, 13.25],
			"to": [11.5, 5.25, 13.25],
			"rotation": {"angle": 22.5, "axis": "z", "origin": [8.5, 3.2706, 12.5]},
			"faces": {
				"north": {"uv": [6.25, 10.5, 6.75, 11.25], "texture": "#0"},
				"east": {"uv": [0, 0, 0, 0.75], "texture": "#0"},
				"south": {"uv": [10.5, 6.25, 11, 7], "texture": "#0"},
				"west": {"uv": [0, 0, 0, 0.75], "texture": "#0"},
				"up": {"uv": [0.5, 0, 0, 0], "texture": "#0"},
				"down": {"uv": [0.5, 0, 0, 0], "texture": "#0"}
			}
		},
		{
			"from": [9.5, 5.25, 12],
			"to": [11.5, 5.25, 13.25],
			"rotation": {"angle": 22.5, "axis": "z", "origin": [8.5, 3.2706, 12.5]},
			"faces": {
				"north": {"uv": [0, 0, 0.5, 0], "texture": "#0"},
				"east": {"uv": [0, 0, 0.25, 0], "texture": "#0"},
				"south": {"uv": [0, 0, 0.5, 0], "texture": "#0"},
				"west": {"uv": [0, 0, 0.25, 0], "texture": "#0"},
				"up": {"uv": [8.25, 11, 7.75, 10.75], "texture": "#0"},
				"down": {"uv": [8.75, 10.75, 8.25, 11], "texture": "#0"}
			}
		},
		{
			"from": [9.5, 2.75, 12],
			"to": [11.5, 2.75, 13.25],
			"rotation": {"angle": 22.5, "axis": "z", "origin": [8.5, 3.2706, 12.5]},
			"faces": {
				"north": {"uv": [0, 0, 0.5, 0], "texture": "#0"},
				"east": {"uv": [0, 0, 0.25, 0], "texture": "#0"},
				"south": {"uv": [0, 0, 0.5, 0], "texture": "#0"},
				"west": {"uv": [0, 0, 0.25, 0], "texture": "#0"},
				"up": {"uv": [11.25, 8.5, 10.75, 8.25], "texture": "#0"},
				"down": {"uv": [11.25, 8.5, 10.75, 8.75], "texture": "#0"}
			}
		},
		{
			"from": [5.5, 2.75, 12],
			"to": [7.5, 2.75, 13.25],
			"rotation": {"angle": 22.5, "axis": "z", "origin": [8.5, 3.2706, 12.5]},
			"faces": {
				"north": {"uv": [0, 0, 0.5, 0], "texture": "#0"},
				"east": {"uv": [0, 0, 0.25, 0], "texture": "#0"},
				"south": {"uv": [0, 0, 0.5, 0], "texture": "#0"},
				"west": {"uv": [0, 0, 0.25, 0], "texture": "#0"},
				"up": {"uv": [11.25, 9, 10.75, 8.75], "texture": "#0"},
				"down": {"uv": [11.25, 9, 10.75, 9.25], "texture": "#0"}
			}
		},
		{
			"from": [4.5, 3, 12],
			"to": [12.5, 5, 13],
			"rotation": {"angle": 22.5, "axis": "z", "origin": [8.5, 3.2706, 12.5]},
			"faces": {
				"north": {"uv": [8, 2.25, 10, 2.75], "texture": "#0"},
				"east": {"uv": [8.75, 10.75, 9, 11.25], "texture": "#0"},
				"south": {"uv": [8.75, 7.25, 10.75, 7.75], "texture": "#0"},
				"west": {"uv": [10, 10.75, 10.25, 11.25], "texture": "#0"},
				"up": {"uv": [11, 7.25, 9, 7], "texture": "#0"},
				"down": {"uv": [12, 0.75, 10, 1], "texture": "#0"}
			}
		},
		{
			"from": [12.5, 1, 12],
			"to": [14.5, 5, 13],
			"rotation": {"angle": 22.5, "axis": "z", "origin": [8.5, 3.2706, 12.5]},
			"faces": {
				"north": {"uv": [10, 1, 10.5, 2], "texture": "#0"},
				"east": {"uv": [1.75, 9.25, 2, 10.25], "texture": "#0"},
				"south": {"uv": [10, 2, 10.5, 3], "texture": "#0"},
				"west": {"uv": [8.75, 9.75, 9, 10.75], "texture": "#0"},
				"up": {"uv": [10.75, 11, 10.25, 10.75], "texture": "#0"},
				"down": {"uv": [11.25, 10.25, 10.75, 10.5], "texture": "#0"}
			}
		},
		{
			"from": [2.5, 1, 12],
			"to": [4.5, 5, 13],
			"rotation": {"angle": 22.5, "axis": "z", "origin": [8.5, 3.2706, 12.5]},
			"faces": {
				"north": {"uv": [10, 3, 10.5, 4], "texture": "#0"},
				"east": {"uv": [1, 10.5, 1.25, 11.5], "texture": "#0"},
				"south": {"uv": [5.75, 10, 6.25, 11], "texture": "#0"},
				"west": {"uv": [10.5, 8.25, 10.75, 9.25], "texture": "#0"},
				"up": {"uv": [11.25, 10.75, 10.75, 10.5], "texture": "#0"},
				"down": {"uv": [11.25, 10.75, 10.75, 11], "texture": "#0"}
			}
		},
		{
			"from": [2.29491, 2.57226, 12],
			"to": [4.29491, 4.57226, 13],
			"rotation": {"angle": 0, "axis": "y", "origin": [8.5, 3.2706, 12.5]},
			"faces": {
				"north": {"uv": [9, 10.5, 9.5, 11], "texture": "#0"},
				"east": {"uv": [0, 11, 0.25, 11.5], "texture": "#0"},
				"south": {"uv": [10.5, 9.25, 11, 9.75], "texture": "#0"},
				"west": {"uv": [11, 0, 11.25, 0.5], "texture": "#0"},
				"up": {"uv": [1.75, 11.25, 1.25, 11], "texture": "#0"},
				"down": {"uv": [2.25, 11, 1.75, 11.25], "texture": "#0"}
			}
		},
		{
			"from": [12.70509, 2.57226, 12],
			"to": [14.70509, 4.57226, 13],
			"rotation": {"angle": 45, "axis": "z", "origin": [8.5, 3.2706, 12.5]},
			"faces": {
				"north": {"uv": [9.5, 10.5, 10, 11], "texture": "#0"},
				"east": {"uv": [0.25, 11, 0.5, 11.5], "texture": "#0"},
				"south": {"uv": [10.5, 9.75, 11, 10.25], "texture": "#0"},
				"west": {"uv": [2.25, 11, 2.5, 11.5], "texture": "#0"},
				"up": {"uv": [3, 11.25, 2.5, 11], "texture": "#0"},
				"down": {"uv": [3.5, 11, 3, 11.25], "texture": "#0"}
			}
		},
		{
			"from": [2.5, -1, 12.5],
			"to": [14.5, 2, 12.5],
			"rotation": {"angle": 22.5, "axis": "z", "origin": [8.5, 3.2706, 12.5]},
			"faces": {
				"north": {"uv": [5, 1.25, 8, 2], "texture": "#0"},
				"east": {"uv": [0, 0, 0, 0.75], "texture": "#0"},
				"south": {"uv": [5, 2, 8, 2.75], "texture": "#0"},
				"west": {"uv": [0, 0, 0, 0.75], "texture": "#0"},
				"up": {"uv": [3, 0, 0, 0], "texture": "#0"},
				"down": {"uv": [3, 0, 0, 0], "texture": "#0"}
			}
		},
		{
			"from": [3, 0, 4],
			"to": [13, 11, 9],
			"rotation": {"angle": 0, "axis": "y", "origin": [3, 0, 4]},
			"faces": {
				"north": {"uv": [0, 0, 2.5, 2.75], "texture": "#0"},
				"east": {"uv": [0, 4.5, 1.25, 7.25], "texture": "#0"},
				"south": {"uv": [2.5, 0, 5, 2.75], "texture": "#0"},
				"west": {"uv": [1.25, 4.5, 2.5, 7.25], "texture": "#0"},
				"up": {"uv": [5, 5.75, 2.5, 4.5], "texture": "#0"},
				"down": {"uv": [7.5, 0, 5, 1.25], "texture": "#0"}
			}
		},
		{
			"from": [0, 0, 4],
			"to": [3, 6, 9],
			"rotation": {"angle": 0, "axis": "y", "origin": [-7, 0, 5]},
			"faces": {
				"north": {"uv": [8.25, 4.25, 9, 5.75], "texture": "#0"},
				"east": {"uv": [2.5, 6.75, 3.75, 8.25], "texture": "#0"},
				"south": {"uv": [8.25, 5.75, 9, 7.25], "texture": "#0"},
				"west": {"uv": [7, 4.25, 8.25, 5.75], "texture": "#0"},
				"up": {"uv": [2.75, 10.25, 2, 9], "texture": "#0"},
				"down": {"uv": [3.5, 9, 2.75, 10.25], "texture": "#0"}
			}
		},
		{
			"from": [13, 0, 4],
			"to": [16, 6, 9],
			"rotation": {"angle": 0, "axis": "y", "origin": [23, 0, 5]},
			"faces": {
				"north": {"uv": [0, 8.75, 0.75, 10.25], "texture": "#0"},
				"east": {"uv": [7, 5.75, 8.25, 7.25], "texture": "#0"},
				"south": {"uv": [3.5, 8.75, 4.25, 10.25], "texture": "#0"},
				"west": {"uv": [0, 7.25, 1.25, 8.75], "texture": "#0"},
				"up": {"uv": [9.75, 5.5, 9, 4.25], "texture": "#0"},
				"down": {"uv": [9.75, 5.5, 9, 6.75], "texture": "#0"}
			}
		},
		{
			"from": [3, 0, 9],
			"to": [13, 7, 12],
			"rotation": {"angle": 0, "axis": "y", "origin": [3, 0, 9]},
			"faces": {
				"north": {"uv": [0, 2.75, 2.5, 4.5], "texture": "#0"},
				"east": {"uv": [6.5, 8, 7.25, 9.75], "texture": "#0"},
				"south": {"uv": [2.5, 2.75, 5, 4.5], "texture": "#0"},
				"west": {"uv": [7.25, 8, 8, 9.75], "texture": "#0"},
				"up": {"uv": [6.25, 8, 3.75, 7.25], "texture": "#0"},
				"down": {"uv": [8.75, 7.25, 6.25, 8], "texture": "#0"}
			}
		}
	],
	"gui_light": "front",
	"display": {
		"thirdperson_righthand": {
			"rotation": [67, 0, 0],
			"translation": [-6, -9.5, 10.5]
		},
		"thirdperson_lefthand": {
			"rotation": [67, 0, 0],
			"translation": [-6, -9.5, 10.5]
		},
		"firstperson_righthand": {
			"rotation": [31, 180, 0],
			"translation": [1.75, 1, -0.75],
			"scale": [0.8, 0.8, 0.8]
		},
		"firstperson_lefthand": {
			"rotation": [31, 180, 0],
			"translation": [80, 1, -0.75],
			"scale": [0.8, 0.8, 0.8]
		},
		"ground": {
			"translation": [0, 2, 0],
			"scale": [0.5, 0.5, 0.5]
		},
		"gui": {
			"rotation": [17, -12, 0],
			"translation": [0, 1, 0],
			"scale": [0.75, 0.75, 0.75]
		},
		"head": {
			"translation": [0, -17.75, 10.25],
			"scale": [1.6, 1.6, 1.6]
		},
		"fixed": {
			"rotation": [0, 180, 0],
			"translation": [0, 2, -8],
			"scale": [2, 2, 2]
		}
	},
	"groups": [
		{
			"name": "lumberjack_backpack",
			"origin": [8, 12, 7],
			"color": 0,
			"children": [
				{
					"name": "wood",
					"origin": [8, 9, 11],
					"color": 0,
					"children": [0, 1, 2]
				},
				{
					"name": "machette",
					"origin": [22.5, 4, 4],
					"color": 0,
					"children": [3, 4]
				},
				{
					"name": "axe",
					"origin": [-6.5, 6, 5.5],
					"color": 0,
					"children": [5, 6]
				},
				{
					"name": "strap",
					"origin": [8.5, 3.2706, 12.5],
					"color": 0,
					"children": [7, 8, 9, 10, 11, 12, 13, 14, 15, 16, 17, 18, 19, 20, 21, 22, 23, 24, 25, 26, 27, 28, 29, 30]
				},
				{
					"name": "saw",
					"origin": [8.5, 3.2706, 12.5],
					"color": 0,
					"children": [31, 32, 33, 34, 35, 36]
				},
				{
					"name": "backpack",
					"origin": [3, 0, 9],
					"color": 0,
					"children": [37, 38, 39, 40]
				}
			]
		}
	]
}